[{"index":1,"ios_id":"com.superbox.bbfriends.achieve.lv5","aos_id":"CgkIhOKd8PkbEAIQAw","level":5},
{"index":2,"ios_id":"com.superbox.bbfriends.achieve.lv10","aos_id":"CgkIhOKd8PkbEAIQBA","level":10},
{"index":3,"ios_id":"com.superbox.bbfriends.achieve.lv20","aos_id":"CgkIhOKd8PkbEAIQBQ","level":20},
{"index":4,"ios_id":"com.superbox.bbfriends.achieve.lv30","aos_id":"CgkIhOKd8PkbEAIQBg","level":30},
{"index":5,"ios_id":"com.superbox.bbfriends.achieve.lv40","aos_id":"CgkIhOKd8PkbEAIQBw","level":40},
{"index":6,"ios_id":"com.superbox.bbfriends.achieve.lv50","aos_id":"CgkIhOKd8PkbEAIQCA","level":50},
{"index":7,"ios_id":"com.superbox.bbfriends.achieve.lv60","aos_id":"CgkIhOKd8PkbEAIQCQ","level":60},
{"index":8,"ios_id":"com.superbox.bbfriends.achieve.lv70","aos_id":"CgkIhOKd8PkbEAIQCg","level":70},
{"index":9,"ios_id":"com.superbox.bbfriends.achieve.lv80","aos_id":"CgkIhOKd8PkbEAIQCw","level":80},
{"index":10,"ios_id":"com.superbox.bbfriends.achieve.lv90","aos_id":"CgkIhOKd8PkbEAIQDA","level":90},
{"index":11,"ios_id":"com.superbox.bbfriends.achieve.lv100","aos_id":"CgkIhOKd8PkbEAIQDQ","level":100},
{"index":12,"ios_id":"com.superbox.bbfriends.achieve.lv120","aos_id":"CgkIhOKd8PkbEAIQDg","level":120},
{"index":13,"ios_id":"com.superbox.bbfriends.achieve.lv140","aos_id":"CgkIhOKd8PkbEAIQDw","level":140},
{"index":14,"ios_id":"com.superbox.bbfriends.achieve.lv160","aos_id":"CgkIhOKd8PkbEAIQEA","level":160},
{"index":15,"ios_id":"com.superbox.bbfriends.achieve.lv180","aos_id":"CgkIhOKd8PkbEAIQEQ","level":180},
{"index":16,"ios_id":"com.superbox.bbfriends.achieve.lv200","aos_id":"CgkIhOKd8PkbEAIQEg","level":200},
{"index":17,"ios_id":"com.superbox.bbfriends.achieve.lv250","aos_id":"CgkIhOKd8PkbEAIQEw","level":250},
{"index":18,"ios_id":"com.superbox.bbfriends.achieve.lv300","aos_id":"CgkIhOKd8PkbEAIQFA","level":300},
{"index":19,"ios_id":"com.superbox.bbfriends.achieve.lv350","aos_id":"CgkIhOKd8PkbEAIQFQ","level":350},
{"index":20,"ios_id":"com.superbox.bbfriends.achieve.lv400","aos_id":"CgkIhOKd8PkbEAIQFg","level":400},
{"index":21,"ios_id":"com.superbox.bbfriends.achieve.lv450","aos_id":"CgkIhOKd8PkbEAIQFw","level":450},
{"index":22,"ios_id":"com.superbox.bbfriends.achieve.lv500","aos_id":"CgkIhOKd8PkbEAIQGA","level":500},
{"index":23,"ios_id":"com.superbox.bbfriends.achieve.lv550","aos_id":"CgkIhOKd8PkbEAIQGQ","level":550},
{"index":24,"ios_id":"com.superbox.bbfriends.achieve.lv600","aos_id":"CgkIhOKd8PkbEAIQGg","level":600},
{"index":25,"ios_id":"com.superbox.bbfriends.achieve.lv650","aos_id":"CgkIhOKd8PkbEAIQGw","level":650},
{"index":26,"ios_id":"com.superbox.bbfriends.achieve.lv700","aos_id":"CgkIhOKd8PkbEAIQHA","level":700},
{"index":27,"ios_id":"com.superbox.bbfriends.achieve.lv750","aos_id":"CgkIhOKd8PkbEAIQHQ","level":750},
{"index":28,"ios_id":"com.superbox.bbfriends.achieve.lv800","aos_id":"CgkIhOKd8PkbEAIQHg","level":800},
{"index":29,"ios_id":"com.superbox.bbfriends.achieve.lv900","aos_id":"CgkIhOKd8PkbEAIQHw","level":900},
{"index":30,"ios_id":"com.superbox.bbfriends.achieve.lv1000","aos_id":"CgkIhOKd8PkbEAIQIA","level":1000}]