[{"index":0,"name":"square","breachable":"TRUE","movedown":"TRUE","color_exchange":"TRUE","rotation":"FALSE"},
{"index":1,"name":"triangle","breachable":"TRUE","movedown":"TRUE","color_exchange":"TRUE","rotation":"TRUE"},
{"index":2,"name":"regular_triangle","breachable":"TRUE","movedown":"TRUE","color_exchange":"TRUE","rotation":"TRUE"},
{"index":3,"name":"diamond","breachable":"TRUE","movedown":"TRUE","color_exchange":"TRUE","rotation":"FALSE"},
{"index":4,"name":"circle","breachable":"TRUE","movedown":"TRUE","color_exchange":"TRUE","rotation":"FALSE"},
{"index":5,"name":"open_and_close","breachable":"TRUE","movedown":"TRUE","color_exchange":"TRUE","rotation":"FALSE"},
{"index":6,"name":"unbreakable","breachable":"FALSE","movedown":"FALSE","color_exchange":"FALSE","rotation":"FALSE"},
{"index":7,"name":"transparency","breachable":"TRUE","movedown":"TRUE","color_exchange":"FALSE","rotation":"FALSE"}]