[{"index":0,"color":"red","color_90":"red","color_80":"purple","color_70":"blue","color_60":"pink","color_50":"green","color_40":"orange","color_30":"mint","color_20":"lightgreen","color_10":"yellow"},
{"index":1,"color":"purple","color_90":"purple","color_80":"blue","color_70":"blue","color_60":"pink","color_50":"green","color_40":"orange","color_30":"mint","color_20":"lightgreen","color_10":"yellow"},
{"index":2,"color":"blue","color_90":"blue","color_80":"pink","color_70":"pink","color_60":"green","color_50":"green","color_40":"orange","color_30":"mint","color_20":"lightgreen","color_10":"yellow"},
{"index":3,"color":"pink","color_90":"pink","color_80":"green","color_70":"green","color_60":"orange","color_50":"orange","color_40":"mint","color_30":"mint","color_20":"lightgreen","color_10":"yellow"},
{"index":4,"color":"green","color_90":"green","color_80":"green","color_70":"orange","color_60":"orange","color_50":"mint","color_40":"mint","color_30":"lightgreen","color_20":"lightgreen","color_10":"yellow"},
{"index":5,"color":"orange","color_90":"orange","color_80":"orange","color_70":"orange","color_60":"mint","color_50":"mint","color_40":"mint","color_30":"lightgreen","color_20":"lightgreen","color_10":"yellow"},
{"index":6,"color":"mint","color_90":"mint","color_80":"mint","color_70":"mint","color_60":"mint","color_50":"lightgreen","color_40":"lightgreen","color_30":"lightgreen","color_20":"yellow","color_10":"yellow"},
{"index":7,"color":"lightgreen","color_90":"lightgreen","color_80":"lightgreen","color_70":"lightgreen","color_60":"lightgreen","color_50":"yellow","color_40":"yellow","color_30":"yellow","color_20":"yellow","color_10":"yellow"},
{"index":8,"color":"yellow","color_90":"yellow","color_80":"yellow","color_70":"yellow","color_60":"yellow","color_50":"yellow","color_40":"yellow","color_30":"yellow","color_20":"yellow","color_10":"yellow"}]