[{"index":0,"reward_type":"gem","reward_item":0,"reward_count":10},
{"index":1,"reward_type":"item","reward_item":0,"reward_count":1},
{"index":2,"reward_type":"ball","reward_item":0,"reward_count":1},
{"index":3,"reward_type":"gem","reward_item":0,"reward_count":10},
{"index":4,"reward_type":"item","reward_item":1,"reward_count":1},
{"index":5,"reward_type":"ball","reward_item":0,"reward_count":1},
{"index":6,"reward_type":"gem","reward_item":0,"reward_count":10},
{"index":7,"reward_type":"item","reward_item":2,"reward_count":1},
{"index":8,"reward_type":"ball","reward_item":0,"reward_count":1},
{"index":9,"reward_type":"gem","reward_item":0,"reward_count":19},
{"index":10,"reward_type":"item","reward_item":0,"reward_count":1},
{"index":11,"reward_type":"ball","reward_item":0,"reward_count":1},
{"index":12,"reward_type":"gem","reward_item":0,"reward_count":10},
{"index":13,"reward_type":"item","reward_item":1,"reward_count":1},
{"index":14,"reward_type":"ball","reward_item":0,"reward_count":1},
{"index":15,"reward_type":"gem","reward_item":0,"reward_count":10},
{"index":16,"reward_type":"item","reward_item":2,"reward_count":1},
{"index":17,"reward_type":"ball","reward_item":0,"reward_count":1},
{"index":18,"reward_type":"gem","reward_item":0,"reward_count":10},
{"index":19,"reward_type":"item","reward_item":0,"reward_count":1},
{"index":20,"reward_type":"ball","reward_item":0,"reward_count":1},
{"index":21,"reward_type":"gem","reward_item":0,"reward_count":10},
{"index":22,"reward_type":"item","reward_item":1,"reward_count":1},
{"index":23,"reward_type":"ball","reward_item":0,"reward_count":1},
{"index":24,"reward_type":"gem","reward_item":0,"reward_count":10},
{"index":25,"reward_type":"item","reward_item":2,"reward_count":1},
{"index":26,"reward_type":"ball","reward_item":0,"reward_count":1},
{"index":27,"reward_type":"gem","reward_item":0,"reward_count":10},
{"index":28,"reward_type":"item","reward_item":0,"reward_count":1},
{"index":29,"reward_type":"ball","reward_item":0,"reward_count":1},
{"index":30,"reward_type":"gem","reward_item":0,"reward_count":10},
{"index":31,"reward_type":"item","reward_item":1,"reward_count":1},
{"index":32,"reward_type":"ball","reward_item":0,"reward_count":1},
{"index":33,"reward_type":"gem","reward_item":0,"reward_count":10},
{"index":34,"reward_type":"item","reward_item":2,"reward_count":1},
{"index":35,"reward_type":"ball","reward_item":0,"reward_count":1},
{"index":36,"reward_type":"gem","reward_item":0,"reward_count":10},
{"index":37,"reward_type":"item","reward_item":0,"reward_count":1},
{"index":38,"reward_type":"ball","reward_item":0,"reward_count":1},
{"index":39,"reward_type":"gem","reward_item":0,"reward_count":10},
{"index":40,"reward_type":"item","reward_item":1,"reward_count":1},
{"index":41,"reward_type":"ball","reward_item":0,"reward_count":1},
{"index":42,"reward_type":"gem","reward_item":0,"reward_count":10},
{"index":43,"reward_type":"item","reward_item":2,"reward_count":1},
{"index":44,"reward_type":"ball","reward_item":0,"reward_count":1},
{"index":45,"reward_type":"gem","reward_item":0,"reward_count":10},
{"index":46,"reward_type":"item","reward_item":0,"reward_count":1},
{"index":47,"reward_type":"ball","reward_item":0,"reward_count":1},
{"index":48,"reward_type":"gem","reward_item":0,"reward_count":10},
{"index":49,"reward_type":"item","reward_item":1,"reward_count":1},
{"index":50,"reward_type":"ball","reward_item":0,"reward_count":1},
{"index":51,"reward_type":"gem","reward_item":0,"reward_count":10},
{"index":52,"reward_type":"item","reward_item":2,"reward_count":1},
{"index":53,"reward_type":"ball","reward_item":0,"reward_count":1},
{"index":54,"reward_type":"gem","reward_item":0,"reward_count":10},
{"index":55,"reward_type":"item","reward_item":0,"reward_count":1},
{"index":56,"reward_type":"ball","reward_item":0,"reward_count":1},
{"index":57,"reward_type":"gem","reward_item":0,"reward_count":10},
{"index":58,"reward_type":"item","reward_item":1,"reward_count":1},
{"index":59,"reward_type":"ball","reward_item":0,"reward_count":1},
{"index":60,"reward_type":"gem","reward_item":0,"reward_count":10},
{"index":61,"reward_type":"item","reward_item":2,"reward_count":1},
{"index":62,"reward_type":"ball","reward_item":0,"reward_count":1},
{"index":63,"reward_type":"gem","reward_item":0,"reward_count":10},
{"index":64,"reward_type":"item","reward_item":0,"reward_count":1},
{"index":65,"reward_type":"ball","reward_item":0,"reward_count":1},
{"index":66,"reward_type":"gem","reward_item":0,"reward_count":10},
{"index":67,"reward_type":"item","reward_item":1,"reward_count":1},
{"index":68,"reward_type":"ball","reward_item":0,"reward_count":1},
{"index":69,"reward_type":"gem","reward_item":0,"reward_count":10},
{"index":70,"reward_type":"item","reward_item":2,"reward_count":1},
{"index":71,"reward_type":"ball","reward_item":0,"reward_count":1},
{"index":72,"reward_type":"gem","reward_item":0,"reward_count":10},
{"index":73,"reward_type":"item","reward_item":0,"reward_count":1},
{"index":74,"reward_type":"ball","reward_item":0,"reward_count":1},
{"index":75,"reward_type":"gem","reward_item":0,"reward_count":10},
{"index":76,"reward_type":"item","reward_item":1,"reward_count":1},
{"index":77,"reward_type":"ball","reward_item":0,"reward_count":1},
{"index":78,"reward_type":"gem","reward_item":0,"reward_count":10},
{"index":79,"reward_type":"item","reward_item":2,"reward_count":1},
{"index":80,"reward_type":"ball","reward_item":0,"reward_count":1},
{"index":81,"reward_type":"gem","reward_item":0,"reward_count":10},
{"index":82,"reward_type":"item","reward_item":0,"reward_count":1},
{"index":83,"reward_type":"ball","reward_item":0,"reward_count":1},
{"index":84,"reward_type":"gem","reward_item":0,"reward_count":10},
{"index":85,"reward_type":"item","reward_item":1,"reward_count":1},
{"index":86,"reward_type":"ball","reward_item":0,"reward_count":1},
{"index":87,"reward_type":"gem","reward_item":0,"reward_count":10},
{"index":88,"reward_type":"item","reward_item":2,"reward_count":1},
{"index":89,"reward_type":"ball","reward_item":0,"reward_count":1},
{"index":90,"reward_type":"gem","reward_item":0,"reward_count":10},
{"index":91,"reward_type":"item","reward_item":0,"reward_count":1},
{"index":92,"reward_type":"ball","reward_item":0,"reward_count":1},
{"index":93,"reward_type":"gem","reward_item":0,"reward_count":10},
{"index":94,"reward_type":"item","reward_item":1,"reward_count":1},
{"index":95,"reward_type":"ball","reward_item":0,"reward_count":1},
{"index":96,"reward_type":"gem","reward_item":0,"reward_count":10},
{"index":97,"reward_type":"item","reward_item":2,"reward_count":1},
{"index":98,"reward_type":"ball","reward_item":0,"reward_count":1},
{"index":99,"reward_type":"gem","reward_item":0,"reward_count":10},
{"index":100,"reward_type":"item","reward_item":0,"reward_count":1},
{"index":101,"reward_type":"ball","reward_item":0,"reward_count":1},
{"index":102,"reward_type":"gem","reward_item":0,"reward_count":10},
{"index":103,"reward_type":"item","reward_item":1,"reward_count":1},
{"index":104,"reward_type":"ball","reward_item":0,"reward_count":1},
{"index":105,"reward_type":"gem","reward_item":0,"reward_count":10},
{"index":106,"reward_type":"item","reward_item":2,"reward_count":1},
{"index":107,"reward_type":"ball","reward_item":0,"reward_count":1},
{"index":108,"reward_type":"gem","reward_item":0,"reward_count":10},
{"index":109,"reward_type":"item","reward_item":0,"reward_count":1},
{"index":110,"reward_type":"ball","reward_item":0,"reward_count":1},
{"index":111,"reward_type":"gem","reward_item":0,"reward_count":10},
{"index":112,"reward_type":"item","reward_item":1,"reward_count":1},
{"index":113,"reward_type":"ball","reward_item":0,"reward_count":1},
{"index":114,"reward_type":"gem","reward_item":0,"reward_count":10},
{"index":115,"reward_type":"item","reward_item":2,"reward_count":1},
{"index":116,"reward_type":"ball","reward_item":0,"reward_count":1},
{"index":117,"reward_type":"gem","reward_item":0,"reward_count":10},
{"index":118,"reward_type":"item","reward_item":0,"reward_count":1},
{"index":119,"reward_type":"ball","reward_item":0,"reward_count":1},
{"index":120,"reward_type":"gem","reward_item":0,"reward_count":10},
{"index":121,"reward_type":"item","reward_item":1,"reward_count":1},
{"index":122,"reward_type":"ball","reward_item":0,"reward_count":1},
{"index":123,"reward_type":"gem","reward_item":0,"reward_count":10},
{"index":124,"reward_type":"item","reward_item":2,"reward_count":1},
{"index":125,"reward_type":"ball","reward_item":0,"reward_count":1},
{"index":126,"reward_type":"gem","reward_item":0,"reward_count":10},
{"index":127,"reward_type":"item","reward_item":0,"reward_count":1},
{"index":128,"reward_type":"ball","reward_item":0,"reward_count":1},
{"index":129,"reward_type":"gem","reward_item":0,"reward_count":10},
{"index":130,"reward_type":"item","reward_item":1,"reward_count":1},
{"index":131,"reward_type":"ball","reward_item":0,"reward_count":1},
{"index":132,"reward_type":"gem","reward_item":0,"reward_count":10},
{"index":133,"reward_type":"item","reward_item":2,"reward_count":1},
{"index":134,"reward_type":"ball","reward_item":0,"reward_count":1},
{"index":135,"reward_type":"gem","reward_item":0,"reward_count":10},
{"index":136,"reward_type":"item","reward_item":0,"reward_count":1},
{"index":137,"reward_type":"ball","reward_item":0,"reward_count":1},
{"index":138,"reward_type":"gem","reward_item":0,"reward_count":10},
{"index":139,"reward_type":"item","reward_item":1,"reward_count":1},
{"index":140,"reward_type":"ball","reward_item":0,"reward_count":1},
{"index":141,"reward_type":"gem","reward_item":0,"reward_count":10},
{"index":142,"reward_type":"item","reward_item":2,"reward_count":1},
{"index":143,"reward_type":"ball","reward_item":0,"reward_count":1},
{"index":144,"reward_type":"gem","reward_item":0,"reward_count":10},
{"index":145,"reward_type":"item","reward_item":0,"reward_count":1},
{"index":146,"reward_type":"ball","reward_item":0,"reward_count":1},
{"index":147,"reward_type":"gem","reward_item":0,"reward_count":10},
{"index":148,"reward_type":"item","reward_item":1,"reward_count":1},
{"index":149,"reward_type":"ball","reward_item":0,"reward_count":1},
{"index":110,"reward_type":"gem","reward_item":0,"reward_count":10},
{"index":151,"reward_type":"item","reward_item":2,"reward_count":1},
{"index":152,"reward_type":"ball","reward_item":0,"reward_count":1},
{"index":153,"reward_type":"gem","reward_item":0,"reward_count":10},
{"index":154,"reward_type":"item","reward_item":0,"reward_count":1},
{"index":155,"reward_type":"ball","reward_item":0,"reward_count":1},
{"index":156,"reward_type":"gem","reward_item":0,"reward_count":10},
{"index":157,"reward_type":"item","reward_item":1,"reward_count":1},
{"index":158,"reward_type":"gem","reward_item":0,"reward_count":60},
{"index":159,"reward_type":"gem","reward_item":0,"reward_count":10},
{"index":160,"reward_type":"item","reward_item":2,"reward_count":1},
{"index":161,"reward_type":"gem","reward_item":0,"reward_count":60},
{"index":162,"reward_type":"gem","reward_item":0,"reward_count":10},
{"index":163,"reward_type":"item","reward_item":0,"reward_count":1},
{"index":164,"reward_type":"gem","reward_item":0,"reward_count":60},
{"index":165,"reward_type":"gem","reward_item":0,"reward_count":10},
{"index":166,"reward_type":"item","reward_item":1,"reward_count":1},
{"index":167,"reward_type":"gem","reward_item":0,"reward_count":60},
{"index":168,"reward_type":"gem","reward_item":0,"reward_count":10},
{"index":169,"reward_type":"item","reward_item":2,"reward_count":1},
{"index":170,"reward_type":"gem","reward_item":0,"reward_count":60},
{"index":171,"reward_type":"gem","reward_item":0,"reward_count":10},
{"index":172,"reward_type":"item","reward_item":0,"reward_count":1},
{"index":173,"reward_type":"gem","reward_item":0,"reward_count":60},
{"index":174,"reward_type":"gem","reward_item":0,"reward_count":10},
{"index":175,"reward_type":"item","reward_item":1,"reward_count":1},
{"index":176,"reward_type":"gem","reward_item":0,"reward_count":60},
{"index":177,"reward_type":"gem","reward_item":0,"reward_count":10},
{"index":178,"reward_type":"item","reward_item":2,"reward_count":1},
{"index":179,"reward_type":"gem","reward_item":0,"reward_count":60},
{"index":180,"reward_type":"gem","reward_item":0,"reward_count":10},
{"index":181,"reward_type":"item","reward_item":0,"reward_count":1},
{"index":182,"reward_type":"gem","reward_item":0,"reward_count":60},
{"index":183,"reward_type":"gem","reward_item":0,"reward_count":10},
{"index":184,"reward_type":"item","reward_item":1,"reward_count":1},
{"index":185,"reward_type":"gem","reward_item":0,"reward_count":60},
{"index":186,"reward_type":"gem","reward_item":0,"reward_count":10},
{"index":187,"reward_type":"item","reward_item":2,"reward_count":1},
{"index":188,"reward_type":"gem","reward_item":0,"reward_count":60},
{"index":189,"reward_type":"gem","reward_item":0,"reward_count":10},
{"index":190,"reward_type":"item","reward_item":0,"reward_count":1},
{"index":191,"reward_type":"gem","reward_item":0,"reward_count":60},
{"index":192,"reward_type":"gem","reward_item":0,"reward_count":10},
{"index":193,"reward_type":"item","reward_item":1,"reward_count":1},
{"index":194,"reward_type":"gem","reward_item":0,"reward_count":60},
{"index":195,"reward_type":"gem","reward_item":0,"reward_count":10},
{"index":196,"reward_type":"item","reward_item":2,"reward_count":1},
{"index":197,"reward_type":"gem","reward_item":0,"reward_count":60},
{"index":198,"reward_type":"gem","reward_item":0,"reward_count":10},
{"index":199,"reward_type":"item","reward_item":0,"reward_count":1}]