﻿[{"lv":1,"hard":0},
{"lv":2,"hard":0},
{"lv":3,"hard":0},
{"lv":4,"hard":0},
{"lv":5,"hard":0},
{"lv":6,"hard":0},
{"lv":7,"hard":0},
{"lv":8,"hard":0},
{"lv":9,"hard":0},
{"lv":10,"hard":0},
{"lv":11,"hard":0},
{"lv":12,"hard":0},
{"lv":13,"hard":0},
{"lv":14,"hard":0},
{"lv":15,"hard":0},
{"lv":16,"hard":0},
{"lv":17,"hard":0},
{"lv":18,"hard":0},
{"lv":19,"hard":0},
{"lv":20,"hard":0},
{"lv":21,"hard":0},
{"lv":22,"hard":0},
{"lv":23,"hard":0},
{"lv":24,"hard":0},
{"lv":25,"hard":0},
{"lv":26,"hard":1},
{"lv":27,"hard":0},
{"lv":28,"hard":0},
{"lv":29,"hard":0},
{"lv":30,"hard":0},
{"lv":31,"hard":0},
{"lv":32,"hard":0},
{"lv":33,"hard":0},
{"lv":34,"hard":0},
{"lv":35,"hard":0},
{"lv":36,"hard":1},
{"lv":37,"hard":0},
{"lv":38,"hard":0},
{"lv":39,"hard":0},
{"lv":40,"hard":0},
{"lv":41,"hard":0},
{"lv":42,"hard":0},
{"lv":43,"hard":0},
{"lv":44,"hard":0},
{"lv":45,"hard":0},
{"lv":46,"hard":0},
{"lv":47,"hard":1},
{"lv":48,"hard":0},
{"lv":49,"hard":0},
{"lv":50,"hard":0},
{"lv":51,"hard":0},
{"lv":52,"hard":0},
{"lv":53,"hard":0},
{"lv":54,"hard":0},
{"lv":55,"hard":1},
{"lv":56,"hard":0},
{"lv":57,"hard":0},
{"lv":58,"hard":0},
{"lv":59,"hard":1},
{"lv":60,"hard":0},
{"lv":61,"hard":0},
{"lv":62,"hard":0},
{"lv":63,"hard":0},
{"lv":64,"hard":0},
{"lv":65,"hard":0},
{"lv":66,"hard":0},
{"lv":67,"hard":0},
{"lv":68,"hard":0},
{"lv":69,"hard":1},
{"lv":70,"hard":0},
{"lv":71,"hard":0},
{"lv":72,"hard":0},
{"lv":73,"hard":0},
{"lv":74,"hard":0},
{"lv":75,"hard":0},
{"lv":76,"hard":0},
{"lv":77,"hard":1},
{"lv":78,"hard":0},
{"lv":79,"hard":0},
{"lv":80,"hard":0},
{"lv":81,"hard":0},
{"lv":82,"hard":1},
{"lv":83,"hard":0},
{"lv":84,"hard":0},
{"lv":85,"hard":0},
{"lv":86,"hard":0},
{"lv":87,"hard":0},
{"lv":88,"hard":0},
{"lv":89,"hard":0},
{"lv":90,"hard":0},
{"lv":91,"hard":1},
{"lv":92,"hard":0},
{"lv":93,"hard":0},
{"lv":94,"hard":0},
{"lv":95,"hard":0},
{"lv":96,"hard":0},
{"lv":97,"hard":0},
{"lv":98,"hard":0},
{"lv":99,"hard":0},
{"lv":100,"hard":1},
{"lv":101,"hard":0},
{"lv":102,"hard":0},
{"lv":103,"hard":0},
{"lv":104,"hard":0},
{"lv":105,"hard":0},
{"lv":106,"hard":0},
{"lv":107,"hard":0},
{"lv":108,"hard":1},
{"lv":109,"hard":0},
{"lv":110,"hard":0},
{"lv":111,"hard":0},
{"lv":112,"hard":0},
{"lv":113,"hard":0},
{"lv":114,"hard":0},
{"lv":115,"hard":0},
{"lv":116,"hard":0},
{"lv":117,"hard":0},
{"lv":118,"hard":1},
{"lv":119,"hard":0},
{"lv":120,"hard":0},
{"lv":121,"hard":0},
{"lv":122,"hard":0},
{"lv":123,"hard":0},
{"lv":124,"hard":0},
{"lv":125,"hard":0},
{"lv":126,"hard":0},
{"lv":127,"hard":0},
{"lv":128,"hard":0},
{"lv":129,"hard":1},
{"lv":130,"hard":0},
{"lv":131,"hard":0},
{"lv":132,"hard":0},
{"lv":133,"hard":0},
{"lv":134,"hard":0},
{"lv":135,"hard":0},
{"lv":136,"hard":0},
{"lv":137,"hard":0},
{"lv":138,"hard":0},
{"lv":139,"hard":1},
{"lv":140,"hard":0},
{"lv":141,"hard":0},
{"lv":142,"hard":0},
{"lv":143,"hard":0},
{"lv":144,"hard":0},
{"lv":145,"hard":0},
{"lv":146,"hard":0},
{"lv":147,"hard":0},
{"lv":148,"hard":0},
{"lv":149,"hard":1},
{"lv":150,"hard":0},
{"lv":151,"hard":0},
{"lv":152,"hard":0},
{"lv":153,"hard":0},
{"lv":154,"hard":0},
{"lv":155,"hard":0},
{"lv":156,"hard":0},
{"lv":157,"hard":0},
{"lv":158,"hard":0},
{"lv":159,"hard":0},
{"lv":160,"hard":0},
{"lv":161,"hard":1},
{"lv":162,"hard":0},
{"lv":163,"hard":0},
{"lv":164,"hard":0},
{"lv":165,"hard":0},
{"lv":166,"hard":0},
{"lv":167,"hard":0},
{"lv":168,"hard":0},
{"lv":169,"hard":0},
{"lv":170,"hard":0},
{"lv":171,"hard":0},
{"lv":172,"hard":0},
{"lv":173,"hard":0},
{"lv":174,"hard":0},
{"lv":175,"hard":0},
{"lv":176,"hard":0},
{"lv":177,"hard":1},
{"lv":178,"hard":0},
{"lv":179,"hard":0},
{"lv":180,"hard":0},
{"lv":181,"hard":0},
{"lv":182,"hard":0},
{"lv":183,"hard":0},
{"lv":184,"hard":0},
{"lv":185,"hard":0},
{"lv":186,"hard":1},
{"lv":187,"hard":0},
{"lv":188,"hard":0},
{"lv":189,"hard":0},
{"lv":190,"hard":0},
{"lv":191,"hard":0},
{"lv":192,"hard":0},
{"lv":193,"hard":1},
{"lv":194,"hard":0},
{"lv":195,"hard":0},
{"lv":196,"hard":0},
{"lv":197,"hard":0},
{"lv":198,"hard":0},
{"lv":199,"hard":0},
{"lv":200,"hard":0},
{"lv":201,"hard":0},
{"lv":202,"hard":0},
{"lv":203,"hard":1},
{"lv":204,"hard":0},
{"lv":205,"hard":0},
{"lv":206,"hard":0},
{"lv":207,"hard":0},
{"lv":208,"hard":0},
{"lv":209,"hard":0},
{"lv":210,"hard":1},
{"lv":211,"hard":0},
{"lv":212,"hard":0},
{"lv":213,"hard":0},
{"lv":214,"hard":0},
{"lv":215,"hard":0},
{"lv":216,"hard":1},
{"lv":217,"hard":0},
{"lv":218,"hard":0},
{"lv":219,"hard":0},
{"lv":220,"hard":0},
{"lv":221,"hard":0},
{"lv":222,"hard":0},
{"lv":223,"hard":0},
{"lv":224,"hard":0},
{"lv":225,"hard":1},
{"lv":226,"hard":0},
{"lv":227,"hard":0},
{"lv":228,"hard":0},
{"lv":229,"hard":0},
{"lv":230,"hard":0},
{"lv":231,"hard":0},
{"lv":232,"hard":0},
{"lv":233,"hard":0},
{"lv":234,"hard":0},
{"lv":235,"hard":0},
{"lv":236,"hard":1},
{"lv":237,"hard":0},
{"lv":238,"hard":0},
{"lv":239,"hard":0},
{"lv":240,"hard":0},
{"lv":241,"hard":0},
{"lv":242,"hard":0},
{"lv":243,"hard":0},
{"lv":244,"hard":0},
{"lv":245,"hard":1},
{"lv":246,"hard":0},
{"lv":247,"hard":0},
{"lv":248,"hard":0},
{"lv":249,"hard":0},
{"lv":250,"hard":1},
{"lv":251,"hard":0},
{"lv":252,"hard":0},
{"lv":253,"hard":0},
{"lv":254,"hard":0},
{"lv":255,"hard":0},
{"lv":256,"hard":0},
{"lv":257,"hard":0},
{"lv":258,"hard":1},
{"lv":259,"hard":0},
{"lv":260,"hard":0},
{"lv":261,"hard":0},
{"lv":262,"hard":0},
{"lv":263,"hard":0},
{"lv":264,"hard":1},
{"lv":265,"hard":0},
{"lv":266,"hard":0},
{"lv":267,"hard":0},
{"lv":268,"hard":0},
{"lv":269,"hard":0},
{"lv":270,"hard":0},
{"lv":271,"hard":0},
{"lv":272,"hard":0},
{"lv":273,"hard":0},
{"lv":274,"hard":1},
{"lv":275,"hard":0},
{"lv":276,"hard":0},
{"lv":277,"hard":0},
{"lv":278,"hard":0},
{"lv":279,"hard":0},
{"lv":280,"hard":0},
{"lv":281,"hard":0},
{"lv":282,"hard":0},
{"lv":283,"hard":0},
{"lv":284,"hard":0},
{"lv":285,"hard":0},
{"lv":286,"hard":0},
{"lv":287,"hard":0},
{"lv":288,"hard":1},
{"lv":289,"hard":0},
{"lv":290,"hard":0},
{"lv":291,"hard":0},
{"lv":292,"hard":0},
{"lv":293,"hard":0},
{"lv":294,"hard":0},
{"lv":295,"hard":0},
{"lv":296,"hard":0},
{"lv":297,"hard":0},
{"lv":298,"hard":0},
{"lv":299,"hard":0},
{"lv":300,"hard":1},
{"lv":301,"hard":0},
{"lv":302,"hard":0},
{"lv":303,"hard":0},
{"lv":304,"hard":0},
{"lv":305,"hard":0},
{"lv":306,"hard":1},
{"lv":307,"hard":0},
{"lv":308,"hard":0},
{"lv":309,"hard":0},
{"lv":310,"hard":0},
{"lv":311,"hard":0},
{"lv":312,"hard":0},
{"lv":313,"hard":0},
{"lv":314,"hard":0},
{"lv":315,"hard":0},
{"lv":316,"hard":0},
{"lv":317,"hard":0},
{"lv":318,"hard":0},
{"lv":319,"hard":0},
{"lv":320,"hard":0},
{"lv":321,"hard":1},
{"lv":322,"hard":0},
{"lv":323,"hard":0},
{"lv":324,"hard":0},
{"lv":325,"hard":0},
{"lv":326,"hard":0},
{"lv":327,"hard":0},
{"lv":328,"hard":0},
{"lv":329,"hard":0},
{"lv":330,"hard":0},
{"lv":331,"hard":0},
{"lv":332,"hard":0},
{"lv":333,"hard":1},
{"lv":334,"hard":0},
{"lv":335,"hard":0},
{"lv":336,"hard":0},
{"lv":337,"hard":0},
{"lv":338,"hard":0},
{"lv":339,"hard":0},
{"lv":340,"hard":0},
{"lv":341,"hard":0},
{"lv":342,"hard":0},
{"lv":343,"hard":0},
{"lv":344,"hard":0},
{"lv":345,"hard":0},
{"lv":346,"hard":0},
{"lv":347,"hard":0},
{"lv":348,"hard":0},
{"lv":349,"hard":0},
{"lv":350,"hard":1},
{"lv":351,"hard":0},
{"lv":352,"hard":0},
{"lv":353,"hard":0},
{"lv":354,"hard":0},
{"lv":355,"hard":0},
{"lv":356,"hard":0},
{"lv":357,"hard":0},
{"lv":358,"hard":0},
{"lv":359,"hard":0},
{"lv":360,"hard":0},
{"lv":361,"hard":0},
{"lv":362,"hard":0},
{"lv":363,"hard":0},
{"lv":364,"hard":0},
{"lv":365,"hard":0},
{"lv":366,"hard":0},
{"lv":367,"hard":0},
{"lv":368,"hard":0},
{"lv":369,"hard":1},
{"lv":370,"hard":0},
{"lv":371,"hard":0},
{"lv":372,"hard":0},
{"lv":373,"hard":0},
{"lv":374,"hard":0},
{"lv":375,"hard":0},
{"lv":376,"hard":0},
{"lv":377,"hard":0},
{"lv":378,"hard":0},
{"lv":379,"hard":0},
{"lv":380,"hard":0},
{"lv":381,"hard":0},
{"lv":382,"hard":0},
{"lv":383,"hard":0},
{"lv":384,"hard":0},
{"lv":385,"hard":0},
{"lv":386,"hard":0},
{"lv":387,"hard":1},
{"lv":388,"hard":0},
{"lv":389,"hard":0},
{"lv":390,"hard":0},
{"lv":391,"hard":0},
{"lv":392,"hard":0},
{"lv":393,"hard":0},
{"lv":394,"hard":0},
{"lv":395,"hard":0},
{"lv":396,"hard":0},
{"lv":397,"hard":0},
{"lv":398,"hard":0},
{"lv":399,"hard":0},
{"lv":400,"hard":0},
{"lv":401,"hard":0},
{"lv":402,"hard":0},
{"lv":403,"hard":1},
{"lv":404,"hard":0},
{"lv":405,"hard":0},
{"lv":406,"hard":0},
{"lv":407,"hard":0},
{"lv":408,"hard":0},
{"lv":409,"hard":0},
{"lv":410,"hard":0},
{"lv":411,"hard":0},
{"lv":412,"hard":0},
{"lv":413,"hard":0},
{"lv":414,"hard":0},
{"lv":415,"hard":0},
{"lv":416,"hard":0},
{"lv":417,"hard":0},
{"lv":418,"hard":1},
{"lv":419,"hard":0},
{"lv":420,"hard":0},
{"lv":421,"hard":0},
{"lv":422,"hard":0},
{"lv":423,"hard":0},
{"lv":424,"hard":0},
{"lv":425,"hard":0},
{"lv":426,"hard":0},
{"lv":427,"hard":0},
{"lv":428,"hard":0},
{"lv":429,"hard":0},
{"lv":430,"hard":0},
{"lv":431,"hard":0},
{"lv":432,"hard":0},
{"lv":433,"hard":0},
{"lv":434,"hard":0},
{"lv":435,"hard":0},
{"lv":436,"hard":0},
{"lv":437,"hard":0},
{"lv":438,"hard":0},
{"lv":439,"hard":1},
{"lv":440,"hard":0},
{"lv":441,"hard":0},
{"lv":442,"hard":0},
{"lv":443,"hard":0},
{"lv":444,"hard":0},
{"lv":445,"hard":0},
{"lv":446,"hard":0},
{"lv":447,"hard":0},
{"lv":448,"hard":0},
{"lv":449,"hard":0},
{"lv":450,"hard":0},
{"lv":451,"hard":0},
{"lv":452,"hard":0},
{"lv":453,"hard":0},
{"lv":454,"hard":1},
{"lv":455,"hard":0},
{"lv":456,"hard":0},
{"lv":457,"hard":0},
{"lv":458,"hard":0},
{"lv":459,"hard":0},
{"lv":460,"hard":0},
{"lv":461,"hard":0},
{"lv":462,"hard":0},
{"lv":463,"hard":0},
{"lv":464,"hard":0},
{"lv":465,"hard":0},
{"lv":466,"hard":0},
{"lv":467,"hard":0},
{"lv":468,"hard":0},
{"lv":469,"hard":0},
{"lv":470,"hard":0},
{"lv":471,"hard":0},
{"lv":472,"hard":0},
{"lv":473,"hard":0},
{"lv":474,"hard":1},
{"lv":475,"hard":0},
{"lv":476,"hard":0},
{"lv":477,"hard":0},
{"lv":478,"hard":0},
{"lv":479,"hard":0},
{"lv":480,"hard":0},
{"lv":481,"hard":0},
{"lv":482,"hard":0},
{"lv":483,"hard":0},
{"lv":484,"hard":0},
{"lv":485,"hard":0},
{"lv":486,"hard":0},
{"lv":487,"hard":0},
{"lv":488,"hard":0},
{"lv":489,"hard":0},
{"lv":490,"hard":0},
{"lv":491,"hard":0},
{"lv":492,"hard":0},
{"lv":493,"hard":0},
{"lv":494,"hard":0},
{"lv":495,"hard":0},
{"lv":496,"hard":0},
{"lv":497,"hard":0},
{"lv":498,"hard":0},
{"lv":499,"hard":0},
{"lv":500,"hard":0},
{"lv":501,"hard":1},
{"lv":502,"hard":0},
{"lv":503,"hard":0},
{"lv":504,"hard":0},
{"lv":505,"hard":0},
{"lv":506,"hard":0},
{"lv":507,"hard":0},
{"lv":508,"hard":0},
{"lv":509,"hard":0},
{"lv":510,"hard":0},
{"lv":511,"hard":0},
{"lv":512,"hard":0},
{"lv":513,"hard":0},
{"lv":514,"hard":0},
{"lv":515,"hard":1},
{"lv":516,"hard":0},
{"lv":517,"hard":0},
{"lv":518,"hard":0},
{"lv":519,"hard":0},
{"lv":520,"hard":0},
{"lv":521,"hard":0},
{"lv":522,"hard":0},
{"lv":523,"hard":0},
{"lv":524,"hard":0},
{"lv":525,"hard":0},
{"lv":526,"hard":0},
{"lv":527,"hard":0},
{"lv":528,"hard":0},
{"lv":529,"hard":0},
{"lv":530,"hard":0},
{"lv":531,"hard":0},
{"lv":532,"hard":0},
{"lv":533,"hard":0},
{"lv":534,"hard":0},
{"lv":535,"hard":0},
{"lv":536,"hard":0},
{"lv":537,"hard":0},
{"lv":538,"hard":0},
{"lv":539,"hard":0},
{"lv":540,"hard":0},
{"lv":541,"hard":1},
{"lv":542,"hard":0},
{"lv":543,"hard":0},
{"lv":544,"hard":0},
{"lv":545,"hard":0},
{"lv":546,"hard":0},
{"lv":547,"hard":0},
{"lv":548,"hard":0},
{"lv":549,"hard":0},
{"lv":550,"hard":0},
{"lv":551,"hard":0},
{"lv":552,"hard":0},
{"lv":553,"hard":0},
{"lv":554,"hard":0},
{"lv":555,"hard":0},
{"lv":556,"hard":0},
{"lv":557,"hard":0},
{"lv":558,"hard":0},
{"lv":559,"hard":0},
{"lv":560,"hard":0},
{"lv":561,"hard":0},
{"lv":562,"hard":0},
{"lv":563,"hard":0},
{"lv":564,"hard":0},
{"lv":565,"hard":0},
{"lv":566,"hard":0},
{"lv":567,"hard":0},
{"lv":568,"hard":1},
{"lv":569,"hard":0},
{"lv":570,"hard":0},
{"lv":571,"hard":0},
{"lv":572,"hard":0},
{"lv":573,"hard":0},
{"lv":574,"hard":0},
{"lv":575,"hard":0},
{"lv":576,"hard":0},
{"lv":577,"hard":0},
{"lv":578,"hard":0},
{"lv":579,"hard":0},
{"lv":580,"hard":0},
{"lv":581,"hard":0},
{"lv":582,"hard":0},
{"lv":583,"hard":0},
{"lv":584,"hard":0},
{"lv":585,"hard":0},
{"lv":586,"hard":0},
{"lv":587,"hard":0},
{"lv":588,"hard":0},
{"lv":589,"hard":0},
{"lv":590,"hard":0},
{"lv":591,"hard":0},
{"lv":592,"hard":0},
{"lv":593,"hard":0},
{"lv":594,"hard":0},
{"lv":595,"hard":0},
{"lv":596,"hard":0},
{"lv":597,"hard":0},
{"lv":598,"hard":0},
{"lv":599,"hard":0},
{"lv":600,"hard":0},
{"lv":601,"hard":0},
{"lv":602,"hard":0},
{"lv":603,"hard":0},
{"lv":604,"hard":0},
{"lv":605,"hard":0},
{"lv":606,"hard":0},
{"lv":607,"hard":0},
{"lv":608,"hard":0},
{"lv":609,"hard":0},
{"lv":610,"hard":0},
{"lv":611,"hard":0},
{"lv":612,"hard":0},
{"lv":613,"hard":0},
{"lv":614,"hard":0},
{"lv":615,"hard":0},
{"lv":616,"hard":0},
{"lv":617,"hard":0},
{"lv":618,"hard":0},
{"lv":619,"hard":0},
{"lv":620,"hard":0},
{"lv":621,"hard":0},
{"lv":622,"hard":0},
{"lv":623,"hard":0},
{"lv":624,"hard":0},
{"lv":625,"hard":0},
{"lv":626,"hard":0},
{"lv":627,"hard":0},
{"lv":628,"hard":0},
{"lv":629,"hard":0},
{"lv":630,"hard":0},
{"lv":631,"hard":0},
{"lv":632,"hard":0},
{"lv":633,"hard":0},
{"lv":634,"hard":0},
{"lv":635,"hard":0},
{"lv":636,"hard":0},
{"lv":637,"hard":0},
{"lv":638,"hard":0},
{"lv":639,"hard":0},
{"lv":640,"hard":0},
{"lv":641,"hard":0},
{"lv":642,"hard":0},
{"lv":643,"hard":0},
{"lv":644,"hard":0},
{"lv":645,"hard":0},
{"lv":646,"hard":0},
{"lv":647,"hard":0},
{"lv":648,"hard":0},
{"lv":649,"hard":0},
{"lv":650,"hard":0},
{"lv":651,"hard":0},
{"lv":652,"hard":0},
{"lv":653,"hard":0},
{"lv":654,"hard":0},
{"lv":655,"hard":0},
{"lv":656,"hard":0},
{"lv":657,"hard":0},
{"lv":658,"hard":0},
{"lv":659,"hard":0},
{"lv":660,"hard":0},
{"lv":661,"hard":0},
{"lv":662,"hard":0},
{"lv":663,"hard":0},
{"lv":664,"hard":0},
{"lv":665,"hard":0},
{"lv":666,"hard":0},
{"lv":667,"hard":0},
{"lv":668,"hard":0},
{"lv":669,"hard":0},
{"lv":670,"hard":0},
{"lv":671,"hard":0},
{"lv":672,"hard":0},
{"lv":673,"hard":0},
{"lv":674,"hard":0},
{"lv":675,"hard":0},
{"lv":676,"hard":0},
{"lv":677,"hard":0},
{"lv":678,"hard":0},
{"lv":679,"hard":0},
{"lv":680,"hard":0},
{"lv":681,"hard":0},
{"lv":682,"hard":0},
{"lv":683,"hard":0},
{"lv":684,"hard":0},
{"lv":685,"hard":0},
{"lv":686,"hard":0},
{"lv":687,"hard":0},
{"lv":688,"hard":0},
{"lv":689,"hard":0},
{"lv":690,"hard":0},
{"lv":691,"hard":0},
{"lv":692,"hard":0},
{"lv":693,"hard":0},
{"lv":694,"hard":0},
{"lv":695,"hard":0},
{"lv":696,"hard":0},
{"lv":697,"hard":0},
{"lv":698,"hard":0},
{"lv":699,"hard":0},
{"lv":700,"hard":0},
{"lv":701,"hard":0},
{"lv":702,"hard":0},
{"lv":703,"hard":0},
{"lv":704,"hard":0},
{"lv":705,"hard":0},
{"lv":706,"hard":0},
{"lv":707,"hard":0},
{"lv":708,"hard":0},
{"lv":709,"hard":0},
{"lv":710,"hard":0},
{"lv":711,"hard":0},
{"lv":712,"hard":0},
{"lv":713,"hard":0},
{"lv":714,"hard":0},
{"lv":715,"hard":0},
{"lv":716,"hard":0},
{"lv":717,"hard":0},
{"lv":718,"hard":0},
{"lv":719,"hard":0},
{"lv":720,"hard":0},
{"lv":721,"hard":0},
{"lv":722,"hard":0},
{"lv":723,"hard":0},
{"lv":724,"hard":0},
{"lv":725,"hard":0},
{"lv":726,"hard":0},
{"lv":727,"hard":0},
{"lv":728,"hard":0},
{"lv":729,"hard":0},
{"lv":730,"hard":0},
{"lv":731,"hard":0},
{"lv":732,"hard":0},
{"lv":733,"hard":0},
{"lv":734,"hard":0},
{"lv":735,"hard":0},
{"lv":736,"hard":0},
{"lv":737,"hard":0},
{"lv":738,"hard":0},
{"lv":739,"hard":0},
{"lv":740,"hard":0},
{"lv":741,"hard":0},
{"lv":742,"hard":0},
{"lv":743,"hard":0},
{"lv":744,"hard":0},
{"lv":745,"hard":0},
{"lv":746,"hard":0},
{"lv":747,"hard":0},
{"lv":748,"hard":0},
{"lv":749,"hard":0},
{"lv":750,"hard":0},
{"lv":751,"hard":0},
{"lv":752,"hard":0},
{"lv":753,"hard":0},
{"lv":754,"hard":0},
{"lv":755,"hard":0},
{"lv":756,"hard":0},
{"lv":757,"hard":0},
{"lv":758,"hard":0},
{"lv":759,"hard":0},
{"lv":760,"hard":0},
{"lv":761,"hard":0},
{"lv":762,"hard":0},
{"lv":763,"hard":0},
{"lv":764,"hard":0},
{"lv":765,"hard":0},
{"lv":766,"hard":0},
{"lv":767,"hard":0},
{"lv":768,"hard":0},
{"lv":769,"hard":0},
{"lv":770,"hard":0},
{"lv":771,"hard":0},
{"lv":772,"hard":0},
{"lv":773,"hard":0},
{"lv":774,"hard":0},
{"lv":775,"hard":0},
{"lv":776,"hard":0},
{"lv":777,"hard":0},
{"lv":778,"hard":0},
{"lv":779,"hard":0},
{"lv":780,"hard":0},
{"lv":781,"hard":0},
{"lv":782,"hard":0},
{"lv":783,"hard":0},
{"lv":784,"hard":0},
{"lv":785,"hard":0},
{"lv":786,"hard":0},
{"lv":787,"hard":0},
{"lv":788,"hard":0},
{"lv":789,"hard":0},
{"lv":790,"hard":0},
{"lv":791,"hard":0},
{"lv":792,"hard":0},
{"lv":793,"hard":0},
{"lv":794,"hard":0},
{"lv":795,"hard":0},
{"lv":796,"hard":0},
{"lv":797,"hard":0},
{"lv":798,"hard":0},
{"lv":799,"hard":0},
{"lv":800,"hard":0},
{"lv":801,"hard":0},
{"lv":802,"hard":0},
{"lv":803,"hard":0},
{"lv":804,"hard":0},
{"lv":805,"hard":0},
{"lv":806,"hard":0},
{"lv":807,"hard":0},
{"lv":808,"hard":0},
{"lv":809,"hard":0},
{"lv":810,"hard":0},
{"lv":811,"hard":0},
{"lv":812,"hard":0},
{"lv":813,"hard":0},
{"lv":814,"hard":0},
{"lv":815,"hard":0},
{"lv":816,"hard":0},
{"lv":817,"hard":0},
{"lv":818,"hard":0},
{"lv":819,"hard":0},
{"lv":820,"hard":0},
{"lv":821,"hard":0},
{"lv":822,"hard":0},
{"lv":823,"hard":0},
{"lv":824,"hard":0},
{"lv":825,"hard":0},
{"lv":826,"hard":0},
{"lv":827,"hard":0},
{"lv":828,"hard":0},
{"lv":829,"hard":0},
{"lv":830,"hard":0},
{"lv":831,"hard":0},
{"lv":832,"hard":0},
{"lv":833,"hard":0},
{"lv":834,"hard":0},
{"lv":835,"hard":0},
{"lv":836,"hard":0},
{"lv":837,"hard":0},
{"lv":838,"hard":0},
{"lv":839,"hard":0},
{"lv":840,"hard":0},
{"lv":841,"hard":0},
{"lv":842,"hard":0},
{"lv":843,"hard":0},
{"lv":844,"hard":0},
{"lv":845,"hard":0},
{"lv":846,"hard":0},
{"lv":847,"hard":0},
{"lv":848,"hard":0},
{"lv":849,"hard":0},
{"lv":850,"hard":0},
{"lv":851,"hard":0},
{"lv":852,"hard":0},
{"lv":853,"hard":0},
{"lv":854,"hard":0},
{"lv":855,"hard":0},
{"lv":856,"hard":0},
{"lv":857,"hard":0},
{"lv":858,"hard":0},
{"lv":859,"hard":0},
{"lv":860,"hard":0},
{"lv":861,"hard":0},
{"lv":862,"hard":0},
{"lv":863,"hard":0},
{"lv":864,"hard":0},
{"lv":865,"hard":0},
{"lv":866,"hard":0},
{"lv":867,"hard":0},
{"lv":868,"hard":0},
{"lv":869,"hard":0},
{"lv":870,"hard":0},
{"lv":871,"hard":0},
{"lv":872,"hard":0},
{"lv":873,"hard":0},
{"lv":874,"hard":0},
{"lv":875,"hard":0},
{"lv":876,"hard":0},
{"lv":877,"hard":0},
{"lv":878,"hard":0},
{"lv":879,"hard":0},
{"lv":880,"hard":0},
{"lv":881,"hard":0},
{"lv":882,"hard":0},
{"lv":883,"hard":0},
{"lv":884,"hard":0},
{"lv":885,"hard":0},
{"lv":886,"hard":0},
{"lv":887,"hard":0},
{"lv":888,"hard":0},
{"lv":889,"hard":0},
{"lv":890,"hard":0},
{"lv":891,"hard":0},
{"lv":892,"hard":0},
{"lv":893,"hard":0},
{"lv":894,"hard":0},
{"lv":895,"hard":0},
{"lv":896,"hard":0},
{"lv":897,"hard":0},
{"lv":898,"hard":0},
{"lv":899,"hard":0},
{"lv":900,"hard":0},
{"lv":901,"hard":0},
{"lv":902,"hard":0},
{"lv":903,"hard":0},
{"lv":904,"hard":0},
{"lv":905,"hard":0},
{"lv":906,"hard":0},
{"lv":907,"hard":0},
{"lv":908,"hard":0},
{"lv":909,"hard":0},
{"lv":910,"hard":0},
{"lv":911,"hard":0},
{"lv":912,"hard":0},
{"lv":913,"hard":0},
{"lv":914,"hard":0},
{"lv":915,"hard":0},
{"lv":916,"hard":0},
{"lv":917,"hard":0},
{"lv":918,"hard":0},
{"lv":919,"hard":0},
{"lv":920,"hard":0},
{"lv":921,"hard":0},
{"lv":922,"hard":0},
{"lv":923,"hard":0},
{"lv":924,"hard":0},
{"lv":925,"hard":0},
{"lv":926,"hard":0},
{"lv":927,"hard":0},
{"lv":928,"hard":0},
{"lv":929,"hard":0},
{"lv":930,"hard":0},
{"lv":931,"hard":0},
{"lv":932,"hard":0},
{"lv":933,"hard":0},
{"lv":934,"hard":0},
{"lv":935,"hard":0},
{"lv":936,"hard":0},
{"lv":937,"hard":0},
{"lv":938,"hard":0},
{"lv":939,"hard":0},
{"lv":940,"hard":0},
{"lv":941,"hard":0},
{"lv":942,"hard":0},
{"lv":943,"hard":0},
{"lv":944,"hard":0},
{"lv":945,"hard":0},
{"lv":946,"hard":0},
{"lv":947,"hard":0},
{"lv":948,"hard":0},
{"lv":949,"hard":0},
{"lv":950,"hard":0},
{"lv":951,"hard":0},
{"lv":952,"hard":0},
{"lv":953,"hard":0},
{"lv":954,"hard":0},
{"lv":955,"hard":0},
{"lv":956,"hard":0},
{"lv":957,"hard":0},
{"lv":958,"hard":0},
{"lv":959,"hard":0},
{"lv":960,"hard":0},
{"lv":961,"hard":0},
{"lv":962,"hard":0},
{"lv":963,"hard":0},
{"lv":964,"hard":0},
{"lv":965,"hard":0},
{"lv":966,"hard":0},
{"lv":967,"hard":0},
{"lv":968,"hard":0},
{"lv":969,"hard":0},
{"lv":970,"hard":0},
{"lv":971,"hard":0},
{"lv":972,"hard":0},
{"lv":973,"hard":0},
{"lv":974,"hard":0},
{"lv":975,"hard":0},
{"lv":976,"hard":0},
{"lv":977,"hard":0},
{"lv":978,"hard":0},
{"lv":979,"hard":0},
{"lv":980,"hard":0},
{"lv":981,"hard":0},
{"lv":982,"hard":0},
{"lv":983,"hard":0},
{"lv":984,"hard":0},
{"lv":985,"hard":0},
{"lv":986,"hard":0},
{"lv":987,"hard":0},
{"lv":988,"hard":0},
{"lv":989,"hard":0},
{"lv":990,"hard":0},
{"lv":991,"hard":0},
{"lv":992,"hard":0},
{"lv":993,"hard":0},
{"lv":994,"hard":0},
{"lv":995,"hard":0},
{"lv":996,"hard":0},
{"lv":997,"hard":0},
{"lv":998,"hard":0},
{"lv":999,"hard":0},
{"lv":1000,"hard":0}]