index,ios_id,aos_id,level
1,com.superbox.bbfriends.achieve.lv5,CgkIhOKd8PkbEAIQAw,5
2,com.superbox.bbfriends.achieve.lv10,CgkIhOKd8PkbEAIQBA,10
3,com.superbox.bbfriends.achieve.lv20,CgkIhOKd8PkbEAIQBQ,20
4,com.superbox.bbfriends.achieve.lv30,CgkIhOKd8PkbEAIQBg,30
5,com.superbox.bbfriends.achieve.lv40,CgkIhOKd8PkbEAIQBw,40
6,com.superbox.bbfriends.achieve.lv50,CgkIhOKd8PkbEAIQCA,50
7,com.superbox.bbfriends.achieve.lv60,CgkIhOKd8PkbEAIQCQ,60
8,com.superbox.bbfriends.achieve.lv70,CgkIhOKd8PkbEAIQCg,70
9,com.superbox.bbfriends.achieve.lv80,CgkIhOKd8PkbEAIQCw,80
10,com.superbox.bbfriends.achieve.lv90,CgkIhOKd8PkbEAIQDA,90
11,com.superbox.bbfriends.achieve.lv100,CgkIhOKd8PkbEAIQDQ,100
12,com.superbox.bbfriends.achieve.lv120,CgkIhOKd8PkbEAIQDg,120
13,com.superbox.bbfriends.achieve.lv140,CgkIhOKd8PkbEAIQDw,140
14,com.superbox.bbfriends.achieve.lv160,CgkIhOKd8PkbEAIQEA,160
15,com.superbox.bbfriends.achieve.lv180,CgkIhOKd8PkbEAIQEQ,180
16,com.superbox.bbfriends.achieve.lv200,CgkIhOKd8PkbEAIQEg,200
17,com.superbox.bbfriends.achieve.lv250,CgkIhOKd8PkbEAIQEw,250
18,com.superbox.bbfriends.achieve.lv300,CgkIhOKd8PkbEAIQFA,300
19,com.superbox.bbfriends.achieve.lv350,CgkIhOKd8PkbEAIQFQ,350
20,com.superbox.bbfriends.achieve.lv400,CgkIhOKd8PkbEAIQFg,400
21,com.superbox.bbfriends.achieve.lv450,CgkIhOKd8PkbEAIQFw,450
22,com.superbox.bbfriends.achieve.lv500,CgkIhOKd8PkbEAIQGA,500
23,com.superbox.bbfriends.achieve.lv550,CgkIhOKd8PkbEAIQGQ,550
24,com.superbox.bbfriends.achieve.lv600,CgkIhOKd8PkbEAIQGg,600
25,com.superbox.bbfriends.achieve.lv650,CgkIhOKd8PkbEAIQGw,650
26,com.superbox.bbfriends.achieve.lv700,CgkIhOKd8PkbEAIQHA,700
27,com.superbox.bbfriends.achieve.lv750,CgkIhOKd8PkbEAIQHQ,750
28,com.superbox.bbfriends.achieve.lv800,CgkIhOKd8PkbEAIQHg,800
29,com.superbox.bbfriends.achieve.lv900,CgkIhOKd8PkbEAIQHw,900
30,com.superbox.bbfriends.achieve.lv1000,CgkIhOKd8PkbEAIQIA,1000