index,color,color_90,color_80,color_70,color_60,color_50,color_40,color_30,color_20,color_10
0,red,red,purple,blue,pink,green,orange,mint,lightgreen,yellow
1,purple,purple,blue,blue,pink,green,orange,mint,lightgreen,yellow
2,blue,blue,pink,pink,green,green,orange,mint,lightgreen,yellow
3,pink,pink,green,green,orange,orange,mint,mint,lightgreen,yellow
4,green,green,green,orange,orange,mint,mint,lightgreen,lightgreen,yellow
5,orange,orange,orange,orange,mint,mint,mint,lightgreen,lightgreen,yellow
6,mint,mint,mint,mint,mint,lightgreen,lightgreen,lightgreen,yellow,yellow
7,lightgreen,lightgreen,lightgreen,lightgreen,lightgreen,yellow,yellow,yellow,yellow,yellow
8,yellow,yellow,yellow,yellow,yellow,yellow,yellow,yellow,yellow,yellow