type,rotation,x,y
square,ROTATION_0,0.32,0.32
square,ROTATION_0,0.32,-0.32
square,ROTATION_0,-0.32,-0.32
square,ROTATION_0,-0.32,0.32
triangle,ROTATION_0,0.32,-0.32
triangle,ROTATION_0,-0.32,-0.32
triangle,ROTATION_0,-0.32,0.32
triangle,ROTATION_90,0.32,0.32
triangle,ROTATION_90,0.32,-0.32
triangle,ROTATION_90,-0.32,-0.32
triangle,ROTATION_180,0.32,0.32
triangle,ROTATION_180,0.32,-0.32
triangle,ROTATION_180,-0.32,0.32
triangle,ROTATION_270,0.32,0.32
triangle,ROTATION_270,-0.32,-0.32
triangle,ROTATION_270,-0.32,0.32
regular_triangle,ROTATION_0,0,0.32
regular_triangle,ROTATION_0,0.32,-0.32
regular_triangle,ROTATION_0,-0.32,-0.32
regular_triangle,ROTATION_90,0.32,0.32
regular_triangle,ROTATION_90,0.32,-0.32
regular_triangle,ROTATION_90,-0.32,0
regular_triangle,ROTATION_180,0.32,0.32
regular_triangle,ROTATION_180,0,-0.32
regular_triangle,ROTATION_180,-0.32,0.32
regular_triangle,ROTATION_270,0.32,0
regular_triangle,ROTATION_270,-0.32,-0.32
regular_triangle,ROTATION_270,-0.32,0.32
diamond,ROTATION_0,0,0.32
diamond,ROTATION_0,0.32,0
diamond,ROTATION_0,0,-0.32
diamond,ROTATION_0,-0.32,0
open_and_close,ROTATION_0,0.32,0.32
open_and_close,ROTATION_0,0.32,-0.32
open_and_close,ROTATION_0,-0.32,-0.32
open_and_close,ROTATION_0,-0.32,0.32
unbreakable,ROTATION_0,0.32,0.32
unbreakable,ROTATION_0,0.32,-0.32
unbreakable,ROTATION_0,-0.32,-0.32
unbreakable,ROTATION_0,-0.32,0.32
transparency,ROTATION_0,0.32,0.32
transparency,ROTATION_0,0.32,-0.32
transparency,ROTATION_0,-0.32,-0.32
transparency,ROTATION_0,-0.32,0.32