﻿index,type,name,gem,item1,item1Count,item2,item2Count,item3,item3Count,item4,item4Count,id,bonus_rate
0,consumable,none,315,-1,0,-1,0,-1,0,-1,0,com.superbox.bbfriends.iap.coin2,5
1,consumable,none,550,-1,0,-1,0,-1,0,-1,0,com.superbox.bbfriends.iap.coin4,10
2,consumable,none,2600,-1,0,-1,0,-1,0,-1,0,com.superbox.bbfriends.iap.coin18,30
3,consumable,none,7500,-1,0,-1,0,-1,0,-1,0,com.superbox.bbfriends.iap.coin48,50
4,consumable,none,22000,-1,0,-1,0,-1,0,-1,0,com.superbox.bbfriends.iap.coin90,100
5,nonconsumable,Normal45,0,-1,0,-1,0,-1,0,-1,0,com.superbox.bbfriends.iap.goldenaim,0
6,consumable,Normal46,1500,-1,0,-1,0,-1,0,-1,0,com.superbox.bbfriends.iap.starter,400
7,consumable,Normal82,2000,-1,0,-1,0,-1,0,-1,0,com.superbox.bbfriends.iap.pro,100
8,consumable,Normal139,1000,-1,0,-1,0,-1,0,-1,0,com.superbox.bbfriends.iap.weeklysale,100
9,consumable,Normal106,600,0,3,1,3,2,3,3,3,com.superbox.bbfriends.iap.simplepack,400
10,consumable,Normal107,500,0,3,1,3,2,3,3,3,com.superbox.bbfriends.iap.specialpack,50
11,consumable,Normal108,1200,0,10,1,10,2,10,3,10,com.superbox.bbfriends.iap.premiumpack,80
12,consumable,Normal109,8000,0,20,1,20,2,20,3,20,com.superbox.bbfriends.iap.crazypack,120
13,consumable,Normal117,0,-1,0,-1,0,-1,0,-1,0,com.superbox.bbfriends.iap.piggybank,0
14,nonconsumable,Normal41,0,-1,0,-1,0,-1,0,-1,0,com.superbox.bbfriends.iap.adsfree,0
15,nonconsumable,,0,-1,0,-1,0,-1,0,-1,0,com.superbox.bbfriends.iap.ballpack,0
16,Subscription,week,300,0,1,1,1,2,1,3,1,com.superbox.bbfriends.iap.vipweek,0
17,Subscription,month,300,0,1,1,1,2,1,3,1,com.superbox.bbfriends.iap.vipmonth,0
18,Subscription,year,300,0,1,1,1,2,1,3,1,com.superbox.bbfriends.iap.vipyear,0
19,nonconsumable,PremiumPass,0,-1,0,-1,0,-1,0,-1,0,com.superbox.bbfriends.iap.premiumpass,0