item,KO,EN,TC,SC,JA,DE,ES,FR,RU,ID,AR,MS,TH,PT,TR,IT
Normal01,광고시청하고 볼 {0}개 추가,Watch ad and add {0} balls.,觀看廣告並添加 {0} 個球。,观看广告并添加 {0} 个球。,広告を見て、{0} 個のボールを追加します。,Sehen Sie sich die Anzeige an und fügen Sie {0} Bälle hinzu.,Mire el anuncio y agregue {0} bolas.,Regardez l'annonce et ajoutez {0} balles.,Смотрите рекламу и добавляйте {0} мячей.,Tonton iklan dan tambahkan {0} bola.,شاهد الإعلان وأضف {0} من الكرات.,Tonton iklan dan tambahkan {0} bola.,ดูโฆษณาและเพิ่ม {0} ลูก,Assista ao anúncio e adicione {0} bolas.,Reklamı izleyin ve {0} top ekleyin.,Guarda l'annuncio e aggiungi @@ palline.
Normal02,일시정지,Paused,暫停,暂停,一時停止,Angehalten,Pausado,En pause,Приостановлено,Dijeda,متوقف مؤقتًا,Dijeda,หยุดชั่วคราว,Em pausa,duraklatıldı,In pausa
Normal03,배경음,BGM,BGM,BGM,BGM,BGM,BGM,BGM,BGM,BGM,BGM,BGM,BGM,BGM,BGM,BGM
Normal04,소리,SOUND,聲音,音效,音,Klingen,sonido,Du son,Звук,Suara,صوت,Bunyi,เสียง,soar,Ses,suono
Normal05,다시하기,Retry,重試,重试,リトライ,Wiederholen,Rever,Réessayez,Повторить,Mencoba kembali,أعد المحاولة,Cuba lagi,ลองอีกครั้ง,Tentar novamente,yeniden dene,Riprova
Normal06,홈,Home,家,家,ホーム,Zuhause,Casa,Domicile,Дом,Rumah,منزل، بيت,Rumah,บ้าน,Casa,Ev,Casa
Normal07,계속하기,Continue,繼續,继续,続き,Fortsetzen,Continuar,Continuer,Продолжить,Lanjutkan,متابعة,Devam,ต่อเนื่อง,Continuar,Teruskan,Continua
Normal08,게임을 다시 할까요?,Shall we try again?,我們再試一次好嗎？,我们再试一次好吗？,もう一度試してみましょうか。,Sollen wir es noch einmal versuchen?,¿Intentamos de nuevo?,On réessaye ?,Попробуем еще раз?,Mari kita coba lagi?,هل يجب أن نحاول مرة أخرى؟,Mahukah kita mencuba lagi?,เรามาลองกันใหม่ดีไหม?,Vamos tentar de novo?,Tekrar deneyelim mi?,Proviamo di nuovo?
Normal09,확인,CONFIRM,領獎,领奖,獲得,Akzeptieren,Aceptar,Accepter,Принять,Terima,موافق,Terima,ยอมรับ,Reivindicar,Talep et,Rivendica
Normal10,진행중인 게임이 있어요? 이어서 하실래요?,You have a unfinished game. Continue?,你有一個未完成的遊戲。繼續？,你有一个未完成的游戏。继续？,未完成のゲームがあります。続けますか？,Sie haben ein unvollendetes Spiel. Geht weiter?,Tienes un juego sin terminar. Continúa?,Vous avez un jeu inachevé. Continue?,У вас есть незаконченная игра. Продолжается?,Anda memiliki permainan yang belum selesai. Terus?,لديك لعبة غير منتهية. متواصل؟,Anda mempunyai permainan yang belum selesai. Bersambung?,คุณมีเกมที่ยังไม่เสร็จ ต่อ?,Você tem um jogo inacabado. Continuou?,Bitmemiş bir oyununuz var. Devam ediyor?,Hai un gioco incompiuto. continua?
Normal11,예,YES,是,是,はい,Ja,Sí,Oui,Да,Iya,نعم,Evet,ใช่,Sim,Ya,Sì
Normal12,아니오,NO,否,否,いいえ,Nein,No,Non,Нет,Tidak,لا,Hayır,ไม่,Não,Tidak,No
Normal13,아이템 구매,Item purchase,物品購買,物品购买,アイテム購入,Compra de artigos,Compra del objeto,Achat d\'objet,Покупка предмета,Pembelian item,شراء العنصر,Pembelian item,สินค้าที่ซื้อ,Compra de artigos,Eşya satın alma,Acquisto oggetto
Normal19,마지막 3줄 제거,Remove the last 3 lines,刪除最後 3 行,删除最后 3 行,最後の3行を削除,Entferne die letzten 3 Zeilen,Eliminar las últimas 3 líneas,Supprimer les 3 dernières lignes,Удалите последние 3 строки,Hapus 3 baris terakhir,قم بإزالة الأسطر الثلاثة الأخيرة,Keluarkan 3 baris terakhir,ลบ 3 บรรทัดสุดท้าย,Remova as últimas 3 linhas,Son 3 satırı kaldır,Rimuovi le ultime 3 righe
Normal20,무료,FREE,免費,免费,無料,GRATIS,GRATIS,GRATUIT,БЕСПЛАТНО,GRATIS,مجانا,PERCUMA,ฟรี,GRÁTIS,ÜCRETSİZ,GRATIS
Normal21,매일무료,Daily,每天,日常,毎日,Diariamente,Diario,Quotidien,Ежедневно,Harian,يوميًا,Harian,ประจำวัน,Diariamente,Günlük,Giornaliero
Normal22,보너스,Bonus,獎金,奖金,ボーナス,Bonus,Bono,Bonus,Бонус,Bonus,مكافأة إضافية,Bonus,โบนัส,Bónus,Bonus,Bonus
Normal23,레벨,Level,水平,水平,レベル,Niveau,Nivel,Niveau,уровень,Level,المستوى,Seviye,Level,Nível,Tahap,livello
Normal24,클리어,Clear,明確,清除,クリア,Limpar,Completado,Effacer,Очистить,Selesai,مسح,Lepas,ล้าง,Limpar,Temizle,Supera
Normal25,보상,REWARD,獎勵,奖励,報酬,Belohnung,Recompensa,Récompense,Награда,Hadiah,مكافأة,Ödül,รางวัล,Recompensa,Ganjaran,Ricompensa
Normal26,받기,Claim,領取,要求,請求,Afirmação,Recoger,Réclamer,Запрос,Klaim,احصل على مكافأتك,Tuntut,รับ,Afirmação,Teslim al,Richiedi
Normal27,코인 @@개를 받아가세요.,Recieve @@ coins for free!,免費獲得 @@ 個硬幣！,免费获得 @@ 个硬币！,{0}コインを無料で受け取りましょう！,Erhalte {0} Münzen kostenlos!,¡Reciba {0} monedas gratis!,Recevez {0} pièces gratuitement !,Получите {0} монет бесплатно!,Dapatkan {0} koin gratis!,احصل على {0} عملات معدنية مجانًا!,Terima {0} syiling secara percuma!,รับ {0} เหรียญฟรี!,Receba {0} moedas de graça!,Ücretsiz olarak {0} jeton kazanın!,Ricevi {0} monete gratis!
Normal28,{0}일,{0}Day,{0}日,{0}日,{0}日,Tag{0},día{0},journée{0},день{0},hari{0},يوم{0},hari{0},วัน{0},dia{0},{0}gün,giorno{0}
Normal29,업적,ACHIEVEMENT,成就,成就,業績,Leistung,Logros,Réussite,Достижения,Prestasi,موهلات,Pencapaian,ผลงาน,Realização,Başarı,Sfide
Normal30,일일미션,Daily Mission,每日任務,每日任务,デイリーミッション,Tägliche Mission,Misión diaria,Mission quotidienne,Ежедневная миссия,Misi Harian,المهمة اليومية,Misi Harian,ภารกิจประจำวัน,Missão Diária,Günlük Görev,Missione giornaliera
Normal31,접속시간 보상,Connect hour rewards,連接小時獎勵,连接小时奖励,コネクトアワー報酬,Connect-Stunden-Belohnungen,Recompensas por hora de conexión,Récompenses d'heures de connexion,Подключите часовые награды,Hubungkan hadiah jam,ربط مكافآت الساعة,Sambungkan hadiah jam,เชื่อมต่อรางวัลชั่วโมง,Recompensas de horas de conexão,Saat ödüllerini bağlayın,Connetti ora premi
Normal32,완료,COMPLETE,完成,完成,完了,Completion,Finalización,Fin,Завершение,Penyelesaian,مُكتمل,Tamamlandı,สำเร็จแล้ว,Conclusão,DILENGKAPKAN,COMPLETATO
Normal33,미완료,Incomplete,殘缺,残缺,未了,Unvollständig,Inconcluso,Incomplet,незавершенный,Tidak lengkap,غير مكتمل,Tamamlanmadı,ไม่สมบูรณ์,Incompleto,Tidak lengkap,Incompleto
Normal34,레벨 {0}개 클리어,Level clear {0},過關{0},级别清除{0},レベルクリア {0},Nível ultrapassado {0},Nivel completado {0},Niveau terminé {0},Очистить уровень {0},Level selesai {0},تم اجتياز المستوى {0},Tahap dilepasi {0},ล้างระดับ {0},Nível ultrapassado {0},Geçilen seviye {0},Supera il livello {0}
Normal35,아이템 {0}회 사용,Item use {0},項目使用{0},项目使用{0},アイテム使用 {0},Artikelverwendung {0},Uso del artículo {0},Utilisation de l'article {0},Использование предмета {0},Penggunaan barang {0},استخدام العنصر {0},Penggunaan item {0},การใช้รายการ {0},Uso do item {0},Öğe kullanımı {0},Utilizzo articolo {0}
Normal36,상점 방문하기,Shop click ,店鋪點擊,店铺点击,ショップクリック,Clique na loja,Haz clic en la tienda,Clic boutique,Магазин нажать,Klik toko,انقر على المتجر,Klik kedai,ร้านค้าคลิก,Clique na loja,Mağaza için tıklayın,Clicca sul negozio
Normal37,광고시청 {0}회,Watch ad{0},觀看廣告{0},观看广告{0},広告を見る{0},Anzeige aufrufen{0},Ver comercial{0},Regarder la publicité{0},Посмотреть рекламу{0},Lihat ad{0},مشاهدة الإعلان0{,Reklamı izle{0},ดูโฆษณา{0},Ver publicidade {0},Tonton iklan{0},Guarda la pubblicità {0}
Normal38,유료상품 구매,Inapp purchase,應用內購買,应用内购买,アプリ内購入,Compras na app,Compras en la aplicación,Achat dans l\'application,Покупки в приложении,Pembelian dalam aplikasi,الشراء داخل التطبيق,Pembelian dalam aplikasi,การซื้อ Inapp,Compras na app,Uygulama içi satın alma,Acquisto in app
Normal39,상점,SHOP,商店,商店,ショップ,Shop,Tienda,Magasin,Магазин,Toko,متجر,Kedai,ร้านค้า,Loja,Dükkan,Negozio
Normal40,구매복구,Purchase restore,修復購買記錄,修复购买记录,購入復元,Wiederherstellen,Restaurar,Restaurer,Восстановить,Pulihkan,استعادة,Pulih,ย้อนคืน,Restaurar,Geri yükle,Ripristina
Normal41,광고제거,Remove Ads,移除廣告,移除广告,広告を削除,Anzeigen entfernen,Quitar anuncios,Supprimez la pub,Убрать рекламу,Hilangkan iklan,ازالة الاعلانات,Alih Keluar Iklan,ลบโฆษณา,Remover propagandas,reklamları kaldırmak,rimuovere gli annunci
Normal42,코인,Coin,硬幣,硬币,コイン,Münze,Moneda,Pièce de monnaie,Монета,Koin,عملة,syiling,เหรียญ,Moeda,Madeni para,Moneta
Normal43,패키지,Package,包裹,包裹,パッケージ,Paket,Paquete,Paquet,Упаковка,Paket,طرد,Pakej,แพ็คเกจ,Pacote,paket,Pacchetto
Normal44,아이템,Items,物品,物品,アイテム,Artigos,Artículos,Objets,Предметы,Item,العناصر,Item,รายการ,Artigos,Eşyalar,Oggetti
Normal45,골든에임,Golden Aim,黃金目標,黄金目标,ゴールデンエイム,Goldenes Ziel,Objetivo dorado,But d'or,Золотая цель,Tujuan Emas,الهدف الذهبي,Matlamat Emas,เป้าหมายสีทอง,Golden Aim,Altın Amaç,Obiettivo d'oro
Normal46,스타터,Starter,起動機,启动器,スターター,Iniciante,Inicio,Débutant,Начальный,Pemula,المبتدئون,Pemula,เริ่มต้น,Iniciante,Başlangıç,Inizio
Normal47,구매완료!,Purchase Complete!,購買成功！,购买成功完成！,購入完了,Kauf erfolgreich abgeschlossen!,¡Compra completada con éxito!,Achat complété avec succès !,Покупка успешно завершена!,Pembelian berhasil diselesaikan!,تم إكمال عملية الشراء بنجاح!,Pembelian berjaya dilengkapkan!,การสั่งซื้อเสร็จสมบูรณ์!,Compra concluída com sucesso!,Satın alma tamamlandı!,Acquisto completato con successo!
Normal48,구매해주셔서 감사합니다.,Thank you for your purchase.,感謝您的購買,感谢您的购买,ご購入いただきありがとうございます,Danke für Ihren Einkauf,Gracias por su compra,Merci pour votre achat,Спасибо за покупку,Terima kasih atas pembelian Anda,شكرا لك على الشراء,Terima kasih atas pembelian anda,ขอขอบคุณสำหรับการซื้อของคุณ,Obrigado por sua compra,Satın aldığınız için teşekkür ederiz,Grazie per il vostro acquisto
Normal49,스페셜 패키지,Special Package,特價套餐,特价套餐,スペシャルパッケージ,Sonderpaket,Paquete especial,Forfait spécial,Специальный пакет,Paket Spesial,مجموعة خاصة,Pakej Istimewa,แพ็คเกจพิเศษ,Pacote Especial,Özel paket,Pacchetto Speciale
Normal50,프리미엄,Premium,高級,高级,プレミアム ,Premium,Premium,Premium,Премиум,Premium,الفئة المميزة 1,Premium,พรีเมี่ยม,Premium,Premium,Premium
Normal51,보유 아이템,My items,我的物品,我的物品,私のアイテム,Os meus artigos,Mis cosas,Mes objets,Мои предметы,Item saya,عناصري,Item saya,รายการของฉัน,Os meus artigos,Eşyalarım,I miei elementi
Normal52,세일,Sale,銷售,销售,セール,Verkauf,Venta,Vente,Распродажа,Penjualan,أوكازيون,Jualan,ลดราคา,Venda,Satış,Vendita
Normal53,체험,experience,經驗,经验,経験,Erfahrung,experiencia,vivre,опыт,pengalaman,خبرة,pengalaman,ประสบการณ์,experiência,deneyim,Esperienza
Normal54,크기,Size,尺寸,尺寸,サイズ,Größe,Tamaño,Taille,Размер,Ukuran,بحجم,Saiz,ขนาด,Tamanho,Boyut,Dimensione
Normal55,사용중,Using,正在使用,正在使用,使用中で,In Benutzung,En uso,Utilisé,В использовании,Digunakan,في الاستخدام,Sedang digunakan,ในการใช้งาน,Em uso,Kullanımda,In uso
Normal56,사용,USE,用,用,使用する,Verwenden,Utilizar,Utilisation,Использовать,Menggunakan,استعمال,Gunakan,ใช้,Usar,Kullanım,Uso
Normal57,구매확인,Purchase Confirmation,購買確認書,购买确认,購入確認,Confirmação de compra,Confirmación de compra,Confirmation d\'achat,Подтверждение покупки,Konfirmasi Pembelian,تأكيد الشراء,Pengesahan Pembelian,ยืนยันการสั่งซื้อ,Confirmação de compra,Satın Alma Onayı,Conferma acquisto
Normal58,구매하시겠습니까?,Would you like to purchase?,您想購買嗎？,您想购买吗？,購入しますか？,Möchten Sie kaufen?,¿Le gustaría comprar?,Souhaitez-vous acheter?,Хотели бы купить?,Apakah Anda ingin membeli?,هل ترغب في الشراء؟,Adakah anda ingin membeli?,คุณต้องการซื้อหรือไม่,Você gostaria de comprar?,Satın almak ister misiniz?,Vuoi acquistare?
Normal59,다이아몬드 멤버십,Diamond membership,鑽石會員,钻石会员,ダイヤモンド会員,Diamant-Mitgliedschaft,membresía diamante,adhésion au diamant,алмазное членство,keanggotaan berlian,العضوية الماسية,keahlian berlian,สมาชิกเพชร,sócio diamante,elmas üyelik,abbonamento diamante
Normal60,영구적용,PERMANENT,常駐,常驻,永久適用,DAUERHAFT,PERMANENTE,PERMANENT,ПОСТОЯННЫЙ,PERMANEN,دائم,PERMANEN,ถาวร,PERMANENTE,KALICI,PERMANENTE
Normal61,매일지급,Paid Everyday,每天付費,每天付费,毎日有料,Bezahlt jeden Tag,Pagado todos los días,Payé tous les jours,Оплачивается каждый день,Dibayar Setiap Hari,تدفع كل يوم,Dibayar Setiap Hari,จ่ายทุกวัน,Pago todos os dias,Her gün ödenir,Pagato tutti i giorni
Normal62,주,Week,星期,星期,週間,Woche,Semana,Semaine,Неделя,Minggu,أسبوع,Minggu,สัปดาห์,Semana,Hafta,Settimana
Normal63,월,Month,月,月,月,Monat,Mes,Mois,Месяц,Bulan,شهر,Sebulan,เดือน,Mês,Ay,Mese
Normal64,년,Year,年,年,年,Jahr,Año,An,Год,Tahun,سنة,Tahun,ปี,Ano,Yıl,Anno
Normal65,{0}일 무료체험,{0}Days Free Trial,{0}天免費試用,{0}天免费试用,{0}日間無料トライアル,{0}Tage kostenlose Testversion,{0} Días de prueba gratuita,{0}Jours d'essai gratuit,{0} дней бесплатной пробной версии,{0}Uji Coba Gratis Berhari-hari,{0} أيام إصدار تجريبي مجاني,{0} Percubaan Percuma Hari,{0}ทดลองใช้งานฟรีทุกวัน,Teste Grátis de {0} Dias,{0}Günlük Ücretsiz Deneme,{0}Giorni di prova gratuita
Normal66,저장,SAVE,保存,保存,セーブ,Speichern,Guardar,Sauvegarder,Сохранить,Simpan,حفظ,Simpan,บันทึก,Guardar,Kayıt etmek,Salva
Normal67,가져오기,LOAD,加載,加载,ロード,Laden,cargar,Charger,Загрузить,Memuat kembali,حمل,Muatkan,เรียก,Carregar,Yük,Carica
Normal68,공유하기,Share,連線,连接,連携,verbinden,Conectar,Se connecter,Cоединение,Hubungkan,الاتصال,Sambung,เชื่อมต่อ,Conectar,Connect,Collegare
Normal69,한국어,ENGLISH,中文繁體,中文简体,日本語,Deutsch,Español,Français,русский язык,Indonesia,العربية,Bahasa Malaysia,ภาษาไทย,Português,Türkçe,Italiano
Normal70,리뷰,REVIEW,評論,评论,レビュー,Rezension,revisión,La revue,Обзор,Ulasan,مراجعة,Kaji semula,ทบทวน,Reveja,gözden geçirmek,Revisione
Normal71,즐겁게 플레이하고 계신가요?\n소중한 리뷰를 남겨주세요!\n여러분의 리뷰는 개발자에게\n큰 힘이 된답니다:),Are you having fun?\nLeave us your comment!\nYour review is\na great help to us :),玩得開心嗎？\n請留下您的評論！\n您的評論對我們很有幫助：),玩得开心吗？\n请留下您的评论！\n您的评论对我们很有帮助：),楽しい時間をお過ごしでしょうか？\nこのゲームに関してレビューを残してください！,Haben Sie eine gute Zeit? \nLassen Sie uns Ihren Kommentar! \nIhre Bewertung ist \n eine große Hilfe für uns :),¿Lo estás pasando bien? \n¡Déjanos tu comentario! \nTu reseña es \n de gran ayuda para nosotros :),Vous passez du bon temps? \nLaissez-nous votre commentaire! \nVotre avis nous est \n d'une grande aide :),Хорошо проводите время? \nОставьте свой комментарий! \nВаш отзыв \n нам очень помогает :),Bersenang-senang? \nTinggalkan komentar Anda! \nUlasan Anda \n sangat membantu kami :),هل تقضي وقتًا ممتعًا؟ اترك لنا تعليقك! تقييمك يساعدنا كثيرًا :),Selamat bersantai? \nTinggalkan komen anda kepada kami! \n Ulasan anda \n sangat membantu kami :),มีช่วงเวลาที่ดีหรือไม่ \n แสดงความคิดเห็นของคุณ! \n รีวิวของคุณ \n ช่วยเราได้มาก :),Está se divertindo? \nDeixe-nos seu comentário! \nSeu comentário é \n uma grande ajuda para nós :),İyi vakit geçiriyor musunuz? \nBize yorumunuzu bırakın! \nYorumunuz \n bize çok yardımcı oluyor :),Ti stai divertendo a giocare? \n Lascia una recensione preziosa! \n a tua recensione è \n di grande aiuto per lo sviluppatore :)
Normal72,실패,Failed,失敗,失败,失敗,Gescheitert,Has perdido,Échoué,Неудача,Gagal,فشل,Başarısız,ล้มเหลว,Falhou,Gagal,Hai perso
Normal73,광고시청,Watch Ads,觀看廣告,观看广告,広告を見る,Anzeige aufrufen,Ver comercial,Regardez-le,Посмотреть рекламу,Lihat ad,مشاهدة الإعلان,Reklamı izle,ดูโฆษณา,Ver publicidade,Tonton iklan,Guarda la pubblicità
Normal74,스페셜,Special,特別的,特别的,特別,Besondere,Especial,Spécial,Специальный,Khusus,خاص,Istimewa,พิเศษ,Especial,Özel,Speciale
Normal75,볼,Ball,球,球,玉,Ball,Bola,Balle,Мяч,Bola,كرة,Bola,ลูกบอล,Bola,top,Palla
Normal76,할인,Sale Off,折扣,售完,売り払う,Liquidação,Venta desactivada,Solde,Распродажа,Diskon Penjualan,خصم خاص,Jualan Penghabisan,ลดราคา,Liquidação,İndirim,Saldi
Normal77,아이템 획득,Item acquisition,物品獲取,物品获取,アイテム取得,Artikel erhalten,Obtiene el objeto,Obtenir l'article,Получить предмет,Dapatkan item,الحصول على العنصر,Perolehan barang,การได้มาของไอเทม,Aquisição de item,Öğe edinimi,Acquisizione dell'articolo
Normal79,이어하기,Continue,繼續,继续,続き,Fortsetzen,Continuar,Continuer,Продолжить,Lanjutkan,متابعة,Devam,ต่อเนื่อง,Continuar,Teruskan,Continua
Normal80,{0}분,{0}m,{0}分鐘,{0}分钟,{0}分,{0}Minute,{0}Minuto,{0}Minute,{0}минут,{0}Menit,دقيقة {0},{0}Minit,{0}นาที,{0}Minuto,{0}Dakika,{0}Minuto
Normal82,프로,pro,專業人士,专业人士,専門家,Profis,profesionales,professionnels,профессионалы,profesional,المهنيين,profesional,มืออาชีพ,profissionais,profesyoneller,professionisti
Normal83,일일 보너스,Daily Rewards,每天獎勵,每天奖励,デイリー報酬,Tägliche Belohnung,Recompensa diaria,Récompense quotidienne,Ежедневная награда,Hadiah Harian,المكافأة اليومية,Ganjaran Harian,รางวัลประจำวัน,Bônus Diário,Günlük bonus,Bonus Giornaliero
Normal84,나중에,LATER,日後,日后,後で,Später,Luego,Plus tard,Позже,Nanti,في وقت لاحق,Daha sonra,คราวหน้า,Mais tarde,Kemudian,Dopo
Normal85,설정,SETTING,設置,设置,設定,Einstellung,Ajustes,Définition,Настройки,Pengaturan,ضبط,Menetapkan,ตั้งค่า,Definições,Ayar,Impostazioni
Normal86,어서오세요!,WELCOME!,歡迎！,欢迎！,ようこそ！,Herzlich willkommen!,¡Bienvenidos!,Bienvenue!,Добро пожаловать!,Selamat datang!,أهلا بك!,Selamat datang!,ยินดีต้อนรับ!,Bem-vinda!,Hoşgeldiniz!,Benvenuto!
Normal87,게임 종료,Exit,停止玩耍,停止玩耍,ゲーム終了,Spiel beenden,Dejar de jugar,Arrêter de jouer,Остановить игру,Berhenti bermain,التوقف عن اللعب,Berhenti bermain,หยุดเล่น,Pare de jogar,Oynamayı durdur,Smetti di giocare
Normal88,게임을 종료하실래요?,Do you really wish to leave?,你確定要推出遊戲嗎？,你确定要推出游戏吗？,本当にゲームを終了しますか？,"Bist du sicher,  dass du das Spiel beenden möchtest?",¿Estás seguro de que quieres salir del juego?,Êtes-vous sûr de vouloir quitter le jeu ?,"Вы уверены, что хотите выйти из игры?",Apakah Anda yakin ingin keluar dari permainan?,هل أنت متأكد من رغبتك في الخروج من اللعبة؟,Adakah anda pasti anda ingin keluar dari permainan?,คุณแน่ใจว่าต้องการออกจากเกมหรือไม่,Tem certeza que quer sair do jogo?,Sei sicuro di voler abbandonare il gioco?,Sei sicuro di voler uscire dal gioco?
Normal89,마지막 저장 시간,Last Saved Time,上次節省時間,上次节省时间,最後に保存した時間,Letzte gespeicherte Zeit,Último tiempo guardado,Dernière heure enregistrée,Последнее сохраненное время,Waktu terakhir yang disimpan,آخر وقت تم توفيره,Masa yang terakhir dijimatkan,เวลาที่บันทึกล่าสุด,Última hora economizada,Son kaydedilen zaman,Ultimo tempo risparmiato
Normal90,저장 성공!,Save Success!,保存成功！,保存成功！,保存が完了しました！,Speichern war erfolgreich!,¡Guardar con éxito!,La sauvegarde a réussi!,Сохранение выполнено успешно!,Berhasil menyimpan!,تم الحفظ بنجاح!,Berjaya simpan!,บันทึกสำเร็จแล้ว!,A gravação foi bem-sucedida!,Kaydet başarılı oldu!,Salvataggio riuscito!
Normal91,저장된 데이터가 없습니다.,There is no saved data.,沒有保存的數據。,没有保存的数据。,保存されたデータがありません。,Es sind keine Daten gespeichert.,No hay datos guardados.,Il n'y a pas de données enregistrées.,Нет сохраненных данных.,Tidak ada data yang disimpan.,لا توجد بيانات محفوظة.,Tiada data yang disimpan.,ไม่มีข้อมูลที่บันทึกไว้,Não há dados salvos.,Kaydedilmiş veri yok.,Non ci sono dati salvati.
Normal92,마지막 저장 데이터를 찾았습니다.,Found the last saved data.,找到最後保存的數據。,找到最后保存的数据。,最後に保存されたデータが見つかりました。,Die zuletzt gespeicherten Daten gefunden.,Encontré los últimos datos guardados.,Trouvé les dernières données enregistrées.,Нашел последние сохраненные данные.,Menemukan data terakhir yang disimpan.,تم العثور على آخر البيانات المحفوظة.,Menjumpai data terakhir yang disimpan.,พบข้อมูลล่าสุดที่บันทึกไว้,Encontrou os últimos dados salvos.,En son kaydedilen verileri buldum.,Trovati gli ultimi dati salvati.
Normal93,데이터를 가져올까요?,Would you like to import the data?,數據加載,数据加载,データを読み込みますか？,DATENLADEN,CARGA DE DATOS,CHARGE DES DONNÉES,НАГРУЗКА ДАННЫХ,BEBAN DATA,تحميل البيانات,PINJAMAN DATA,โหลดข้อมูล,CARGA DE DADOS,VERİ YÜKÜ,CARICO DATI
Normal94,데이터 가져오기 성공!,Data Import Success!,數據導入成功！,数据导入成功！,データ読み込み成功！,Erfolg beim Datenimport!,¡Importación de datos exitosa!,Importation de données réussie!,Успешный импорт данных!,Berhasil mengimpor data!,نجاح استيراد البيانات!,Kejayaan import data!,นำเข้าข้อมูลสำเร็จ!,Sucesso na importação de dados!,Veri içe aktarma işlemi başarılı!,Importazione dei dati riuscita!
Normal95,이전 데이터가 있습니다.\n저장하시겠습니까?,You have previous data.\nDo you want to save?,現有數據將被覆寫。您想繼續嗎？,现有数据将被覆盖。您要继续吗？,既存のデータは上書きされます。続行しますか？,Die vorhandenen Daten werden überschrieben. Möchtest du fortfahren?,Los datos existentes se sobrescribirán. ¿Le gustaría continuar?,Les données existantes seront écrasées. Voulez vous procéder ?,Существующие данные будут перезаписаны. Хочешь продолжить?,Data yang ada akan ditimpa. Apakah Anda ingin melanjutkan?,سيتم استبدال البيانات الموجودة. هل تريد المضي قدمًا؟,Data sedia ada akan ditulis ganti. Adakah anda mahu teruskan?,ข้อมูลที่มีอยู่จะถูกเขียนทับ คุณต้องการที่จะดำเนินการต่อไปหรือไม่?,Os dados existentes serão substituídos. Gostaria de continuar?,Mevcut verilerin üzerine yazılır. Devam etmek ister misiniz?,Ci sono vecchi dati.\nVuoi salvare?
Normal96,저장에 실패하였습니다.\n다시 시도해 주세요.,Failed to save.\nPlease try again.,保存失敗。\n請重試。,保存失败。\n请重试。,保存に失敗しました。\nもう一度やり直してください。,Fehler beim Speichern. \nBitte versuchen Sie es erneut.,No se pudo guardar. \nVuelve a intentarlo.,Échec de l'enregistrement. \nVeuillez réessayer.,Не удалось сохранить. \nПовторите попытку.,Gagal menyimpan. \nCoba lagi.,فشل الحفظ. \n الرجاء المحاولة مرة أخرى.,Gagal menyimpan. \nSila cuba lagi.,บันทึกไม่สำเร็จ \n โปรดลองอีกครั้ง,"Falha ao salvar. \nPor favor, tente novamente.",Kaydedilemedi. \nLütfen tekrar deneyin.,Salvataggio non riuscito. \nRiprova.
Normal97,로드에 실패하였습니다.\n다시 시도해 주세요.,Failed to load.\nPlease try again.,加載失敗。\n請重試。,加载失败。\n请重试。,読み込めませんでした。\nもう一度やり直してください。,Fehler beim Laden. \nBitte versuchen Sie es erneut.,Error al cargar. \nVuelve a intentarlo.,Échec du chargement. \nVeuillez réessayer.,Не удалось загрузить. \nПовторите попытку.,Gagal memuat. \nCoba lagi.,فشل التحميل. \n الرجاء المحاولة مرة أخرى.,Gagal dimuat. \nSila cuba lagi.,โหลดไม่สำเร็จ \n โปรดลองอีกครั้ง,"Falha ao carregar. \nPor favor,  tente novamente.",Yüklenemedi. \nLütfen tekrar deneyin.,Impossibile caricare. \nRiprova.
Normal98,구매복원,Purchase restore,修復購買記錄,修复购买记录,購入復元,Wiederherstellen,Restaurar,Restaurer,Восстановить,Pulihkan,استعادة,Pulih,ย้อนคืน,Restaurar,Geri yükle,Ripristina
Normal99,알림,NOTICE,提示,提示,通知,Ankündigung,Notificación,Avis,Оповещение,Pemberitahuan,إشعار,Bildirim,แจ้งเตือน,Aviso,Notis,Avviso
Normal100,지급완료,COMPLETED,完成,完成,完了,Completion,Finalización,Fin,Завершение,Penyelesaian,مُكتمل,Tamamlandı,สำเร็จแล้ว,Conclusão,DILENGKAPKAN,COMPLETATO
Normal101,3일 무료 체험 이후 자동갱신,Free trial for 3 days before auto-renewal,自動續訂前免費試用 3 天,自动续订前免费试用 3 天,自動更新前の3日間の無料トライアル,Kostenlose Testversion für 3 Tage vor der automatischen Verlängerung,Prueba gratuita durante 3 días antes de la renovación automática,Essai gratuit pendant 3 jours avant le renouvellement automatique,Бесплатная пробная версия на 3 дня до автоматического продления,Uji coba gratis selama 3 hari sebelum perpanjangan otomatis,نسخة تجريبية مجانية لمدة 3 أيام قبل التجديد التلقائي,Percubaan percuma selama 3 hari sebelum pembaharuan automatik,ทดลองใช้ฟรี 3 วันก่อนต่ออายุอัตโนมัติ,Teste grátis por 3 dias antes da renovação automática,Otomatik yenilemeden önce 3 gün boyunca ücretsiz deneme,Prova gratuita per 3 giorni prima del rinnovo automatico
Normal102,구독 종료일,subscription ends at,訂閱結束於,订阅结束于,サブスクリプションはで終了します,Abo endet um,la suscripción finaliza a las,l'abonnement se termine à,подписка заканчивается в,langganan berakhir pada,الاشتراك ينتهي في,langganan berakhir pada,การสมัครสิ้นสุดที่,assinatura termina em,abonelik bitiyor,l'abbonamento termina alle
Normal103,광고 영구적으로 제거,remove ads permanent,永久刪除廣告,永久删除广告,広告を完全に削除する,Werbung dauerhaft entfernen,eliminar anuncios permanentes,supprimer les annonces permanentes,удалить рекламу навсегда,hapus iklan permanen,إزالة الإعلانات بشكل دائم,buang iklan kekal,ลบโฆษณาถาวร,remover anúncios permanentes,reklamları kalıcı olarak kaldır,rimuovi gli annunci in modo permanente
Normal104,VIP 회원 프리미엄,VIP Premium,貴賓高級,贵宾高级,VIPプレミアム,VIP-Prämie,VIP Premium,Prime VIP,VIP Премиум,VIP Premium,VIP بريميوم,Premium VIP,พรีเมี่ยมวีไอพี,VIP Premium,VIP Premium,VIP Premium
Normal105,광고를 시청하고 보상을 받으세요!,Claim after watching Ad,觀看廣告後領取,观看广告后领取,広告を見て報酬をゲット！,Nach dem Ansehen der Werbung erhalten,Reclama después de ver el anuncio,Réclamer après avoir vu l'annonce,Запросите их после просмотра рекламы,Klaim setelah menonton Iklan,احصل على المزيد من العملة,Tuntut selepas menonton iklan,รับสิทธิ์หลังจากดูโฆษณา,Reivindicar depois de assistir o anúncio,Reklamı izledikten sonra kazan,Richiedi dopo aver visto l'annuncio
Normal106,심플팩,Simple pack,簡單包,简单包,シンプルパック,Einfaches Paket,Paquete simple,Trousse simple,Простой пакет,Paket sederhana,حزمة بسيطة,Pek mudah,แพ็กธรรมดา,Pacote simples,Basit paket,Pacchetto semplice
Normal107,스페셜팩,Special pack,特價包,特价包,スペシャルパック,Spezialpaket,Paquete especial,Trousse spéciale,Специальный пакет,Paket khusus,حزمة خاصة,Pek istimewa,แพ็คพิเศษ,Pacote especial,Özel paket,Pacchetto speciale
Normal108,프리미엄팩,Premium pack,高級包,高级包,プレミアムパック,Premium-Paket,Paquete premium,Trousse premium,Премиум-пакет,Paket premium,حزمة متميزة,Pek premium,แพ็คพรีเมี่ยม,Pacote premium,Premium paket,Pacchetto premium
Normal109,크레이지팩,Crazy pack,瘋狂包,疯狂包,クレイジーパック,Verrücktes Paket,Paquete loco,Trousse folle,Сумасшедший пакет,Paket gila,حزمة مجنون,Pek menarik,แพ็คบ้าคลั่ง,Pacote louco,Çılgın paket,Pacchetto pazzo
Normal110,볼 스킨은 레벨을 클리어해야 얻을 수 있어요.,You can get ball skin when you complete the level.,完成關卡後可以獲得球皮。,完成关卡后可以获得球皮。,レベルを完了すると、ボールスキンを取得できます。,"Sie können einen Kugel-Skin erhalten,  wenn Sie das Level abgeschlossen haben.",Puedes obtener piel de bola cuando completas el nivel.,Vous pouvez obtenir une peau de balle lorsque vous terminez le niveau.,"Вы можете получить скин мяча, когда закончите уровень.",Kamu bisa mendapatkan kulit bola saat kamu menyelesaikan level.,يمكنك الحصول على جلد الكرة عند إكمال المستوى.,Anda boleh mendapatkan bola berkulit apabila anda menyelesaikan tahap.,คุณสามารถรับสกินลูกเมื่อคุณผ่านด่าน,Você pode obter uma skin de bola ao concluir o nível.,Seviyeyi tamamladığınızda top derisi alabilirsiniz.,Puoi ottenere la pelle della palla quando completi il livello.
Normal111,볼 스킨,Ball Skin,球皮,球皮,ボールスキン,Kugel-Skin,Piel de bola,Peau de balle,Скин мяча,Kulit Bola,جلد الكرة,Bola berkulit,หนังลูกบอล,Skin de bola,Top cilt,Pelle di palla
Normal112,볼 스킨을 획득하였습니다!,You obtained new ball skin!,你獲得了新的球皮！,你获得了新的球皮！,新しいボールスキンを手に入れました！,Sie haben einen neuen Kugel-Skin erhalten!,¡Obtuviste una nueva piel de bola!,Vous avez obtenu une nouvelle peau de balle !,Вы получили новый скин для мяча!,Kamu mendapatkan kulit bola baru!,لقد حصلت على بشرة كروية جديدة!,Anda memperoleh bola berkulit yang baru!,คุณได้รับสกินลูกบอลใหม่!,Você obteve uma nova skin de bola!,Yeni top görünümü elde ettin!,Hai ottenuto una nuova pelle per la palla!
Normal113,가득참,Full,滿的,满的,満杯,Voll,Lleno,Complet,полный,penuh,ممتلىء,penuh,เต็ม,cheio,tam dolu,completo
Normal114,벽돌색 선택,Select brick's color,選擇磚的顏色,选择砖的颜色,レンガの色を選択,Farbe des Ziegels auswählen,Seleccione el color del ladrillo,Sélectionnez la couleur de la brique,Выберите цвет кирпича,Pilih warna bata,حدد لون الطوب,Pilih warna bata,เลือกสีอิฐ,Selecione a cor do tijolo,Tuğla rengini seçin,Seleziona il colore del mattone
Normal115,원하는 벽돌색을 선택하세요!,Choose your brick color!,選擇你的磚顏色！,选择你的砖颜色！,あなたのレンガの色を選択してください！,Wählen Sie Ihre Ziegelfarbe!,¡Elige tu color de ladrillo!,Choisissez votre couleur de brique !,Выбери свой цвет кирпича!,Pilih warna batamu!,اختر لون الطوب الخاص بك!,Pilih warna bata anda!,เลือกสีอิฐของคุณ!,Escolha a sua cor de tijolo!,Tuğla renginizi seçin!,Scegli il colore del tuo mattone!
Normal116,시작,START,開始,开始,ゲーム開始,START,COMENZAR,COMMENCER,НАЧАТЬ,MULAI,ابدأ,MULA,เริ่ม,INICIAR,BAŞLA,INIZIA
Normal117,돼지 저금통,Piggy Bank,黄金存钱罐,黃金存錢罐,金の貯金箱,Goldenes Sparschwei,Hucha dorada,Tirelire dorée,Золотая копилка,Celengan Emas,البنك الذهبي الصغير,Tabung bank Emas,กระปุกออมสินทองคำ,Cofrinho Dourado,Altın Kumbara,Salvadanaio d'oro
Normal118,별점에 따라 보석을 획득할 수 있어요. 돼지 저금통이 가득차면 깨뜨리세요!,You can get gems according to your star points. Break piggy bank when it is full!,你可以根據你的星點獲得寶石。存錢罐裝滿時打破它！,你可以根据你的星点获得宝石。存钱罐装满时打破它！,スターポイントに応じて宝石を手に入れることができます。いっぱいになったら貯金箱を壊してください！,"Sie können Edelsteine gemäß Ihren Sternpunkten erhalten. Sparschwein zerbrechen, wenn es voll ist!",Puedes conseguir gemas según tus puntos estrella. ¡Rompe la alcancía cuando esté llena!,Vous pouvez obtenir des pierres précieuses en fonction de vos points étoiles. Casse la tirelire quand elle est pleine !,"Вы можете получить драгоценные камни в соответствии с вашими звездными очками. Разбейте копилку, когда она заполнится!",Kamu bisa mendapatkan permata sesuai dengan poin bintangmu. Hancurkan celengan jika sudah penuh!,يمكنك الحصول على الأحجار الكريمة وفقًا لنقاط نجومك. كسر حصالة بيجي عندما يكون ممتلئا!,Anda boleh mendapatkan permata mengikut mata bintang anda. Pecahkan tabung piggy apabila sudah penuh!,คุณสามารถรับอัญมณีตามคะแนนดาวของคุณ ทุบกระปุกออมสินเมื่อเต็ม!,Você pode obter joias de acordo com seus pontos de estrela. Quebre o cofrinho quando estiver cheio!,Yıldız puanlarınıza göre değerli taşlar alabilirsiniz. Kumbara dolduğunda kırın!,Puoi ottenere gemme in base ai tuoi punti stella. Rompi il salvadanaio quando è pieno!
Normal119,미션,Mission,主要任務,主要任务,メインミッション,Hauptaufgabe,Misión principal,Mission principale,Основная миссия,Misi Utama,المهمة الرئيسية,Misi Utama,ภารกิจหลัก,Missão principal,Ana Görev,Missione principale
Normal120,레벨을 클리어하면 별점에 따라 보석을 얻습니다. 300개 이상 모으면 구매할 수 있어요. ,"When you clear each level, you can collect gems according to your star points. Collect over 300 jewels to break piggy bank. ",當你通關每一關時，你可以根據你的星點收集寶石。收集超過 300 顆珠寶來打破存錢罐。,当你通关每一关时，你可以根据你的星点收集宝石。收集超过 300 颗珠宝来打破存钱罐。,各レベルをクリアすると、スターポイントに応じて宝石を集めることができます。300 を超える宝石を集めて、貯金箱を壊します。,"Wenn Sie jedes Level abgeschlossen haben, können Sie Edelsteine entsprechend Ihren Sternpunkten sammeln. Sammeln Sie über 300 Juwelen, um das Sparschwein zu brechen.","Cuando superes cada nivel,  puedes recolectar gemas de acuerdo con tus puntos estelares. Recoge más de 300 joyas para romper la alcancía.","Lorsque vous terminez chaque niveau, vous pouvez collecter des gemmes en fonction de vos points étoiles. Collectez plus de 300 bijoux pour casser la tirelire.","Когда вы очищаете каждый уровень, вы можете собирать драгоценные камни в соответствии с вашими звездными очками. Соберите более 300 драгоценных камней, чтобы разбить копилку.","Saat kamu menyelesaikan setiap level, kamu dapat mengumpulkan permata sesuai dengan poin bintangmu. Kumpulkan lebih dari 300 permata untuk memecahkan celengan.",عندما تقوم بمسح كل مستوى ، يمكنك جمع الجواهر وفقًا لنقاط النجوم الخاصة بك. اجمع أكثر من 300 جوهرة لكسر حصالة بيجي.,"Apabila anda menamatkan setiap tahap, anda dapat mengumpulkan permata mengikut mata bintang anda. Kumpulkan lebih daripada 300 permata untuk pecahkan tabung piggy.",เมื่อคุณเคลียร์แต่ละด่าน คุณสามารถรวบรวมอัญมณีตามคะแนนดาวของคุณ รวบรวมอัญมณีกว่า 300 ชิ้นเพื่อทำลายกระปุกออมสิน,"Ao concluir cada nível, você pode coletar joias de acordo com seus pontos de estrela. Colete mais de 300 joias para quebrar o cofrinho.",Her seviyeyi geçtiğinizde yıldız puanlarınıza göre değerli taşlar toplayabilirsiniz. Kumbara kırmak için 300'den fazla mücevher toplayın.,"Quando elimini ogni livello, puoi raccogliere gemme in base ai tuoi punti stella. Raccogli oltre 300 gioielli per rompere il salvadanaio."
Normal121,1회 구매할 때마다 5%씩 보너스가 증가해요. 최대 100%까지 보너스를 받을 수 있어요.,5% bonus increase per each purchase.Bonus increases up to 100%.,每次購買可增加 5% b 獎金。獎金最多增加 100%。,每次购买可增加 5% b 奖金。奖金最多增加 100%。,5 % b購入ごとにボーナスが増加します。ボーナスは最大 100％増加します。,5% b Erhöhung des Bonus pro Einkauf. Der Bonus erhöht sich um bis zu 100%.,5 % b de bonificación de aumento de la carga por cada compra. La bonificación aumenta hasta un 100%.,5% baugmentation du bonus pour chaque achat.Le bonus augmente jusqu'à 100%.,Бонус увеличивается на 5 % b за каждую покупку. Бонус увеличивается до 100%.,5% bpeningkatan bonus per setiap pembelian.Bonus meningkat hingga 100%.,تزيد المسؤولية بمقدار 5 % b لكل عملية شراء.تزداد المكافأة بنسبة تصل إلى 100٪.,5% bonus naik setiap pembelian.Bonus meningkat hingga 100%.,โบนัสเพิ่มขึ้น 5% bต่อการซื้อแต่ละครั้ง โบนัสเพิ่มขึ้นสูงสุด 100%,Aumento de bônus de 5% b a cada compra. O bônus aumenta até 100%.,Her satın alma başına 5% bonus artış.Bonus %100'e kadar artar.,5% baumento degli oneri per ogni acquisto.Il bonus aumenta fino al 100%.
Normal122,시원한 벽돌,Cool Bricks,酷磚,酷砖,クールなレンガ,Coole Ziegel,Ladrillos geniales,Briques cool,Классные кирпичи,Batu Bata Keren,طوب جميلة,Batu Bata Sejuk,อิฐเย็น,Tijolos legais,Soğuk Tuğlalar,Mattoni freddi
Normal123,정열의 벽돌,Passion Bricks,激情磚,激情砖,パッションレンガ,Leidenschaftsziegel,Ladrillos de la pasión,Briques de la passion,Кирпичи страсти,Batu Bata Gairah,طوب العاطفة,Batu Bata Keinginan,อิฐความชอบ,Tijolos da paixão,Tutku Tuğlaları,Mattoni della passione
Normal124,파스텔 벽돌,Pastel Bricks ,粉彩磚,粉彩砖,パステルレンガ,Pastellziegel,Ladrillos pastel,Briques Pastel,Пастельные кирпичи,Batu Bata Pastel,طوب الباستيل,Batu Bata Pucat dan Lembut,อิฐพาสเทล,Tijolos pastel,Pastel Tuğlalar,Mattoni pastello
Normal125,보석 얻기,Get Gems,獲得寶石,获得宝石,宝石を手に入れる,Edelsteine holen,Conseguir gemas,Obtenez des pierres précieuses,Получить драгоценные камни,Dapatkan Permata,الحصول على الأحجار الكريمة,Dapatkan Permata,รับอัญมณี,Pegar gemas,Elmas al,Ottieni gemme
Normal126,모든 벽돌의 HP를 50% 제거합니다.,Reduce all bricks HP by 50%,將所有磚塊 HP 降低 {0}%,将所有砖块 HP 降低 50%,すべてのレンガの HP を50％減らします,Reduzieren Sie die HP aller Steine um {0}%,Reducir todos los ladrillos HP en un 50%,Réduisez les HP de toutes les briques de {0}%,Уменьшить HP всех кирпичей на50%,Kurangi semua HP bata sebesar 50%,تقليل صحة كل الطوب بنسبة 50٪,Kurangkan semua bata HP sebanyak 50%,ลด HP อิฐทั้งหมดลง {0}%,Reduza todos os tijolos HP em 50%,Tüm tuğlaların HP'sini %50 azaltın,Riduci gli HP di tutti i mattoncini del 50%
Normal127,볼 50개를 추가합니다.,Add 50 balls.,多余的球 (+50),多餘的球 (+50),エクストラボール (+50),Extra Bälle (+50),Bolas extra (+50),Balles supplémentaires (+50),Дополнительные мячи (+50),Bola Ekstra (+50),كرات إضافية (+50),Bola Tambahan (+50),ลูกบอลพิเศษ (+50),Bolas extras (+50),Ekstra Toplar (+50),Palline extra (+50)
Normal128,맨 아래 1줄을 제거합니다.,Remove one horizontal line of bricks.,移除一排水平的磚塊。,移除一排水平的砖块。,レンガの 1 つの水平線を削除します。,Entferne eine horizontale Reihe von Ziegeln.,Quite una línea horizontal de ladrillos.,Retirez une ligne horizontale de briques.,Удалите одну горизонтальную линию кирпичей.,Hapus satu garis horizontal batu bata.,قم بإزالة خط أفقي واحد من الطوب.,Tanggalkan satu garis batu bata mendatar.,ลบอิฐเส้นแนวนอนหนึ่งเส้น,Remova uma linha horizontal de tijolos.,Bir yatay tuğla sırasını kaldırın.,Rimuovere una linea orizzontale di mattoni.
Normal129,타겟을 정확하게 조준할 수 있어요.,Accuracy increases for ball aiming.,球瞄準的準確度增加。,球瞄准的准确度增加。,ボール照準の精度が向上します。,Die Genauigkeit beim Kugelzielen wird erhöht.,Aumenta la precisión para apuntar la bola.,La précision augmente pour la visée du ballon.,Повышается точность прицеливания мяча.,Akurasi meningkat untuk membidik bola.,تزيد الدقة في التصويب على الكرة.,Ketepatan meningkat untuk membidik bola.,ความแม่นยำในการเล็งบอลเพิ่มขึ้น,A precisão aumenta para mirar a bola.,Top hedefleme için doğruluk artar.,La precisione aumenta per la mira della palla.
Normal130,스킬 게이지가 꽉찼어요!,The skill gauge is full!,技能槽滿了！,技能槽满了！,スキルゲージがいっぱいです！,Die Fertigkeitsanzeige ist voll!,¡El indicador de habilidades está lleno!,La jauge de compétence est pleine !,Шкала навыков заполнена!,Pengukur keterampilan penuh!,مقياس المهارة ممتلئ!,Tolok kemahiran sudah penuh!,เกจสกิลเต็ม!,O medidor de habilidade está cheio!,Beceri göstergesi dolu!,L'indicatore delle abilità è pieno!
Normal131,번개 스킬은 5개의 번개를 획득하면 발동시킬 수 있어요. 타격되는 벽돌과 인접한 벽돌에 스플레쉬 데미지를 줍니다.,"When you get 5 lightenings, you can activate lightening skill. It gives splash damages to nearby bricks.",當你獲得 5 個閃電時，你可以激活閃電技能。它會對附近的磚塊造成飛濺傷害。,当你获得 5 个闪电时，你可以激活闪电技能。它会对附近的砖块造成飞溅伤害。,ライトニングを 5 回取得すると、ライトニングスキルを発動できます。近くのレンガにスプラッシュダメージを与えます。,"Wenn Sie 5 Blitze erhalten, können Sie die Blitzfertigkeit aktivieren. Es verursacht Spritzschäden an nahegelegenen Ziegeln.","Cuando obtienes 5 iluminaciones, puedes activar la habilidad de iluminación. Daños por salpicaduras a los ladrillos cercanos.","Lorsque vous obtenez 5 éclairs,  vous pouvez activer la compétence éclair. Il inflige des dégâts d'éclaboussure aux briques voisines.","Когда вы получите 5 осветлений, вы можете активировать навык осветления. Брызги разбрызгивания соседним кирпичам.","Saat kamu mendapatkan 5 keringanan, kamu bisa mengaktifkan keterampilan keringanan. Ini memberikan kerusakan percikan ke batu bata di dekatnya.",عندما تحصل على 5 إضاءة ، يمكنك تنشيط مهارة التفتيح. يتسبب في أضرار تناثر الطوب القريب.,"Apabila anda mendapat 5 kilat, anda boleh mengaktifkan kemahiran kilat. Ia memberikan kerosakan pada batu bata yang berdekatan.",เมื่อคุณได้รับ 5 ความสว่าง คุณสามารถเปิดใช้งานสกินความสว่างได้ มันสร้างความเสียหายให้กับก้อนอิฐที่อยู่ใกล้เคียง,"Quando você consegue 5 relâmpagos, pode ativar a habilidade de relâmpagos. Ela causa danos de respingo nos tijolos próximos.","5 yıldırım aldığınızda, aydınlatma becerisini etkinleştirebilirsiniz. Yakındaki tuğlalara sıçrama hasarı verir.","Quando ottieni 5 fulmini, puoi attivare l'abilità fulmine. Danneggia i mattoni vicini."
Normal132,이번 레벨에서는 무료로 사용할 수 있어요.,You can try for free in this level.,您可以在此級別免費試用。,您可以在此级别免费试用。,このレベルでは無料で試すことができます。,In diesem Level können Sie es kostenlos ausprobieren.,Puedes probar gratis en este nivel.,Vous pouvez essayer gratuitement dans ce niveau.,Вы можете попробовать бесплатно на этом уровне.,Kamu dapat mencoba secara gratis di level ini.,يمكنك المحاولة مجانًا في هذا المستوى.,Anda boleh mencuba secara percuma di tahap ini.,คุณสามารถทดลองใช้ฟรีในระดับนี้,Você pode tentar gratuitamente neste nível.,Bu seviyede ücretsiz olarak deneyebilirsiniz.,Puoi provare gratuitamente in questo livello.
Normal133,아이템 무료 사용,Use free item,使用免費物品,使用免费物品,無料アイテムを使用,Kostenlose Artikel verwenden,Usar artículo gratis,Utiliser un article gratuit,Использовать бесплатный товар,Gunakan barang gratis,استخدم عنصرًا مجانيًا,Gunakan barangan percuma,ใช้ไอเทมฟรี,Use item grátis,Ücretsiz öğe kullan,Usa oggetto gratuito
Normal134,패키지로 구매하면 아이템이 반값!,Half price for purchasing the package!,購買套餐半價！,购买套餐半价！,パッケージ購入の半額！,Halber Preis für den Kauf des Pakets!,¡Mitad de precio por la compra del paquete!,Moitié prix pour l'achat de la trousse !,Половина цены при покупке пакета!,Setengah harga untuk pembelian paket!,نصف ثمن شراء الباقة!,Separuh harga untuk membeli pakej!,ซื้อแพ็คเกจครึ่งราคา!,Metade do preço pela compra do pacote!,Paketi satın almak için yarı fiyatına!,Metà prezzo per l'acquisto del pacchetto!
Normal135,컬러변경,Change color,換顏色,换颜色,色を変える,Farbe ändern,Cambiar el color,Changer de couleur,Сменить цвет,Ganti warna,غير اللون,Tukar warna,เปลี่ยนสี,Mudar cor,Rengi değiştir,Cambia colore
Normal136,광고를 제거하고 더 재미있게 플레이 하세요!,Remove Ads and have extra fun!,去除廣告，享受更多樂趣！,去除广告，享受更多乐趣！,広告を削除して、さらに楽しんでください！,Entfernen Sie Anzeigen und haben Sie zusätzlichen Spaß!,¡Elimina anuncios y diviértete más!,Supprimez les publicités et amusez-vous encore plus !,Удалите рекламу и получайте больше удовольствия!,Hapus Iklan dan bersenang-senang ekstra!,أزل الإعلانات واستمتع بوقتك!,Keluarkan Iklan dan berseronoklah!,ลบโฆษณาและสนุกเป็นพิเศษ!,Remova os anúncios e divirta-se extra!,Reklamları Kaldırın ve ekstra eğlenin!,Rimuovi gli annunci e divertiti ancora di più!
Normal137,구매하기,Purchase,購買,购买,購入,Kaufen,Comprar,Acheter,купить,Membeli,يشترى,Beli,ซื้อ,Comprar,Satın Al,Acquistare
Normal138,할인된 가격에 구매하세요!,Buy at a discounted price!,以優惠的價格購買！,以优惠的价格购买！,割引価格で購入！,Kaufen Sie zu einem reduzierten Preis!,¡Compre a un precio con descuento!,Achetez à prix réduit !,Покупайте по сниженной цене!,Beli dengan harga diskon!,شراء بسعر مخفض!,Beli dengan harga diskaun!,ซื้อตอนลดราคา!,Compre a um preço com desconto!,İndirimli bir fiyata satın alın!,Acquista a prezzo scontato!
Normal139,주간세일,Weekly Sale,每週特賣,每周特卖,ウィークリーセール,Wöchentliches Sonderangebot,Venta Semanal,Vente hebdomadaire,Еженедельная распродажа,Penjualan Mingguan,البيع الأسبوعي,Jualan Mingguan,ลดราคาประจำสัปดาห์,Oferta semanal,Haftalık İndirim,Vendita settimanale
Normal140,돼지 저금통이 가득찼어요!,Piggy Bank is full!,存錢罐已滿！,存钱罐已满！,貯金箱がいっぱいです！,Sparschwein ist voll!,¡La alcancía está llena!,La tirelire est pleine !,Копилка переполнена!,Celengan penuh!,حصالة بيجي ممتلئة!,Tabung Bank penuh!,กระปุกออมสินเต็ม!,O cofrinho está cheio!,Kumbara dolu!,Il salvadanaio è pieno!
Normal141,블록 HP 제거,Remove Brick HP,移除磚塊 HP,移除砖块 HP,ブリック HP を削除,Ziegel-HP entfernen,Quitar HP del ladrillo,Supprimer la brique HP,Удалить кирпич HP,Hapus HP Bata,قم بإزالة Brick HP,Alih keluar Bata HP,ลบอิฐ HP,Remover HP de tijolo,Brick HP'yi Kaldır,Rimuovi Brick HP
Normal142,볼 추가,Add ball,多余的球,多餘的球,エクストラボール,Extra Bälle,Bolas extra,Balles supplémentaires,Дополнительные мячи,Bola Ekstra,كرات إضافية,Bola Tambahan,ลูกบอลพิเศษ,Bolas extras,Ekstra Toplar,Palline extra
Normal143,가로 1줄 제거,Remove one horizontal line,刪除一條水平線,删除一条水平线,1本の水平線を削除します,Entfernen Sie eine horizontale Linie,Eliminar una línea horizontal,Supprimer une ligne horizontale,Убрать одну горизонтальную линию,Hapus satu garis horizontal,إزالة خط أفقي واحد,Keluarkan satu garisan mendatar,ลบเส้นแนวนอนหนึ่งเส้น,Remova uma linha horizontal,Bir yatay çizgiyi kaldır,Rimuovi una linea orizzontale
Normal144,조준선,Line of sight,視線,视线,視線,Sichtlinie,Línea de visión,Ligne de mire,Поле зрения,Pandangan,خط البصر,Garis penglihatan,เส้นสายตา,Linha de visão,Görüş Hattı,Linea di vista
Normal145,동의,I agree,我同意,我同意,同意,Ich stimme zu,Estoy de acuerdo,je suis d'accord,Я согласен,Aku setuju,أنا موافق,Saya setuju,ฉันยอมรับ,Concordo,Kabul ediyorum,Sono d'accordo
Normal146,오늘,Today,今天,今天,今日,Heute,Hoy dia,Aujourd'hui,Сегодня,Hari ini,اليوم,Hari ini,วันนี้,Hoje,Bugün,Oggi
Normal147,광고시청 후 받기,Watch Ad and get it!,觀看廣告並獲得它！,观看广告并获得它！,広告を見て、それを手に入れよう！,Sehen Sie sich die Anzeige an und erhalten Sie es!,¡Mira el anuncio y consíguelo!,Regardez l'annonce et obtenez-la !,Смотрите рекламу и получайте!,Tonton Iklan dan dapatkan!,شاهد الإعلان واحصل عليه!,Tonton Iklan dan dapatkannya!,ดูโฆษณาและรับมัน!,Assista ao anúncio e comece!,Reklamı izle ve al!,Guarda l'annuncio e prendilo!
Normal148,오늘의 보너스,Daily bonus,每天獎勵,每天奖励,デイリー報酬,Tägliche Belohnung,Recompensa diaria,Récompense quotidienne,Ежедневная награда,Hadiah Harian,المكافأة اليومية,Ganjaran Harian,รางวัลประจำวัน,Bônus Diário,Günlük bonus,Bonus Giornaliero
Normal149,아이템 패키지,Item Package,項目包,项目包,アイテムパッケージ,Artikelpaket,Paquete de artículos,Paquet d'article,Товар Пакет,Paket Barang,حزمة البند,Pakej Item,แพ็คเกจไอเทม,Pacote de Itens,Ürün Paketi,Pacchetto articolo
Normal150,최고 인기,Most Popular,最熱門,最热门,一番人気,Am beliebtesten,Más popular,Le plus populaire,Самые популярные,Paling Populer,الأكثر شعبيةً,Paling Popular,ยอดนิยม,Mais Populares,En Popüler,Più popolare
Normal151,인기,Hot,Hot,Hot,Hot,Hot,Hot,Hot,Hot,Hot,Hot,Hot,Hot,Hot,Hot,Hot
Normal152,가치,Value,Value,Value,Value,Value,Value,Value,Value,Value,Value,Value,Value,Value,Value,Value
Normal153,볼 스킨,Ball Skin,球皮,球皮,ボールスキン,Kugelhaut,Piel de bola,Peau de balle,Скин мяча,kulit bola,جلد الكرة,Kulit Bola,หนังลูก,Pele de Bola,top cilt,Pelle di palla
Normal154,볼 스킨이 오픈되었습니다!,Ball skins are unlocked!,新球！,新球！,新しいボール！,Neue Bälle!,¡Bolas nuevas!,De nouvelles boules !,Новые шары!,Bola baru!,كرات جديدة!,bola baru!,ลูกใหม่!,Novas bolas!,Yeni toplar!,Nuove palle!
Normal155,볼은 레벨을 클리어 하면 얻을 수 있어요,You can get the ball by clearing the level,完成關卡並獲得更多球。,完成关卡并获得更多球。,レベルを完了し、より多くのボールを取得します。,Beende das Level und erhalte mehr Bälle.,Completa el nivel y consigue más bolas.,Terminez le niveau et obtenez plus de balles.,Завершите уровень и получите больше мячей.,Selesaikan level dan dapatkan lebih banyak bola.,أكمل المستوى واحصل على المزيد من الكرات.,Lengkapkan tahap dan dapatkan lebih banyak bola.,ผ่านด่านและรับลูกบอลมากขึ้น,Complete o nível e obtenha mais bolas.,Seviyeyi tamamlayın ve daha fazla top alın.,Completa il livello e ottieni più palline.
Normal156,번개 스킬,Lightning Skill,閃電技能,闪电技能,稲妻スキル,Blitzfertigkeit,Habilidad de rayo,Compétence de foudre,Молниеносный навык,keterampilan kilat,مهارة البرق,Kemahiran kilat,ทักษะสายฟ้า,Habilidade relâmpago,Yıldırım yeteneği,Abilità fulmine
Normal157,총 볼의 개수가 {0}개가 되었습니다.,The total number of balls are {0},球總數為{0},球总数为{0},ボールの総数は{0}です,Die Gesamtzahl der Kugeln beträgt {0},El número total de bolas es {0},Le nombre total de balles est {0},Общее количество шаров: {0},Jumlah keseluruhan bola adalah {0},إجمالي عدد الكرات {0},Jumlah bilangan bola ialah {0},จำนวนลูกบอลทั้งหมดคือ {0},O número total de bolas é {0},Toplam top sayısı {0},Il numero totale di palline è {0}
Normal158,번개스킬 {0}회 사용,Use lightning skill {0} times,使用閃電技能 {0} 次,使用闪电技能 {0} 次,稲妻スキルを{0}回使用する,Benutze Blitz-Skill {0} mal,Usa la habilidad del rayo {0} veces,Utiliser la compétence éclair {0} fois,Использовать навык молнии {0} раз,Gunakan keterampilan kilat {0} kali,استخدم مهارة البرق {0} مرة,Gunakan kemahiran kilat {0} kali,ใช้ทักษะสายฟ้า {0} ครั้ง,Use a habilidade de relâmpago {0} vezes,Şimşek becerisini {0} kez kullan,Usa l'abilità fulmine {0} volte
Normal159,볼 획득 +{0},Extra balls +{0},額外的球 +{0},额外的球 +{0},余分なボール+ {0},Extrabälle +{0},Bolas extra + {0},Boules supplémentaires +{0},Дополнительные шары + {0},Bola ekstra +{0},كرات إضافية + {0},Bola tambahan +{0},ลูกเสริม +{0},Bolas extras + {0},Ekstra toplar +{0},Palline extra +{0}
Normal160,매일무료,Free everyday,每天免費,每天免费,毎日無料,Jeden Tag kostenlos,Gratis todos los días,Gratuit tous les jours,Бесплатно каждый день,Gratis setiap hari,كل يوم مجاني,Percuma setiap hari,ฟรีทุกวัน,Grátis todos os dias,Her gün ücretsiz,
Normal161,얻기,Get,得到,获得,購入,Erhalten,OBTENER,Obtenez-le,ПОЛУЧИТЬ,DAPATKAN,احصل,DAPATKAN,รับ,pegue,almak,ottenere
Normal162,게임을 포기 하실래요?,Will you give up the game?,你確定要退出遊戲嗎？,你确定要退出游戏吗？,本当にゲームをやめますか？,Spiel beenden?,¿Está seguro de salir?,Vous voulez quitter le jeu ?,"Вы уверены, что хотите выйти?",Keluar dari permainan?,هل أنت متأكد من رغبتك في الإنهاء؟,Adakah anda ingin keluar dari permainan?,คุณต้องการออกจากเกม?,Você quer sair?,Çıkmak mı istiyorsunuz?,Vuoi uscire?
Normal163,무료 아이템 받기,Get item for Free,免費獲取物品,免费获取物品,無料でアイテムを入手,Artikel kostenlos erhalten,Obtener artículo gratis,Obtenez l'article gratuitement,Получите товар бесплатно,Dapatkan barang secara Gratis,الحصول على العنصر مجانا,Dapatkan item secara Percuma,รับไอเทมฟรี,Obter item de graça,Öğeyi Ücretsiz Alın,Ottieni l'oggetto gratuitamente
Normal164,세로 1줄 제거,Remove one vertical line,刪除一條垂直線,删除一条垂直线,1本の垂直線を削除します,Entferne eine vertikale Linie,Eliminar una línea vertical,Supprimer une ligne verticale,Удалить одну вертикальную линию,Hapus satu garis vertikal,إزالة خط عمودي واحد,Keluarkan satu garisan menegak,ลบเส้นแนวตั้งหนึ่งเส้น,Remova uma linha vertical,Bir dikey çizgiyi kaldır,Rimuovi una linea verticale
Normal165,세로 1줄을 랜덤하게 제거합니다.,Randomly removes 1 vertical line,隨機移除 1 條垂直線,随机移除 1 条垂直线,1本の縦線をランダムに削除します,Entfernt zufällig 1 vertikale Linie,Elimina aleatoriamente 1 línea vertical,Supprime au hasard 1 ligne verticale,Случайным образом удаляет 1 вертикальную линию,Secara acak menghapus 1 garis vertikal,يزيل عشوائيًا خطًا رأسيًا واحدًا,Mengalih keluar 1 garis menegak secara rawak,สุ่มลบ 1 เส้นแนวตั้ง,Remove aleatoriamente 1 linha vertical,1 dikey çizgiyi rastgele kaldırır,Rimuove casualmente 1 linea verticale
Normal166,나,Me,我,我,自分,Mich,Yo,Moi,Мне,Saya,أنا,saya,ฉัน,Eu,Ben mi,Me
Normal167,300레벨을 달성하고 광고를 제거하세요!,Reach level 300 and remove ads!,達到 300 級並移除廣告！,达到 300 级并移除广告！,レベル300に到達し、広告を削除してください！,Erreiche Level 300 und entferne Werbung!,¡Alcanza el nivel 300 y elimina los anuncios!,Atteignez le niveau 300 et supprimez les publicités !,Достигните 300-го уровня и уберите рекламу!,Capai level 300 dan hapus iklan!,الوصول إلى المستوى 300 وإزالة الإعلانات!,Capai tahap 300 dan alih keluar iklan!,ถึงระดับ 300 และลบโฆษณา!,Alcance o nível 300 e remova os anúncios!,300. seviyeye ulaş ve reklamları kaldır!,Raggiungi il livello 300 e rimuovi gli annunci!
Normal168,축하합니다!,Congrats!,恭喜！,恭喜！,おめでとうございます！,Glückwunsch!,¡Felicitaciones!,Félicitations!,Поздравляю!,Selamat!,مبروك!,tahniah!,ยินดีด้วย!,Parabéns!,Tebrikler!,Congratulazioni!
Normal169,300레벨 달성! 광고가 제거되었어요!,Reached level 300! Ads removed!,達到300級！已移除廣告！,达到300级！已移除广告！,レベル300に到達しました！広告が削除されました！,Level 300 erreicht! Werbung entfernt!,¡Has alcanzado el nivel 300! Anuncios eliminados,Vous avez atteint le niveau 300 ! Annonces supprimées !,Достигли 300-го уровня! Реклама удалена!,Mencapai tingkat 300! Iklan dihapus!,وصلت إلى المستوى 300! تمت إزالة الإعلانات!,Mencapai tahap 300! Iklan dialih keluar!,ถึงระดับ 300! โฆษณาถูกลบ!,Atingiu o nível 300! Anúncios removidos!,Seviye 300'e ulaştı! Reklamlar kaldırıldı!,Raggiunto il livello 300! Annunci rimossi!
Normal170,다음,Next,下一個,下一个,次,Nächste,próximo,Suivant,Следующий,Berikutnya,التالي,Seterusnya,ถัดไป,Próximo,Sonraki,Prossimo
Normal171,무료 코인,Free coins,免費硬幣,免费硬币,無料コイン,Kostenlose Münzen,Monedas gratis,Pièces gratuites,Бесплатные монеты,Koin gratis,عملات مجانية,Syiling percuma,เหรียญฟรี,Moedas grátis,ücretsiz paralar,Monete gratis
Normal172,코인 얻기,Get coins,獲得硬幣,获得硬币,コインをゲット,Holen Sie sich Münzen,Conseguir monedas,Récupérer des pièces,Получить монеты,Dapatkan koin,الحصول على العملات,Dapat syiling,รับเหรียญ,Obter moedas,jeton al,Ottieni monete
Normal173,획득한 별,Earned stars,獲得的星星,获得的星星,獲得した星,Verdiente Sterne,Estrellas ganadas,Étoiles gagnées,Заработанные звезды,Memperoleh bintang,النجوم المكتسبة,Bintang yang diperolehi,รับดาว,Estrelas ganhas,Kazanılan yıldızlar,Stelle guadagnate
Normal174,별을 모으고 코인을 받으세요!,Collect stars and get coins!,收集星星並獲得金幣！,收集星星并获得金币！,星を集めてコインをゲット！,Sammle Sterne und erhalte Münzen!,¡Recoge estrellas y obtén monedas!,Collectez des étoiles et obtenez des pièces !,Собирайте звезды и получайте монеты!,Kumpulkan bintang dan dapatkan koin!,جمع النجوم والحصول على عملات!,Kumpul bintang dan dapatkan syiling!,เก็บดาวและรับเหรียญ!,Colete estrelas e ganhe moedas!,Yıldızları topla ve para kazan!,Raccogli le stelle e ottieni monete!
Normal176,이벤트,Event,事件,事件,イベント,Fall,Evento,Événement,Событие,Peristiwa,حدث,Peristiwa,เหตุการณ์,Evento,Etkinlik,Evento
Normal177,볼 패키지,Ball Package,球包,球包,ボールパッケージ,Ballpaket,Paquete de bolas,Paquet de balle,Пакет с мячом,Paket Bola,حزمة الكرة,Pakej Bola,แพ็คเกจบอล,Pacote de bolas,Top Paketi,Pacchetto palla
Normal178,볼 패키지를 구매하고 모든 볼을 사용하세요!,Buy the 'Ball package' and use them all!,購買“球包”並使用它們！,购买“球包”并使用它们！,「ボールパッケージ」を購入して、すべて使用してください！,Kaufen Sie das 'Ball-Paket' und verwenden Sie sie alle!,¡Compra el 'paquete Ball' y úsalos todos!,Achetez le « ball package » et utilisez-les tous !,Купите «Пакет мячей» и используйте их все!,Beli 'Paket Bola' dan gunakan semuanya!,اشترِ ,Beli 'Pakej Bola' dan gunakan semuanya!,ซื้อ 'แพ็คเกจบอล' และใช้ให้หมด!,Compre o 'pacote Ball' e use-os todos!,Top paketini' satın alın ve hepsini kullanın!,Acquista il 'Pacchetto Ball' e usali tutti!
Normal179,접속보상,Time,時間,时间,時間,Zeit,Hora,Temps,Время,Waktu,زمن,Masa,เวลา,Tempo,Zaman,Volta
Normal180,행복한 새해 미션,New year's happy mission!,新年快樂任務！,新年快乐任务！,謹賀新年イベントクエスト！ ,Die glückliche Mission des neuen Jahres!,¡Feliz misión de año nuevo!,Bonne mission du nouvel an !,С Новым годом!,Selamat misi tahun baru!,مهمة سعيدة للعام الجديد!,Misi selamat tahun baru!,ภารกิจสุขสันต์ปีใหม่!,Feliz missão de ano novo!,Yeni yılın mutlu misyonu!,Felice missione di Capodanno!
Normal181,보호 벽돌,Guadian brick,守護磚,守护砖,ガーディアンブリック,Wächterstein,Ladrillo guardián,Brique gardienne,Сторожевой кирпич,Bata pelindung,لبنة الوصي,Bata penjaga,อิฐผู้พิทักษ์,Tijolo guardião,Koruyucu tuğla,Mattone guardiano
Normal182,볼이 벽돌을 맞고 튕겨 오릅니다.,The ball bounces off when it hit bricks.,球碰到磚塊時會彈開。,球碰到砖块时会弹开。,ボールがレンガに当たると、ボールは跳ね返ります。,"Der Ball prallt ab, wenn er auf Steine ​​trifft.",La pelota rebota cuando golpea los ladrillos.,La balle rebondit lorsqu'elle touche des briques.,Мяч отскакивает при ударе о кирпичи.,Bola memantul ketika mengenai batu bata.,ترتد الكرة عند اصطدامها بالطوب.,Bola melantun apabila terkena batu bata.,ลูกบอลกระดอนออกเมื่อโดนก้อนอิฐ,A bola quica quando atinge os tijolos.,"Top, tuğlalara çarptığında sekiyor.",La palla rimbalza quando colpisce i mattoni.
Normal183,매일 {0}코인 지급,{0} coins for everyday,每天 {0} 個硬幣,每天 {0} 个硬币,毎日の{0}コイン,{0} Münzen für den Alltag,{0} monedas para todos los días,{0} pièces pour tous les jours,{0} монет на каждый день,{0} koin untuk sehari-hari,{0} عملات معدنية لكل يوم,{0} syiling untuk setiap hari,{0} เหรียญสำหรับทุกวัน,{0} moedas para todos os dias,her gün için {0} jeton,{0} monete per tutti i giorni
Normal184,매일 아이템 {0}종 지급,{0} types of item provided everyday,每天提供 {0} 種商品,每天提供 {0} 种商品,毎日提供される{0}種類のアイテム,Täglich werden {0} Arten von Artikeln bereitgestellt,{0} tipos de artículos proporcionados todos los días,{0} types d'articles fournis tous les jours,"{0} типов предметов, которые предоставляются каждый день",{0} jenis barang yang disediakan setiap hari,{0} نوع من العناصر المقدمة كل يوم,{0} jenis item disediakan setiap hari,{0} ประเภทรายการที่ให้บริการทุกวัน,{0} tipos de itens fornecidos todos os dias,Her gün sağlanan {0} öğe türü,{0} tipi di articoli forniti ogni giorno
Normal185,이용약관,Terms of Service,隱私政策,隐私政策,プライバシーポリシー,Privatsphäre Politik,Política de privacidad,Politique de confidentialité,Конфиденциальность\nПолитика,Kebijakan Privasi,سياسة الخصوصية,Dasar Privasi,นโยบายส่วนบุคคล,Política de Privacidade,Gizlilik Politikası,Termini di servizio
Normal186,개인정보 보호정책,Privacy Policy,使用條款,使用条款,利用規約,Nutzungsbedingungen,Condiciones de uso,Conditions d'utilisation,Условия пользования,Syarat Penggunaan,أحكام الاستخدام,Syarat-syarat Penggunaan,ข้อตกลงการใช้งาน,Termos de Uso,Kullanım koşulu,Termini di utilizzo
Normal187,VIP,VIP,VIP,VIP,VIP,VIP,VIP,VIP,VIP,VIP,VIP,VIP,VIP,VIP,VIP,VIP
Normal188,랭킹,Ranking,排行,排行,ランキング,Rangfolge,Clasificación,Classement,Рейтинг,Peringkat,تصنيف,Kedudukan,อันดับ,Ranking,Sıralama,classifica
Normal189,프리미엄,Premium,優質的,优质的,プレミアム,Prämie,Prima,Prime,Премиум,Premium,الممتازة,Premium,พรีเมี่ยม,Prêmio,Ödül,Premium
Normal190,패스,Pass,經過,经过,パス,Bestehen,Aprobar,Passe,Проходят,Lulus,نجاح,lulus,ผ่าน,Passar,Geçmek,Passaggio
Normal191,레벨을 클리어하고 보상을 받으세요!,Clear levels and get rewards!,戰勝挑戰，贏取超讚獎勵！,战胜挑战，赢取超赞奖励！,難関を突破して素晴らしい報酬を獲得しましょう！,Schließe die Herausforderung ab und gewinne tolle Belohnungen!,¡Supere el desafío y gane increíbles recompensas!,Relevez le défi et gagnez des récompenses incroyables !,Успешно пройди испытание и выиграй потрясающие награды!,Kalahkan tantangan dan menangkan hadiah yang luar biasa!,تغلَّب على التحدي واربح مكافآت رائعة!,Kalahkan cabaran dan menangi ganjaran hebat!,เอาชนะความท้าทายและรับรางวัลสุดยอดเยี่ยม!,Vença o desafio e ganhe incríveis recompensas!,Meydan oku ve muhteşem ödüller kazan!,Supera la sfida e vinci fantastici premi!
Normal192,남은 기간 {0}일,End after {0} days,{0} 天后結束,{0} 天后结束,{0}日後に終了します！,Ende nach {0} Tag,Finalizar después de {0} día,Fin après {0} jour,Окончание через {0} день,Berakhir setelah {0} hari,تنتهي بعد {0} يوم,Tamat selepas {0} hari,สิ้นสุดหลังจาก {0} วัน,Terminar após {0} dia,{0} gün sonra sona erer,Termina dopo {0} giorno
Normal193,구매보상 이벤트,Purchase Event,購買活動,购买活动,購入イベント,Kaufereignis,Evento de compra,Événement d'achat,Событие покупки,Pembelian Acara,حدث الشراء,Acara Belian,ซื้อกิจกรรม,Evento de compra,Satın Alma Etkinliği,Evento di acquisto
Normal194,총 구매액,Total purchase,總採購,总采购,総購入額,Gesamtkaufbetrag,Importe total de la compra,Achat total,Общая сумма покупки,Total pembelian,إجمالي الشراء,Jumlah jumlah pembelian,ยอดซื้อทั้งหมด,Compra total,Toplam satın alma,Acquisto totale
Normal195,충전하고 놀라운 보상을 받으세요!,Purchase & Get Extra Bonus,購買並獲得額外獎勵,购买并获得额外奖励,購入して追加ボーナスをゲット！,Kaufen & Extrabonus erhalten!,¡Compre y obtenga un bono adicional!,Achetez et obtenez un bonus supplémentaire !,Купи и получи дополнительный бонус!,Beli & Dapatkan Bonus Ekstra!,شراء والحصول على مكافأة إضافية!,Beli & Dapatkan Bonus Tambahan!,ซื้อและรับโบนัสพิเศษ!,Compre e ganhe bônus extra!,Satın Alın ve Ekstra Bonus Alın!,Acquista e ottieni un bonus extra!
Normal196,광고를 가져오지 못했습니다.,Failed to bring ads.,未能帶來廣告,未能带来广告,広告の掲載に失敗しました。,Werbung konnte nicht bereitgestellt werden,No se pudo traer el anuncio,Impossible d'apporter la publicité,Не удалось добавить рекламу,Gagal membawa iklan,فشل في إحضار الإعلان,Gagal membawa iklan,ไม่สามารถนำโฆษณามา,Falha ao trazer o anúncio,reklam getirilemedi,Impossibile portare pubblicità
Normal197,레벨 클리어 미션,Clear Level Mission,清除關卡任務,清除关卡任务,レベルクリアイベントクエスト！ ,Klare Level-Mission,Misión de nivel claro,Mission de niveau clair,Миссия «Чистый уровень»,Selesaikan Misi Level,مهمة المستوى الواضح,Misi Tahap Jelas,ภารกิจระดับเคลียร์,Missão de nível claro,Seviye Görevini Temizle,Completa la missione di livello
Normal198,코인,Coin,硬幣,硬币,コイン,Münze,Moneda,Pièce de monnaie,Монета,Koin,عملة,syiling,เหรียญ,Moeda,Madeni para,Moneta
Normal199,보상형 광고 제외,Excluding rewarded ads,排除獎勵廣告,排除奖励广告,リワード広告を除く,Ausgenommen Anzeigen mit Prämie,Excluyendo anuncios recompensados,Exclure les annonces avec récompense,Исключение объявлений с вознаграждением,Tidak termasuk iklan reward,استبعاد الإعلانات بمكافأة,Tidak termasuk iklan ganjaran,ไม่รวมโฆษณาที่มีการให้รางวัล,Excluindo anúncios premiados,Ödüllü reklamlar hariç,Esclusi gli annunci con premio]
