{"l":253,"h":36,"w":11,"br":[{"x":4,"y":5,"hp":85,"w":1,"h":1,"t":0,"c":4,"e":-1,"r":0},{"x":5,"y":5,"hp":85,"w":1,"h":1,"t":0,"c":4,"e":-1,"r":0},{"x":2,"y":6,"hp":75,"w":1,"h":1,"t":0,"c":3,"e":-1,"r":0},{"x":1,"y":7,"hp":86,"w":1,"h":1,"t":0,"c":2,"e":-1,"r":0},{"x":2,"y":7,"hp":86,"w":1,"h":1,"t":0,"c":2,"e":-1,"r":0},{"x":4,"y":7,"hp":86,"w":1,"h":1,"t":0,"c":2,"e":-1,"r":0},{"x":5,"y":7,"hp":86,"w":1,"h":1,"t":0,"c":2,"e":-1,"r":0},{"x":5,"y":8,"hp":57,"w":1,"h":1,"t":0,"c":4,"e":-1,"r":0},{"x":4,"y":9,"hp":72,"w":1,"h":1,"t":0,"c":4,"e":-1,"r":0},{"x":5,"y":9,"hp":72,"w":1,"h":1,"t":0,"c":4,"e":-1,"r":0},{"x":0,"y":10,"hp":83,"w":1,"h":1,"t":0,"c":4,"e":-1,"r":0},{"x":3,"y":10,"hp":83,"w":1,"h":1,"t":0,"c":4,"e":7,"r":0},{"x":5,"y":10,"hp":83,"w":1,"h":1,"t":0,"c":4,"e":-1,"r":0},{"x":0,"y":11,"hp":83,"w":1,"h":1,"t":0,"c":3,"e":-1,"r":0},{"x":3,"y":11,"hp":83,"w":1,"h":1,"t":0,"c":3,"e":-1,"r":0},{"x":4,"y":11,"hp":83,"w":1,"h":1,"t":0,"c":3,"e":-1,"r":0},{"x":0,"y":12,"hp":98,"w":1,"h":1,"t":0,"c":4,"e":-1,"r":0},{"x":3,"y":12,"hp":98,"w":1,"h":1,"t":0,"c":4,"e":-1,"r":0},{"x":4,"y":12,"hp":98,"w":1,"h":1,"t":0,"c":4,"e":-1,"r":0},{"x":5,"y":13,"hp":100,"w":1,"h":1,"t":0,"c":4,"e":-1,"r":0},{"x":3,"y":14,"hp":65,"w":1,"h":1,"t":0,"c":3,"e":-1,"r":0},{"x":0,"y":15,"hp":78,"w":1,"h":1,"t":0,"c":4,"e":-1,"r":0},{"x":4,"y":15,"hp":78,"w":1,"h":1,"t":0,"c":4,"e":-1,"r":0},{"x":5,"y":15,"hp":78,"w":1,"h":1,"t":3,"c":4,"e":-1,"r":0},{"x":3,"y":16,"hp":131,"w":1,"h":1,"t":0,"c":4,"e":-1,"r":0},{"x":4,"y":16,"hp":131,"w":1,"h":1,"t":0,"c":4,"e":-1,"r":0},{"x":5,"y":16,"hp":131,"w":1,"h":1,"t":0,"c":4,"e":-1,"r":0},{"x":0,"y":17,"hp":77,"w":1,"h":1,"t":5,"c":4,"e":-1,"r":0},{"x":5,"y":17,"hp":77,"w":1,"h":1,"t":0,"c":4,"e":-1,"r":0},{"x":3,"y":18,"hp":127,"w":1,"h":1,"t":0,"c":3,"e":-1,"r":0},{"x":4,"y":18,"hp":127,"w":1,"h":1,"t":0,"c":3,"e":-1,"r":0},{"x":5,"y":18,"hp":127,"w":1,"h":1,"t":0,"c":3,"e":-1,"r":0},{"x":3,"y":19,"hp":102,"w":1,"h":1,"t":0,"c":4,"e":-1,"r":0},{"x":4,"y":19,"hp":102,"w":1,"h":1,"t":4,"c":4,"e":-1,"r":0},{"x":5,"y":19,"hp":102,"w":1,"h":1,"t":0,"c":4,"e":-1,"r":0},{"x":0,"y":20,"hp":100,"w":1,"h":1,"t":0,"c":4,"e":-1,"r":0},{"x":3,"y":20,"hp":100,"w":1,"h":1,"t":0,"c":4,"e":-1,"r":0},{"x":4,"y":20,"hp":100,"w":1,"h":1,"t":0,"c":4,"e":-1,"r":0},{"x":5,"y":20,"hp":100,"w":1,"h":1,"t":0,"c":4,"e":7,"r":0},{"x":0,"y":21,"hp":110,"w":1,"h":1,"t":0,"c":3,"e":-1,"r":0},{"x":1,"y":21,"hp":110,"w":1,"h":1,"t":0,"c":3,"e":-1,"r":0},{"x":1,"y":22,"hp":108,"w":1,"h":1,"t":0,"c":4,"e":-1,"r":0},{"x":3,"y":22,"hp":108,"w":1,"h":1,"t":0,"c":4,"e":-1,"r":0},{"x":5,"y":22,"hp":108,"w":1,"h":1,"t":0,"c":4,"e":-1,"r":0},{"x":1,"y":23,"hp":132,"w":1,"h":1,"t":0,"c":4,"e":-1,"r":0},{"x":3,"y":23,"hp":132,"w":1,"h":1,"t":0,"c":4,"e":-1,"r":0},{"x":4,"y":23,"hp":132,"w":1,"h":1,"t":1,"c":4,"e":-1,"r":1},{"x":5,"y":23,"hp":132,"w":1,"h":1,"t":0,"c":4,"e":-1,"r":0},{"x":1,"y":24,"hp":88,"w":1,"h":1,"t":0,"c":4,"e":-1,"r":0},{"x":5,"y":24,"hp":88,"w":1,"h":1,"t":0,"c":4,"e":-1,"r":0},{"x":2,"y":25,"hp":99,"w":1,"h":1,"t":0,"c":3,"e":-1,"r":0},{"x":3,"y":25,"hp":99,"w":1,"h":1,"t":0,"c":3,"e":-1,"r":0},{"x":4,"y":25,"hp":99,"w":1,"h":1,"t":0,"c":3,"e":-1,"r":0},{"x":5,"y":25,"hp":99,"w":1,"h":1,"t":0,"c":3,"e":-1,"r":0},{"x":2,"y":26,"hp":77,"w":1,"h":1,"t":0,"c":4,"e":-1,"r":0},{"x":3,"y":26,"hp":77,"w":1,"h":1,"t":0,"c":4,"e":-1,"r":0},{"x":4,"y":26,"hp":77,"w":1,"h":1,"t":0,"c":4,"e":-1,"r":0},{"x":1,"y":27,"hp":170,"w":1,"h":1,"t":0,"c":4,"e":-1,"r":0},{"x":3,"y":27,"hp":170,"w":1,"h":1,"t":0,"c":4,"e":-1,"r":0},{"x":5,"y":27,"hp":170,"w":1,"h":1,"t":0,"c":4,"e":-1,"r":0},{"x":1,"y":28,"hp":100,"w":1,"h":1,"t":0,"c":4,"e":-1,"r":0},{"x":5,"y":28,"hp":100,"w":1,"h":1,"t":0,"c":4,"e":-1,"r":0},{"x":0,"y":29,"hp":92,"w":1,"h":1,"t":0,"c":4,"e":-1,"r":0},{"x":3,"y":29,"hp":92,"w":1,"h":1,"t":0,"c":4,"e":-1,"r":0},{"x":0,"y":30,"hp":107,"w":1,"h":1,"t":0,"c":4,"e":-1,"r":0},{"x":1,"y":30,"hp":107,"w":1,"h":1,"t":0,"c":4,"e":-1,"r":0},{"x":2,"y":30,"hp":107,"w":1,"h":1,"t":0,"c":4,"e":-1,"r":0},{"x":3,"y":30,"hp":107,"w":1,"h":1,"t":0,"c":4,"e":-1,"r":0},{"x":5,"y":30,"hp":107,"w":1,"h":1,"t":0,"c":4,"e":-1,"r":0},{"x":0,"y":31,"hp":77,"w":1,"h":1,"t":5,"c":3,"e":-1,"r":0},{"x":1,"y":31,"hp":77,"w":1,"h":1,"t":0,"c":3,"e":-1,"r":0},{"x":2,"y":31,"hp":77,"w":1,"h":1,"t":0,"c":3,"e":-1,"r":0},{"x":3,"y":31,"hp":77,"w":1,"h":1,"t":0,"c":3,"e":-1,"r":0},{"x":5,"y":31,"hp":77,"w":1,"h":1,"t":0,"c":3,"e":-1,"r":0},{"x":0,"y":32,"hp":122,"w":1,"h":1,"t":0,"c":4,"e":-1,"r":0},{"x":4,"y":32,"hp":122,"w":1,"h":1,"t":0,"c":4,"e":-1,"r":0},{"x":5,"y":32,"hp":122,"w":1,"h":1,"t":0,"c":4,"e":-1,"r":0},{"x":0,"y":33,"hp":112,"w":1,"h":1,"t":0,"c":4,"e":-1,"r":0},{"x":2,"y":33,"hp":112,"w":1,"h":1,"t":0,"c":4,"e":-1,"r":0},{"x":4,"y":33,"hp":112,"w":1,"h":1,"t":0,"c":4,"e":-1,"r":0},{"x":5,"y":33,"hp":112,"w":1,"h":1,"t":5,"c":4,"e":-1,"r":0},{"x":3,"y":34,"hp":74,"w":1,"h":1,"t":0,"c":4,"e":-1,"r":0},{"x":4,"y":34,"hp":74,"w":1,"h":1,"t":0,"c":4,"e":-1,"r":0},{"x":5,"y":34,"hp":74,"w":1,"h":1,"t":3,"c":4,"e":-1,"r":0},{"x":6,"y":5,"hp":85,"w":1,"h":1,"t":0,"c":4,"e":-1,"r":0},{"x":8,"y":6,"hp":75,"w":1,"h":1,"t":0,"c":3,"e":-1,"r":0},{"x":9,"y":7,"hp":86,"w":1,"h":1,"t":0,"c":2,"e":-1,"r":0},{"x":8,"y":7,"hp":86,"w":1,"h":1,"t":0,"c":2,"e":-1,"r":0},{"x":6,"y":7,"hp":86,"w":1,"h":1,"t":0,"c":2,"e":-1,"r":0},{"x":6,"y":9,"hp":72,"w":1,"h":1,"t":0,"c":4,"e":-1,"r":0},{"x":10,"y":10,"hp":83,"w":1,"h":1,"t":0,"c":4,"e":-1,"r":0},{"x":7,"y":10,"hp":83,"w":1,"h":1,"t":0,"c":4,"e":-1,"r":0},{"x":10,"y":11,"hp":83,"w":1,"h":1,"t":0,"c":3,"e":-1,"r":0},{"x":7,"y":11,"hp":83,"w":1,"h":1,"t":0,"c":3,"e":-1,"r":0},{"x":6,"y":11,"hp":83,"w":1,"h":1,"t":0,"c":3,"e":-1,"r":0},{"x":10,"y":12,"hp":98,"w":1,"h":1,"t":0,"c":4,"e":-1,"r":0},{"x":7,"y":12,"hp":98,"w":1,"h":1,"t":0,"c":4,"e":7,"r":0},{"x":6,"y":12,"hp":98,"w":1,"h":1,"t":0,"c":4,"e":-1,"r":0},{"x":9,"y":13,"hp":100,"w":1,"h":1,"t":0,"c":4,"e":-1,"r":0},{"x":8,"y":13,"hp":100,"w":1,"h":1,"t":0,"c":4,"e":-1,"r":0},{"x":10,"y":14,"hp":65,"w":1,"h":1,"t":0,"c":3,"e":-1,"r":0},{"x":9,"y":14,"hp":65,"w":1,"h":1,"t":2,"c":3,"e":-1,"r":0},{"x":8,"y":14,"hp":65,"w":1,"h":1,"t":0,"c":3,"e":-1,"r":0},{"x":7,"y":14,"hp":65,"w":1,"h":1,"t":0,"c":3,"e":-1,"r":0},{"x":10,"y":15,"hp":78,"w":1,"h":1,"t":0,"c":4,"e":-1,"r":0},{"x":9,"y":15,"hp":78,"w":1,"h":1,"t":0,"c":4,"e":-1,"r":0},{"x":6,"y":15,"hp":78,"w":1,"h":1,"t":0,"c":4,"e":-1,"r":0},{"x":8,"y":16,"hp":131,"w":1,"h":1,"t":0,"c":4,"e":-1,"r":0},{"x":6,"y":16,"hp":131,"w":1,"h":1,"t":0,"c":4,"e":-1,"r":0},{"x":9,"y":18,"hp":127,"w":1,"h":1,"t":0,"c":3,"e":-1,"r":0},{"x":8,"y":18,"hp":127,"w":1,"h":1,"t":5,"c":3,"e":-1,"r":0},{"x":7,"y":18,"hp":127,"w":1,"h":1,"t":0,"c":3,"e":-1,"r":0},{"x":9,"y":19,"hp":102,"w":1,"h":1,"t":0,"c":4,"e":-1,"r":0},{"x":8,"y":19,"hp":102,"w":1,"h":1,"t":0,"c":4,"e":-1,"r":0},{"x":7,"y":19,"hp":102,"w":1,"h":1,"t":0,"c":4,"e":-1,"r":0},{"x":7,"y":20,"hp":100,"w":1,"h":1,"t":0,"c":4,"e":-1,"r":0},{"x":9,"y":21,"hp":110,"w":1,"h":1,"t":0,"c":3,"e":-1,"r":0},{"x":9,"y":22,"hp":108,"w":1,"h":1,"t":0,"c":4,"e":-1,"r":0},{"x":8,"y":22,"hp":108,"w":1,"h":1,"t":0,"c":4,"e":-1,"r":0},{"x":9,"y":23,"hp":132,"w":1,"h":1,"t":0,"c":4,"e":-1,"r":0},{"x":6,"y":23,"hp":132,"w":1,"h":1,"t":1,"c":4,"e":-1,"r":0},{"x":10,"y":24,"hp":88,"w":1,"h":1,"t":0,"c":4,"e":-1,"r":0},{"x":9,"y":24,"hp":88,"w":1,"h":1,"t":0,"c":4,"e":-1,"r":0},{"x":10,"y":25,"hp":99,"w":1,"h":1,"t":2,"c":3,"e":-1,"r":0},{"x":9,"y":25,"hp":99,"w":1,"h":1,"t":0,"c":3,"e":-1,"r":0},{"x":8,"y":25,"hp":99,"w":1,"h":1,"t":0,"c":3,"e":-1,"r":0},{"x":6,"y":25,"hp":99,"w":1,"h":1,"t":0,"c":3,"e":-1,"r":0},{"x":10,"y":26,"hp":77,"w":1,"h":1,"t":0,"c":4,"e":-1,"r":0},{"x":9,"y":26,"hp":77,"w":1,"h":1,"t":0,"c":4,"e":-1,"r":0},{"x":8,"y":26,"hp":77,"w":1,"h":1,"t":0,"c":4,"e":-1,"r":0},{"x":6,"y":26,"hp":77,"w":1,"h":1,"t":0,"c":4,"e":-1,"r":0},{"x":9,"y":27,"hp":170,"w":1,"h":1,"t":0,"c":4,"e":-1,"r":0},{"x":10,"y":29,"hp":92,"w":1,"h":1,"t":0,"c":4,"e":-1,"r":0},{"x":8,"y":30,"hp":107,"w":1,"h":1,"t":0,"c":4,"e":-1,"r":0},{"x":10,"y":31,"hp":77,"w":1,"h":1,"t":5,"c":3,"e":-1,"r":0},{"x":9,"y":31,"hp":77,"w":1,"h":1,"t":0,"c":3,"e":-1,"r":0},{"x":8,"y":31,"hp":77,"w":1,"h":1,"t":0,"c":3,"e":-1,"r":0},{"x":10,"y":32,"hp":122,"w":1,"h":1,"t":0,"c":4,"e":-1,"r":0},{"x":6,"y":32,"hp":122,"w":1,"h":1,"t":0,"c":4,"e":-1,"r":0},{"x":10,"y":33,"hp":112,"w":1,"h":1,"t":0,"c":4,"e":-1,"r":0},{"x":9,"y":33,"hp":112,"w":1,"h":1,"t":0,"c":4,"e":-1,"r":0},{"x":8,"y":33,"hp":112,"w":1,"h":1,"t":0,"c":4,"e":-1,"r":0},{"x":6,"y":33,"hp":112,"w":1,"h":1,"t":0,"c":4,"e":-1,"r":0},{"x":7,"y":34,"hp":74,"w":1,"h":1,"t":0,"c":4,"e":-1,"r":0},{"x":6,"y":34,"hp":74,"w":1,"h":1,"t":0,"c":4,"e":-1,"r":0},{"x":5,"y":12,"hp":80,"w":1,"h":1,"t":3,"c":4,"e":-1,"r":0},{"x":5,"y":11,"hp":80,"w":1,"h":1,"t":3,"c":3,"e":-1,"r":0},{"x":4,"y":10,"hp":80,"w":1,"h":1,"t":2,"c":4,"e":-1,"r":0},{"x":6,"y":10,"hp":80,"w":1,"h":1,"t":2,"c":4,"e":-1,"r":0},{"x":2,"y":11,"hp":80,"w":1,"h":1,"t":1,"c":3,"e":-1,"r":3},{"x":2,"y":10,"hp":80,"w":1,"h":1,"t":4,"c":4,"e":-1,"r":0},{"x":8,"y":10,"hp":80,"w":1,"h":1,"t":4,"c":4,"e":-1,"r":0},{"x":7,"y":9,"hp":80,"w":1,"h":1,"t":4,"c":4,"e":-1,"r":0},{"x":3,"y":9,"hp":80,"w":1,"h":1,"t":4,"c":4,"e":-1,"r":0},{"x":8,"y":11,"hp":80,"w":1,"h":1,"t":1,"c":3,"e":-1,"r":2},{"x":2,"y":16,"hp":131,"w":1,"h":1,"t":0,"c":4,"e":-1,"r":0},{"x":1,"y":16,"hp":131,"w":1,"h":1,"t":0,"c":4,"e":-1,"r":0},{"x":2,"y":19,"hp":102,"w":1,"h":1,"t":0,"c":4,"e":-1,"r":0},{"x":1,"y":19,"hp":102,"w":1,"h":1,"t":0,"c":4,"e":-1,"r":0},{"x":6,"y":20,"hp":100,"w":1,"h":1,"t":0,"c":4,"e":-1,"r":0},{"x":8,"y":20,"hp":100,"w":1,"h":1,"t":0,"c":4,"e":-1,"r":0},{"x":8,"y":17,"hp":77,"w":1,"h":1,"t":0,"c":4,"e":-1,"r":0},{"x":3,"y":17,"hp":77,"w":1,"h":1,"t":0,"c":4,"e":-1,"r":0},{"x":2,"y":17,"hp":77,"w":1,"h":1,"t":0,"c":4,"e":-1,"r":0},{"x":1,"y":17,"hp":77,"w":1,"h":1,"t":0,"c":4,"e":-1,"r":0},{"x":8,"y":24,"hp":88,"w":1,"h":1,"t":0,"c":4,"e":-1,"r":0},{"x":6,"y":24,"hp":88,"w":1,"h":1,"t":0,"c":4,"e":-1,"r":0},{"x":6,"y":28,"hp":100,"w":1,"h":1,"t":0,"c":4,"e":-1,"r":0},{"x":0,"y":28,"hp":100,"w":1,"h":1,"t":0,"c":4,"e":-1,"r":0},{"x":2,"y":28,"hp":100,"w":1,"h":1,"t":0,"c":4,"e":-1,"r":0},{"x":8,"y":29,"hp":92,"w":1,"h":1,"t":0,"c":4,"e":-1,"r":0},{"x":5,"y":29,"hp":92,"w":1,"h":1,"t":0,"c":4,"e":-1,"r":0},{"x":2,"y":32,"hp":122,"w":1,"h":1,"t":0,"c":4,"e":-1,"r":0},{"x":9,"y":34,"hp":74,"w":1,"h":1,"t":0,"c":4,"e":-1,"r":0},{"x":10,"y":34,"hp":74,"w":1,"h":1,"t":0,"c":4,"e":-1,"r":0},{"x":2,"y":14,"hp":65,"w":1,"h":1,"t":0,"c":3,"e":-1,"r":0},{"x":1,"y":14,"hp":65,"w":1,"h":1,"t":0,"c":3,"e":-1,"r":0},{"x":2,"y":13,"hp":100,"w":1,"h":1,"t":0,"c":4,"e":-1,"r":0},{"x":1,"y":13,"hp":100,"w":1,"h":1,"t":0,"c":4,"e":-1,"r":0},{"x":2,"y":15,"hp":78,"w":1,"h":1,"t":0,"c":4,"e":-1,"r":0},{"x":1,"y":15,"hp":78,"w":1,"h":1,"t":0,"c":4,"e":-1,"r":0},{"x":2,"y":18,"hp":127,"w":1,"h":1,"t":0,"c":3,"e":-1,"r":0},{"x":1,"y":18,"hp":127,"w":1,"h":1,"t":0,"c":3,"e":-1,"r":0},{"x":0,"y":19,"hp":102,"w":1,"h":1,"t":0,"c":4,"e":-1,"r":0},{"x":8,"y":21,"hp":110,"w":1,"h":1,"t":0,"c":3,"e":-1,"r":0},{"x":4,"y":27,"hp":170,"w":1,"h":1,"t":0,"c":4,"e":-1,"r":0},{"x":2,"y":27,"hp":170,"w":1,"h":1,"t":0,"c":4,"e":-1,"r":0},{"x":0,"y":27,"hp":170,"w":1,"h":1,"t":0,"c":4,"e":-1,"r":0},{"x":6,"y":31,"hp":77,"w":1,"h":1,"t":0,"c":3,"e":-1,"r":0},{"x":6,"y":30,"hp":107,"w":1,"h":1,"t":0,"c":4,"e":-1,"r":0},{"x":6,"y":29,"hp":92,"w":1,"h":1,"t":0,"c":4,"e":-1,"r":0},{"x":4,"y":31,"hp":80,"w":1,"h":1,"t":0,"c":3,"e":-1,"r":0},{"x":4,"y":29,"hp":80,"w":1,"h":1,"t":0,"c":4,"e":-1,"r":0},{"x":4,"y":30,"hp":80,"w":1,"h":1,"t":0,"c":4,"e":-1,"r":0},{"x":1,"y":6,"hp":80,"w":1,"h":1,"t":0,"c":3,"e":-1,"r":0},{"x":9,"y":6,"hp":80,"w":1,"h":1,"t":0,"c":3,"e":-1,"r":0}],"bu":[{"x":2,"y":24,"buff":0},{"x":6,"y":35,"buff":0},{"x":7,"y":32,"buff":1},{"x":4,"y":28,"buff":1},{"x":7,"y":26,"buff":1},{"x":10,"y":22,"buff":1},{"x":10,"y":20,"buff":1},{"x":6,"y":17,"buff":1},{"x":7,"y":15,"buff":1},{"x":4,"y":13,"buff":1},{"x":9,"y":12,"buff":1},{"x":9,"y":9,"buff":1},{"x":10,"y":7,"buff":1},{"x":4,"y":8,"buff":2},{"x":6,"y":8,"buff":3},{"x":0,"y":22,"buff":2},{"x":10,"y":27,"buff":3},{"x":3,"y":32,"buff":2},{"x":9,"y":29,"buff":3},{"x":0,"y":7,"buff":1},{"x":1,"y":10,"buff":1}]}