{"l":7,"h":12,"w":11,"br":[{"x":4,"y":6,"hp":15,"w":1,"h":1,"t":0,"c":5,"e":-1,"r":0},{"x":6,"y":6,"hp":15,"w":1,"h":1,"t":0,"c":5,"e":-1,"r":0},{"x":7,"y":7,"hp":15,"w":1,"h":1,"t":0,"c":5,"e":-1,"r":0},{"x":7,"y":9,"hp":15,"w":1,"h":1,"t":0,"c":5,"e":-1,"r":0},{"x":6,"y":10,"hp":15,"w":1,"h":1,"t":0,"c":5,"e":-1,"r":0},{"x":4,"y":10,"hp":15,"w":1,"h":1,"t":0,"c":5,"e":-1,"r":0},{"x":2,"y":8,"hp":48,"w":1,"h":1,"t":0,"c":5,"e":-1,"r":0},{"x":8,"y":8,"hp":48,"w":1,"h":1,"t":0,"c":5,"e":-1,"r":0},{"x":3,"y":9,"hp":15,"w":1,"h":1,"t":0,"c":5,"e":-1,"r":0},{"x":5,"y":9,"hp":15,"w":1,"h":1,"t":0,"c":5,"e":-1,"r":0},{"x":6,"y":8,"hp":48,"w":1,"h":1,"t":0,"c":5,"e":-1,"r":0},{"x":5,"y":7,"hp":15,"w":1,"h":1,"t":0,"c":5,"e":-1,"r":0},{"x":3,"y":7,"hp":15,"w":1,"h":1,"t":0,"c":5,"e":-1,"r":0},{"x":4,"y":8,"hp":48,"w":1,"h":1,"t":0,"c":5,"e":-1,"r":0},{"x":3,"y":10,"hp":15,"w":1,"h":1,"t":0,"c":8,"e":-1,"r":0},{"x":4,"y":9,"hp":15,"w":1,"h":1,"t":0,"c":8,"e":4,"r":0},{"x":6,"y":7,"hp":15,"w":1,"h":1,"t":0,"c":8,"e":4,"r":0},{"x":7,"y":6,"hp":15,"w":1,"h":1,"t":0,"c":8,"e":-1,"r":0},{"x":5,"y":10,"hp":15,"w":1,"h":1,"t":0,"c":8,"e":-1,"r":0},{"x":6,"y":9,"hp":15,"w":1,"h":1,"t":0,"c":8,"e":4,"r":0},{"x":8,"y":7,"hp":15,"w":1,"h":1,"t":0,"c":8,"e":-1,"r":0},{"x":7,"y":10,"hp":15,"w":1,"h":1,"t":0,"c":8,"e":-1,"r":0},{"x":8,"y":9,"hp":15,"w":1,"h":1,"t":0,"c":8,"e":-1,"r":0},{"x":2,"y":9,"hp":15,"w":1,"h":1,"t":0,"c":8,"e":-1,"r":0},{"x":4,"y":7,"hp":15,"w":1,"h":1,"t":0,"c":8,"e":4,"r":0},{"x":5,"y":6,"hp":15,"w":1,"h":1,"t":0,"c":8,"e":-1,"r":0},{"x":2,"y":7,"hp":15,"w":1,"h":1,"t":0,"c":8,"e":-1,"r":0},{"x":3,"y":6,"hp":15,"w":1,"h":1,"t":0,"c":8,"e":-1,"r":0},{"x":9,"y":8,"hp":48,"w":1,"h":1,"t":0,"c":4,"e":-1,"r":0},{"x":1,"y":8,"hp":48,"w":1,"h":1,"t":0,"c":4,"e":-1,"r":0},{"x":1,"y":9,"hp":25,"w":1,"h":1,"t":1,"c":2,"e":-1,"r":0},{"x":1,"y":7,"hp":25,"w":1,"h":1,"t":1,"c":2,"e":-1,"r":3},{"x":9,"y":7,"hp":25,"w":1,"h":1,"t":1,"c":2,"e":-1,"r":2},{"x":9,"y":9,"hp":25,"w":1,"h":1,"t":1,"c":2,"e":-1,"r":1},{"x":2,"y":10,"hp":15,"w":1,"h":1,"t":1,"c":5,"e":-1,"r":1},{"x":8,"y":6,"hp":15,"w":1,"h":1,"t":1,"c":5,"e":-1,"r":3},{"x":2,"y":6,"hp":15,"w":1,"h":1,"t":1,"c":5,"e":-1,"r":2},{"x":8,"y":10,"hp":15,"w":1,"h":1,"t":1,"c":5,"e":-1,"r":0},{"x":3,"y":8,"hp":30,"w":1,"h":1,"t":0,"c":8,"e":-1,"r":0},{"x":5,"y":8,"hp":30,"w":1,"h":1,"t":0,"c":8,"e":-1,"r":0},{"x":7,"y":8,"hp":30,"w":1,"h":1,"t":0,"c":8,"e":-1,"r":0}],"bu":[{"x":10,"y":8,"buff":3},{"x":0,"y":8,"buff":3},{"x":3,"y":11,"buff":0},{"x":5,"y":11,"buff":0},{"x":7,"y":11,"buff":0}]}