{"l":228,"h":20,"w":17,"br":[{"x":5,"y":13,"hp":40,"w":1,"h":1,"t":0,"c":0,"e":-1,"r":0},{"x":5,"y":12,"hp":40,"w":1,"h":1,"t":0,"c":0,"e":-1,"r":0},{"x":11,"y":13,"hp":40,"w":1,"h":1,"t":0,"c":0,"e":-1,"r":0},{"x":11,"y":12,"hp":40,"w":1,"h":1,"t":0,"c":0,"e":-1,"r":0},{"x":8,"y":9,"hp":40,"w":1,"h":1,"t":0,"c":0,"e":-1,"r":0},{"x":8,"y":16,"hp":40,"w":1,"h":1,"t":0,"c":0,"e":-1,"r":0},{"x":6,"y":11,"hp":40,"w":1,"h":1,"t":0,"c":0,"e":-1,"r":0},{"x":7,"y":10,"hp":40,"w":1,"h":1,"t":0,"c":0,"e":-1,"r":0},{"x":6,"y":14,"hp":40,"w":1,"h":1,"t":0,"c":0,"e":-1,"r":0},{"x":7,"y":15,"hp":40,"w":1,"h":1,"t":0,"c":0,"e":-1,"r":0},{"x":9,"y":15,"hp":40,"w":1,"h":1,"t":0,"c":0,"e":-1,"r":0},{"x":10,"y":14,"hp":40,"w":1,"h":1,"t":0,"c":0,"e":-1,"r":0},{"x":10,"y":11,"hp":40,"w":1,"h":1,"t":0,"c":0,"e":-1,"r":0},{"x":9,"y":10,"hp":40,"w":1,"h":1,"t":0,"c":0,"e":-1,"r":0},{"x":8,"y":19,"hp":13,"w":1,"h":1,"t":0,"c":8,"e":-1,"r":0},{"x":8,"y":18,"hp":13,"w":1,"h":1,"t":0,"c":8,"e":-1,"r":0},{"x":8,"y":17,"hp":13,"w":1,"h":1,"t":0,"c":8,"e":-1,"r":0},{"x":7,"y":18,"hp":13,"w":1,"h":1,"t":0,"c":8,"e":-1,"r":0},{"x":7,"y":17,"hp":13,"w":1,"h":1,"t":0,"c":8,"e":-1,"r":0},{"x":7,"y":16,"hp":13,"w":1,"h":1,"t":0,"c":8,"e":-1,"r":0},{"x":6,"y":17,"hp":13,"w":1,"h":1,"t":0,"c":8,"e":-1,"r":0},{"x":6,"y":16,"hp":13,"w":1,"h":1,"t":0,"c":8,"e":-1,"r":0},{"x":6,"y":15,"hp":13,"w":1,"h":1,"t":0,"c":8,"e":-1,"r":0},{"x":5,"y":15,"hp":13,"w":1,"h":1,"t":0,"c":8,"e":-1,"r":0},{"x":5,"y":14,"hp":13,"w":1,"h":1,"t":0,"c":8,"e":-1,"r":0},{"x":4,"y":14,"hp":13,"w":1,"h":1,"t":0,"c":8,"e":-1,"r":0},{"x":4,"y":13,"hp":13,"w":1,"h":1,"t":0,"c":8,"e":-1,"r":0},{"x":3,"y":14,"hp":13,"w":1,"h":1,"t":0,"c":8,"e":-1,"r":0},{"x":3,"y":13,"hp":13,"w":1,"h":1,"t":0,"c":8,"e":-1,"r":0},{"x":2,"y":13,"hp":13,"w":1,"h":1,"t":0,"c":8,"e":-1,"r":0},{"x":2,"y":12,"hp":13,"w":1,"h":1,"t":0,"c":8,"e":-1,"r":0},{"x":3,"y":12,"hp":13,"w":1,"h":1,"t":0,"c":8,"e":-1,"r":0},{"x":4,"y":12,"hp":13,"w":1,"h":1,"t":0,"c":8,"e":-1,"r":0},{"x":3,"y":11,"hp":13,"w":1,"h":1,"t":0,"c":8,"e":-1,"r":0},{"x":4,"y":11,"hp":13,"w":1,"h":1,"t":0,"c":8,"e":-1,"r":0},{"x":5,"y":11,"hp":13,"w":1,"h":1,"t":0,"c":8,"e":-1,"r":0},{"x":5,"y":10,"hp":13,"w":1,"h":1,"t":0,"c":8,"e":-1,"r":0},{"x":6,"y":10,"hp":13,"w":1,"h":1,"t":0,"c":8,"e":-1,"r":0},{"x":6,"y":9,"hp":13,"w":1,"h":1,"t":0,"c":8,"e":-1,"r":0},{"x":6,"y":8,"hp":13,"w":1,"h":1,"t":0,"c":8,"e":-1,"r":0},{"x":7,"y":8,"hp":13,"w":1,"h":1,"t":0,"c":8,"e":-1,"r":0},{"x":7,"y":9,"hp":13,"w":1,"h":1,"t":0,"c":8,"e":-1,"r":0},{"x":7,"y":7,"hp":13,"w":1,"h":1,"t":0,"c":8,"e":-1,"r":0},{"x":8,"y":7,"hp":13,"w":1,"h":1,"t":0,"c":8,"e":-1,"r":0},{"x":8,"y":6,"hp":13,"w":1,"h":1,"t":0,"c":8,"e":-1,"r":0},{"x":9,"y":7,"hp":13,"w":1,"h":1,"t":0,"c":8,"e":-1,"r":0},{"x":9,"y":8,"hp":13,"w":1,"h":1,"t":0,"c":8,"e":-1,"r":0},{"x":8,"y":8,"hp":13,"w":1,"h":1,"t":0,"c":8,"e":-1,"r":0},{"x":10,"y":8,"hp":15,"w":1,"h":1,"t":0,"c":8,"e":-1,"r":0},{"x":10,"y":9,"hp":13,"w":1,"h":1,"t":0,"c":8,"e":-1,"r":0},{"x":9,"y":9,"hp":13,"w":1,"h":1,"t":0,"c":8,"e":-1,"r":0},{"x":10,"y":10,"hp":13,"w":1,"h":1,"t":0,"c":8,"e":-1,"r":0},{"x":11,"y":10,"hp":13,"w":1,"h":1,"t":0,"c":8,"e":-1,"r":0},{"x":11,"y":11,"hp":13,"w":1,"h":1,"t":0,"c":8,"e":-1,"r":0},{"x":12,"y":11,"hp":13,"w":1,"h":1,"t":0,"c":8,"e":-1,"r":0},{"x":13,"y":11,"hp":13,"w":1,"h":1,"t":0,"c":8,"e":-1,"r":0},{"x":13,"y":12,"hp":13,"w":1,"h":1,"t":0,"c":8,"e":-1,"r":0},{"x":13,"y":13,"hp":13,"w":1,"h":1,"t":0,"c":8,"e":-1,"r":0},{"x":13,"y":14,"hp":13,"w":1,"h":1,"t":0,"c":8,"e":-1,"r":0},{"x":12,"y":14,"hp":13,"w":1,"h":1,"t":0,"c":8,"e":-1,"r":0},{"x":12,"y":13,"hp":13,"w":1,"h":1,"t":0,"c":8,"e":-1,"r":0},{"x":12,"y":12,"hp":13,"w":1,"h":1,"t":0,"c":8,"e":-1,"r":0},{"x":14,"y":13,"hp":13,"w":1,"h":1,"t":0,"c":8,"e":-1,"r":0},{"x":14,"y":12,"hp":13,"w":1,"h":1,"t":0,"c":8,"e":-1,"r":0},{"x":11,"y":14,"hp":13,"w":1,"h":1,"t":0,"c":8,"e":-1,"r":0},{"x":11,"y":15,"hp":13,"w":1,"h":1,"t":0,"c":8,"e":-1,"r":0},{"x":10,"y":16,"hp":13,"w":1,"h":1,"t":0,"c":8,"e":-1,"r":0},{"x":10,"y":15,"hp":13,"w":1,"h":1,"t":0,"c":8,"e":-1,"r":0},{"x":9,"y":16,"hp":13,"w":1,"h":1,"t":0,"c":8,"e":-1,"r":0},{"x":9,"y":17,"hp":13,"w":1,"h":1,"t":0,"c":8,"e":-1,"r":0},{"x":9,"y":18,"hp":13,"w":1,"h":1,"t":0,"c":8,"e":-1,"r":0},{"x":10,"y":17,"hp":13,"w":1,"h":1,"t":0,"c":8,"e":-1,"r":0},{"x":8,"y":12,"hp":577,"w":2,"h":2,"t":8,"c":0,"e":-1,"r":0},{"x":4,"y":10,"hp":13,"w":1,"h":1,"t":0,"c":8,"e":-1,"r":0},{"x":5,"y":9,"hp":13,"w":1,"h":1,"t":0,"c":8,"e":-1,"r":0},{"x":4,"y":15,"hp":13,"w":1,"h":1,"t":0,"c":8,"e":-1,"r":0},{"x":5,"y":16,"hp":13,"w":1,"h":1,"t":0,"c":8,"e":-1,"r":0},{"x":11,"y":16,"hp":13,"w":1,"h":1,"t":0,"c":8,"e":-1,"r":0},{"x":12,"y":15,"hp":13,"w":1,"h":1,"t":0,"c":8,"e":-1,"r":0},{"x":12,"y":10,"hp":13,"w":1,"h":1,"t":0,"c":8,"e":-1,"r":0},{"x":11,"y":9,"hp":13,"w":1,"h":1,"t":0,"c":8,"e":-1,"r":0},{"x":7,"y":19,"hp":926,"w":1,"h":1,"t":0,"c":5,"e":-1,"r":0},{"x":6,"y":18,"hp":926,"w":1,"h":1,"t":0,"c":5,"e":-1,"r":0},{"x":5,"y":17,"hp":926,"w":1,"h":1,"t":0,"c":5,"e":-1,"r":0},{"x":3,"y":15,"hp":926,"w":1,"h":1,"t":0,"c":5,"e":-1,"r":0},{"x":2,"y":14,"hp":926,"w":1,"h":1,"t":0,"c":5,"e":-1,"r":0},{"x":1,"y":13,"hp":926,"w":1,"h":1,"t":0,"c":5,"e":-1,"r":0},{"x":1,"y":12,"hp":926,"w":1,"h":1,"t":0,"c":5,"e":-1,"r":0},{"x":2,"y":11,"hp":926,"w":1,"h":1,"t":0,"c":5,"e":-1,"r":0},{"x":3,"y":10,"hp":926,"w":1,"h":1,"t":0,"c":5,"e":-1,"r":0},{"x":5,"y":8,"hp":926,"w":1,"h":1,"t":0,"c":5,"e":-1,"r":0},{"x":6,"y":7,"hp":926,"w":1,"h":1,"t":0,"c":5,"e":-1,"r":0},{"x":7,"y":6,"hp":926,"w":1,"h":1,"t":0,"c":5,"e":-1,"r":0},{"x":9,"y":6,"hp":926,"w":1,"h":1,"t":0,"c":5,"e":-1,"r":0},{"x":10,"y":7,"hp":926,"w":1,"h":1,"t":0,"c":5,"e":-1,"r":0},{"x":11,"y":8,"hp":926,"w":1,"h":1,"t":0,"c":5,"e":-1,"r":0},{"x":13,"y":10,"hp":926,"w":1,"h":1,"t":0,"c":5,"e":-1,"r":0},{"x":14,"y":11,"hp":926,"w":1,"h":1,"t":0,"c":5,"e":-1,"r":0},{"x":15,"y":12,"hp":926,"w":1,"h":1,"t":0,"c":5,"e":-1,"r":0},{"x":15,"y":13,"hp":926,"w":1,"h":1,"t":0,"c":5,"e":-1,"r":0},{"x":14,"y":14,"hp":926,"w":1,"h":1,"t":0,"c":5,"e":-1,"r":0},{"x":13,"y":15,"hp":926,"w":1,"h":1,"t":0,"c":5,"e":-1,"r":0},{"x":11,"y":17,"hp":926,"w":1,"h":1,"t":0,"c":5,"e":-1,"r":0},{"x":10,"y":18,"hp":926,"w":1,"h":1,"t":0,"c":5,"e":-1,"r":0},{"x":9,"y":19,"hp":926,"w":1,"h":1,"t":0,"c":5,"e":-1,"r":0},{"x":1,"y":5,"hp":926,"w":1,"h":1,"t":0,"c":5,"e":-1,"r":0},{"x":2,"y":5,"hp":926,"w":1,"h":1,"t":0,"c":5,"e":-1,"r":0},{"x":3,"y":5,"hp":926,"w":1,"h":1,"t":0,"c":5,"e":-1,"r":0},{"x":4,"y":5,"hp":926,"w":1,"h":1,"t":0,"c":5,"e":-1,"r":0},{"x":5,"y":5,"hp":926,"w":1,"h":1,"t":0,"c":5,"e":-1,"r":0},{"x":11,"y":5,"hp":926,"w":1,"h":1,"t":0,"c":5,"e":-1,"r":0},{"x":12,"y":5,"hp":926,"w":1,"h":1,"t":0,"c":5,"e":-1,"r":0},{"x":13,"y":5,"hp":926,"w":1,"h":1,"t":0,"c":5,"e":-1,"r":0},{"x":14,"y":5,"hp":926,"w":1,"h":1,"t":0,"c":5,"e":-1,"r":0},{"x":15,"y":5,"hp":926,"w":1,"h":1,"t":0,"c":5,"e":-1,"r":0}],"bu":[{"x":8,"y":15,"buff":13},{"x":9,"y":14,"buff":13},{"x":8,"y":14,"buff":13},{"x":7,"y":14,"buff":13},{"x":6,"y":13,"buff":13},{"x":6,"y":12,"buff":13},{"x":7,"y":12,"buff":13},{"x":7,"y":13,"buff":13},{"x":7,"y":11,"buff":13},{"x":8,"y":10,"buff":13},{"x":8,"y":11,"buff":13},{"x":9,"y":11,"buff":13},{"x":10,"y":12,"buff":13},{"x":10,"y":13,"buff":13},{"x":14,"y":18,"buff":3},{"x":2,"y":18,"buff":2},{"x":14,"y":7,"buff":2},{"x":2,"y":7,"buff":3},{"x":4,"y":16,"buff":0},{"x":12,"y":16,"buff":0},{"x":12,"y":9,"buff":0},{"x":4,"y":9,"buff":0}]}