{"l":129,"h":20,"w":17,"br":[{"x":2,"y":6,"hp":1030,"w":1,"h":1,"t":4,"c":6,"e":-1,"r":0},{"x":4,"y":6,"hp":1030,"w":1,"h":1,"t":4,"c":6,"e":-1,"r":0},{"x":6,"y":6,"hp":1030,"w":1,"h":1,"t":4,"c":6,"e":-1,"r":0},{"x":8,"y":6,"hp":1030,"w":1,"h":1,"t":4,"c":6,"e":-1,"r":0},{"x":10,"y":6,"hp":1030,"w":1,"h":1,"t":4,"c":6,"e":-1,"r":0},{"x":12,"y":6,"hp":1030,"w":1,"h":1,"t":4,"c":6,"e":-1,"r":0},{"x":14,"y":6,"hp":1030,"w":1,"h":1,"t":4,"c":6,"e":-1,"r":0},{"x":2,"y":9,"hp":856,"w":1,"h":1,"t":4,"c":6,"e":-1,"r":0},{"x":14,"y":9,"hp":856,"w":1,"h":1,"t":4,"c":6,"e":-1,"r":0},{"x":12,"y":9,"hp":856,"w":1,"h":1,"t":4,"c":6,"e":-1,"r":0},{"x":13,"y":10,"hp":856,"w":1,"h":1,"t":4,"c":6,"e":-1,"r":0},{"x":13,"y":8,"hp":856,"w":1,"h":1,"t":4,"c":6,"e":-1,"r":0},{"x":4,"y":9,"hp":856,"w":1,"h":1,"t":4,"c":6,"e":-1,"r":0},{"x":3,"y":10,"hp":856,"w":1,"h":1,"t":4,"c":6,"e":-1,"r":0},{"x":3,"y":8,"hp":856,"w":1,"h":1,"t":4,"c":6,"e":-1,"r":0},{"x":7,"y":9,"hp":856,"w":1,"h":1,"t":4,"c":6,"e":-1,"r":0},{"x":9,"y":9,"hp":856,"w":1,"h":1,"t":4,"c":6,"e":-1,"r":0},{"x":8,"y":10,"hp":856,"w":1,"h":1,"t":4,"c":6,"e":-1,"r":0},{"x":8,"y":8,"hp":856,"w":1,"h":1,"t":4,"c":6,"e":-1,"r":0},{"x":3,"y":13,"hp":856,"w":1,"h":1,"t":4,"c":6,"e":-1,"r":0},{"x":3,"y":15,"hp":856,"w":1,"h":1,"t":4,"c":6,"e":-1,"r":0},{"x":2,"y":14,"hp":856,"w":1,"h":1,"t":4,"c":6,"e":-1,"r":0},{"x":4,"y":14,"hp":856,"w":1,"h":1,"t":4,"c":6,"e":-1,"r":0},{"x":13,"y":13,"hp":856,"w":1,"h":1,"t":4,"c":6,"e":-1,"r":0},{"x":13,"y":15,"hp":856,"w":1,"h":1,"t":4,"c":6,"e":-1,"r":0},{"x":12,"y":14,"hp":856,"w":1,"h":1,"t":4,"c":6,"e":-1,"r":0},{"x":14,"y":14,"hp":856,"w":1,"h":1,"t":4,"c":6,"e":-1,"r":0},{"x":8,"y":15,"hp":856,"w":1,"h":1,"t":4,"c":6,"e":-1,"r":0},{"x":8,"y":13,"hp":856,"w":1,"h":1,"t":4,"c":6,"e":-1,"r":0},{"x":7,"y":14,"hp":856,"w":1,"h":1,"t":4,"c":6,"e":-1,"r":0},{"x":9,"y":14,"hp":856,"w":1,"h":1,"t":4,"c":6,"e":-1,"r":0},{"x":11,"y":18,"hp":535,"w":2,"h":2,"t":8,"c":0,"e":-1,"r":0},{"x":1,"y":6,"hp":1030,"w":1,"h":1,"t":4,"c":5,"e":-1,"r":0},{"x":3,"y":6,"hp":1030,"w":1,"h":1,"t":4,"c":5,"e":-1,"r":0},{"x":5,"y":6,"hp":1030,"w":1,"h":1,"t":4,"c":5,"e":-1,"r":0},{"x":7,"y":6,"hp":1030,"w":1,"h":1,"t":4,"c":5,"e":-1,"r":0},{"x":9,"y":6,"hp":1030,"w":1,"h":1,"t":4,"c":5,"e":-1,"r":0},{"x":11,"y":6,"hp":1030,"w":1,"h":1,"t":4,"c":5,"e":-1,"r":0},{"x":13,"y":6,"hp":1030,"w":1,"h":1,"t":4,"c":5,"e":-1,"r":0},{"x":15,"y":6,"hp":1030,"w":1,"h":1,"t":4,"c":5,"e":-1,"r":0},{"x":13,"y":9,"hp":70,"w":1,"h":1,"t":4,"c":8,"e":-1,"r":0},{"x":13,"y":14,"hp":70,"w":1,"h":1,"t":4,"c":8,"e":-1,"r":0},{"x":8,"y":14,"hp":70,"w":1,"h":1,"t":4,"c":8,"e":-1,"r":0},{"x":8,"y":9,"hp":70,"w":1,"h":1,"t":4,"c":8,"e":-1,"r":0},{"x":3,"y":9,"hp":70,"w":1,"h":1,"t":4,"c":8,"e":-1,"r":0},{"x":3,"y":14,"hp":70,"w":1,"h":1,"t":4,"c":8,"e":-1,"r":0},{"x":11,"y":17,"hp":856,"w":1,"h":1,"t":4,"c":8,"e":-1,"r":0},{"x":12,"y":17,"hp":856,"w":1,"h":1,"t":4,"c":8,"e":-1,"r":0}],"bu":[{"x":4,"y":12,"buff":0},{"x":4,"y":11,"buff":0},{"x":5,"y":12,"buff":0},{"x":6,"y":12,"buff":0},{"x":6,"y":11,"buff":0},{"x":5,"y":11,"buff":0},{"x":7,"y":11,"buff":0},{"x":7,"y":12,"buff":0},{"x":9,"y":12,"buff":0},{"x":10,"y":12,"buff":0},{"x":11,"y":12,"buff":0},{"x":12,"y":12,"buff":0},{"x":12,"y":11,"buff":0},{"x":11,"y":11,"buff":0},{"x":10,"y":11,"buff":0},{"x":9,"y":11,"buff":0},{"x":1,"y":14,"buff":3},{"x":1,"y":9,"buff":3},{"x":15,"y":14,"buff":3},{"x":15,"y":9,"buff":3}]}