{"l":257,"h":23,"w":11,"br":[{"x":2,"y":5,"hp":73,"w":1,"h":1,"t":0,"c":4,"e":-1,"r":0},{"x":3,"y":5,"hp":73,"w":1,"h":1,"t":0,"c":4,"e":-1,"r":0},{"x":1,"y":6,"hp":25,"w":1,"h":1,"t":0,"c":4,"e":-1,"r":0},{"x":3,"y":6,"hp":25,"w":1,"h":1,"t":0,"c":4,"e":-1,"r":0},{"x":4,"y":6,"hp":25,"w":1,"h":1,"t":0,"c":4,"e":-1,"r":0},{"x":1,"y":7,"hp":103,"w":1,"h":1,"t":0,"c":4,"e":-1,"r":0},{"x":2,"y":7,"hp":103,"w":1,"h":1,"t":0,"c":4,"e":-1,"r":0},{"x":3,"y":7,"hp":103,"w":1,"h":1,"t":0,"c":4,"e":4,"r":0},{"x":4,"y":7,"hp":103,"w":1,"h":1,"t":1,"c":4,"e":-1,"r":0},{"x":1,"y":9,"hp":77,"w":1,"h":1,"t":0,"c":4,"e":-1,"r":0},{"x":2,"y":9,"hp":77,"w":1,"h":1,"t":0,"c":4,"e":-1,"r":0},{"x":3,"y":9,"hp":77,"w":1,"h":1,"t":0,"c":4,"e":-1,"r":0},{"x":4,"y":9,"hp":77,"w":1,"h":1,"t":0,"c":4,"e":4,"r":0},{"x":0,"y":10,"hp":58,"w":1,"h":1,"t":0,"c":4,"e":-1,"r":0},{"x":1,"y":10,"hp":58,"w":1,"h":1,"t":0,"c":4,"e":-1,"r":0},{"x":3,"y":10,"hp":58,"w":1,"h":1,"t":0,"c":4,"e":-1,"r":0},{"x":1,"y":11,"hp":87,"w":1,"h":1,"t":0,"c":4,"e":-1,"r":0},{"x":2,"y":11,"hp":87,"w":1,"h":1,"t":0,"c":4,"e":-1,"r":0},{"x":3,"y":11,"hp":87,"w":1,"h":1,"t":0,"c":4,"e":-1,"r":0},{"x":4,"y":11,"hp":87,"w":1,"h":1,"t":0,"c":4,"e":4,"r":0},{"x":0,"y":13,"hp":89,"w":1,"h":1,"t":0,"c":4,"e":-1,"r":0},{"x":3,"y":13,"hp":89,"w":1,"h":1,"t":0,"c":4,"e":-1,"r":0},{"x":1,"y":14,"hp":120,"w":1,"h":1,"t":0,"c":4,"e":-1,"r":0},{"x":2,"y":14,"hp":120,"w":1,"h":1,"t":0,"c":4,"e":-1,"r":0},{"x":4,"y":14,"hp":120,"w":1,"h":1,"t":5,"c":4,"e":-1,"r":0},{"x":5,"y":14,"hp":120,"w":1,"h":1,"t":0,"c":4,"e":-1,"r":0},{"x":0,"y":15,"hp":99,"w":1,"h":1,"t":0,"c":4,"e":-1,"r":0},{"x":1,"y":15,"hp":99,"w":1,"h":1,"t":0,"c":4,"e":7,"r":0},{"x":3,"y":15,"hp":99,"w":1,"h":1,"t":1,"c":4,"e":-1,"r":3},{"x":1,"y":16,"hp":88,"w":1,"h":1,"t":0,"c":3,"e":-1,"r":0},{"x":4,"y":16,"hp":88,"w":1,"h":1,"t":0,"c":3,"e":-1,"r":0},{"x":5,"y":16,"hp":88,"w":1,"h":1,"t":0,"c":3,"e":-1,"r":0},{"x":1,"y":17,"hp":150,"w":1,"h":1,"t":0,"c":4,"e":-1,"r":0},{"x":3,"y":17,"hp":150,"w":1,"h":1,"t":0,"c":4,"e":-1,"r":0},{"x":4,"y":17,"hp":150,"w":1,"h":1,"t":0,"c":4,"e":-1,"r":0},{"x":5,"y":17,"hp":150,"w":1,"h":1,"t":0,"c":4,"e":-1,"r":0},{"x":4,"y":18,"hp":67,"w":1,"h":1,"t":0,"c":4,"e":-1,"r":0},{"x":4,"y":19,"hp":122,"w":1,"h":1,"t":0,"c":3,"e":-1,"r":0},{"x":5,"y":19,"hp":122,"w":1,"h":1,"t":0,"c":3,"e":-1,"r":0},{"x":0,"y":20,"hp":100,"w":1,"h":1,"t":0,"c":4,"e":-1,"r":0},{"x":1,"y":20,"hp":100,"w":1,"h":1,"t":0,"c":4,"e":-1,"r":0},{"x":3,"y":20,"hp":100,"w":1,"h":1,"t":0,"c":4,"e":4,"r":0},{"x":4,"y":20,"hp":100,"w":1,"h":1,"t":0,"c":4,"e":-1,"r":0},{"x":5,"y":20,"hp":100,"w":1,"h":1,"t":0,"c":4,"e":-1,"r":0},{"x":0,"y":21,"hp":110,"w":1,"h":1,"t":0,"c":4,"e":-1,"r":0},{"x":2,"y":21,"hp":110,"w":1,"h":1,"t":0,"c":4,"e":-1,"r":0},{"x":3,"y":21,"hp":110,"w":1,"h":1,"t":0,"c":4,"e":-1,"r":0},{"x":4,"y":21,"hp":110,"w":1,"h":1,"t":0,"c":4,"e":-1,"r":0},{"x":5,"y":21,"hp":110,"w":1,"h":1,"t":0,"c":4,"e":-1,"r":0},{"x":1,"y":22,"hp":131,"w":1,"h":1,"t":0,"c":3,"e":-1,"r":0},{"x":3,"y":22,"hp":131,"w":1,"h":1,"t":0,"c":3,"e":-1,"r":0},{"x":5,"y":22,"hp":131,"w":1,"h":1,"t":0,"c":3,"e":-1,"r":0},{"x":8,"y":5,"hp":73,"w":1,"h":1,"t":0,"c":4,"e":-1,"r":0},{"x":7,"y":5,"hp":73,"w":1,"h":1,"t":0,"c":4,"e":-1,"r":0},{"x":9,"y":6,"hp":25,"w":1,"h":1,"t":0,"c":4,"e":-1,"r":0},{"x":7,"y":6,"hp":25,"w":1,"h":1,"t":0,"c":4,"e":-1,"r":0},{"x":6,"y":6,"hp":25,"w":1,"h":1,"t":0,"c":4,"e":-1,"r":0},{"x":9,"y":7,"hp":103,"w":1,"h":1,"t":0,"c":4,"e":-1,"r":0},{"x":8,"y":7,"hp":103,"w":1,"h":1,"t":0,"c":4,"e":-1,"r":0},{"x":7,"y":7,"hp":103,"w":1,"h":1,"t":0,"c":4,"e":-1,"r":0},{"x":6,"y":7,"hp":103,"w":1,"h":1,"t":1,"c":4,"e":-1,"r":1},{"x":9,"y":9,"hp":77,"w":1,"h":1,"t":0,"c":4,"e":-1,"r":0},{"x":10,"y":10,"hp":58,"w":1,"h":1,"t":0,"c":4,"e":-1,"r":0},{"x":9,"y":10,"hp":58,"w":1,"h":1,"t":0,"c":4,"e":-1,"r":0},{"x":9,"y":11,"hp":87,"w":1,"h":1,"t":0,"c":4,"e":-1,"r":0},{"x":10,"y":13,"hp":89,"w":1,"h":1,"t":0,"c":4,"e":-1,"r":0},{"x":7,"y":13,"hp":89,"w":1,"h":1,"t":0,"c":4,"e":7,"r":0},{"x":9,"y":14,"hp":120,"w":1,"h":1,"t":0,"c":4,"e":-1,"r":0},{"x":6,"y":14,"hp":120,"w":1,"h":1,"t":5,"c":4,"e":-1,"r":0},{"x":9,"y":15,"hp":99,"w":1,"h":1,"t":0,"c":4,"e":-1,"r":0},{"x":7,"y":15,"hp":99,"w":1,"h":1,"t":1,"c":4,"e":-1,"r":2},{"x":10,"y":16,"hp":88,"w":1,"h":1,"t":0,"c":3,"e":-1,"r":0},{"x":9,"y":16,"hp":88,"w":1,"h":1,"t":0,"c":3,"e":-1,"r":0},{"x":6,"y":16,"hp":88,"w":1,"h":1,"t":0,"c":3,"e":4,"r":0},{"x":10,"y":17,"hp":150,"w":1,"h":1,"t":0,"c":4,"e":-1,"r":0},{"x":9,"y":17,"hp":150,"w":1,"h":1,"t":0,"c":4,"e":-1,"r":0},{"x":7,"y":17,"hp":150,"w":1,"h":1,"t":0,"c":4,"e":-1,"r":0},{"x":6,"y":17,"hp":150,"w":1,"h":1,"t":0,"c":4,"e":-1,"r":0},{"x":6,"y":18,"hp":67,"w":1,"h":1,"t":0,"c":4,"e":-1,"r":0},{"x":6,"y":19,"hp":122,"w":1,"h":1,"t":0,"c":3,"e":-1,"r":0},{"x":9,"y":20,"hp":100,"w":1,"h":1,"t":0,"c":4,"e":-1,"r":0},{"x":7,"y":20,"hp":100,"w":1,"h":1,"t":0,"c":4,"e":-1,"r":0},{"x":6,"y":20,"hp":100,"w":1,"h":1,"t":0,"c":4,"e":-1,"r":0},{"x":9,"y":22,"hp":131,"w":1,"h":1,"t":0,"c":3,"e":-1,"r":0},{"x":7,"y":22,"hp":131,"w":1,"h":1,"t":0,"c":3,"e":-1,"r":0},{"x":7,"y":8,"hp":400,"w":1,"h":5,"t":0,"c":2,"e":-1,"r":0},{"x":0,"y":11,"hp":80,"w":1,"h":1,"t":4,"c":4,"e":-1,"r":0},{"x":10,"y":11,"hp":80,"w":1,"h":1,"t":4,"c":4,"e":-1,"r":0},{"x":6,"y":22,"hp":131,"w":1,"h":1,"t":0,"c":3,"e":-1,"r":0},{"x":4,"y":22,"hp":131,"w":1,"h":1,"t":0,"c":3,"e":-1,"r":0},{"x":2,"y":22,"hp":131,"w":1,"h":1,"t":0,"c":3,"e":-1,"r":0},{"x":10,"y":22,"hp":131,"w":1,"h":1,"t":0,"c":3,"e":-1,"r":0},{"x":9,"y":18,"hp":67,"w":1,"h":1,"t":0,"c":4,"e":-1,"r":0},{"x":8,"y":18,"hp":67,"w":1,"h":1,"t":0,"c":4,"e":-1,"r":0},{"x":7,"y":18,"hp":67,"w":1,"h":1,"t":0,"c":4,"e":4,"r":0},{"x":5,"y":18,"hp":67,"w":1,"h":1,"t":0,"c":4,"e":-1,"r":0},{"x":3,"y":18,"hp":67,"w":1,"h":1,"t":0,"c":4,"e":-1,"r":0},{"x":1,"y":18,"hp":67,"w":1,"h":1,"t":0,"c":4,"e":-1,"r":0},{"x":7,"y":19,"hp":122,"w":1,"h":1,"t":0,"c":3,"e":-1,"r":0},{"x":8,"y":19,"hp":122,"w":1,"h":1,"t":0,"c":3,"e":-1,"r":0},{"x":1,"y":19,"hp":122,"w":1,"h":1,"t":0,"c":3,"e":-1,"r":0},{"x":0,"y":19,"hp":122,"w":1,"h":1,"t":0,"c":3,"e":-1,"r":0},{"x":2,"y":15,"hp":99,"w":1,"h":1,"t":0,"c":4,"e":-1,"r":0},{"x":4,"y":13,"hp":89,"w":1,"h":1,"t":0,"c":4,"e":-1,"r":0},{"x":5,"y":13,"hp":89,"w":1,"h":1,"t":0,"c":4,"e":-1,"r":0},{"x":6,"y":13,"hp":89,"w":1,"h":1,"t":0,"c":4,"e":-1,"r":0},{"x":9,"y":5,"hp":80,"w":1,"h":1,"t":0,"c":4,"e":-1,"r":0},{"x":10,"y":6,"hp":80,"w":1,"h":1,"t":0,"c":4,"e":-1,"r":0},{"x":0,"y":6,"hp":80,"w":1,"h":1,"t":0,"c":4,"e":-1,"r":0},{"x":0,"y":8,"hp":75,"w":1,"h":1,"t":0,"c":2,"e":-1,"r":0},{"x":6,"y":9,"hp":80,"w":1,"h":1,"t":0,"c":4,"e":-1,"r":0},{"x":6,"y":11,"hp":80,"w":1,"h":1,"t":0,"c":4,"e":-1,"r":0}],"bu":[{"x":5,"y":11,"buff":1},{"x":2,"y":17,"buff":1},{"x":3,"y":19,"buff":1},{"x":8,"y":22,"buff":1},{"x":9,"y":13,"buff":0},{"x":9,"y":19,"buff":0},{"x":4,"y":15,"buff":0},{"x":2,"y":8,"buff":0},{"x":10,"y":9,"buff":2},{"x":0,"y":9,"buff":3},{"x":10,"y":18,"buff":3},{"x":1,"y":13,"buff":3},{"x":8,"y":10,"buff":0},{"x":8,"y":9,"buff":0},{"x":8,"y":11,"buff":0}]}