{"l":237,"h":24,"w":11,"br":[{"x":0,"y":5,"hp":270,"w":2,"h":2,"t":0,"c":0,"e":-1,"r":0},{"x":0,"y":9,"hp":116,"w":1,"h":1,"t":0,"c":5,"e":-1,"r":0},{"x":1,"y":10,"hp":77,"w":1,"h":1,"t":0,"c":5,"e":-1,"r":0},{"x":3,"y":10,"hp":77,"w":1,"h":1,"t":0,"c":5,"e":-1,"r":0},{"x":4,"y":10,"hp":77,"w":1,"h":1,"t":0,"c":5,"e":-1,"r":0},{"x":5,"y":10,"hp":77,"w":1,"h":1,"t":0,"c":5,"e":-1,"r":0},{"x":0,"y":11,"hp":100,"w":1,"h":1,"t":0,"c":5,"e":-1,"r":0},{"x":1,"y":11,"hp":100,"w":1,"h":1,"t":3,"c":5,"e":-1,"r":0},{"x":3,"y":11,"hp":100,"w":1,"h":1,"t":2,"c":5,"e":-1,"r":1},{"x":4,"y":11,"hp":100,"w":1,"h":1,"t":0,"c":5,"e":-1,"r":0},{"x":5,"y":11,"hp":100,"w":1,"h":1,"t":0,"c":5,"e":-1,"r":0},{"x":0,"y":12,"hp":80,"w":1,"h":1,"t":0,"c":5,"e":-1,"r":0},{"x":1,"y":12,"hp":80,"w":1,"h":1,"t":0,"c":5,"e":-1,"r":0},{"x":3,"y":12,"hp":80,"w":1,"h":1,"t":0,"c":5,"e":-1,"r":0},{"x":4,"y":12,"hp":80,"w":1,"h":1,"t":0,"c":5,"e":-1,"r":0},{"x":5,"y":12,"hp":80,"w":1,"h":1,"t":0,"c":5,"e":-1,"r":0},{"x":1,"y":13,"hp":89,"w":1,"h":1,"t":0,"c":5,"e":-1,"r":0},{"x":2,"y":13,"hp":89,"w":1,"h":1,"t":0,"c":5,"e":-1,"r":0},{"x":4,"y":13,"hp":89,"w":1,"h":1,"t":0,"c":5,"e":-1,"r":0},{"x":5,"y":13,"hp":89,"w":1,"h":1,"t":0,"c":5,"e":-1,"r":0},{"x":0,"y":14,"hp":102,"w":1,"h":1,"t":0,"c":5,"e":-1,"r":0},{"x":4,"y":14,"hp":102,"w":1,"h":1,"t":0,"c":5,"e":-1,"r":0},{"x":5,"y":14,"hp":102,"w":1,"h":1,"t":0,"c":5,"e":-1,"r":0},{"x":2,"y":15,"hp":77,"w":1,"h":1,"t":0,"c":3,"e":-1,"r":0},{"x":5,"y":15,"hp":77,"w":1,"h":1,"t":0,"c":3,"e":-1,"r":0},{"x":2,"y":16,"hp":105,"w":1,"h":1,"t":0,"c":5,"e":-1,"r":0},{"x":4,"y":16,"hp":105,"w":1,"h":1,"t":0,"c":5,"e":-1,"r":0},{"x":5,"y":16,"hp":105,"w":1,"h":1,"t":0,"c":5,"e":-1,"r":0},{"x":2,"y":17,"hp":85,"w":1,"h":1,"t":0,"c":5,"e":-1,"r":0},{"x":4,"y":17,"hp":85,"w":1,"h":1,"t":0,"c":5,"e":-1,"r":0},{"x":5,"y":17,"hp":85,"w":1,"h":1,"t":0,"c":5,"e":-1,"r":0},{"x":5,"y":18,"hp":117,"w":1,"h":1,"t":0,"c":5,"e":-1,"r":0},{"x":3,"y":21,"hp":80,"w":1,"h":1,"t":0,"c":5,"e":-1,"r":0},{"x":5,"y":21,"hp":80,"w":1,"h":1,"t":0,"c":5,"e":-1,"r":0},{"x":2,"y":22,"hp":141,"w":1,"h":1,"t":0,"c":5,"e":-1,"r":0},{"x":3,"y":22,"hp":141,"w":1,"h":1,"t":0,"c":5,"e":-1,"r":0},{"x":4,"y":22,"hp":141,"w":1,"h":1,"t":0,"c":5,"e":-1,"r":0},{"x":5,"y":22,"hp":141,"w":1,"h":1,"t":2,"c":5,"e":-1,"r":2},{"x":1,"y":23,"hp":100,"w":1,"h":1,"t":1,"c":3,"e":-1,"r":2},{"x":2,"y":23,"hp":100,"w":1,"h":1,"t":0,"c":3,"e":-1,"r":0},{"x":3,"y":23,"hp":100,"w":1,"h":1,"t":0,"c":3,"e":-1,"r":0},{"x":4,"y":23,"hp":100,"w":1,"h":1,"t":0,"c":3,"e":-1,"r":0},{"x":7,"y":10,"hp":77,"w":1,"h":1,"t":0,"c":5,"e":-1,"r":0},{"x":6,"y":10,"hp":77,"w":1,"h":1,"t":0,"c":5,"e":-1,"r":0},{"x":10,"y":11,"hp":100,"w":1,"h":1,"t":0,"c":5,"e":-1,"r":0},{"x":9,"y":11,"hp":100,"w":1,"h":1,"t":3,"c":5,"e":-1,"r":0},{"x":7,"y":11,"hp":100,"w":1,"h":1,"t":2,"c":5,"e":-1,"r":3},{"x":6,"y":11,"hp":100,"w":1,"h":1,"t":0,"c":5,"e":7,"r":0},{"x":10,"y":12,"hp":80,"w":1,"h":1,"t":0,"c":5,"e":-1,"r":0},{"x":9,"y":12,"hp":80,"w":1,"h":1,"t":0,"c":5,"e":-1,"r":0},{"x":7,"y":12,"hp":80,"w":1,"h":1,"t":0,"c":5,"e":-1,"r":0},{"x":6,"y":12,"hp":80,"w":1,"h":1,"t":0,"c":5,"e":-1,"r":0},{"x":8,"y":13,"hp":89,"w":1,"h":1,"t":0,"c":5,"e":-1,"r":0},{"x":6,"y":13,"hp":89,"w":1,"h":1,"t":0,"c":5,"e":-1,"r":0},{"x":10,"y":14,"hp":102,"w":1,"h":1,"t":0,"c":5,"e":-1,"r":0},{"x":6,"y":14,"hp":102,"w":1,"h":1,"t":0,"c":5,"e":-1,"r":0},{"x":10,"y":15,"hp":77,"w":1,"h":1,"t":0,"c":3,"e":-1,"r":0},{"x":9,"y":15,"hp":77,"w":1,"h":1,"t":5,"c":3,"e":-1,"r":0},{"x":8,"y":15,"hp":77,"w":1,"h":1,"t":0,"c":3,"e":-1,"r":0},{"x":10,"y":16,"hp":105,"w":1,"h":1,"t":0,"c":5,"e":-1,"r":0},{"x":9,"y":16,"hp":105,"w":1,"h":1,"t":0,"c":5,"e":-1,"r":0},{"x":8,"y":16,"hp":105,"w":1,"h":1,"t":0,"c":5,"e":-1,"r":0},{"x":6,"y":16,"hp":105,"w":1,"h":1,"t":0,"c":5,"e":-1,"r":0},{"x":10,"y":17,"hp":85,"w":1,"h":1,"t":0,"c":5,"e":-1,"r":0},{"x":9,"y":17,"hp":85,"w":1,"h":1,"t":0,"c":5,"e":-1,"r":0},{"x":8,"y":17,"hp":85,"w":1,"h":1,"t":0,"c":5,"e":-1,"r":0},{"x":6,"y":17,"hp":85,"w":1,"h":1,"t":0,"c":5,"e":-1,"r":0},{"x":10,"y":18,"hp":117,"w":1,"h":1,"t":0,"c":5,"e":-1,"r":0},{"x":9,"y":18,"hp":117,"w":1,"h":1,"t":0,"c":5,"e":-1,"r":0},{"x":7,"y":19,"hp":125,"w":1,"h":1,"t":3,"c":5,"e":-1,"r":0},{"x":8,"y":20,"hp":135,"w":1,"h":1,"t":0,"c":3,"e":-1,"r":0},{"x":7,"y":20,"hp":135,"w":1,"h":1,"t":0,"c":3,"e":-1,"r":0},{"x":9,"y":21,"hp":80,"w":1,"h":1,"t":0,"c":5,"e":-1,"r":0},{"x":7,"y":21,"hp":80,"w":1,"h":1,"t":0,"c":5,"e":-1,"r":0},{"x":9,"y":22,"hp":141,"w":1,"h":1,"t":0,"c":5,"e":-1,"r":0},{"x":8,"y":22,"hp":141,"w":1,"h":1,"t":0,"c":5,"e":-1,"r":0},{"x":7,"y":22,"hp":141,"w":1,"h":1,"t":0,"c":5,"e":-1,"r":0},{"x":6,"y":22,"hp":141,"w":1,"h":1,"t":0,"c":5,"e":-1,"r":0},{"x":10,"y":23,"hp":100,"w":1,"h":1,"t":0,"c":3,"e":-1,"r":0},{"x":9,"y":23,"hp":100,"w":1,"h":1,"t":1,"c":3,"e":-1,"r":3},{"x":8,"y":23,"hp":100,"w":1,"h":1,"t":0,"c":3,"e":-1,"r":0},{"x":7,"y":23,"hp":100,"w":1,"h":1,"t":0,"c":3,"e":-1,"r":0},{"x":6,"y":23,"hp":100,"w":1,"h":1,"t":0,"c":3,"e":-1,"r":0},{"x":6,"y":20,"hp":135,"w":1,"h":1,"t":0,"c":3,"e":7,"r":0},{"x":5,"y":20,"hp":135,"w":1,"h":1,"t":0,"c":3,"e":-1,"r":0},{"x":4,"y":20,"hp":135,"w":1,"h":1,"t":0,"c":3,"e":-1,"r":0},{"x":3,"y":20,"hp":135,"w":1,"h":1,"t":0,"c":3,"e":-1,"r":0},{"x":2,"y":20,"hp":135,"w":1,"h":1,"t":0,"c":3,"e":-1,"r":0},{"x":5,"y":19,"hp":125,"w":1,"h":1,"t":3,"c":5,"e":-1,"r":0},{"x":3,"y":19,"hp":125,"w":1,"h":1,"t":3,"c":5,"e":-1,"r":0},{"x":9,"y":19,"hp":125,"w":1,"h":1,"t":3,"c":5,"e":-1,"r":0},{"x":2,"y":21,"hp":80,"w":1,"h":1,"t":0,"c":5,"e":-1,"r":0},{"x":4,"y":21,"hp":80,"w":1,"h":1,"t":0,"c":5,"e":-1,"r":0},{"x":6,"y":21,"hp":80,"w":1,"h":1,"t":0,"c":5,"e":-1,"r":0},{"x":8,"y":21,"hp":80,"w":1,"h":1,"t":0,"c":5,"e":-1,"r":0},{"x":7,"y":15,"hp":77,"w":1,"h":1,"t":0,"c":3,"e":-1,"r":0},{"x":6,"y":15,"hp":77,"w":1,"h":1,"t":0,"c":3,"e":-1,"r":0},{"x":4,"y":15,"hp":77,"w":1,"h":1,"t":0,"c":3,"e":-1,"r":0},{"x":9,"y":20,"hp":135,"w":1,"h":1,"t":0,"c":3,"e":-1,"r":0},{"x":10,"y":20,"hp":135,"w":1,"h":1,"t":0,"c":3,"e":-1,"r":0},{"x":3,"y":6,"hp":300,"w":2,"h":2,"t":0,"c":1,"e":-1,"r":0},{"x":6,"y":7,"hp":300,"w":2,"h":2,"t":0,"c":2,"e":-1,"r":0},{"x":9,"y":8,"hp":300,"w":2,"h":2,"t":0,"c":3,"e":-1,"r":0},{"x":0,"y":8,"hp":60,"w":1,"h":1,"t":1,"c":4,"e":-1,"r":2}],"bu":[{"x":3,"y":14,"buff":0},{"x":0,"y":21,"buff":0},{"x":10,"y":22,"buff":0},{"x":8,"y":19,"buff":1},{"x":7,"y":17,"buff":1},{"x":7,"y":13,"buff":1},{"x":3,"y":16,"buff":3},{"x":0,"y":20,"buff":3},{"x":0,"y":15,"buff":1},{"x":0,"y":18,"buff":1},{"x":1,"y":7,"buff":0},{"x":0,"y":7,"buff":0},{"x":3,"y":8,"buff":0},{"x":4,"y":8,"buff":0},{"x":6,"y":9,"buff":0},{"x":7,"y":9,"buff":0},{"x":9,"y":10,"buff":0},{"x":10,"y":10,"buff":0}]}