{"l":58,"h":16,"w":11,"br":[{"x":4,"y":6,"hp":35,"w":1,"h":1,"t":0,"c":3,"e":-1,"r":0},{"x":0,"y":8,"hp":50,"w":1,"h":1,"t":0,"c":1,"e":-1,"r":0},{"x":1,"y":9,"hp":38,"w":1,"h":1,"t":0,"c":1,"e":-1,"r":0},{"x":0,"y":10,"hp":34,"w":1,"h":1,"t":0,"c":1,"e":-1,"r":0},{"x":1,"y":10,"hp":34,"w":1,"h":1,"t":0,"c":1,"e":-1,"r":0},{"x":1,"y":11,"hp":61,"w":1,"h":1,"t":0,"c":1,"e":-1,"r":0},{"x":3,"y":11,"hp":61,"w":1,"h":1,"t":0,"c":1,"e":-1,"r":0},{"x":4,"y":11,"hp":61,"w":1,"h":1,"t":0,"c":1,"e":-1,"r":0},{"x":5,"y":11,"hp":61,"w":1,"h":1,"t":0,"c":1,"e":-1,"r":0},{"x":0,"y":13,"hp":63,"w":1,"h":1,"t":0,"c":1,"e":-1,"r":0},{"x":1,"y":13,"hp":63,"w":1,"h":1,"t":0,"c":1,"e":-1,"r":0},{"x":2,"y":13,"hp":63,"w":1,"h":1,"t":0,"c":1,"e":-1,"r":0},{"x":0,"y":14,"hp":54,"w":1,"h":1,"t":4,"c":1,"e":-1,"r":0},{"x":4,"y":14,"hp":54,"w":1,"h":1,"t":0,"c":1,"e":-1,"r":0},{"x":5,"y":14,"hp":54,"w":1,"h":1,"t":0,"c":1,"e":-1,"r":0},{"x":1,"y":15,"hp":34,"w":1,"h":1,"t":0,"c":1,"e":7,"r":0},{"x":2,"y":15,"hp":34,"w":1,"h":1,"t":0,"c":1,"e":-1,"r":0},{"x":3,"y":15,"hp":34,"w":1,"h":1,"t":0,"c":1,"e":-1,"r":0},{"x":5,"y":15,"hp":34,"w":1,"h":1,"t":0,"c":1,"e":-1,"r":0},{"x":6,"y":6,"hp":35,"w":1,"h":1,"t":0,"c":3,"e":-1,"r":0},{"x":10,"y":7,"hp":40,"w":1,"h":1,"t":0,"c":4,"e":-1,"r":0},{"x":9,"y":7,"hp":40,"w":1,"h":1,"t":0,"c":4,"e":10,"r":0},{"x":9,"y":11,"hp":61,"w":1,"h":1,"t":0,"c":1,"e":-1,"r":0},{"x":8,"y":11,"hp":61,"w":1,"h":1,"t":0,"c":1,"e":-1,"r":0},{"x":9,"y":12,"hp":32,"w":1,"h":1,"t":0,"c":1,"e":-1,"r":0},{"x":8,"y":12,"hp":32,"w":1,"h":1,"t":0,"c":1,"e":-1,"r":0},{"x":10,"y":13,"hp":63,"w":1,"h":1,"t":0,"c":1,"e":-1,"r":0},{"x":9,"y":13,"hp":63,"w":1,"h":1,"t":0,"c":1,"e":-1,"r":0},{"x":8,"y":13,"hp":63,"w":1,"h":1,"t":0,"c":1,"e":-1,"r":0},{"x":10,"y":14,"hp":54,"w":1,"h":1,"t":4,"c":1,"e":-1,"r":0},{"x":9,"y":15,"hp":34,"w":1,"h":1,"t":0,"c":1,"e":-1,"r":0},{"x":8,"y":15,"hp":34,"w":1,"h":1,"t":0,"c":1,"e":-1,"r":0},{"x":6,"y":15,"hp":34,"w":1,"h":1,"t":0,"c":1,"e":-1,"r":0},{"x":0,"y":15,"hp":34,"w":1,"h":1,"t":0,"c":1,"e":-1,"r":0},{"x":7,"y":6,"hp":35,"w":1,"h":1,"t":0,"c":3,"e":-1,"r":0},{"x":3,"y":12,"hp":32,"w":1,"h":1,"t":1,"c":3,"e":-1,"r":0},{"x":1,"y":12,"hp":32,"w":1,"h":1,"t":1,"c":3,"e":-1,"r":0},{"x":7,"y":12,"hp":32,"w":1,"h":1,"t":1,"c":3,"e":-1,"r":2},{"x":10,"y":12,"hp":32,"w":1,"h":1,"t":1,"c":3,"e":-1,"r":3},{"x":3,"y":13,"hp":63,"w":1,"h":1,"t":3,"c":3,"e":-1,"r":0},{"x":7,"y":13,"hp":63,"w":1,"h":1,"t":3,"c":3,"e":-1,"r":0},{"x":0,"y":6,"hp":35,"w":1,"h":1,"t":0,"c":3,"e":-1,"r":0},{"x":5,"y":9,"hp":38,"w":1,"h":1,"t":0,"c":1,"e":-1,"r":0},{"x":7,"y":9,"hp":38,"w":1,"h":1,"t":0,"c":1,"e":-1,"r":0},{"x":6,"y":9,"hp":38,"w":1,"h":1,"t":0,"c":1,"e":-1,"r":0},{"x":9,"y":9,"hp":38,"w":1,"h":1,"t":0,"c":1,"e":-1,"r":0},{"x":6,"y":7,"hp":40,"w":1,"h":1,"t":0,"c":4,"e":-1,"r":0},{"x":4,"y":7,"hp":40,"w":1,"h":1,"t":0,"c":4,"e":-1,"r":0},{"x":2,"y":7,"hp":40,"w":1,"h":1,"t":0,"c":4,"e":10,"r":0},{"x":0,"y":7,"hp":40,"w":1,"h":1,"t":0,"c":4,"e":-1,"r":0},{"x":7,"y":7,"hp":40,"w":1,"h":1,"t":1,"c":4,"e":-1,"r":0},{"x":4,"y":12,"hp":30,"w":1,"h":1,"t":1,"c":3,"e":-1,"r":0},{"x":5,"y":12,"hp":30,"w":1,"h":1,"t":0,"c":3,"e":-1,"r":0},{"x":2,"y":12,"hp":30,"w":1,"h":1,"t":0,"c":3,"e":-1,"r":0},{"x":2,"y":9,"hp":38,"w":1,"h":1,"t":0,"c":1,"e":-1,"r":0},{"x":4,"y":15,"hp":34,"w":1,"h":1,"t":1,"c":1,"e":-1,"r":0},{"x":5,"y":10,"hp":30,"w":1,"h":1,"t":1,"c":1,"e":-1,"r":0},{"x":3,"y":6,"hp":30,"w":1,"h":1,"t":1,"c":3,"e":-1,"r":0},{"x":5,"y":6,"hp":30,"w":1,"h":1,"t":1,"c":3,"e":-1,"r":1},{"x":4,"y":9,"hp":38,"w":1,"h":1,"t":1,"c":1,"e":-1,"r":2},{"x":10,"y":9,"hp":38,"w":1,"h":1,"t":1,"c":1,"e":-1,"r":1},{"x":3,"y":7,"hp":40,"w":1,"h":1,"t":0,"c":4,"e":-1,"r":0}],"bu":[{"x":2,"y":14,"buff":0},{"x":4,"y":13,"buff":3},{"x":3,"y":8,"buff":1},{"x":10,"y":11,"buff":1},{"x":0,"y":9,"buff":1},{"x":0,"y":11,"buff":1},{"x":7,"y":10,"buff":2},{"x":10,"y":8,"buff":0},{"x":9,"y":8,"buff":0}]}