{"l":11,"h":12,"w":11,"br":[{"x":6,"y":6,"hp":45,"w":3,"h":1,"t":0,"c":1,"e":-1,"r":0},{"x":3,"y":6,"hp":36,"w":3,"h":1,"t":0,"c":1,"e":-1,"r":0},{"x":3,"y":7,"hp":36,"w":3,"h":1,"t":0,"c":3,"e":-1,"r":0},{"x":6,"y":10,"hp":17,"w":1,"h":1,"t":0,"c":1,"e":-1,"r":0},{"x":3,"y":10,"hp":17,"w":1,"h":1,"t":0,"c":1,"e":7,"r":0},{"x":0,"y":6,"hp":36,"w":3,"h":1,"t":0,"c":1,"e":-1,"r":0},{"x":0,"y":7,"hp":36,"w":3,"h":1,"t":0,"c":3,"e":-1,"r":0},{"x":0,"y":10,"hp":17,"w":1,"h":1,"t":0,"c":1,"e":-1,"r":0},{"x":1,"y":10,"hp":17,"w":1,"h":1,"t":0,"c":1,"e":9,"r":0},{"x":4,"y":10,"hp":17,"w":1,"h":1,"t":0,"c":1,"e":7,"r":0},{"x":7,"y":10,"hp":17,"w":1,"h":1,"t":0,"c":1,"e":9,"r":0},{"x":0,"y":11,"hp":13,"w":1,"h":1,"t":1,"c":1,"e":-1,"r":1},{"x":3,"y":11,"hp":13,"w":1,"h":1,"t":1,"c":1,"e":-1,"r":1},{"x":6,"y":11,"hp":13,"w":1,"h":1,"t":1,"c":1,"e":-1,"r":1},{"x":4,"y":11,"hp":13,"w":1,"h":1,"t":1,"c":1,"e":-1,"r":0},{"x":1,"y":11,"hp":13,"w":1,"h":1,"t":1,"c":1,"e":-1,"r":0},{"x":6,"y":7,"hp":45,"w":3,"h":1,"t":0,"c":3,"e":-1,"r":0},{"x":9,"y":6,"hp":43,"w":1,"h":1,"t":0,"c":5,"e":-1,"r":0},{"x":9,"y":7,"hp":43,"w":1,"h":1,"t":0,"c":5,"e":-1,"r":0},{"x":9,"y":8,"hp":43,"w":1,"h":1,"t":0,"c":5,"e":-1,"r":0},{"x":9,"y":9,"hp":43,"w":1,"h":1,"t":0,"c":5,"e":-1,"r":0},{"x":9,"y":10,"hp":43,"w":1,"h":1,"t":0,"c":5,"e":-1,"r":0},{"x":9,"y":11,"hp":43,"w":1,"h":1,"t":0,"c":5,"e":5,"r":0},{"x":7,"y":11,"hp":13,"w":1,"h":1,"t":1,"c":2,"e":-1,"r":0},{"x":6,"y":9,"hp":20,"w":1,"h":1,"t":0,"c":1,"e":-1,"r":0},{"x":7,"y":9,"hp":20,"w":1,"h":1,"t":0,"c":1,"e":-1,"r":0},{"x":3,"y":9,"hp":20,"w":1,"h":1,"t":0,"c":1,"e":-1,"r":0},{"x":4,"y":9,"hp":20,"w":1,"h":1,"t":0,"c":1,"e":-1,"r":0},{"x":0,"y":9,"hp":20,"w":1,"h":1,"t":0,"c":1,"e":-1,"r":0},{"x":1,"y":9,"hp":20,"w":1,"h":1,"t":0,"c":1,"e":-1,"r":0}],"bu":[{"x":10,"y":6,"buff":0},{"x":10,"y":7,"buff":0},{"x":2,"y":9,"buff":0},{"x":5,"y":9,"buff":0},{"x":8,"y":9,"buff":0}]}