{"l":298,"h":35,"w":11,"br":[{"x":5,"y":5,"hp":77,"w":1,"h":1,"t":0,"c":4,"e":-1,"r":0},{"x":1,"y":6,"hp":52,"w":1,"h":1,"t":0,"c":4,"e":-1,"r":0},{"x":5,"y":6,"hp":52,"w":1,"h":1,"t":0,"c":4,"e":-1,"r":0},{"x":0,"y":7,"hp":67,"w":1,"h":1,"t":0,"c":3,"e":-1,"r":0},{"x":1,"y":7,"hp":67,"w":1,"h":1,"t":0,"c":3,"e":-1,"r":0},{"x":2,"y":7,"hp":67,"w":1,"h":1,"t":0,"c":3,"e":-1,"r":0},{"x":5,"y":7,"hp":67,"w":1,"h":1,"t":0,"c":3,"e":-1,"r":0},{"x":0,"y":8,"hp":70,"w":1,"h":1,"t":0,"c":2,"e":-1,"r":0},{"x":1,"y":8,"hp":70,"w":1,"h":1,"t":0,"c":2,"e":-1,"r":0},{"x":2,"y":8,"hp":70,"w":1,"h":1,"t":0,"c":2,"e":-1,"r":0},{"x":1,"y":10,"hp":45,"w":1,"h":1,"t":0,"c":4,"e":-1,"r":0},{"x":2,"y":10,"hp":45,"w":1,"h":1,"t":0,"c":4,"e":-1,"r":0},{"x":3,"y":10,"hp":45,"w":1,"h":1,"t":0,"c":4,"e":-1,"r":0},{"x":1,"y":11,"hp":40,"w":1,"h":1,"t":0,"c":4,"e":-1,"r":0},{"x":2,"y":11,"hp":40,"w":1,"h":1,"t":0,"c":4,"e":-1,"r":0},{"x":2,"y":12,"hp":80,"w":1,"h":1,"t":0,"c":4,"e":-1,"r":0},{"x":1,"y":13,"hp":50,"w":1,"h":1,"t":0,"c":4,"e":-1,"r":0},{"x":2,"y":13,"hp":50,"w":1,"h":1,"t":0,"c":4,"e":-1,"r":0},{"x":4,"y":13,"hp":50,"w":1,"h":1,"t":0,"c":4,"e":-1,"r":0},{"x":5,"y":13,"hp":50,"w":1,"h":1,"t":0,"c":4,"e":-1,"r":0},{"x":1,"y":14,"hp":72,"w":1,"h":1,"t":0,"c":4,"e":-1,"r":0},{"x":2,"y":14,"hp":72,"w":1,"h":1,"t":0,"c":4,"e":-1,"r":0},{"x":3,"y":14,"hp":72,"w":1,"h":1,"t":0,"c":4,"e":-1,"r":0},{"x":5,"y":14,"hp":72,"w":1,"h":1,"t":0,"c":4,"e":-1,"r":0},{"x":1,"y":15,"hp":100,"w":1,"h":1,"t":0,"c":4,"e":7,"r":0},{"x":2,"y":15,"hp":100,"w":1,"h":1,"t":0,"c":4,"e":-1,"r":0},{"x":3,"y":15,"hp":100,"w":1,"h":1,"t":0,"c":4,"e":-1,"r":0},{"x":4,"y":15,"hp":100,"w":1,"h":1,"t":0,"c":4,"e":-1,"r":0},{"x":5,"y":15,"hp":100,"w":1,"h":1,"t":0,"c":4,"e":-1,"r":0},{"x":1,"y":16,"hp":85,"w":1,"h":1,"t":0,"c":4,"e":-1,"r":0},{"x":2,"y":16,"hp":85,"w":1,"h":1,"t":0,"c":4,"e":-1,"r":0},{"x":4,"y":16,"hp":85,"w":1,"h":1,"t":0,"c":4,"e":-1,"r":0},{"x":5,"y":16,"hp":85,"w":1,"h":1,"t":0,"c":4,"e":-1,"r":0},{"x":1,"y":17,"hp":78,"w":1,"h":1,"t":0,"c":4,"e":-1,"r":0},{"x":2,"y":17,"hp":78,"w":1,"h":1,"t":0,"c":4,"e":-1,"r":0},{"x":3,"y":17,"hp":78,"w":1,"h":1,"t":0,"c":4,"e":-1,"r":0},{"x":4,"y":17,"hp":78,"w":1,"h":1,"t":0,"c":4,"e":-1,"r":0},{"x":5,"y":17,"hp":78,"w":1,"h":1,"t":0,"c":4,"e":-1,"r":0},{"x":0,"y":18,"hp":53,"w":1,"h":1,"t":0,"c":4,"e":-1,"r":0},{"x":1,"y":18,"hp":53,"w":1,"h":1,"t":0,"c":4,"e":-1,"r":0},{"x":5,"y":18,"hp":53,"w":1,"h":1,"t":0,"c":4,"e":-1,"r":0},{"x":0,"y":19,"hp":102,"w":1,"h":1,"t":0,"c":4,"e":-1,"r":0},{"x":1,"y":19,"hp":102,"w":1,"h":1,"t":0,"c":4,"e":-1,"r":0},{"x":5,"y":19,"hp":102,"w":1,"h":1,"t":0,"c":4,"e":-1,"r":0},{"x":0,"y":20,"hp":70,"w":1,"h":1,"t":0,"c":4,"e":-1,"r":0},{"x":3,"y":20,"hp":70,"w":1,"h":1,"t":0,"c":4,"e":-1,"r":0},{"x":4,"y":20,"hp":70,"w":1,"h":1,"t":0,"c":4,"e":-1,"r":0},{"x":5,"y":20,"hp":70,"w":1,"h":1,"t":0,"c":4,"e":-1,"r":0},{"x":2,"y":21,"hp":52,"w":1,"h":1,"t":0,"c":4,"e":-1,"r":0},{"x":4,"y":21,"hp":52,"w":1,"h":1,"t":0,"c":4,"e":-1,"r":0},{"x":5,"y":21,"hp":52,"w":1,"h":1,"t":0,"c":4,"e":-1,"r":0},{"x":3,"y":22,"hp":131,"w":1,"h":1,"t":0,"c":4,"e":-1,"r":0},{"x":4,"y":22,"hp":131,"w":1,"h":1,"t":0,"c":4,"e":-1,"r":0},{"x":5,"y":22,"hp":131,"w":1,"h":1,"t":0,"c":4,"e":-1,"r":0},{"x":3,"y":23,"hp":68,"w":1,"h":1,"t":0,"c":4,"e":-1,"r":0},{"x":4,"y":23,"hp":68,"w":1,"h":1,"t":0,"c":4,"e":-1,"r":0},{"x":5,"y":23,"hp":68,"w":1,"h":1,"t":0,"c":4,"e":-1,"r":0},{"x":2,"y":24,"hp":90,"w":1,"h":1,"t":0,"c":4,"e":-1,"r":0},{"x":3,"y":24,"hp":90,"w":1,"h":1,"t":0,"c":4,"e":-1,"r":0},{"x":1,"y":25,"hp":100,"w":1,"h":1,"t":0,"c":4,"e":-1,"r":0},{"x":2,"y":25,"hp":100,"w":1,"h":1,"t":0,"c":4,"e":-1,"r":0},{"x":3,"y":25,"hp":100,"w":1,"h":1,"t":0,"c":4,"e":-1,"r":0},{"x":1,"y":26,"hp":56,"w":1,"h":1,"t":0,"c":4,"e":-1,"r":0},{"x":2,"y":27,"hp":120,"w":1,"h":1,"t":0,"c":4,"e":-1,"r":0},{"x":3,"y":27,"hp":120,"w":1,"h":1,"t":0,"c":4,"e":-1,"r":0},{"x":4,"y":27,"hp":120,"w":1,"h":1,"t":0,"c":4,"e":-1,"r":0},{"x":3,"y":28,"hp":100,"w":1,"h":1,"t":0,"c":4,"e":-1,"r":0},{"x":2,"y":29,"hp":67,"w":1,"h":1,"t":0,"c":4,"e":-1,"r":0},{"x":3,"y":29,"hp":67,"w":1,"h":1,"t":0,"c":4,"e":-1,"r":0},{"x":5,"y":29,"hp":67,"w":1,"h":1,"t":0,"c":4,"e":-1,"r":0},{"x":4,"y":30,"hp":72,"w":1,"h":1,"t":0,"c":4,"e":-1,"r":0},{"x":5,"y":30,"hp":72,"w":1,"h":1,"t":0,"c":4,"e":-1,"r":0},{"x":4,"y":31,"hp":230,"w":1,"h":1,"t":0,"c":4,"e":-1,"r":0},{"x":5,"y":31,"hp":230,"w":1,"h":1,"t":0,"c":4,"e":-1,"r":0},{"x":0,"y":32,"hp":110,"w":1,"h":1,"t":0,"c":4,"e":-1,"r":0},{"x":2,"y":32,"hp":110,"w":1,"h":1,"t":0,"c":4,"e":-1,"r":0},{"x":3,"y":32,"hp":110,"w":1,"h":1,"t":0,"c":4,"e":-1,"r":0},{"x":5,"y":32,"hp":110,"w":1,"h":1,"t":0,"c":4,"e":-1,"r":0},{"x":0,"y":33,"hp":66,"w":1,"h":1,"t":0,"c":4,"e":-1,"r":0},{"x":1,"y":33,"hp":66,"w":1,"h":1,"t":0,"c":4,"e":-1,"r":0},{"x":2,"y":33,"hp":66,"w":1,"h":1,"t":0,"c":4,"e":-1,"r":0},{"x":4,"y":33,"hp":66,"w":1,"h":1,"t":0,"c":4,"e":-1,"r":0},{"x":5,"y":33,"hp":66,"w":1,"h":1,"t":0,"c":4,"e":-1,"r":0},{"x":9,"y":6,"hp":52,"w":1,"h":1,"t":0,"c":4,"e":-1,"r":0},{"x":10,"y":7,"hp":67,"w":1,"h":1,"t":0,"c":3,"e":-1,"r":0},{"x":9,"y":7,"hp":67,"w":1,"h":1,"t":0,"c":3,"e":-1,"r":0},{"x":8,"y":7,"hp":67,"w":1,"h":1,"t":0,"c":3,"e":-1,"r":0},{"x":10,"y":8,"hp":70,"w":1,"h":1,"t":0,"c":2,"e":-1,"r":0},{"x":9,"y":8,"hp":70,"w":1,"h":1,"t":0,"c":2,"e":-1,"r":0},{"x":8,"y":8,"hp":70,"w":1,"h":1,"t":0,"c":2,"e":-1,"r":0},{"x":9,"y":10,"hp":45,"w":1,"h":1,"t":0,"c":4,"e":7,"r":0},{"x":8,"y":10,"hp":45,"w":1,"h":1,"t":0,"c":4,"e":-1,"r":0},{"x":7,"y":10,"hp":45,"w":1,"h":1,"t":0,"c":4,"e":-1,"r":0},{"x":9,"y":11,"hp":40,"w":1,"h":1,"t":0,"c":4,"e":-1,"r":0},{"x":8,"y":11,"hp":40,"w":1,"h":1,"t":0,"c":4,"e":-1,"r":0},{"x":8,"y":12,"hp":80,"w":1,"h":1,"t":0,"c":4,"e":-1,"r":0},{"x":10,"y":13,"hp":50,"w":1,"h":1,"t":0,"c":4,"e":-1,"r":0},{"x":9,"y":13,"hp":50,"w":1,"h":1,"t":0,"c":4,"e":-1,"r":0},{"x":8,"y":13,"hp":50,"w":1,"h":1,"t":0,"c":4,"e":-1,"r":0},{"x":6,"y":13,"hp":50,"w":1,"h":1,"t":0,"c":4,"e":-1,"r":0},{"x":9,"y":15,"hp":100,"w":1,"h":1,"t":0,"c":4,"e":-1,"r":0},{"x":8,"y":15,"hp":100,"w":1,"h":1,"t":0,"c":4,"e":-1,"r":0},{"x":7,"y":15,"hp":100,"w":1,"h":1,"t":0,"c":4,"e":-1,"r":0},{"x":6,"y":15,"hp":100,"w":1,"h":1,"t":0,"c":4,"e":-1,"r":0},{"x":9,"y":16,"hp":85,"w":1,"h":1,"t":0,"c":4,"e":-1,"r":0},{"x":6,"y":16,"hp":85,"w":1,"h":1,"t":0,"c":4,"e":-1,"r":0},{"x":6,"y":17,"hp":78,"w":1,"h":1,"t":0,"c":4,"e":-1,"r":0},{"x":6,"y":18,"hp":53,"w":1,"h":1,"t":0,"c":4,"e":-1,"r":0},{"x":10,"y":19,"hp":102,"w":1,"h":1,"t":0,"c":4,"e":-1,"r":0},{"x":9,"y":19,"hp":102,"w":1,"h":1,"t":0,"c":4,"e":-1,"r":0},{"x":8,"y":19,"hp":102,"w":1,"h":1,"t":0,"c":4,"e":-1,"r":0},{"x":6,"y":20,"hp":70,"w":1,"h":1,"t":0,"c":4,"e":-1,"r":0},{"x":8,"y":21,"hp":52,"w":1,"h":1,"t":0,"c":4,"e":-1,"r":0},{"x":6,"y":21,"hp":52,"w":1,"h":1,"t":0,"c":4,"e":-1,"r":0},{"x":10,"y":22,"hp":131,"w":1,"h":1,"t":0,"c":4,"e":-1,"r":0},{"x":8,"y":22,"hp":131,"w":1,"h":1,"t":0,"c":4,"e":-1,"r":0},{"x":7,"y":22,"hp":131,"w":1,"h":1,"t":0,"c":4,"e":-1,"r":0},{"x":6,"y":22,"hp":131,"w":1,"h":1,"t":0,"c":4,"e":-1,"r":0},{"x":10,"y":23,"hp":68,"w":1,"h":1,"t":0,"c":4,"e":-1,"r":0},{"x":9,"y":23,"hp":68,"w":1,"h":1,"t":0,"c":4,"e":-1,"r":0},{"x":7,"y":23,"hp":68,"w":1,"h":1,"t":0,"c":4,"e":-1,"r":0},{"x":6,"y":23,"hp":68,"w":1,"h":1,"t":0,"c":4,"e":-1,"r":0},{"x":9,"y":25,"hp":100,"w":1,"h":1,"t":0,"c":4,"e":-1,"r":0},{"x":8,"y":25,"hp":100,"w":1,"h":1,"t":0,"c":4,"e":-1,"r":0},{"x":7,"y":25,"hp":100,"w":1,"h":1,"t":0,"c":4,"e":-1,"r":0},{"x":9,"y":26,"hp":56,"w":1,"h":1,"t":0,"c":4,"e":-1,"r":0},{"x":8,"y":26,"hp":56,"w":1,"h":1,"t":0,"c":4,"e":-1,"r":0},{"x":7,"y":26,"hp":56,"w":1,"h":1,"t":0,"c":4,"e":-1,"r":0},{"x":8,"y":27,"hp":120,"w":1,"h":1,"t":0,"c":4,"e":-1,"r":0},{"x":7,"y":27,"hp":120,"w":1,"h":1,"t":0,"c":4,"e":-1,"r":0},{"x":6,"y":27,"hp":120,"w":1,"h":1,"t":0,"c":4,"e":-1,"r":0},{"x":9,"y":28,"hp":100,"w":1,"h":1,"t":0,"c":4,"e":-1,"r":0},{"x":7,"y":28,"hp":100,"w":1,"h":1,"t":0,"c":4,"e":-1,"r":0},{"x":10,"y":29,"hp":67,"w":1,"h":1,"t":0,"c":4,"e":-1,"r":0},{"x":9,"y":29,"hp":67,"w":1,"h":1,"t":0,"c":4,"e":-1,"r":0},{"x":8,"y":29,"hp":67,"w":1,"h":1,"t":0,"c":4,"e":-1,"r":0},{"x":7,"y":29,"hp":67,"w":1,"h":1,"t":0,"c":4,"e":-1,"r":0},{"x":6,"y":30,"hp":72,"w":1,"h":1,"t":0,"c":4,"e":-1,"r":0},{"x":10,"y":31,"hp":230,"w":1,"h":1,"t":0,"c":4,"e":-1,"r":0},{"x":6,"y":31,"hp":230,"w":1,"h":1,"t":0,"c":4,"e":-1,"r":0},{"x":10,"y":32,"hp":110,"w":1,"h":1,"t":0,"c":4,"e":-1,"r":0},{"x":8,"y":32,"hp":110,"w":1,"h":1,"t":0,"c":4,"e":-1,"r":0},{"x":7,"y":32,"hp":110,"w":1,"h":1,"t":0,"c":4,"e":-1,"r":0},{"x":10,"y":33,"hp":66,"w":1,"h":1,"t":0,"c":4,"e":-1,"r":0},{"x":9,"y":33,"hp":66,"w":1,"h":1,"t":0,"c":4,"e":-1,"r":0},{"x":8,"y":33,"hp":66,"w":1,"h":1,"t":0,"c":4,"e":-1,"r":0},{"x":6,"y":33,"hp":66,"w":1,"h":1,"t":0,"c":4,"e":-1,"r":0},{"x":4,"y":11,"hp":70,"w":1,"h":1,"t":0,"c":4,"e":-1,"r":0},{"x":5,"y":11,"hp":70,"w":1,"h":1,"t":0,"c":4,"e":-1,"r":0},{"x":6,"y":11,"hp":70,"w":1,"h":1,"t":0,"c":4,"e":-1,"r":0},{"x":5,"y":12,"hp":70,"w":1,"h":1,"t":0,"c":4,"e":-1,"r":0},{"x":5,"y":10,"hp":45,"w":1,"h":1,"t":0,"c":4,"e":-1,"r":0},{"x":3,"y":5,"hp":70,"w":1,"h":1,"t":0,"c":4,"e":-1,"r":0},{"x":4,"y":5,"hp":70,"w":1,"h":1,"t":0,"c":4,"e":-1,"r":0},{"x":4,"y":6,"hp":70,"w":1,"h":1,"t":0,"c":4,"e":-1,"r":0},{"x":4,"y":7,"hp":70,"w":1,"h":1,"t":0,"c":3,"e":-1,"r":0},{"x":4,"y":8,"hp":70,"w":1,"h":1,"t":0,"c":2,"e":-1,"r":0},{"x":5,"y":8,"hp":70,"w":1,"h":1,"t":0,"c":2,"e":-1,"r":0},{"x":6,"y":8,"hp":70,"w":1,"h":1,"t":0,"c":2,"e":-1,"r":0},{"x":6,"y":7,"hp":70,"w":1,"h":1,"t":0,"c":3,"e":-1,"r":0},{"x":6,"y":6,"hp":70,"w":1,"h":1,"t":0,"c":4,"e":-1,"r":0},{"x":6,"y":5,"hp":70,"w":1,"h":1,"t":0,"c":4,"e":-1,"r":0},{"x":7,"y":5,"hp":70,"w":1,"h":1,"t":0,"c":4,"e":-1,"r":0},{"x":3,"y":31,"hp":230,"w":1,"h":1,"t":0,"c":4,"e":-1,"r":0},{"x":7,"y":31,"hp":230,"w":1,"h":1,"t":0,"c":4,"e":-1,"r":0},{"x":10,"y":30,"hp":70,"w":1,"h":1,"t":0,"c":4,"e":-1,"r":0},{"x":9,"y":30,"hp":70,"w":1,"h":1,"t":0,"c":4,"e":-1,"r":0},{"x":8,"y":30,"hp":70,"w":1,"h":1,"t":0,"c":4,"e":7,"r":0},{"x":8,"y":28,"hp":100,"w":1,"h":1,"t":0,"c":4,"e":-1,"r":0},{"x":2,"y":28,"hp":100,"w":1,"h":1,"t":0,"c":4,"e":-1,"r":0},{"x":6,"y":26,"hp":70,"w":1,"h":1,"t":0,"c":4,"e":-1,"r":0},{"x":4,"y":24,"hp":70,"w":1,"h":1,"t":0,"c":4,"e":-1,"r":0},{"x":5,"y":24,"hp":70,"w":1,"h":1,"t":0,"c":4,"e":-1,"r":0},{"x":6,"y":24,"hp":70,"w":1,"h":1,"t":0,"c":4,"e":-1,"r":0},{"x":3,"y":21,"hp":70,"w":1,"h":1,"t":0,"c":4,"e":7,"r":0},{"x":6,"y":32,"hp":110,"w":1,"h":1,"t":0,"c":4,"e":-1,"r":0},{"x":4,"y":32,"hp":110,"w":1,"h":1,"t":0,"c":4,"e":-1,"r":0},{"x":6,"y":29,"hp":70,"w":1,"h":1,"t":0,"c":4,"e":-1,"r":0},{"x":6,"y":28,"hp":100,"w":1,"h":1,"t":0,"c":4,"e":-1,"r":0},{"x":9,"y":20,"hp":70,"w":1,"h":1,"t":0,"c":4,"e":-1,"r":0},{"x":8,"y":20,"hp":70,"w":1,"h":1,"t":0,"c":4,"e":-1,"r":0},{"x":8,"y":18,"hp":70,"w":1,"h":1,"t":0,"c":4,"e":-1,"r":0},{"x":3,"y":16,"hp":70,"w":1,"h":1,"t":0,"c":4,"e":-1,"r":0},{"x":4,"y":14,"hp":70,"w":1,"h":1,"t":0,"c":4,"e":-1,"r":0},{"x":6,"y":19,"hp":70,"w":1,"h":1,"t":0,"c":4,"e":-1,"r":0},{"x":4,"y":19,"hp":70,"w":1,"h":1,"t":0,"c":4,"e":-1,"r":0},{"x":8,"y":23,"hp":70,"w":1,"h":1,"t":0,"c":4,"e":-1,"r":0},{"x":6,"y":25,"hp":70,"w":1,"h":1,"t":0,"c":4,"e":-1,"r":0},{"x":9,"y":32,"hp":70,"w":1,"h":1,"t":0,"c":4,"e":-1,"r":0},{"x":4,"y":29,"hp":70,"w":1,"h":1,"t":0,"c":4,"e":-1,"r":0},{"x":7,"y":30,"hp":70,"w":1,"h":1,"t":0,"c":4,"e":-1,"r":0},{"x":3,"y":9,"hp":70,"w":1,"h":1,"t":0,"c":4,"e":-1,"r":0},{"x":7,"y":9,"hp":70,"w":1,"h":1,"t":0,"c":4,"e":-1,"r":0},{"x":1,"y":5,"hp":70,"w":1,"h":1,"t":0,"c":4,"e":-1,"r":0},{"x":9,"y":5,"hp":70,"w":1,"h":1,"t":0,"c":4,"e":-1,"r":0}],"bu":[{"x":4,"y":9,"buff":1},{"x":7,"y":12,"buff":1},{"x":2,"y":18,"buff":1},{"x":10,"y":21,"buff":1},{"x":10,"y":27,"buff":1},{"x":4,"y":28,"buff":1},{"x":7,"y":34,"buff":1},{"x":5,"y":34,"buff":1},{"x":8,"y":31,"buff":0},{"x":3,"y":30,"buff":0},{"x":7,"y":24,"buff":0},{"x":10,"y":15,"buff":0},{"x":3,"y":11,"buff":0},{"x":4,"y":26,"buff":3},{"x":2,"y":31,"buff":2},{"x":4,"y":18,"buff":5},{"x":10,"y":16,"buff":3},{"x":0,"y":13,"buff":3},{"x":9,"y":22,"buff":2},{"x":1,"y":23,"buff":1},{"x":1,"y":21,"buff":1},{"x":2,"y":6,"buff":1},{"x":8,"y":6,"buff":1},{"x":10,"y":10,"buff":1},{"x":0,"y":10,"buff":1},{"x":9,"y":18,"buff":1}]}