{"l":88,"h":19,"w":11,"br":[{"x":5,"y":5,"hp":35,"w":1,"h":1,"t":0,"c":3,"e":-1,"r":0},{"x":1,"y":6,"hp":32,"w":1,"h":1,"t":0,"c":3,"e":-1,"r":0},{"x":3,"y":6,"hp":32,"w":1,"h":1,"t":0,"c":3,"e":-1,"r":0},{"x":5,"y":6,"hp":32,"w":1,"h":1,"t":0,"c":3,"e":-1,"r":0},{"x":1,"y":8,"hp":41,"w":1,"h":1,"t":0,"c":3,"e":-1,"r":0},{"x":2,"y":9,"hp":61,"w":1,"h":1,"t":0,"c":4,"e":5,"r":0},{"x":5,"y":9,"hp":61,"w":1,"h":1,"t":0,"c":4,"e":5,"r":0},{"x":3,"y":11,"hp":80,"w":1,"h":1,"t":0,"c":4,"e":-1,"r":0},{"x":4,"y":11,"hp":80,"w":1,"h":1,"t":0,"c":4,"e":-1,"r":0},{"x":5,"y":11,"hp":80,"w":1,"h":1,"t":0,"c":4,"e":-1,"r":0},{"x":4,"y":12,"hp":65,"w":1,"h":1,"t":0,"c":3,"e":-1,"r":0},{"x":1,"y":13,"hp":47,"w":1,"h":1,"t":0,"c":3,"e":-1,"r":0},{"x":3,"y":13,"hp":47,"w":1,"h":1,"t":0,"c":3,"e":-1,"r":0},{"x":4,"y":13,"hp":47,"w":1,"h":1,"t":0,"c":3,"e":-1,"r":0},{"x":1,"y":14,"hp":80,"w":1,"h":1,"t":0,"c":4,"e":-1,"r":0},{"x":4,"y":14,"hp":80,"w":1,"h":1,"t":0,"c":4,"e":-1,"r":0},{"x":5,"y":14,"hp":80,"w":1,"h":1,"t":0,"c":4,"e":-1,"r":0},{"x":1,"y":15,"hp":65,"w":1,"h":1,"t":0,"c":3,"e":-1,"r":0},{"x":4,"y":15,"hp":65,"w":1,"h":1,"t":0,"c":3,"e":-1,"r":0},{"x":5,"y":15,"hp":65,"w":1,"h":1,"t":0,"c":3,"e":-1,"r":0},{"x":3,"y":16,"hp":62,"w":1,"h":1,"t":0,"c":4,"e":-1,"r":0},{"x":4,"y":16,"hp":62,"w":1,"h":1,"t":5,"c":4,"e":-1,"r":0},{"x":5,"y":16,"hp":62,"w":1,"h":1,"t":0,"c":4,"e":-1,"r":0},{"x":0,"y":18,"hp":120,"w":1,"h":1,"t":0,"c":4,"e":-1,"r":0},{"x":2,"y":18,"hp":120,"w":1,"h":1,"t":0,"c":4,"e":-1,"r":0},{"x":4,"y":18,"hp":120,"w":1,"h":1,"t":0,"c":4,"e":-1,"r":0},{"x":5,"y":18,"hp":120,"w":1,"h":1,"t":0,"c":4,"e":-1,"r":0},{"x":9,"y":6,"hp":32,"w":1,"h":1,"t":0,"c":3,"e":-1,"r":0},{"x":7,"y":6,"hp":32,"w":1,"h":1,"t":0,"c":3,"e":-1,"r":0},{"x":9,"y":8,"hp":41,"w":1,"h":1,"t":0,"c":3,"e":-1,"r":0},{"x":8,"y":9,"hp":61,"w":1,"h":1,"t":0,"c":4,"e":5,"r":0},{"x":7,"y":11,"hp":80,"w":1,"h":1,"t":0,"c":4,"e":-1,"r":0},{"x":6,"y":11,"hp":80,"w":1,"h":1,"t":0,"c":4,"e":-1,"r":0},{"x":6,"y":12,"hp":65,"w":1,"h":1,"t":0,"c":3,"e":-1,"r":0},{"x":9,"y":13,"hp":47,"w":1,"h":1,"t":0,"c":3,"e":-1,"r":0},{"x":6,"y":13,"hp":47,"w":1,"h":1,"t":0,"c":3,"e":-1,"r":0},{"x":9,"y":14,"hp":80,"w":1,"h":1,"t":0,"c":4,"e":-1,"r":0},{"x":6,"y":14,"hp":80,"w":1,"h":1,"t":0,"c":4,"e":-1,"r":0},{"x":9,"y":15,"hp":65,"w":1,"h":1,"t":0,"c":3,"e":-1,"r":0},{"x":6,"y":15,"hp":65,"w":1,"h":1,"t":0,"c":3,"e":-1,"r":0},{"x":9,"y":16,"hp":62,"w":1,"h":1,"t":0,"c":4,"e":-1,"r":0},{"x":6,"y":16,"hp":62,"w":1,"h":1,"t":5,"c":4,"e":-1,"r":0},{"x":8,"y":17,"hp":95,"w":1,"h":1,"t":4,"c":3,"e":-1,"r":0},{"x":8,"y":18,"hp":120,"w":1,"h":1,"t":0,"c":4,"e":-1,"r":0},{"x":6,"y":18,"hp":120,"w":1,"h":1,"t":0,"c":4,"e":-1,"r":0},{"x":1,"y":9,"hp":61,"w":1,"h":1,"t":0,"c":4,"e":9,"r":0},{"x":9,"y":9,"hp":61,"w":1,"h":1,"t":0,"c":4,"e":9,"r":0},{"x":7,"y":9,"hp":61,"w":1,"h":1,"t":0,"c":4,"e":5,"r":0},{"x":3,"y":9,"hp":61,"w":1,"h":1,"t":0,"c":4,"e":5,"r":0},{"x":2,"y":5,"hp":35,"w":1,"h":1,"t":0,"c":3,"e":-1,"r":0},{"x":8,"y":5,"hp":35,"w":1,"h":1,"t":0,"c":3,"e":-1,"r":0},{"x":7,"y":15,"hp":65,"w":1,"h":1,"t":0,"c":3,"e":-1,"r":0},{"x":7,"y":18,"hp":120,"w":1,"h":1,"t":0,"c":4,"e":-1,"r":0},{"x":6,"y":17,"hp":60,"w":1,"h":1,"t":0,"c":3,"e":-1,"r":0},{"x":5,"y":17,"hp":60,"w":1,"h":1,"t":0,"c":3,"e":-1,"r":0},{"x":4,"y":17,"hp":60,"w":1,"h":1,"t":0,"c":3,"e":-1,"r":0},{"x":3,"y":14,"hp":80,"w":1,"h":1,"t":0,"c":4,"e":-1,"r":0},{"x":2,"y":14,"hp":80,"w":1,"h":1,"t":0,"c":4,"e":-1,"r":0},{"x":8,"y":13,"hp":47,"w":1,"h":1,"t":0,"c":3,"e":-1,"r":0},{"x":7,"y":13,"hp":47,"w":1,"h":1,"t":0,"c":3,"e":-1,"r":0},{"x":7,"y":14,"hp":80,"w":1,"h":1,"t":0,"c":4,"e":-1,"r":0},{"x":9,"y":18,"hp":120,"w":1,"h":1,"t":0,"c":4,"e":-1,"r":0},{"x":2,"y":16,"hp":60,"w":1,"h":1,"t":0,"c":4,"e":-1,"r":0},{"x":1,"y":16,"hp":60,"w":1,"h":1,"t":0,"c":4,"e":-1,"r":0},{"x":1,"y":5,"hp":35,"w":1,"h":1,"t":0,"c":3,"e":-1,"r":0},{"x":3,"y":5,"hp":35,"w":1,"h":1,"t":0,"c":3,"e":-1,"r":0},{"x":7,"y":5,"hp":35,"w":1,"h":1,"t":0,"c":3,"e":-1,"r":0},{"x":9,"y":5,"hp":35,"w":1,"h":1,"t":0,"c":3,"e":-1,"r":0},{"x":5,"y":13,"hp":47,"w":1,"h":1,"t":0,"c":3,"e":-1,"r":0},{"x":3,"y":12,"hp":60,"w":1,"h":1,"t":1,"c":2,"e":-1,"r":3},{"x":7,"y":12,"hp":60,"w":1,"h":1,"t":1,"c":2,"e":-1,"r":2},{"x":10,"y":6,"hp":11,"w":1,"h":1,"t":4,"c":4,"e":-1,"r":0},{"x":10,"y":8,"hp":5,"w":1,"h":1,"t":4,"c":4,"e":-1,"r":0},{"x":8,"y":8,"hp":41,"w":1,"h":1,"t":4,"c":4,"e":-1,"r":0},{"x":5,"y":8,"hp":41,"w":1,"h":1,"t":4,"c":4,"e":-1,"r":0},{"x":2,"y":8,"hp":41,"w":1,"h":1,"t":4,"c":4,"e":-1,"r":0},{"x":0,"y":8,"hp":5,"w":1,"h":1,"t":4,"c":4,"e":-1,"r":0},{"x":0,"y":6,"hp":11,"w":1,"h":1,"t":4,"c":4,"e":-1,"r":0},{"x":5,"y":12,"hp":60,"w":1,"h":1,"t":4,"c":4,"e":-1,"r":0},{"x":10,"y":16,"hp":60,"w":1,"h":1,"t":4,"c":4,"e":-1,"r":0},{"x":4,"y":8,"hp":41,"w":1,"h":1,"t":0,"c":4,"e":-1,"r":0},{"x":6,"y":8,"hp":41,"w":1,"h":1,"t":0,"c":4,"e":-1,"r":0},{"x":7,"y":8,"hp":41,"w":1,"h":1,"t":0,"c":4,"e":-1,"r":0},{"x":3,"y":8,"hp":41,"w":1,"h":1,"t":0,"c":4,"e":-1,"r":0},{"x":2,"y":7,"hp":76,"w":1,"h":1,"t":0,"c":4,"e":-1,"r":0},{"x":8,"y":7,"hp":76,"w":1,"h":1,"t":0,"c":4,"e":-1,"r":0},{"x":4,"y":7,"hp":76,"w":1,"h":1,"t":0,"c":4,"e":-1,"r":0},{"x":6,"y":7,"hp":76,"w":1,"h":1,"t":0,"c":4,"e":-1,"r":0},{"x":8,"y":11,"hp":80,"w":1,"h":1,"t":0,"c":4,"e":-1,"r":0},{"x":9,"y":11,"hp":80,"w":1,"h":1,"t":0,"c":4,"e":-1,"r":0},{"x":2,"y":11,"hp":80,"w":1,"h":1,"t":0,"c":4,"e":-1,"r":0},{"x":1,"y":11,"hp":80,"w":1,"h":1,"t":0,"c":4,"e":-1,"r":0}],"bu":[{"x":8,"y":14,"buff":0},{"x":2,"y":15,"buff":0},{"x":7,"y":17,"buff":0},{"x":1,"y":18,"buff":0},{"x":3,"y":15,"buff":3},{"x":9,"y":17,"buff":3},{"x":10,"y":14,"buff":1},{"x":0,"y":14,"buff":1},{"x":4,"y":6,"buff":1},{"x":5,"y":7,"buff":1},{"x":6,"y":6,"buff":1},{"x":9,"y":12,"buff":0},{"x":1,"y":12,"buff":0},{"x":2,"y":6,"buff":0},{"x":8,"y":6,"buff":0},{"x":7,"y":7,"buff":0},{"x":3,"y":7,"buff":0}]}