{"l":59,"h":15,"w":11,"br":[{"x":5,"y":6,"hp":39,"w":1,"h":1,"t":0,"c":3,"e":2,"r":0},{"x":0,"y":8,"hp":55,"w":1,"h":1,"t":0,"c":3,"e":-1,"r":0},{"x":1,"y":8,"hp":55,"w":1,"h":1,"t":0,"c":3,"e":-1,"r":0},{"x":4,"y":8,"hp":55,"w":1,"h":1,"t":0,"c":3,"e":-1,"r":0},{"x":5,"y":8,"hp":55,"w":1,"h":1,"t":0,"c":3,"e":7,"r":0},{"x":1,"y":9,"hp":47,"w":1,"h":1,"t":0,"c":4,"e":-1,"r":0},{"x":4,"y":9,"hp":47,"w":1,"h":1,"t":0,"c":4,"e":-1,"r":0},{"x":5,"y":9,"hp":47,"w":1,"h":1,"t":0,"c":4,"e":-1,"r":0},{"x":7,"y":6,"hp":39,"w":1,"h":1,"t":0,"c":3,"e":-1,"r":0},{"x":10,"y":7,"hp":55,"w":1,"h":1,"t":0,"c":4,"e":-1,"r":0},{"x":10,"y":8,"hp":55,"w":1,"h":1,"t":0,"c":3,"e":-1,"r":0},{"x":6,"y":8,"hp":55,"w":1,"h":1,"t":0,"c":3,"e":-1,"r":0},{"x":9,"y":9,"hp":47,"w":1,"h":1,"t":0,"c":4,"e":-1,"r":0},{"x":6,"y":9,"hp":47,"w":1,"h":1,"t":0,"c":4,"e":-1,"r":0},{"x":0,"y":11,"hp":55,"w":1,"h":1,"t":0,"c":4,"e":-1,"r":0},{"x":1,"y":11,"hp":55,"w":1,"h":1,"t":0,"c":4,"e":-1,"r":0},{"x":2,"y":11,"hp":55,"w":1,"h":1,"t":0,"c":4,"e":-1,"r":0},{"x":2,"y":10,"hp":100,"w":1,"h":1,"t":0,"c":3,"e":-1,"r":0},{"x":2,"y":9,"hp":47,"w":1,"h":1,"t":0,"c":4,"e":9,"r":0},{"x":9,"y":11,"hp":55,"w":1,"h":1,"t":0,"c":4,"e":-1,"r":0},{"x":10,"y":11,"hp":55,"w":1,"h":1,"t":0,"c":4,"e":-1,"r":0},{"x":8,"y":10,"hp":100,"w":1,"h":1,"t":0,"c":3,"e":-1,"r":0},{"x":8,"y":9,"hp":47,"w":1,"h":1,"t":0,"c":4,"e":9,"r":0},{"x":4,"y":6,"hp":39,"w":1,"h":1,"t":0,"c":3,"e":-1,"r":0},{"x":6,"y":6,"hp":39,"w":1,"h":1,"t":0,"c":3,"e":-1,"r":0},{"x":2,"y":12,"hp":48,"w":1,"h":1,"t":1,"c":3,"e":-1,"r":0},{"x":8,"y":12,"hp":48,"w":1,"h":1,"t":1,"c":3,"e":-1,"r":1},{"x":7,"y":11,"hp":55,"w":1,"h":1,"t":1,"c":4,"e":-1,"r":1},{"x":9,"y":12,"hp":48,"w":1,"h":1,"t":0,"c":3,"e":-1,"r":0},{"x":10,"y":12,"hp":48,"w":1,"h":1,"t":0,"c":3,"e":-1,"r":0},{"x":1,"y":12,"hp":48,"w":1,"h":1,"t":0,"c":3,"e":-1,"r":0},{"x":0,"y":12,"hp":48,"w":1,"h":1,"t":0,"c":3,"e":-1,"r":0},{"x":10,"y":10,"hp":100,"w":1,"h":1,"t":0,"c":3,"e":-1,"r":0},{"x":0,"y":10,"hp":100,"w":1,"h":1,"t":0,"c":3,"e":-1,"r":0},{"x":10,"y":6,"hp":39,"w":1,"h":1,"t":1,"c":3,"e":-1,"r":2},{"x":2,"y":8,"hp":55,"w":1,"h":1,"t":1,"c":3,"e":-1,"r":3},{"x":8,"y":8,"hp":55,"w":1,"h":1,"t":1,"c":3,"e":-1,"r":2},{"x":9,"y":7,"hp":55,"w":1,"h":1,"t":1,"c":4,"e":-1,"r":2},{"x":9,"y":8,"hp":55,"w":1,"h":1,"t":0,"c":3,"e":-1,"r":0},{"x":3,"y":6,"hp":39,"w":1,"h":1,"t":1,"c":3,"e":-1,"r":2},{"x":2,"y":6,"hp":39,"w":1,"h":1,"t":1,"c":3,"e":-1,"r":0},{"x":1,"y":6,"hp":39,"w":1,"h":1,"t":1,"c":3,"e":-1,"r":2},{"x":0,"y":7,"hp":55,"w":1,"h":1,"t":1,"c":4,"e":-1,"r":2},{"x":1,"y":7,"hp":55,"w":1,"h":1,"t":0,"c":4,"e":-1,"r":0},{"x":3,"y":7,"hp":55,"w":1,"h":1,"t":0,"c":4,"e":-1,"r":0},{"x":4,"y":7,"hp":55,"w":1,"h":1,"t":0,"c":4,"e":-1,"r":0},{"x":5,"y":7,"hp":55,"w":1,"h":1,"t":0,"c":4,"e":-1,"r":0},{"x":6,"y":7,"hp":55,"w":1,"h":1,"t":0,"c":4,"e":-1,"r":0},{"x":4,"y":13,"hp":55,"w":1,"h":1,"t":0,"c":4,"e":-1,"r":0},{"x":4,"y":12,"hp":48,"w":1,"h":1,"t":0,"c":3,"e":-1,"r":0},{"x":4,"y":11,"hp":55,"w":1,"h":1,"t":0,"c":4,"e":-1,"r":0},{"x":4,"y":10,"hp":100,"w":1,"h":1,"t":0,"c":3,"e":-1,"r":0},{"x":5,"y":10,"hp":100,"w":1,"h":1,"t":0,"c":3,"e":-1,"r":0},{"x":5,"y":11,"hp":55,"w":1,"h":1,"t":0,"c":4,"e":7,"r":0},{"x":5,"y":12,"hp":48,"w":1,"h":1,"t":0,"c":3,"e":-1,"r":0},{"x":5,"y":13,"hp":55,"w":1,"h":1,"t":0,"c":4,"e":-1,"r":0},{"x":6,"y":13,"hp":55,"w":1,"h":1,"t":0,"c":4,"e":-1,"r":0},{"x":3,"y":14,"hp":59,"w":1,"h":1,"t":0,"c":3,"e":-1,"r":0},{"x":4,"y":14,"hp":59,"w":1,"h":1,"t":0,"c":3,"e":-1,"r":0},{"x":5,"y":14,"hp":59,"w":1,"h":1,"t":0,"c":3,"e":7,"r":0},{"x":6,"y":14,"hp":59,"w":1,"h":1,"t":0,"c":3,"e":-1,"r":0},{"x":7,"y":14,"hp":59,"w":1,"h":1,"t":0,"c":3,"e":-1,"r":0},{"x":7,"y":13,"hp":55,"w":1,"h":1,"t":1,"c":4,"e":-1,"r":3},{"x":8,"y":14,"hp":59,"w":1,"h":1,"t":1,"c":3,"e":-1,"r":3},{"x":6,"y":12,"hp":48,"w":1,"h":1,"t":1,"c":3,"e":-1,"r":3},{"x":3,"y":13,"hp":55,"w":1,"h":1,"t":1,"c":4,"e":-1,"r":2},{"x":2,"y":14,"hp":59,"w":1,"h":1,"t":1,"c":3,"e":-1,"r":2},{"x":7,"y":7,"hp":55,"w":1,"h":1,"t":1,"c":4,"e":-1,"r":0},{"x":8,"y":6,"hp":39,"w":1,"h":1,"t":1,"c":3,"e":-1,"r":0},{"x":8,"y":11,"hp":55,"w":1,"h":1,"t":0,"c":4,"e":-1,"r":0}],"bu":[{"x":9,"y":6,"buff":11},{"x":8,"y":7,"buff":11},{"x":6,"y":10,"buff":11},{"x":7,"y":12,"buff":11},{"x":2,"y":13,"buff":11}]}