{"l":76,"h":17,"w":11,"br":[{"x":3,"y":5,"hp":42,"w":1,"h":1,"t":0,"c":2,"e":-1,"r":0},{"x":4,"y":5,"hp":42,"w":1,"h":1,"t":0,"c":2,"e":-1,"r":0},{"x":5,"y":5,"hp":42,"w":1,"h":1,"t":0,"c":2,"e":-1,"r":0},{"x":4,"y":6,"hp":43,"w":1,"h":1,"t":0,"c":3,"e":-1,"r":0},{"x":5,"y":6,"hp":43,"w":1,"h":1,"t":0,"c":3,"e":-1,"r":0},{"x":0,"y":7,"hp":52,"w":1,"h":1,"t":0,"c":4,"e":-1,"r":0},{"x":4,"y":7,"hp":52,"w":1,"h":1,"t":0,"c":4,"e":-1,"r":0},{"x":5,"y":7,"hp":52,"w":1,"h":1,"t":0,"c":4,"e":7,"r":0},{"x":0,"y":8,"hp":88,"w":1,"h":1,"t":0,"c":4,"e":-1,"r":0},{"x":2,"y":8,"hp":88,"w":1,"h":1,"t":0,"c":4,"e":-1,"r":0},{"x":4,"y":8,"hp":88,"w":1,"h":1,"t":0,"c":4,"e":-1,"r":0},{"x":5,"y":8,"hp":88,"w":1,"h":1,"t":0,"c":4,"e":-1,"r":0},{"x":0,"y":9,"hp":77,"w":1,"h":1,"t":0,"c":4,"e":-1,"r":0},{"x":2,"y":9,"hp":77,"w":1,"h":1,"t":0,"c":4,"e":-1,"r":0},{"x":4,"y":9,"hp":77,"w":1,"h":1,"t":0,"c":4,"e":-1,"r":0},{"x":4,"y":10,"hp":124,"w":1,"h":1,"t":0,"c":4,"e":-1,"r":0},{"x":0,"y":12,"hp":45,"w":1,"h":1,"t":0,"c":5,"e":-1,"r":0},{"x":1,"y":12,"hp":45,"w":1,"h":1,"t":0,"c":5,"e":-1,"r":0},{"x":4,"y":12,"hp":45,"w":1,"h":1,"t":0,"c":5,"e":-1,"r":0},{"x":5,"y":12,"hp":45,"w":1,"h":1,"t":0,"c":5,"e":-1,"r":0},{"x":0,"y":13,"hp":77,"w":1,"h":1,"t":0,"c":4,"e":-1,"r":0},{"x":1,"y":13,"hp":77,"w":1,"h":1,"t":0,"c":4,"e":-1,"r":0},{"x":5,"y":13,"hp":77,"w":1,"h":1,"t":0,"c":4,"e":-1,"r":0},{"x":0,"y":14,"hp":60,"w":1,"h":1,"t":0,"c":5,"e":-1,"r":0},{"x":1,"y":14,"hp":60,"w":1,"h":1,"t":0,"c":5,"e":-1,"r":0},{"x":2,"y":14,"hp":60,"w":1,"h":1,"t":0,"c":5,"e":-1,"r":0},{"x":5,"y":14,"hp":60,"w":1,"h":1,"t":0,"c":5,"e":-1,"r":0},{"x":4,"y":15,"hp":87,"w":1,"h":1,"t":0,"c":4,"e":-1,"r":0},{"x":5,"y":15,"hp":87,"w":1,"h":1,"t":0,"c":4,"e":-1,"r":0},{"x":1,"y":16,"hp":45,"w":1,"h":1,"t":0,"c":5,"e":-1,"r":0},{"x":3,"y":16,"hp":45,"w":1,"h":1,"t":0,"c":5,"e":-1,"r":0},{"x":7,"y":5,"hp":42,"w":1,"h":1,"t":0,"c":2,"e":-1,"r":0},{"x":6,"y":5,"hp":42,"w":1,"h":1,"t":0,"c":2,"e":-1,"r":0},{"x":6,"y":6,"hp":43,"w":1,"h":1,"t":0,"c":3,"e":-1,"r":0},{"x":10,"y":7,"hp":52,"w":1,"h":1,"t":0,"c":4,"e":-1,"r":0},{"x":6,"y":7,"hp":52,"w":1,"h":1,"t":0,"c":4,"e":-1,"r":0},{"x":10,"y":8,"hp":88,"w":1,"h":1,"t":0,"c":4,"e":-1,"r":0},{"x":8,"y":8,"hp":88,"w":1,"h":1,"t":0,"c":4,"e":-1,"r":0},{"x":6,"y":8,"hp":88,"w":1,"h":1,"t":0,"c":4,"e":-1,"r":0},{"x":10,"y":9,"hp":77,"w":1,"h":1,"t":0,"c":4,"e":-1,"r":0},{"x":8,"y":9,"hp":77,"w":1,"h":1,"t":0,"c":4,"e":-1,"r":0},{"x":6,"y":9,"hp":77,"w":1,"h":1,"t":0,"c":4,"e":-1,"r":0},{"x":6,"y":10,"hp":124,"w":1,"h":1,"t":0,"c":4,"e":-1,"r":0},{"x":10,"y":12,"hp":45,"w":1,"h":1,"t":0,"c":5,"e":-1,"r":0},{"x":9,"y":12,"hp":45,"w":1,"h":1,"t":0,"c":5,"e":-1,"r":0},{"x":6,"y":12,"hp":45,"w":1,"h":1,"t":0,"c":5,"e":-1,"r":0},{"x":9,"y":13,"hp":77,"w":1,"h":1,"t":0,"c":4,"e":-1,"r":0},{"x":8,"y":13,"hp":77,"w":1,"h":1,"t":0,"c":4,"e":-1,"r":0},{"x":7,"y":13,"hp":77,"w":1,"h":1,"t":0,"c":4,"e":-1,"r":0},{"x":10,"y":14,"hp":60,"w":1,"h":1,"t":0,"c":5,"e":-1,"r":0},{"x":9,"y":14,"hp":60,"w":1,"h":1,"t":0,"c":5,"e":-1,"r":0},{"x":8,"y":14,"hp":60,"w":1,"h":1,"t":0,"c":5,"e":-1,"r":0},{"x":8,"y":15,"hp":87,"w":1,"h":1,"t":0,"c":4,"e":-1,"r":0},{"x":6,"y":15,"hp":87,"w":1,"h":1,"t":0,"c":4,"e":-1,"r":0},{"x":5,"y":16,"hp":45,"w":1,"h":1,"t":0,"c":5,"e":-1,"r":0},{"x":6,"y":16,"hp":45,"w":1,"h":1,"t":0,"c":5,"e":-1,"r":0},{"x":7,"y":16,"hp":45,"w":1,"h":1,"t":0,"c":5,"e":-1,"r":0},{"x":8,"y":16,"hp":45,"w":1,"h":1,"t":0,"c":5,"e":-1,"r":0},{"x":7,"y":15,"hp":50,"w":1,"h":1,"t":0,"c":4,"e":-1,"r":0},{"x":6,"y":13,"hp":77,"w":1,"h":1,"t":0,"c":4,"e":-1,"r":0},{"x":2,"y":7,"hp":50,"w":1,"h":1,"t":0,"c":4,"e":-1,"r":0},{"x":3,"y":7,"hp":50,"w":1,"h":1,"t":0,"c":4,"e":-1,"r":0},{"x":7,"y":7,"hp":50,"w":1,"h":1,"t":0,"c":4,"e":-1,"r":0},{"x":8,"y":7,"hp":50,"w":1,"h":1,"t":0,"c":4,"e":-1,"r":0},{"x":8,"y":5,"hp":42,"w":1,"h":1,"t":1,"c":2,"e":-1,"r":0},{"x":2,"y":5,"hp":42,"w":1,"h":1,"t":1,"c":2,"e":-1,"r":1},{"x":7,"y":12,"hp":45,"w":1,"h":1,"t":1,"c":5,"e":-1,"r":2},{"x":3,"y":12,"hp":45,"w":1,"h":1,"t":1,"c":5,"e":-1,"r":3},{"x":9,"y":16,"hp":45,"w":1,"h":1,"t":1,"c":5,"e":-1,"r":0},{"x":10,"y":13,"hp":50,"w":1,"h":1,"t":1,"c":4,"e":-1,"r":0},{"x":4,"y":16,"hp":45,"w":1,"h":1,"t":1,"c":5,"e":-1,"r":1}],"bu":[{"x":4,"y":14,"buff":0},{"x":5,"y":11,"buff":7},{"x":2,"y":16,"buff":1},{"x":0,"y":16,"buff":3},{"x":1,"y":8,"buff":8},{"x":9,"y":8,"buff":8},{"x":7,"y":9,"buff":11},{"x":7,"y":8,"buff":11},{"x":3,"y":9,"buff":11},{"x":3,"y":8,"buff":11}]}