{"l":319,"h":26,"w":11,"br":[{"x":4,"y":5,"hp":65,"w":1,"h":1,"t":0,"c":1,"e":-1,"r":0},{"x":5,"y":6,"hp":46,"w":1,"h":1,"t":0,"c":1,"e":-1,"r":0},{"x":2,"y":7,"hp":48,"w":1,"h":1,"t":0,"c":1,"e":-1,"r":0},{"x":3,"y":8,"hp":73,"w":1,"h":1,"t":0,"c":1,"e":-1,"r":0},{"x":4,"y":9,"hp":45,"w":1,"h":1,"t":0,"c":1,"e":-1,"r":0},{"x":5,"y":10,"hp":66,"w":1,"h":1,"t":0,"c":1,"e":-1,"r":0},{"x":2,"y":11,"hp":77,"w":1,"h":1,"t":0,"c":1,"e":-1,"r":0},{"x":3,"y":12,"hp":63,"w":1,"h":1,"t":0,"c":1,"e":-1,"r":0},{"x":2,"y":13,"hp":107,"w":1,"h":1,"t":0,"c":1,"e":-1,"r":0},{"x":5,"y":13,"hp":107,"w":1,"h":1,"t":0,"c":1,"e":-1,"r":0},{"x":3,"y":14,"hp":114,"w":1,"h":1,"t":0,"c":1,"e":-1,"r":0},{"x":4,"y":14,"hp":114,"w":1,"h":1,"t":4,"c":1,"e":-1,"r":0},{"x":5,"y":14,"hp":114,"w":1,"h":1,"t":0,"c":1,"e":-1,"r":0},{"x":5,"y":15,"hp":168,"w":1,"h":1,"t":0,"c":1,"e":-1,"r":0},{"x":3,"y":16,"hp":143,"w":1,"h":1,"t":0,"c":1,"e":-1,"r":0},{"x":5,"y":16,"hp":143,"w":1,"h":1,"t":0,"c":1,"e":-1,"r":0},{"x":3,"y":17,"hp":78,"w":1,"h":1,"t":0,"c":1,"e":-1,"r":0},{"x":5,"y":17,"hp":78,"w":1,"h":1,"t":0,"c":1,"e":-1,"r":0},{"x":5,"y":18,"hp":177,"w":1,"h":1,"t":0,"c":1,"e":-1,"r":0},{"x":5,"y":19,"hp":138,"w":1,"h":1,"t":0,"c":1,"e":-1,"r":0},{"x":1,"y":20,"hp":100,"w":1,"h":1,"t":1,"c":1,"e":-1,"r":3},{"x":2,"y":20,"hp":100,"w":1,"h":1,"t":0,"c":1,"e":-1,"r":0},{"x":3,"y":20,"hp":100,"w":1,"h":1,"t":0,"c":1,"e":-1,"r":0},{"x":4,"y":20,"hp":100,"w":1,"h":1,"t":0,"c":1,"e":-1,"r":0},{"x":5,"y":20,"hp":100,"w":1,"h":1,"t":0,"c":1,"e":-1,"r":0},{"x":1,"y":21,"hp":210,"w":1,"h":1,"t":0,"c":1,"e":-1,"r":0},{"x":2,"y":21,"hp":210,"w":1,"h":1,"t":0,"c":1,"e":0,"r":0},{"x":3,"y":21,"hp":210,"w":1,"h":1,"t":0,"c":1,"e":-1,"r":0},{"x":5,"y":21,"hp":210,"w":1,"h":1,"t":0,"c":1,"e":-1,"r":0},{"x":3,"y":22,"hp":130,"w":1,"h":1,"t":0,"c":1,"e":-1,"r":0},{"x":5,"y":22,"hp":130,"w":1,"h":1,"t":0,"c":1,"e":-1,"r":0},{"x":5,"y":23,"hp":180,"w":1,"h":1,"t":0,"c":1,"e":-1,"r":0},{"x":0,"y":24,"hp":108,"w":1,"h":1,"t":0,"c":1,"e":-1,"r":0},{"x":3,"y":24,"hp":108,"w":1,"h":1,"t":0,"c":1,"e":-1,"r":0},{"x":5,"y":24,"hp":108,"w":1,"h":1,"t":0,"c":1,"e":-1,"r":0},{"x":8,"y":5,"hp":65,"w":1,"h":1,"t":0,"c":1,"e":-1,"r":0},{"x":9,"y":6,"hp":46,"w":1,"h":1,"t":0,"c":1,"e":-1,"r":0},{"x":7,"y":8,"hp":73,"w":1,"h":1,"t":0,"c":1,"e":-1,"r":0},{"x":8,"y":9,"hp":45,"w":1,"h":1,"t":0,"c":1,"e":-1,"r":0},{"x":9,"y":10,"hp":66,"w":1,"h":1,"t":0,"c":1,"e":-1,"r":0},{"x":6,"y":11,"hp":77,"w":1,"h":1,"t":0,"c":1,"e":-1,"r":0},{"x":7,"y":12,"hp":63,"w":1,"h":1,"t":0,"c":1,"e":-1,"r":0},{"x":8,"y":13,"hp":107,"w":1,"h":1,"t":0,"c":1,"e":-1,"r":0},{"x":9,"y":14,"hp":114,"w":1,"h":1,"t":4,"c":1,"e":-1,"r":0},{"x":7,"y":14,"hp":114,"w":1,"h":1,"t":0,"c":1,"e":-1,"r":0},{"x":6,"y":14,"hp":114,"w":1,"h":1,"t":4,"c":1,"e":-1,"r":0},{"x":9,"y":15,"hp":168,"w":1,"h":1,"t":0,"c":1,"e":-1,"r":0},{"x":8,"y":15,"hp":168,"w":1,"h":1,"t":0,"c":1,"e":-1,"r":0},{"x":7,"y":15,"hp":168,"w":1,"h":1,"t":0,"c":1,"e":-1,"r":0},{"x":6,"y":15,"hp":168,"w":1,"h":1,"t":0,"c":1,"e":-1,"r":0},{"x":10,"y":16,"hp":143,"w":1,"h":1,"t":5,"c":1,"e":-1,"r":0},{"x":7,"y":16,"hp":143,"w":1,"h":1,"t":0,"c":1,"e":-1,"r":0},{"x":7,"y":17,"hp":78,"w":1,"h":1,"t":0,"c":1,"e":-1,"r":0},{"x":6,"y":17,"hp":78,"w":1,"h":1,"t":0,"c":1,"e":-1,"r":0},{"x":6,"y":18,"hp":177,"w":1,"h":1,"t":0,"c":1,"e":0,"r":0},{"x":8,"y":19,"hp":138,"w":1,"h":1,"t":0,"c":1,"e":-1,"r":0},{"x":7,"y":19,"hp":138,"w":1,"h":1,"t":0,"c":1,"e":-1,"r":0},{"x":8,"y":20,"hp":100,"w":1,"h":1,"t":0,"c":1,"e":-1,"r":0},{"x":7,"y":20,"hp":100,"w":1,"h":1,"t":0,"c":1,"e":-1,"r":0},{"x":6,"y":20,"hp":100,"w":1,"h":1,"t":0,"c":1,"e":-1,"r":0},{"x":7,"y":21,"hp":210,"w":1,"h":1,"t":0,"c":1,"e":-1,"r":0},{"x":7,"y":22,"hp":130,"w":1,"h":1,"t":0,"c":1,"e":-1,"r":0},{"x":6,"y":22,"hp":130,"w":1,"h":1,"t":0,"c":1,"e":-1,"r":0},{"x":9,"y":23,"hp":180,"w":1,"h":1,"t":0,"c":1,"e":-1,"r":0},{"x":6,"y":23,"hp":180,"w":1,"h":1,"t":0,"c":1,"e":-1,"r":0},{"x":7,"y":24,"hp":108,"w":1,"h":1,"t":0,"c":1,"e":-1,"r":0},{"x":0,"y":6,"hp":412,"w":1,"h":5,"t":0,"c":1,"e":-1,"r":0},{"x":6,"y":7,"hp":50,"w":1,"h":1,"t":0,"c":1,"e":-1,"r":0},{"x":2,"y":5,"hp":65,"w":1,"h":1,"t":0,"c":1,"e":-1,"r":0},{"x":3,"y":6,"hp":77,"w":1,"h":1,"t":0,"c":1,"e":-1,"r":0},{"x":4,"y":7,"hp":77,"w":1,"h":1,"t":0,"c":1,"e":-1,"r":0},{"x":5,"y":8,"hp":73,"w":1,"h":1,"t":0,"c":1,"e":-1,"r":0},{"x":6,"y":9,"hp":45,"w":1,"h":1,"t":0,"c":1,"e":-1,"r":0},{"x":7,"y":10,"hp":66,"w":1,"h":1,"t":0,"c":1,"e":-1,"r":0},{"x":8,"y":11,"hp":77,"w":1,"h":1,"t":0,"c":1,"e":-1,"r":0},{"x":9,"y":12,"hp":77,"w":1,"h":1,"t":0,"c":1,"e":-1,"r":0},{"x":6,"y":5,"hp":65,"w":1,"h":1,"t":0,"c":1,"e":-1,"r":0},{"x":7,"y":6,"hp":77,"w":1,"h":1,"t":0,"c":1,"e":-1,"r":0},{"x":8,"y":7,"hp":77,"w":1,"h":1,"t":0,"c":1,"e":-1,"r":0},{"x":9,"y":8,"hp":73,"w":1,"h":1,"t":0,"c":1,"e":-1,"r":0},{"x":2,"y":9,"hp":45,"w":1,"h":1,"t":0,"c":1,"e":-1,"r":0},{"x":3,"y":10,"hp":66,"w":1,"h":1,"t":0,"c":1,"e":-1,"r":0},{"x":4,"y":11,"hp":77,"w":1,"h":1,"t":0,"c":1,"e":-1,"r":0},{"x":5,"y":12,"hp":77,"w":1,"h":1,"t":0,"c":1,"e":-1,"r":0},{"x":3,"y":13,"hp":107,"w":1,"h":1,"t":0,"c":1,"e":-1,"r":0},{"x":4,"y":13,"hp":107,"w":1,"h":1,"t":0,"c":1,"e":-1,"r":0},{"x":6,"y":13,"hp":107,"w":1,"h":1,"t":0,"c":1,"e":-1,"r":0},{"x":7,"y":13,"hp":107,"w":1,"h":1,"t":0,"c":1,"e":-1,"r":0},{"x":8,"y":14,"hp":114,"w":1,"h":1,"t":0,"c":1,"e":0,"r":0},{"x":2,"y":14,"hp":114,"w":1,"h":1,"t":0,"c":1,"e":-1,"r":0},{"x":1,"y":16,"hp":143,"w":1,"h":1,"t":0,"c":1,"e":-1,"r":0},{"x":6,"y":16,"hp":143,"w":1,"h":1,"t":0,"c":1,"e":-1,"r":0},{"x":1,"y":17,"hp":78,"w":1,"h":1,"t":0,"c":1,"e":-1,"r":0},{"x":1,"y":19,"hp":138,"w":1,"h":1,"t":0,"c":1,"e":-1,"r":0},{"x":10,"y":23,"hp":180,"w":1,"h":1,"t":0,"c":1,"e":-1,"r":0},{"x":10,"y":24,"hp":108,"w":1,"h":1,"t":0,"c":1,"e":-1,"r":0},{"x":9,"y":24,"hp":108,"w":1,"h":1,"t":0,"c":1,"e":-1,"r":0},{"x":6,"y":24,"hp":108,"w":1,"h":1,"t":0,"c":1,"e":-1,"r":0},{"x":4,"y":24,"hp":108,"w":1,"h":1,"t":0,"c":1,"e":-1,"r":0},{"x":7,"y":23,"hp":180,"w":1,"h":1,"t":0,"c":1,"e":-1,"r":0},{"x":2,"y":22,"hp":130,"w":1,"h":1,"t":0,"c":1,"e":-1,"r":0},{"x":1,"y":22,"hp":130,"w":1,"h":1,"t":0,"c":1,"e":-1,"r":0},{"x":9,"y":22,"hp":130,"w":1,"h":1,"t":0,"c":1,"e":-1,"r":0},{"x":6,"y":21,"hp":210,"w":1,"h":1,"t":0,"c":1,"e":-1,"r":0},{"x":6,"y":19,"hp":138,"w":1,"h":1,"t":0,"c":1,"e":-1,"r":0},{"x":3,"y":18,"hp":177,"w":1,"h":1,"t":0,"c":1,"e":-1,"r":0},{"x":4,"y":19,"hp":138,"w":1,"h":1,"t":0,"c":1,"e":-1,"r":0},{"x":9,"y":19,"hp":138,"w":1,"h":1,"t":0,"c":1,"e":-1,"r":0}],"bu":[{"x":3,"y":7,"buff":1},{"x":4,"y":8,"buff":1},{"x":5,"y":9,"buff":1},{"x":6,"y":10,"buff":1},{"x":3,"y":9,"buff":0},{"x":4,"y":10,"buff":0},{"x":5,"y":11,"buff":0},{"x":4,"y":6,"buff":0},{"x":5,"y":7,"buff":0},{"x":6,"y":8,"buff":0},{"x":7,"y":9,"buff":0},{"x":2,"y":8,"buff":0},{"x":5,"y":5,"buff":1},{"x":6,"y":6,"buff":1},{"x":7,"y":7,"buff":1},{"x":8,"y":8,"buff":1},{"x":10,"y":13,"buff":1},{"x":4,"y":21,"buff":1},{"x":5,"y":25,"buff":1},{"x":2,"y":24,"buff":1},{"x":4,"y":17,"buff":0},{"x":10,"y":15,"buff":0},{"x":3,"y":19,"buff":5},{"x":10,"y":6,"buff":3},{"x":10,"y":10,"buff":3},{"x":10,"y":19,"buff":3},{"x":1,"y":14,"buff":3}]}