{"l":75,"h":20,"w":17,"br":[{"x":7,"y":10,"hp":477,"w":2,"h":2,"t":8,"c":0,"e":-1,"r":0},{"x":2,"y":19,"hp":980,"w":1,"h":1,"t":0,"c":8,"e":-1,"r":0},{"x":4,"y":19,"hp":980,"w":1,"h":1,"t":0,"c":8,"e":-1,"r":0},{"x":6,"y":19,"hp":980,"w":1,"h":1,"t":0,"c":8,"e":-1,"r":0},{"x":8,"y":19,"hp":980,"w":1,"h":1,"t":0,"c":8,"e":-1,"r":0},{"x":10,"y":19,"hp":980,"w":1,"h":1,"t":0,"c":8,"e":-1,"r":0},{"x":12,"y":19,"hp":980,"w":1,"h":1,"t":0,"c":8,"e":-1,"r":0},{"x":14,"y":19,"hp":980,"w":1,"h":1,"t":0,"c":8,"e":-1,"r":0},{"x":16,"y":19,"hp":980,"w":1,"h":1,"t":0,"c":8,"e":-1,"r":0},{"x":16,"y":17,"hp":980,"w":1,"h":1,"t":0,"c":8,"e":-1,"r":0},{"x":16,"y":15,"hp":980,"w":1,"h":1,"t":0,"c":8,"e":-1,"r":0},{"x":16,"y":13,"hp":980,"w":1,"h":1,"t":0,"c":8,"e":-1,"r":0},{"x":16,"y":11,"hp":980,"w":1,"h":1,"t":0,"c":8,"e":-1,"r":0},{"x":16,"y":9,"hp":980,"w":1,"h":1,"t":0,"c":8,"e":-1,"r":0},{"x":16,"y":7,"hp":980,"w":1,"h":1,"t":0,"c":8,"e":-1,"r":0},{"x":16,"y":5,"hp":980,"w":1,"h":1,"t":0,"c":8,"e":-1,"r":0},{"x":14,"y":5,"hp":980,"w":1,"h":1,"t":0,"c":8,"e":-1,"r":0},{"x":12,"y":5,"hp":980,"w":1,"h":1,"t":0,"c":8,"e":-1,"r":0},{"x":10,"y":5,"hp":980,"w":1,"h":1,"t":0,"c":8,"e":-1,"r":0},{"x":8,"y":5,"hp":980,"w":1,"h":1,"t":0,"c":8,"e":-1,"r":0},{"x":6,"y":5,"hp":980,"w":1,"h":1,"t":0,"c":8,"e":-1,"r":0},{"x":4,"y":5,"hp":980,"w":1,"h":1,"t":0,"c":8,"e":-1,"r":0},{"x":2,"y":5,"hp":980,"w":1,"h":1,"t":0,"c":8,"e":-1,"r":0},{"x":2,"y":7,"hp":980,"w":1,"h":1,"t":0,"c":8,"e":-1,"r":0},{"x":2,"y":9,"hp":980,"w":1,"h":1,"t":0,"c":8,"e":-1,"r":0},{"x":2,"y":11,"hp":980,"w":1,"h":1,"t":0,"c":8,"e":-1,"r":0},{"x":2,"y":13,"hp":980,"w":1,"h":1,"t":0,"c":8,"e":-1,"r":0},{"x":2,"y":15,"hp":980,"w":1,"h":1,"t":0,"c":8,"e":-1,"r":0},{"x":2,"y":17,"hp":980,"w":1,"h":1,"t":0,"c":8,"e":-1,"r":0},{"x":4,"y":17,"hp":980,"w":1,"h":1,"t":0,"c":8,"e":-1,"r":0},{"x":6,"y":17,"hp":980,"w":1,"h":1,"t":0,"c":8,"e":-1,"r":0},{"x":8,"y":17,"hp":980,"w":1,"h":1,"t":0,"c":8,"e":-1,"r":0},{"x":10,"y":17,"hp":980,"w":1,"h":1,"t":0,"c":8,"e":-1,"r":0},{"x":12,"y":17,"hp":980,"w":1,"h":1,"t":0,"c":8,"e":-1,"r":0},{"x":14,"y":17,"hp":980,"w":1,"h":1,"t":0,"c":8,"e":-1,"r":0},{"x":14,"y":15,"hp":980,"w":1,"h":1,"t":0,"c":8,"e":-1,"r":0},{"x":14,"y":13,"hp":980,"w":1,"h":1,"t":0,"c":8,"e":-1,"r":0},{"x":14,"y":11,"hp":980,"w":1,"h":1,"t":0,"c":8,"e":-1,"r":0},{"x":14,"y":9,"hp":980,"w":1,"h":1,"t":0,"c":8,"e":-1,"r":0},{"x":14,"y":7,"hp":980,"w":1,"h":1,"t":0,"c":8,"e":-1,"r":0},{"x":12,"y":7,"hp":980,"w":1,"h":1,"t":0,"c":8,"e":-1,"r":0},{"x":10,"y":7,"hp":980,"w":1,"h":1,"t":0,"c":8,"e":-1,"r":0},{"x":8,"y":7,"hp":980,"w":1,"h":1,"t":0,"c":8,"e":-1,"r":0},{"x":6,"y":7,"hp":980,"w":1,"h":1,"t":0,"c":8,"e":-1,"r":0},{"x":4,"y":7,"hp":980,"w":1,"h":1,"t":0,"c":8,"e":-1,"r":0},{"x":4,"y":9,"hp":980,"w":1,"h":1,"t":0,"c":8,"e":-1,"r":0},{"x":4,"y":11,"hp":980,"w":1,"h":1,"t":0,"c":8,"e":-1,"r":0},{"x":4,"y":13,"hp":980,"w":1,"h":1,"t":0,"c":8,"e":-1,"r":0},{"x":4,"y":15,"hp":980,"w":1,"h":1,"t":0,"c":8,"e":-1,"r":0},{"x":6,"y":15,"hp":980,"w":1,"h":1,"t":0,"c":8,"e":-1,"r":0},{"x":8,"y":15,"hp":980,"w":1,"h":1,"t":0,"c":8,"e":-1,"r":0},{"x":10,"y":15,"hp":980,"w":1,"h":1,"t":0,"c":8,"e":-1,"r":0},{"x":12,"y":15,"hp":980,"w":1,"h":1,"t":0,"c":8,"e":-1,"r":0},{"x":12,"y":13,"hp":980,"w":1,"h":1,"t":0,"c":8,"e":-1,"r":0},{"x":12,"y":11,"hp":980,"w":1,"h":1,"t":0,"c":8,"e":-1,"r":0},{"x":12,"y":9,"hp":980,"w":1,"h":1,"t":0,"c":8,"e":-1,"r":0},{"x":10,"y":9,"hp":980,"w":1,"h":1,"t":0,"c":8,"e":-1,"r":0},{"x":8,"y":9,"hp":980,"w":1,"h":1,"t":0,"c":8,"e":-1,"r":0},{"x":6,"y":9,"hp":980,"w":1,"h":1,"t":0,"c":8,"e":-1,"r":0},{"x":6,"y":11,"hp":980,"w":1,"h":1,"t":0,"c":8,"e":-1,"r":0},{"x":6,"y":13,"hp":980,"w":1,"h":1,"t":0,"c":8,"e":-1,"r":0},{"x":8,"y":13,"hp":980,"w":1,"h":1,"t":0,"c":8,"e":-1,"r":0},{"x":10,"y":13,"hp":980,"w":1,"h":1,"t":0,"c":8,"e":-1,"r":0},{"x":0,"y":19,"hp":980,"w":1,"h":1,"t":0,"c":8,"e":-1,"r":0},{"x":0,"y":17,"hp":980,"w":1,"h":1,"t":0,"c":8,"e":-1,"r":0},{"x":0,"y":15,"hp":980,"w":1,"h":1,"t":0,"c":8,"e":-1,"r":0},{"x":0,"y":13,"hp":980,"w":1,"h":1,"t":0,"c":8,"e":-1,"r":0},{"x":0,"y":11,"hp":980,"w":1,"h":1,"t":0,"c":8,"e":-1,"r":0},{"x":0,"y":9,"hp":980,"w":1,"h":1,"t":0,"c":8,"e":-1,"r":0},{"x":0,"y":7,"hp":980,"w":1,"h":1,"t":0,"c":8,"e":-1,"r":0},{"x":0,"y":5,"hp":980,"w":1,"h":1,"t":0,"c":8,"e":-1,"r":0},{"x":3,"y":5,"hp":980,"w":1,"h":1,"t":0,"c":5,"e":-1,"r":0},{"x":5,"y":5,"hp":980,"w":1,"h":1,"t":0,"c":5,"e":-1,"r":0},{"x":7,"y":5,"hp":980,"w":1,"h":1,"t":0,"c":5,"e":-1,"r":0},{"x":9,"y":5,"hp":980,"w":1,"h":1,"t":0,"c":5,"e":-1,"r":0},{"x":11,"y":5,"hp":980,"w":1,"h":1,"t":0,"c":5,"e":-1,"r":0},{"x":13,"y":5,"hp":980,"w":1,"h":1,"t":0,"c":5,"e":-1,"r":0},{"x":15,"y":5,"hp":980,"w":1,"h":1,"t":0,"c":5,"e":-1,"r":0},{"x":16,"y":6,"hp":980,"w":1,"h":1,"t":0,"c":5,"e":-1,"r":0},{"x":16,"y":8,"hp":980,"w":1,"h":1,"t":0,"c":5,"e":-1,"r":0},{"x":16,"y":10,"hp":980,"w":1,"h":1,"t":0,"c":5,"e":-1,"r":0},{"x":16,"y":12,"hp":980,"w":1,"h":1,"t":0,"c":5,"e":-1,"r":0},{"x":16,"y":14,"hp":980,"w":1,"h":1,"t":0,"c":5,"e":-1,"r":0},{"x":16,"y":16,"hp":980,"w":1,"h":1,"t":0,"c":5,"e":-1,"r":0},{"x":16,"y":18,"hp":980,"w":1,"h":1,"t":0,"c":5,"e":-1,"r":0},{"x":15,"y":19,"hp":980,"w":1,"h":1,"t":0,"c":5,"e":-1,"r":0},{"x":13,"y":19,"hp":980,"w":1,"h":1,"t":0,"c":5,"e":-1,"r":0},{"x":11,"y":19,"hp":980,"w":1,"h":1,"t":0,"c":5,"e":-1,"r":0},{"x":9,"y":19,"hp":980,"w":1,"h":1,"t":0,"c":5,"e":-1,"r":0},{"x":7,"y":19,"hp":980,"w":1,"h":1,"t":0,"c":5,"e":-1,"r":0},{"x":5,"y":19,"hp":980,"w":1,"h":1,"t":0,"c":5,"e":-1,"r":0},{"x":3,"y":19,"hp":980,"w":1,"h":1,"t":0,"c":5,"e":-1,"r":0},{"x":1,"y":19,"hp":980,"w":1,"h":1,"t":0,"c":5,"e":-1,"r":0},{"x":0,"y":18,"hp":980,"w":1,"h":1,"t":0,"c":5,"e":-1,"r":0},{"x":0,"y":16,"hp":980,"w":1,"h":1,"t":0,"c":5,"e":-1,"r":0},{"x":0,"y":14,"hp":980,"w":1,"h":1,"t":0,"c":5,"e":-1,"r":0},{"x":0,"y":12,"hp":980,"w":1,"h":1,"t":0,"c":5,"e":-1,"r":0},{"x":0,"y":10,"hp":980,"w":1,"h":1,"t":0,"c":5,"e":-1,"r":0},{"x":0,"y":8,"hp":980,"w":1,"h":1,"t":0,"c":5,"e":-1,"r":0},{"x":0,"y":6,"hp":980,"w":1,"h":1,"t":0,"c":5,"e":-1,"r":0},{"x":2,"y":6,"hp":980,"w":1,"h":1,"t":0,"c":5,"e":-1,"r":0},{"x":2,"y":8,"hp":980,"w":1,"h":1,"t":0,"c":5,"e":-1,"r":0},{"x":2,"y":10,"hp":980,"w":1,"h":1,"t":0,"c":5,"e":-1,"r":0},{"x":2,"y":12,"hp":980,"w":1,"h":1,"t":0,"c":5,"e":-1,"r":0},{"x":2,"y":14,"hp":980,"w":1,"h":1,"t":0,"c":5,"e":-1,"r":0},{"x":2,"y":16,"hp":980,"w":1,"h":1,"t":0,"c":5,"e":-1,"r":0},{"x":3,"y":17,"hp":980,"w":1,"h":1,"t":0,"c":5,"e":-1,"r":0},{"x":5,"y":17,"hp":980,"w":1,"h":1,"t":0,"c":5,"e":-1,"r":0},{"x":7,"y":17,"hp":980,"w":1,"h":1,"t":0,"c":5,"e":-1,"r":0},{"x":9,"y":17,"hp":980,"w":1,"h":1,"t":0,"c":5,"e":-1,"r":0},{"x":11,"y":17,"hp":980,"w":1,"h":1,"t":0,"c":5,"e":-1,"r":0},{"x":13,"y":17,"hp":980,"w":1,"h":1,"t":0,"c":5,"e":-1,"r":0},{"x":14,"y":16,"hp":980,"w":1,"h":1,"t":0,"c":5,"e":-1,"r":0},{"x":14,"y":14,"hp":980,"w":1,"h":1,"t":0,"c":5,"e":-1,"r":0},{"x":14,"y":12,"hp":980,"w":1,"h":1,"t":0,"c":5,"e":-1,"r":0},{"x":14,"y":10,"hp":980,"w":1,"h":1,"t":0,"c":5,"e":-1,"r":0},{"x":14,"y":8,"hp":980,"w":1,"h":1,"t":0,"c":5,"e":-1,"r":0},{"x":13,"y":7,"hp":980,"w":1,"h":1,"t":0,"c":5,"e":-1,"r":0},{"x":11,"y":7,"hp":980,"w":1,"h":1,"t":0,"c":5,"e":-1,"r":0},{"x":9,"y":7,"hp":980,"w":1,"h":1,"t":0,"c":5,"e":-1,"r":0},{"x":7,"y":7,"hp":980,"w":1,"h":1,"t":0,"c":5,"e":-1,"r":0},{"x":5,"y":7,"hp":980,"w":1,"h":1,"t":0,"c":5,"e":-1,"r":0},{"x":4,"y":8,"hp":980,"w":1,"h":1,"t":0,"c":5,"e":-1,"r":0},{"x":4,"y":10,"hp":980,"w":1,"h":1,"t":0,"c":5,"e":-1,"r":0},{"x":4,"y":12,"hp":980,"w":1,"h":1,"t":0,"c":5,"e":-1,"r":0},{"x":4,"y":14,"hp":980,"w":1,"h":1,"t":0,"c":5,"e":-1,"r":0},{"x":5,"y":15,"hp":980,"w":1,"h":1,"t":0,"c":5,"e":-1,"r":0},{"x":7,"y":15,"hp":980,"w":1,"h":1,"t":0,"c":5,"e":-1,"r":0},{"x":9,"y":15,"hp":980,"w":1,"h":1,"t":0,"c":5,"e":-1,"r":0},{"x":11,"y":15,"hp":980,"w":1,"h":1,"t":0,"c":5,"e":-1,"r":0},{"x":12,"y":14,"hp":980,"w":1,"h":1,"t":0,"c":5,"e":-1,"r":0},{"x":12,"y":12,"hp":980,"w":1,"h":1,"t":0,"c":5,"e":-1,"r":0},{"x":12,"y":10,"hp":980,"w":1,"h":1,"t":0,"c":5,"e":-1,"r":0},{"x":11,"y":9,"hp":980,"w":1,"h":1,"t":0,"c":5,"e":-1,"r":0},{"x":9,"y":9,"hp":980,"w":1,"h":1,"t":0,"c":5,"e":-1,"r":0},{"x":7,"y":9,"hp":980,"w":1,"h":1,"t":0,"c":5,"e":-1,"r":0},{"x":6,"y":10,"hp":980,"w":1,"h":1,"t":0,"c":5,"e":-1,"r":0},{"x":6,"y":12,"hp":980,"w":1,"h":1,"t":0,"c":5,"e":-1,"r":0},{"x":7,"y":13,"hp":980,"w":1,"h":1,"t":0,"c":5,"e":-1,"r":0},{"x":9,"y":13,"hp":980,"w":1,"h":1,"t":0,"c":5,"e":-1,"r":0},{"x":10,"y":12,"hp":980,"w":1,"h":1,"t":0,"c":5,"e":-1,"r":0}],"bu":[{"x":1,"y":11,"buff":1},{"x":1,"y":14,"buff":1},{"x":1,"y":17,"buff":1},{"x":3,"y":18,"buff":1},{"x":6,"y":18,"buff":1},{"x":9,"y":18,"buff":1},{"x":12,"y":18,"buff":1},{"x":15,"y":18,"buff":1},{"x":15,"y":15,"buff":1},{"x":15,"y":12,"buff":1},{"x":15,"y":9,"buff":1},{"x":1,"y":8,"buff":0},{"x":1,"y":5,"buff":0},{"x":15,"y":6,"buff":0}]}