{"l":51,"h":15,"w":11,"br":[{"x":1,"y":5,"hp":39,"w":1,"h":1,"t":0,"c":2,"e":-1,"r":0},{"x":2,"y":5,"hp":39,"w":1,"h":1,"t":0,"c":2,"e":-1,"r":0},{"x":5,"y":5,"hp":39,"w":1,"h":1,"t":0,"c":2,"e":-1,"r":0},{"x":1,"y":6,"hp":43,"w":1,"h":1,"t":0,"c":4,"e":4,"r":0},{"x":3,"y":6,"hp":43,"w":1,"h":1,"t":0,"c":4,"e":-1,"r":0},{"x":4,"y":6,"hp":43,"w":1,"h":1,"t":0,"c":4,"e":-1,"r":0},{"x":3,"y":7,"hp":62,"w":1,"h":1,"t":0,"c":4,"e":-1,"r":0},{"x":5,"y":7,"hp":62,"w":1,"h":1,"t":0,"c":4,"e":-1,"r":0},{"x":2,"y":9,"hp":48,"w":1,"h":1,"t":0,"c":2,"e":4,"r":0},{"x":5,"y":9,"hp":48,"w":1,"h":1,"t":0,"c":2,"e":-1,"r":0},{"x":1,"y":10,"hp":80,"w":1,"h":1,"t":0,"c":4,"e":-1,"r":0},{"x":2,"y":10,"hp":80,"w":1,"h":1,"t":0,"c":4,"e":-1,"r":0},{"x":3,"y":10,"hp":80,"w":1,"h":1,"t":0,"c":4,"e":-1,"r":0},{"x":5,"y":10,"hp":80,"w":1,"h":1,"t":0,"c":4,"e":-1,"r":0},{"x":3,"y":12,"hp":55,"w":1,"h":1,"t":0,"c":4,"e":-1,"r":0},{"x":1,"y":13,"hp":50,"w":1,"h":1,"t":0,"c":3,"e":-1,"r":0},{"x":2,"y":13,"hp":50,"w":1,"h":1,"t":0,"c":3,"e":-1,"r":0},{"x":4,"y":13,"hp":50,"w":1,"h":1,"t":0,"c":3,"e":-1,"r":0},{"x":5,"y":13,"hp":50,"w":1,"h":1,"t":0,"c":3,"e":7,"r":0},{"x":3,"y":14,"hp":59,"w":1,"h":1,"t":0,"c":4,"e":-1,"r":0},{"x":9,"y":5,"hp":39,"w":1,"h":1,"t":0,"c":2,"e":-1,"r":0},{"x":9,"y":6,"hp":43,"w":1,"h":1,"t":0,"c":4,"e":4,"r":0},{"x":7,"y":6,"hp":43,"w":1,"h":1,"t":0,"c":4,"e":-1,"r":0},{"x":6,"y":6,"hp":43,"w":1,"h":1,"t":0,"c":4,"e":-1,"r":0},{"x":8,"y":7,"hp":62,"w":1,"h":1,"t":0,"c":4,"e":-1,"r":0},{"x":7,"y":7,"hp":62,"w":1,"h":1,"t":0,"c":4,"e":-1,"r":0},{"x":8,"y":9,"hp":48,"w":1,"h":1,"t":0,"c":2,"e":4,"r":0},{"x":9,"y":10,"hp":80,"w":1,"h":1,"t":0,"c":4,"e":-1,"r":0},{"x":8,"y":10,"hp":80,"w":1,"h":1,"t":0,"c":4,"e":7,"r":0},{"x":7,"y":10,"hp":80,"w":1,"h":1,"t":0,"c":4,"e":-1,"r":0},{"x":7,"y":11,"hp":60,"w":1,"h":1,"t":0,"c":4,"e":-1,"r":0},{"x":7,"y":12,"hp":55,"w":1,"h":1,"t":0,"c":4,"e":-1,"r":0},{"x":8,"y":13,"hp":50,"w":1,"h":1,"t":0,"c":3,"e":-1,"r":0},{"x":6,"y":13,"hp":50,"w":1,"h":1,"t":0,"c":3,"e":-1,"r":0},{"x":9,"y":14,"hp":59,"w":1,"h":1,"t":0,"c":4,"e":4,"r":0},{"x":7,"y":14,"hp":59,"w":1,"h":1,"t":0,"c":4,"e":-1,"r":0},{"x":8,"y":12,"hp":55,"w":1,"h":1,"t":1,"c":4,"e":-1,"r":0},{"x":9,"y":11,"hp":60,"w":1,"h":1,"t":1,"c":4,"e":-1,"r":0},{"x":2,"y":12,"hp":55,"w":1,"h":1,"t":1,"c":4,"e":-1,"r":1},{"x":1,"y":7,"hp":62,"w":1,"h":1,"t":1,"c":4,"e":-1,"r":1},{"x":9,"y":7,"hp":62,"w":1,"h":1,"t":1,"c":4,"e":-1,"r":0},{"x":8,"y":14,"hp":59,"w":1,"h":1,"t":0,"c":4,"e":-1,"r":0},{"x":7,"y":13,"hp":50,"w":1,"h":1,"t":0,"c":3,"e":-1,"r":0},{"x":2,"y":14,"hp":59,"w":1,"h":1,"t":0,"c":4,"e":-1,"r":0},{"x":1,"y":14,"hp":59,"w":1,"h":1,"t":0,"c":4,"e":-1,"r":0},{"x":5,"y":12,"hp":55,"w":1,"h":1,"t":0,"c":4,"e":-1,"r":0},{"x":8,"y":11,"hp":60,"w":1,"h":1,"t":1,"c":4,"e":-1,"r":2},{"x":2,"y":11,"hp":60,"w":1,"h":1,"t":1,"c":4,"e":-1,"r":3},{"x":8,"y":6,"hp":43,"w":1,"h":1,"t":1,"c":4,"e":-1,"r":1},{"x":2,"y":6,"hp":43,"w":1,"h":1,"t":1,"c":4,"e":-1,"r":0},{"x":5,"y":6,"hp":30,"w":1,"h":1,"t":1,"c":2,"e":-1,"r":1},{"x":7,"y":9,"hp":30,"w":1,"h":1,"t":1,"c":2,"e":-1,"r":2},{"x":9,"y":13,"hp":50,"w":1,"h":1,"t":1,"c":3,"e":-1,"r":0}],"bu":[{"x":10,"y":13,"buff":0},{"x":0,"y":13,"buff":3},{"x":10,"y":10,"buff":1},{"x":0,"y":10,"buff":1},{"x":3,"y":8,"buff":0},{"x":5,"y":8,"buff":0},{"x":7,"y":8,"buff":0},{"x":10,"y":6,"buff":0},{"x":0,"y":6,"buff":0},{"x":4,"y":10,"buff":3}]}