{"l":353,"h":42,"w":11,"br":[{"x":1,"y":5,"hp":87,"w":1,"h":1,"t":0,"c":5,"e":-1,"r":0},{"x":2,"y":5,"hp":87,"w":1,"h":1,"t":0,"c":5,"e":-1,"r":0},{"x":3,"y":5,"hp":87,"w":1,"h":1,"t":0,"c":5,"e":-1,"r":0},{"x":4,"y":5,"hp":87,"w":1,"h":1,"t":0,"c":5,"e":-1,"r":0},{"x":5,"y":5,"hp":87,"w":1,"h":1,"t":0,"c":5,"e":-1,"r":0},{"x":3,"y":6,"hp":102,"w":1,"h":1,"t":0,"c":5,"e":-1,"r":0},{"x":3,"y":7,"hp":90,"w":1,"h":1,"t":0,"c":5,"e":-1,"r":0},{"x":4,"y":7,"hp":90,"w":1,"h":1,"t":0,"c":5,"e":-1,"r":0},{"x":5,"y":7,"hp":90,"w":1,"h":1,"t":0,"c":5,"e":-1,"r":0},{"x":5,"y":8,"hp":87,"w":1,"h":1,"t":0,"c":5,"e":-1,"r":0},{"x":2,"y":9,"hp":97,"w":1,"h":1,"t":0,"c":2,"e":-1,"r":0},{"x":3,"y":9,"hp":97,"w":1,"h":1,"t":0,"c":2,"e":-1,"r":0},{"x":4,"y":9,"hp":97,"w":1,"h":1,"t":0,"c":2,"e":-1,"r":0},{"x":5,"y":9,"hp":97,"w":1,"h":1,"t":0,"c":2,"e":-1,"r":0},{"x":1,"y":10,"hp":138,"w":1,"h":1,"t":0,"c":3,"e":-1,"r":0},{"x":2,"y":10,"hp":138,"w":1,"h":1,"t":0,"c":3,"e":-1,"r":0},{"x":3,"y":10,"hp":138,"w":1,"h":1,"t":0,"c":3,"e":-1,"r":0},{"x":5,"y":10,"hp":138,"w":1,"h":1,"t":0,"c":3,"e":-1,"r":0},{"x":1,"y":11,"hp":87,"w":1,"h":1,"t":0,"c":5,"e":-1,"r":0},{"x":3,"y":11,"hp":87,"w":1,"h":1,"t":0,"c":5,"e":-1,"r":0},{"x":5,"y":11,"hp":87,"w":1,"h":1,"t":0,"c":5,"e":-1,"r":0},{"x":1,"y":12,"hp":63,"w":1,"h":1,"t":0,"c":5,"e":-1,"r":0},{"x":3,"y":12,"hp":63,"w":1,"h":1,"t":0,"c":5,"e":-1,"r":0},{"x":4,"y":12,"hp":63,"w":1,"h":1,"t":0,"c":5,"e":-1,"r":0},{"x":5,"y":12,"hp":63,"w":1,"h":1,"t":0,"c":5,"e":7,"r":0},{"x":2,"y":13,"hp":90,"w":1,"h":1,"t":0,"c":5,"e":-1,"r":0},{"x":5,"y":13,"hp":90,"w":1,"h":1,"t":0,"c":5,"e":-1,"r":0},{"x":2,"y":14,"hp":99,"w":1,"h":1,"t":0,"c":5,"e":-1,"r":0},{"x":4,"y":14,"hp":99,"w":1,"h":1,"t":0,"c":5,"e":-1,"r":0},{"x":5,"y":14,"hp":99,"w":1,"h":1,"t":0,"c":5,"e":-1,"r":0},{"x":2,"y":15,"hp":50,"w":1,"h":1,"t":0,"c":5,"e":-1,"r":0},{"x":3,"y":15,"hp":50,"w":1,"h":1,"t":0,"c":5,"e":-1,"r":0},{"x":1,"y":20,"hp":261,"w":1,"h":1,"t":0,"c":5,"e":-1,"r":0},{"x":3,"y":20,"hp":261,"w":1,"h":1,"t":0,"c":5,"e":-1,"r":0},{"x":4,"y":20,"hp":261,"w":1,"h":1,"t":0,"c":5,"e":-1,"r":0},{"x":5,"y":20,"hp":261,"w":1,"h":1,"t":0,"c":5,"e":-1,"r":0},{"x":2,"y":21,"hp":100,"w":1,"h":1,"t":0,"c":5,"e":-1,"r":0},{"x":3,"y":21,"hp":100,"w":1,"h":1,"t":0,"c":5,"e":-1,"r":0},{"x":4,"y":21,"hp":100,"w":1,"h":1,"t":0,"c":5,"e":-1,"r":0},{"x":3,"y":22,"hp":130,"w":1,"h":1,"t":0,"c":5,"e":-1,"r":0},{"x":5,"y":22,"hp":130,"w":1,"h":1,"t":0,"c":5,"e":-1,"r":0},{"x":0,"y":23,"hp":203,"w":1,"h":1,"t":0,"c":5,"e":-1,"r":0},{"x":1,"y":23,"hp":203,"w":1,"h":1,"t":0,"c":5,"e":-1,"r":0},{"x":3,"y":23,"hp":203,"w":1,"h":1,"t":0,"c":5,"e":-1,"r":0},{"x":5,"y":23,"hp":203,"w":1,"h":1,"t":0,"c":5,"e":-1,"r":0},{"x":1,"y":24,"hp":175,"w":1,"h":1,"t":0,"c":5,"e":-1,"r":0},{"x":5,"y":24,"hp":175,"w":1,"h":1,"t":0,"c":5,"e":-1,"r":0},{"x":5,"y":25,"hp":101,"w":1,"h":1,"t":0,"c":5,"e":-1,"r":0},{"x":3,"y":26,"hp":173,"w":1,"h":1,"t":0,"c":5,"e":-1,"r":0},{"x":4,"y":26,"hp":173,"w":1,"h":1,"t":0,"c":5,"e":4,"r":0},{"x":5,"y":26,"hp":173,"w":1,"h":1,"t":0,"c":5,"e":-1,"r":0},{"x":0,"y":27,"hp":102,"w":1,"h":1,"t":0,"c":5,"e":-1,"r":0},{"x":1,"y":27,"hp":102,"w":1,"h":1,"t":0,"c":5,"e":-1,"r":0},{"x":3,"y":27,"hp":102,"w":1,"h":1,"t":0,"c":5,"e":-1,"r":0},{"x":5,"y":27,"hp":102,"w":1,"h":1,"t":0,"c":5,"e":-1,"r":0},{"x":1,"y":28,"hp":168,"w":1,"h":1,"t":0,"c":5,"e":-1,"r":0},{"x":2,"y":28,"hp":168,"w":1,"h":1,"t":0,"c":5,"e":-1,"r":0},{"x":3,"y":28,"hp":168,"w":1,"h":1,"t":0,"c":5,"e":-1,"r":0},{"x":4,"y":28,"hp":168,"w":1,"h":1,"t":0,"c":5,"e":-1,"r":0},{"x":5,"y":28,"hp":168,"w":1,"h":1,"t":0,"c":5,"e":-1,"r":0},{"x":0,"y":29,"hp":271,"w":1,"h":1,"t":0,"c":5,"e":-1,"r":0},{"x":1,"y":29,"hp":271,"w":1,"h":1,"t":0,"c":5,"e":-1,"r":0},{"x":2,"y":29,"hp":271,"w":1,"h":1,"t":0,"c":5,"e":-1,"r":0},{"x":5,"y":29,"hp":271,"w":1,"h":1,"t":0,"c":5,"e":-1,"r":0},{"x":2,"y":30,"hp":110,"w":1,"h":1,"t":0,"c":5,"e":-1,"r":0},{"x":3,"y":30,"hp":110,"w":1,"h":1,"t":0,"c":5,"e":-1,"r":0},{"x":4,"y":30,"hp":110,"w":1,"h":1,"t":0,"c":5,"e":-1,"r":0},{"x":5,"y":30,"hp":110,"w":1,"h":1,"t":0,"c":5,"e":-1,"r":0},{"x":5,"y":31,"hp":100,"w":1,"h":1,"t":0,"c":5,"e":-1,"r":0},{"x":2,"y":33,"hp":175,"w":1,"h":1,"t":0,"c":5,"e":-1,"r":0},{"x":4,"y":33,"hp":175,"w":1,"h":1,"t":0,"c":5,"e":-1,"r":0},{"x":4,"y":34,"hp":114,"w":1,"h":1,"t":0,"c":5,"e":-1,"r":0},{"x":5,"y":34,"hp":114,"w":1,"h":1,"t":0,"c":5,"e":-1,"r":0},{"x":2,"y":36,"hp":100,"w":1,"h":1,"t":0,"c":5,"e":-1,"r":0},{"x":3,"y":36,"hp":100,"w":1,"h":1,"t":0,"c":5,"e":-1,"r":0},{"x":4,"y":36,"hp":100,"w":1,"h":1,"t":0,"c":5,"e":-1,"r":0},{"x":1,"y":37,"hp":209,"w":1,"h":1,"t":0,"c":5,"e":-1,"r":0},{"x":3,"y":37,"hp":209,"w":1,"h":1,"t":0,"c":5,"e":-1,"r":0},{"x":4,"y":37,"hp":209,"w":1,"h":1,"t":0,"c":5,"e":-1,"r":0},{"x":5,"y":37,"hp":209,"w":1,"h":1,"t":0,"c":5,"e":-1,"r":0},{"x":1,"y":38,"hp":110,"w":1,"h":1,"t":0,"c":5,"e":-1,"r":0},{"x":2,"y":38,"hp":110,"w":1,"h":1,"t":0,"c":5,"e":-1,"r":0},{"x":3,"y":38,"hp":110,"w":1,"h":1,"t":0,"c":5,"e":-1,"r":0},{"x":5,"y":38,"hp":110,"w":1,"h":1,"t":0,"c":5,"e":-1,"r":0},{"x":1,"y":39,"hp":135,"w":1,"h":1,"t":0,"c":5,"e":-1,"r":0},{"x":2,"y":39,"hp":135,"w":1,"h":1,"t":0,"c":5,"e":-1,"r":0},{"x":3,"y":39,"hp":135,"w":1,"h":1,"t":0,"c":5,"e":-1,"r":0},{"x":4,"y":39,"hp":135,"w":1,"h":1,"t":0,"c":5,"e":-1,"r":0},{"x":5,"y":39,"hp":135,"w":1,"h":1,"t":0,"c":5,"e":-1,"r":0},{"x":0,"y":40,"hp":105,"w":1,"h":1,"t":0,"c":5,"e":-1,"r":0},{"x":10,"y":5,"hp":87,"w":1,"h":1,"t":0,"c":5,"e":-1,"r":0},{"x":9,"y":5,"hp":87,"w":1,"h":1,"t":0,"c":5,"e":-1,"r":0},{"x":8,"y":5,"hp":87,"w":1,"h":1,"t":0,"c":5,"e":-1,"r":0},{"x":7,"y":5,"hp":87,"w":1,"h":1,"t":0,"c":5,"e":-1,"r":0},{"x":6,"y":5,"hp":87,"w":1,"h":1,"t":0,"c":5,"e":-1,"r":0},{"x":9,"y":7,"hp":90,"w":1,"h":1,"t":0,"c":5,"e":-1,"r":0},{"x":8,"y":7,"hp":90,"w":1,"h":1,"t":0,"c":5,"e":-1,"r":0},{"x":7,"y":7,"hp":90,"w":1,"h":1,"t":0,"c":5,"e":-1,"r":0},{"x":6,"y":7,"hp":90,"w":1,"h":1,"t":0,"c":5,"e":-1,"r":0},{"x":9,"y":8,"hp":87,"w":1,"h":1,"t":0,"c":5,"e":-1,"r":0},{"x":8,"y":8,"hp":87,"w":1,"h":1,"t":0,"c":5,"e":-1,"r":0},{"x":7,"y":8,"hp":87,"w":1,"h":1,"t":0,"c":5,"e":-1,"r":0},{"x":6,"y":8,"hp":87,"w":1,"h":1,"t":0,"c":5,"e":-1,"r":0},{"x":8,"y":9,"hp":97,"w":1,"h":1,"t":0,"c":2,"e":-1,"r":0},{"x":7,"y":9,"hp":97,"w":1,"h":1,"t":0,"c":2,"e":4,"r":0},{"x":6,"y":9,"hp":97,"w":1,"h":1,"t":0,"c":2,"e":-1,"r":0},{"x":9,"y":10,"hp":138,"w":1,"h":1,"t":0,"c":3,"e":-1,"r":0},{"x":8,"y":10,"hp":138,"w":1,"h":1,"t":0,"c":3,"e":-1,"r":0},{"x":7,"y":10,"hp":138,"w":1,"h":1,"t":0,"c":3,"e":-1,"r":0},{"x":9,"y":11,"hp":87,"w":1,"h":1,"t":0,"c":5,"e":-1,"r":0},{"x":7,"y":11,"hp":87,"w":1,"h":1,"t":0,"c":5,"e":-1,"r":0},{"x":9,"y":12,"hp":63,"w":1,"h":1,"t":0,"c":5,"e":-1,"r":0},{"x":7,"y":12,"hp":63,"w":1,"h":1,"t":0,"c":5,"e":-1,"r":0},{"x":6,"y":12,"hp":63,"w":1,"h":1,"t":0,"c":5,"e":-1,"r":0},{"x":10,"y":13,"hp":90,"w":1,"h":1,"t":0,"c":5,"e":-1,"r":0},{"x":9,"y":13,"hp":90,"w":1,"h":1,"t":0,"c":5,"e":4,"r":0},{"x":9,"y":14,"hp":99,"w":1,"h":1,"t":0,"c":5,"e":-1,"r":0},{"x":6,"y":14,"hp":99,"w":1,"h":1,"t":0,"c":5,"e":-1,"r":0},{"x":8,"y":15,"hp":50,"w":1,"h":1,"t":0,"c":5,"e":-1,"r":0},{"x":7,"y":15,"hp":50,"w":1,"h":1,"t":0,"c":5,"e":-1,"r":0},{"x":6,"y":20,"hp":261,"w":1,"h":1,"t":0,"c":5,"e":-1,"r":0},{"x":8,"y":21,"hp":100,"w":1,"h":1,"t":0,"c":5,"e":4,"r":0},{"x":7,"y":21,"hp":100,"w":1,"h":1,"t":0,"c":5,"e":-1,"r":0},{"x":6,"y":21,"hp":100,"w":1,"h":1,"t":0,"c":5,"e":-1,"r":0},{"x":9,"y":22,"hp":130,"w":1,"h":1,"t":0,"c":5,"e":-1,"r":0},{"x":7,"y":22,"hp":130,"w":1,"h":1,"t":0,"c":5,"e":-1,"r":0},{"x":6,"y":22,"hp":130,"w":1,"h":1,"t":0,"c":5,"e":-1,"r":0},{"x":9,"y":23,"hp":203,"w":1,"h":1,"t":0,"c":5,"e":-1,"r":0},{"x":7,"y":23,"hp":203,"w":1,"h":1,"t":0,"c":5,"e":-1,"r":0},{"x":6,"y":23,"hp":203,"w":1,"h":1,"t":0,"c":5,"e":-1,"r":0},{"x":9,"y":24,"hp":175,"w":1,"h":1,"t":0,"c":5,"e":-1,"r":0},{"x":6,"y":24,"hp":175,"w":1,"h":1,"t":0,"c":5,"e":-1,"r":0},{"x":6,"y":25,"hp":101,"w":1,"h":1,"t":0,"c":5,"e":-1,"r":0},{"x":7,"y":26,"hp":173,"w":1,"h":1,"t":0,"c":5,"e":-1,"r":0},{"x":6,"y":26,"hp":173,"w":1,"h":1,"t":0,"c":5,"e":-1,"r":0},{"x":7,"y":27,"hp":102,"w":1,"h":1,"t":0,"c":5,"e":-1,"r":0},{"x":9,"y":28,"hp":168,"w":1,"h":1,"t":0,"c":5,"e":-1,"r":0},{"x":8,"y":28,"hp":168,"w":1,"h":1,"t":0,"c":5,"e":-1,"r":0},{"x":9,"y":29,"hp":271,"w":1,"h":1,"t":0,"c":5,"e":-1,"r":0},{"x":8,"y":29,"hp":271,"w":1,"h":1,"t":0,"c":5,"e":-1,"r":0},{"x":8,"y":30,"hp":110,"w":1,"h":1,"t":0,"c":5,"e":-1,"r":0},{"x":7,"y":30,"hp":110,"w":1,"h":1,"t":0,"c":5,"e":-1,"r":0},{"x":6,"y":30,"hp":110,"w":1,"h":1,"t":0,"c":5,"e":-1,"r":0},{"x":7,"y":31,"hp":100,"w":1,"h":1,"t":0,"c":5,"e":-1,"r":0},{"x":8,"y":33,"hp":175,"w":1,"h":1,"t":0,"c":5,"e":-1,"r":0},{"x":7,"y":33,"hp":175,"w":1,"h":1,"t":0,"c":5,"e":-1,"r":0},{"x":6,"y":33,"hp":175,"w":1,"h":1,"t":0,"c":5,"e":-1,"r":0},{"x":10,"y":34,"hp":114,"w":1,"h":1,"t":0,"c":5,"e":-1,"r":0},{"x":8,"y":34,"hp":114,"w":1,"h":1,"t":0,"c":5,"e":-1,"r":0},{"x":6,"y":34,"hp":114,"w":1,"h":1,"t":0,"c":5,"e":-1,"r":0},{"x":10,"y":35,"hp":150,"w":1,"h":1,"t":0,"c":5,"e":-1,"r":0},{"x":9,"y":35,"hp":150,"w":1,"h":1,"t":0,"c":5,"e":-1,"r":0},{"x":8,"y":35,"hp":150,"w":1,"h":1,"t":0,"c":5,"e":-1,"r":0},{"x":6,"y":35,"hp":150,"w":1,"h":1,"t":0,"c":5,"e":-1,"r":0},{"x":8,"y":36,"hp":100,"w":1,"h":1,"t":0,"c":5,"e":-1,"r":0},{"x":7,"y":36,"hp":100,"w":1,"h":1,"t":0,"c":5,"e":-1,"r":0},{"x":6,"y":36,"hp":100,"w":1,"h":1,"t":0,"c":5,"e":-1,"r":0},{"x":9,"y":37,"hp":209,"w":1,"h":1,"t":0,"c":5,"e":-1,"r":0},{"x":8,"y":37,"hp":209,"w":1,"h":1,"t":0,"c":5,"e":-1,"r":0},{"x":6,"y":37,"hp":209,"w":1,"h":1,"t":0,"c":5,"e":4,"r":0},{"x":9,"y":38,"hp":110,"w":1,"h":1,"t":0,"c":5,"e":-1,"r":0},{"x":8,"y":38,"hp":110,"w":1,"h":1,"t":0,"c":5,"e":-1,"r":0},{"x":9,"y":39,"hp":135,"w":1,"h":1,"t":0,"c":5,"e":-1,"r":0},{"x":8,"y":39,"hp":135,"w":1,"h":1,"t":0,"c":5,"e":-1,"r":0},{"x":7,"y":39,"hp":135,"w":1,"h":1,"t":0,"c":5,"e":-1,"r":0},{"x":6,"y":39,"hp":135,"w":1,"h":1,"t":0,"c":5,"e":-1,"r":0},{"x":10,"y":40,"hp":105,"w":1,"h":1,"t":0,"c":5,"e":-1,"r":0},{"x":8,"y":26,"hp":173,"w":1,"h":1,"t":0,"c":5,"e":-1,"r":0},{"x":3,"y":13,"hp":90,"w":1,"h":1,"t":0,"c":5,"e":-1,"r":0},{"x":4,"y":13,"hp":90,"w":1,"h":1,"t":0,"c":5,"e":-1,"r":0},{"x":7,"y":13,"hp":90,"w":1,"h":1,"t":0,"c":5,"e":-1,"r":0},{"x":6,"y":13,"hp":90,"w":1,"h":1,"t":0,"c":5,"e":-1,"r":0},{"x":9,"y":15,"hp":50,"w":1,"h":1,"t":0,"c":5,"e":-1,"r":0},{"x":5,"y":15,"hp":50,"w":1,"h":1,"t":0,"c":5,"e":-1,"r":0},{"x":4,"y":15,"hp":50,"w":1,"h":1,"t":0,"c":5,"e":-1,"r":0},{"x":6,"y":15,"hp":50,"w":1,"h":1,"t":0,"c":5,"e":-1,"r":0},{"x":5,"y":21,"hp":100,"w":1,"h":1,"t":0,"c":5,"e":-1,"r":0},{"x":2,"y":23,"hp":203,"w":1,"h":1,"t":0,"c":5,"e":-1,"r":0},{"x":9,"y":25,"hp":90,"w":1,"h":1,"t":0,"c":5,"e":-1,"r":0},{"x":8,"y":25,"hp":90,"w":1,"h":1,"t":0,"c":5,"e":-1,"r":0},{"x":7,"y":25,"hp":90,"w":1,"h":1,"t":0,"c":5,"e":-1,"r":0},{"x":2,"y":24,"hp":175,"w":1,"h":1,"t":0,"c":5,"e":-1,"r":0},{"x":3,"y":24,"hp":175,"w":1,"h":1,"t":0,"c":5,"e":-1,"r":0},{"x":4,"y":27,"hp":90,"w":1,"h":1,"t":0,"c":5,"e":-1,"r":0},{"x":8,"y":27,"hp":90,"w":1,"h":1,"t":0,"c":5,"e":-1,"r":0},{"x":7,"y":29,"hp":271,"w":1,"h":1,"t":0,"c":5,"e":-1,"r":0},{"x":6,"y":31,"hp":90,"w":1,"h":1,"t":0,"c":5,"e":-1,"r":0},{"x":8,"y":31,"hp":90,"w":1,"h":1,"t":0,"c":5,"e":-1,"r":0},{"x":9,"y":33,"hp":175,"w":1,"h":1,"t":0,"c":5,"e":-1,"r":0},{"x":10,"y":33,"hp":175,"w":1,"h":1,"t":0,"c":5,"e":-1,"r":0},{"x":4,"y":38,"hp":110,"w":1,"h":1,"t":0,"c":5,"e":-1,"r":0},{"x":2,"y":37,"hp":209,"w":1,"h":1,"t":0,"c":5,"e":-1,"r":0},{"x":2,"y":40,"hp":105,"w":1,"h":1,"t":0,"c":5,"e":-1,"r":0},{"x":3,"y":40,"hp":105,"w":1,"h":1,"t":0,"c":5,"e":-1,"r":0},{"x":4,"y":40,"hp":105,"w":1,"h":1,"t":0,"c":5,"e":-1,"r":0},{"x":5,"y":40,"hp":105,"w":1,"h":1,"t":0,"c":5,"e":-1,"r":0},{"x":7,"y":40,"hp":105,"w":1,"h":1,"t":0,"c":5,"e":-1,"r":0},{"x":8,"y":40,"hp":105,"w":1,"h":1,"t":0,"c":5,"e":-1,"r":0},{"x":9,"y":40,"hp":105,"w":1,"h":1,"t":0,"c":5,"e":-1,"r":0},{"x":2,"y":22,"hp":130,"w":1,"h":1,"t":0,"c":5,"e":-1,"r":0},{"x":1,"y":22,"hp":130,"w":1,"h":1,"t":0,"c":5,"e":-1,"r":0},{"x":9,"y":34,"hp":90,"w":1,"h":1,"t":0,"c":5,"e":-1,"r":0},{"x":7,"y":34,"hp":90,"w":1,"h":1,"t":0,"c":5,"e":-1,"r":0},{"x":7,"y":35,"hp":90,"w":1,"h":1,"t":0,"c":5,"e":-1,"r":0},{"x":5,"y":33,"hp":90,"w":1,"h":1,"t":0,"c":5,"e":-1,"r":0},{"x":3,"y":33,"hp":90,"w":1,"h":1,"t":0,"c":5,"e":-1,"r":0},{"x":2,"y":34,"hp":90,"w":1,"h":1,"t":0,"c":5,"e":-1,"r":0},{"x":3,"y":34,"hp":90,"w":1,"h":1,"t":0,"c":5,"e":-1,"r":0},{"x":0,"y":10,"hp":90,"w":1,"h":1,"t":7,"c":0,"e":-1,"r":0},{"x":10,"y":10,"hp":90,"w":1,"h":1,"t":7,"c":0,"e":-1,"r":0},{"x":4,"y":10,"hp":90,"w":1,"h":1,"t":7,"c":0,"e":-1,"r":0},{"x":6,"y":10,"hp":90,"w":1,"h":1,"t":7,"c":0,"e":-1,"r":0},{"x":1,"y":18,"hp":81,"w":1,"h":1,"t":7,"c":0,"e":-1,"r":0},{"x":2,"y":17,"hp":65,"w":1,"h":1,"t":7,"c":0,"e":-1,"r":0},{"x":3,"y":18,"hp":81,"w":1,"h":1,"t":7,"c":0,"e":-1,"r":0},{"x":4,"y":17,"hp":65,"w":1,"h":1,"t":7,"c":0,"e":-1,"r":0},{"x":5,"y":18,"hp":81,"w":1,"h":1,"t":7,"c":0,"e":-1,"r":0},{"x":6,"y":17,"hp":65,"w":1,"h":1,"t":7,"c":0,"e":-1,"r":0},{"x":7,"y":18,"hp":81,"w":1,"h":1,"t":7,"c":0,"e":-1,"r":0},{"x":8,"y":17,"hp":65,"w":1,"h":1,"t":7,"c":0,"e":-1,"r":0},{"x":9,"y":18,"hp":81,"w":1,"h":1,"t":7,"c":0,"e":-1,"r":0},{"x":0,"y":17,"hp":65,"w":1,"h":1,"t":0,"c":5,"e":-1,"r":0},{"x":0,"y":16,"hp":55,"w":1,"h":1,"t":0,"c":5,"e":-1,"r":0},{"x":1,"y":16,"hp":55,"w":1,"h":1,"t":0,"c":5,"e":-1,"r":0},{"x":10,"y":17,"hp":65,"w":1,"h":1,"t":0,"c":5,"e":-1,"r":0},{"x":10,"y":16,"hp":55,"w":1,"h":1,"t":0,"c":5,"e":-1,"r":0},{"x":9,"y":16,"hp":55,"w":1,"h":1,"t":0,"c":5,"e":-1,"r":0},{"x":0,"y":32,"hp":90,"w":1,"h":1,"t":7,"c":0,"e":-1,"r":0},{"x":1,"y":32,"hp":90,"w":1,"h":1,"t":7,"c":0,"e":-1,"r":0},{"x":2,"y":32,"hp":90,"w":1,"h":1,"t":7,"c":0,"e":-1,"r":0},{"x":3,"y":32,"hp":90,"w":1,"h":1,"t":7,"c":0,"e":-1,"r":0},{"x":4,"y":32,"hp":90,"w":1,"h":1,"t":7,"c":0,"e":-1,"r":0},{"x":5,"y":32,"hp":90,"w":1,"h":1,"t":7,"c":0,"e":-1,"r":0},{"x":6,"y":32,"hp":90,"w":1,"h":1,"t":7,"c":0,"e":-1,"r":0},{"x":7,"y":32,"hp":90,"w":1,"h":1,"t":7,"c":0,"e":-1,"r":0},{"x":8,"y":32,"hp":90,"w":1,"h":1,"t":7,"c":0,"e":-1,"r":0},{"x":9,"y":32,"hp":90,"w":1,"h":1,"t":7,"c":0,"e":-1,"r":0},{"x":10,"y":32,"hp":90,"w":1,"h":1,"t":7,"c":0,"e":-1,"r":0}],"bu":[{"x":0,"y":11,"buff":1},{"x":10,"y":30,"buff":1},{"x":1,"y":35,"buff":1},{"x":10,"y":38,"buff":1},{"x":5,"y":41,"buff":1},{"x":8,"y":24,"buff":0},{"x":0,"y":26,"buff":0},{"x":7,"y":14,"buff":0},{"x":1,"y":21,"buff":4},{"x":6,"y":28,"buff":3},{"x":0,"y":37,"buff":3},{"x":0,"y":5,"buff":3},{"x":0,"y":14,"buff":1},{"x":4,"y":6,"buff":0},{"x":5,"y":6,"buff":0},{"x":6,"y":6,"buff":0},{"x":7,"y":6,"buff":0},{"x":8,"y":6,"buff":0},{"x":9,"y":6,"buff":0}]}