{"l":398,"h":38,"w":11,"br":[{"x":0,"y":5,"hp":55,"w":1,"h":1,"t":0,"c":5,"e":-1,"r":0},{"x":5,"y":5,"hp":55,"w":1,"h":1,"t":0,"c":5,"e":-1,"r":0},{"x":2,"y":6,"hp":75,"w":1,"h":1,"t":0,"c":5,"e":-1,"r":0},{"x":4,"y":6,"hp":75,"w":1,"h":1,"t":0,"c":5,"e":-1,"r":0},{"x":5,"y":6,"hp":75,"w":1,"h":1,"t":0,"c":5,"e":7,"r":0},{"x":0,"y":7,"hp":67,"w":1,"h":1,"t":0,"c":5,"e":-1,"r":0},{"x":1,"y":7,"hp":67,"w":1,"h":1,"t":0,"c":5,"e":-1,"r":0},{"x":3,"y":7,"hp":67,"w":1,"h":1,"t":0,"c":5,"e":-1,"r":0},{"x":4,"y":7,"hp":67,"w":1,"h":1,"t":5,"c":5,"e":-1,"r":0},{"x":5,"y":7,"hp":67,"w":1,"h":1,"t":0,"c":5,"e":-1,"r":0},{"x":0,"y":8,"hp":35,"w":1,"h":1,"t":0,"c":5,"e":-1,"r":0},{"x":1,"y":8,"hp":35,"w":1,"h":1,"t":0,"c":5,"e":-1,"r":0},{"x":3,"y":8,"hp":35,"w":1,"h":1,"t":0,"c":5,"e":4,"r":0},{"x":4,"y":8,"hp":35,"w":1,"h":1,"t":5,"c":5,"e":-1,"r":0},{"x":5,"y":8,"hp":35,"w":1,"h":1,"t":0,"c":5,"e":-1,"r":0},{"x":2,"y":9,"hp":45,"w":1,"h":1,"t":1,"c":5,"e":-1,"r":0},{"x":3,"y":9,"hp":45,"w":1,"h":1,"t":0,"c":5,"e":-1,"r":0},{"x":4,"y":9,"hp":45,"w":1,"h":1,"t":0,"c":5,"e":-1,"r":0},{"x":5,"y":9,"hp":45,"w":1,"h":1,"t":0,"c":5,"e":-1,"r":0},{"x":1,"y":10,"hp":49,"w":1,"h":1,"t":0,"c":5,"e":-1,"r":0},{"x":2,"y":10,"hp":49,"w":1,"h":1,"t":0,"c":5,"e":-1,"r":0},{"x":3,"y":10,"hp":49,"w":1,"h":1,"t":1,"c":5,"e":-1,"r":0},{"x":5,"y":10,"hp":49,"w":1,"h":1,"t":5,"c":5,"e":-1,"r":0},{"x":2,"y":11,"hp":55,"w":1,"h":1,"t":2,"c":5,"e":-1,"r":0},{"x":4,"y":11,"hp":55,"w":1,"h":1,"t":5,"c":5,"e":-1,"r":0},{"x":5,"y":11,"hp":55,"w":1,"h":1,"t":0,"c":5,"e":-1,"r":0},{"x":0,"y":12,"hp":94,"w":1,"h":1,"t":0,"c":5,"e":-1,"r":0},{"x":1,"y":12,"hp":94,"w":1,"h":1,"t":0,"c":5,"e":-1,"r":0},{"x":3,"y":12,"hp":94,"w":1,"h":1,"t":0,"c":5,"e":-1,"r":0},{"x":5,"y":12,"hp":94,"w":1,"h":1,"t":0,"c":5,"e":-1,"r":0},{"x":2,"y":13,"hp":117,"w":1,"h":1,"t":0,"c":5,"e":-1,"r":0},{"x":3,"y":13,"hp":117,"w":1,"h":1,"t":1,"c":5,"e":-1,"r":3},{"x":4,"y":13,"hp":117,"w":1,"h":1,"t":0,"c":5,"e":-1,"r":0},{"x":5,"y":13,"hp":117,"w":1,"h":1,"t":5,"c":5,"e":-1,"r":0},{"x":4,"y":14,"hp":104,"w":1,"h":1,"t":0,"c":5,"e":-1,"r":0},{"x":5,"y":14,"hp":104,"w":1,"h":1,"t":1,"c":5,"e":-1,"r":2},{"x":0,"y":15,"hp":135,"w":1,"h":1,"t":0,"c":5,"e":-1,"r":0},{"x":5,"y":15,"hp":135,"w":1,"h":1,"t":0,"c":5,"e":-1,"r":0},{"x":4,"y":16,"hp":84,"w":1,"h":1,"t":0,"c":5,"e":-1,"r":0},{"x":5,"y":17,"hp":241,"w":1,"h":1,"t":0,"c":5,"e":-1,"r":0},{"x":4,"y":18,"hp":178,"w":1,"h":1,"t":0,"c":5,"e":-1,"r":0},{"x":5,"y":18,"hp":178,"w":1,"h":1,"t":0,"c":5,"e":-1,"r":0},{"x":1,"y":19,"hp":105,"w":1,"h":1,"t":1,"c":5,"e":-1,"r":2},{"x":2,"y":19,"hp":105,"w":1,"h":1,"t":0,"c":5,"e":-1,"r":0},{"x":3,"y":19,"hp":105,"w":1,"h":1,"t":0,"c":5,"e":-1,"r":0},{"x":4,"y":19,"hp":105,"w":1,"h":1,"t":0,"c":5,"e":-1,"r":0},{"x":5,"y":19,"hp":105,"w":1,"h":1,"t":3,"c":5,"e":-1,"r":0},{"x":3,"y":20,"hp":280,"w":1,"h":1,"t":2,"c":5,"e":-1,"r":0},{"x":4,"y":20,"hp":280,"w":1,"h":1,"t":0,"c":5,"e":-1,"r":0},{"x":5,"y":20,"hp":280,"w":1,"h":1,"t":0,"c":5,"e":-1,"r":0},{"x":4,"y":21,"hp":287,"w":1,"h":1,"t":0,"c":5,"e":-1,"r":0},{"x":5,"y":21,"hp":287,"w":1,"h":1,"t":0,"c":5,"e":-1,"r":0},{"x":2,"y":22,"hp":186,"w":1,"h":1,"t":0,"c":5,"e":-1,"r":0},{"x":3,"y":22,"hp":186,"w":1,"h":1,"t":0,"c":5,"e":-1,"r":0},{"x":5,"y":22,"hp":186,"w":1,"h":1,"t":0,"c":5,"e":-1,"r":0},{"x":1,"y":23,"hp":325,"w":1,"h":1,"t":0,"c":5,"e":-1,"r":0},{"x":2,"y":23,"hp":325,"w":1,"h":1,"t":3,"c":5,"e":-1,"r":0},{"x":3,"y":23,"hp":325,"w":1,"h":1,"t":4,"c":5,"e":-1,"r":0},{"x":5,"y":23,"hp":325,"w":1,"h":1,"t":0,"c":5,"e":-1,"r":0},{"x":3,"y":24,"hp":171,"w":1,"h":1,"t":0,"c":5,"e":-1,"r":0},{"x":4,"y":24,"hp":171,"w":1,"h":1,"t":0,"c":5,"e":-1,"r":0},{"x":5,"y":24,"hp":171,"w":1,"h":1,"t":0,"c":5,"e":-1,"r":0},{"x":5,"y":25,"hp":87,"w":1,"h":1,"t":0,"c":5,"e":-1,"r":0},{"x":3,"y":26,"hp":118,"w":1,"h":1,"t":0,"c":5,"e":-1,"r":0},{"x":4,"y":27,"hp":201,"w":1,"h":1,"t":0,"c":5,"e":-1,"r":0},{"x":5,"y":27,"hp":201,"w":1,"h":1,"t":0,"c":5,"e":-1,"r":0},{"x":3,"y":28,"hp":99,"w":1,"h":1,"t":0,"c":5,"e":-1,"r":0},{"x":4,"y":28,"hp":99,"w":1,"h":1,"t":4,"c":5,"e":-1,"r":0},{"x":5,"y":28,"hp":99,"w":1,"h":1,"t":0,"c":5,"e":-1,"r":0},{"x":2,"y":30,"hp":124,"w":1,"h":1,"t":0,"c":5,"e":-1,"r":0},{"x":3,"y":30,"hp":124,"w":1,"h":1,"t":0,"c":5,"e":-1,"r":0},{"x":5,"y":30,"hp":124,"w":1,"h":1,"t":0,"c":5,"e":4,"r":0},{"x":2,"y":31,"hp":154,"w":1,"h":1,"t":0,"c":5,"e":-1,"r":0},{"x":4,"y":31,"hp":154,"w":1,"h":1,"t":0,"c":5,"e":-1,"r":0},{"x":5,"y":31,"hp":154,"w":1,"h":1,"t":0,"c":5,"e":-1,"r":0},{"x":1,"y":32,"hp":108,"w":1,"h":1,"t":0,"c":5,"e":-1,"r":0},{"x":2,"y":32,"hp":108,"w":1,"h":1,"t":0,"c":5,"e":-1,"r":0},{"x":5,"y":32,"hp":108,"w":1,"h":1,"t":1,"c":5,"e":-1,"r":0},{"x":2,"y":33,"hp":114,"w":1,"h":1,"t":0,"c":5,"e":-1,"r":0},{"x":3,"y":33,"hp":114,"w":1,"h":1,"t":5,"c":5,"e":-1,"r":0},{"x":4,"y":33,"hp":114,"w":1,"h":1,"t":0,"c":5,"e":-1,"r":0},{"x":5,"y":33,"hp":114,"w":1,"h":1,"t":0,"c":5,"e":-1,"r":0},{"x":2,"y":34,"hp":165,"w":1,"h":1,"t":0,"c":5,"e":-1,"r":0},{"x":3,"y":34,"hp":165,"w":1,"h":1,"t":0,"c":5,"e":-1,"r":0},{"x":4,"y":34,"hp":165,"w":1,"h":1,"t":0,"c":5,"e":-1,"r":0},{"x":5,"y":34,"hp":165,"w":1,"h":1,"t":0,"c":5,"e":-1,"r":0},{"x":2,"y":35,"hp":170,"w":1,"h":1,"t":0,"c":5,"e":-1,"r":0},{"x":3,"y":35,"hp":170,"w":1,"h":1,"t":0,"c":5,"e":-1,"r":0},{"x":5,"y":35,"hp":170,"w":1,"h":1,"t":0,"c":5,"e":-1,"r":0},{"x":1,"y":36,"hp":128,"w":1,"h":1,"t":0,"c":5,"e":-1,"r":0},{"x":2,"y":36,"hp":128,"w":1,"h":1,"t":3,"c":5,"e":-1,"r":0},{"x":4,"y":36,"hp":128,"w":1,"h":1,"t":0,"c":5,"e":-1,"r":0},{"x":5,"y":36,"hp":128,"w":1,"h":1,"t":0,"c":5,"e":-1,"r":0},{"x":0,"y":37,"hp":187,"w":1,"h":1,"t":0,"c":5,"e":-1,"r":0},{"x":1,"y":37,"hp":187,"w":1,"h":1,"t":5,"c":5,"e":-1,"r":0},{"x":2,"y":37,"hp":187,"w":1,"h":1,"t":4,"c":5,"e":-1,"r":0},{"x":6,"y":6,"hp":75,"w":1,"h":1,"t":0,"c":5,"e":-1,"r":0},{"x":7,"y":7,"hp":67,"w":1,"h":1,"t":0,"c":5,"e":-1,"r":0},{"x":6,"y":7,"hp":67,"w":1,"h":1,"t":5,"c":5,"e":-1,"r":0},{"x":7,"y":8,"hp":35,"w":1,"h":1,"t":0,"c":5,"e":-1,"r":0},{"x":6,"y":8,"hp":35,"w":1,"h":1,"t":5,"c":5,"e":-1,"r":0},{"x":8,"y":9,"hp":45,"w":1,"h":1,"t":1,"c":5,"e":-1,"r":1},{"x":7,"y":9,"hp":45,"w":1,"h":1,"t":0,"c":5,"e":-1,"r":0},{"x":6,"y":9,"hp":45,"w":1,"h":1,"t":0,"c":5,"e":-1,"r":0},{"x":8,"y":10,"hp":49,"w":1,"h":1,"t":0,"c":5,"e":-1,"r":0},{"x":7,"y":10,"hp":49,"w":1,"h":1,"t":1,"c":5,"e":-1,"r":1},{"x":8,"y":11,"hp":55,"w":1,"h":1,"t":2,"c":5,"e":-1,"r":0},{"x":6,"y":11,"hp":55,"w":1,"h":1,"t":5,"c":5,"e":-1,"r":0},{"x":10,"y":12,"hp":94,"w":1,"h":1,"t":0,"c":5,"e":-1,"r":0},{"x":9,"y":12,"hp":94,"w":1,"h":1,"t":0,"c":5,"e":-1,"r":0},{"x":7,"y":12,"hp":94,"w":1,"h":1,"t":0,"c":5,"e":-1,"r":0},{"x":8,"y":13,"hp":117,"w":1,"h":1,"t":0,"c":5,"e":-1,"r":0},{"x":7,"y":13,"hp":117,"w":1,"h":1,"t":1,"c":5,"e":-1,"r":2},{"x":6,"y":13,"hp":117,"w":1,"h":1,"t":0,"c":5,"e":-1,"r":0},{"x":6,"y":14,"hp":104,"w":1,"h":1,"t":0,"c":5,"e":4,"r":0},{"x":8,"y":15,"hp":135,"w":1,"h":1,"t":0,"c":5,"e":-1,"r":0},{"x":9,"y":17,"hp":241,"w":1,"h":1,"t":0,"c":5,"e":-1,"r":0},{"x":8,"y":17,"hp":241,"w":1,"h":1,"t":5,"c":5,"e":-1,"r":0},{"x":9,"y":19,"hp":105,"w":1,"h":1,"t":1,"c":5,"e":-1,"r":3},{"x":8,"y":19,"hp":105,"w":1,"h":1,"t":0,"c":5,"e":-1,"r":0},{"x":7,"y":19,"hp":105,"w":1,"h":1,"t":0,"c":5,"e":-1,"r":0},{"x":7,"y":20,"hp":280,"w":1,"h":1,"t":2,"c":5,"e":-1,"r":0},{"x":6,"y":20,"hp":280,"w":1,"h":1,"t":0,"c":5,"e":-1,"r":0},{"x":6,"y":21,"hp":287,"w":1,"h":1,"t":0,"c":5,"e":-1,"r":0},{"x":9,"y":22,"hp":186,"w":1,"h":1,"t":0,"c":5,"e":-1,"r":0},{"x":8,"y":22,"hp":186,"w":1,"h":1,"t":0,"c":5,"e":-1,"r":0},{"x":7,"y":22,"hp":186,"w":1,"h":1,"t":0,"c":5,"e":-1,"r":0},{"x":9,"y":23,"hp":325,"w":1,"h":1,"t":0,"c":5,"e":-1,"r":0},{"x":8,"y":23,"hp":325,"w":1,"h":1,"t":3,"c":5,"e":-1,"r":0},{"x":7,"y":23,"hp":325,"w":1,"h":1,"t":4,"c":5,"e":-1,"r":0},{"x":9,"y":24,"hp":171,"w":1,"h":1,"t":0,"c":5,"e":-1,"r":0},{"x":7,"y":24,"hp":171,"w":1,"h":1,"t":0,"c":5,"e":-1,"r":0},{"x":10,"y":25,"hp":87,"w":1,"h":1,"t":4,"c":5,"e":-1,"r":0},{"x":8,"y":25,"hp":87,"w":1,"h":1,"t":0,"c":5,"e":-1,"r":0},{"x":8,"y":26,"hp":118,"w":1,"h":1,"t":0,"c":5,"e":-1,"r":0},{"x":7,"y":26,"hp":118,"w":1,"h":1,"t":0,"c":5,"e":-1,"r":0},{"x":6,"y":27,"hp":201,"w":1,"h":1,"t":0,"c":5,"e":-1,"r":0},{"x":8,"y":28,"hp":99,"w":1,"h":1,"t":5,"c":5,"e":-1,"r":0},{"x":7,"y":28,"hp":99,"w":1,"h":1,"t":0,"c":5,"e":-1,"r":0},{"x":6,"y":28,"hp":99,"w":1,"h":1,"t":4,"c":5,"e":-1,"r":0},{"x":8,"y":30,"hp":124,"w":1,"h":1,"t":0,"c":5,"e":-1,"r":0},{"x":7,"y":30,"hp":124,"w":1,"h":1,"t":0,"c":5,"e":-1,"r":0},{"x":8,"y":31,"hp":154,"w":1,"h":1,"t":0,"c":5,"e":-1,"r":0},{"x":8,"y":33,"hp":114,"w":1,"h":1,"t":0,"c":5,"e":-1,"r":0},{"x":7,"y":33,"hp":114,"w":1,"h":1,"t":5,"c":5,"e":-1,"r":0},{"x":6,"y":33,"hp":114,"w":1,"h":1,"t":0,"c":5,"e":-1,"r":0},{"x":7,"y":34,"hp":165,"w":1,"h":1,"t":0,"c":5,"e":-1,"r":0},{"x":6,"y":34,"hp":165,"w":1,"h":1,"t":0,"c":5,"e":-1,"r":0},{"x":8,"y":35,"hp":170,"w":1,"h":1,"t":0,"c":5,"e":-1,"r":0},{"x":7,"y":35,"hp":170,"w":1,"h":1,"t":0,"c":5,"e":-1,"r":0},{"x":9,"y":36,"hp":128,"w":1,"h":1,"t":0,"c":5,"e":-1,"r":0},{"x":8,"y":36,"hp":128,"w":1,"h":1,"t":3,"c":5,"e":-1,"r":0},{"x":6,"y":36,"hp":128,"w":1,"h":1,"t":0,"c":5,"e":-1,"r":0},{"x":9,"y":37,"hp":187,"w":1,"h":1,"t":5,"c":5,"e":-1,"r":0},{"x":8,"y":37,"hp":187,"w":1,"h":1,"t":4,"c":5,"e":-1,"r":0},{"x":7,"y":37,"hp":187,"w":1,"h":1,"t":0,"c":5,"e":-1,"r":0},{"x":6,"y":16,"hp":90,"w":1,"h":1,"t":0,"c":5,"e":-1,"r":0},{"x":7,"y":16,"hp":90,"w":1,"h":1,"t":0,"c":5,"e":-1,"r":0},{"x":8,"y":16,"hp":90,"w":1,"h":1,"t":0,"c":5,"e":-1,"r":0},{"x":9,"y":16,"hp":90,"w":1,"h":1,"t":0,"c":5,"e":-1,"r":0},{"x":2,"y":29,"hp":281,"w":1,"h":1,"t":0,"c":5,"e":-1,"r":0},{"x":3,"y":29,"hp":281,"w":1,"h":1,"t":0,"c":5,"e":-1,"r":0},{"x":4,"y":29,"hp":281,"w":1,"h":1,"t":0,"c":5,"e":-1,"r":0},{"x":5,"y":29,"hp":281,"w":1,"h":1,"t":0,"c":5,"e":-1,"r":0},{"x":6,"y":29,"hp":281,"w":1,"h":1,"t":0,"c":5,"e":-1,"r":0},{"x":8,"y":29,"hp":281,"w":1,"h":1,"t":0,"c":5,"e":-1,"r":0},{"x":3,"y":32,"hp":108,"w":1,"h":1,"t":0,"c":5,"e":-1,"r":0},{"x":9,"y":31,"hp":154,"w":1,"h":1,"t":0,"c":5,"e":-1,"r":0},{"x":7,"y":32,"hp":108,"w":1,"h":1,"t":0,"c":5,"e":-1,"r":0},{"x":1,"y":30,"hp":124,"w":1,"h":1,"t":0,"c":5,"e":-1,"r":0},{"x":1,"y":15,"hp":135,"w":1,"h":1,"t":0,"c":5,"e":-1,"r":0},{"x":1,"y":13,"hp":90,"w":1,"h":1,"t":0,"c":5,"e":-1,"r":0},{"x":0,"y":13,"hp":90,"w":1,"h":1,"t":0,"c":5,"e":-1,"r":0},{"x":6,"y":15,"hp":135,"w":1,"h":1,"t":0,"c":5,"e":-1,"r":0},{"x":7,"y":15,"hp":135,"w":1,"h":1,"t":0,"c":5,"e":-1,"r":0},{"x":4,"y":15,"hp":135,"w":1,"h":1,"t":0,"c":5,"e":-1,"r":0},{"x":3,"y":16,"hp":90,"w":1,"h":1,"t":0,"c":5,"e":-1,"r":0},{"x":3,"y":17,"hp":241,"w":1,"h":1,"t":0,"c":5,"e":-1,"r":0},{"x":4,"y":17,"hp":241,"w":1,"h":1,"t":0,"c":5,"e":-1,"r":0},{"x":6,"y":17,"hp":241,"w":1,"h":1,"t":0,"c":5,"e":-1,"r":0},{"x":7,"y":17,"hp":241,"w":1,"h":1,"t":0,"c":5,"e":-1,"r":0},{"x":7,"y":18,"hp":178,"w":1,"h":1,"t":0,"c":5,"e":-1,"r":0},{"x":8,"y":18,"hp":178,"w":1,"h":1,"t":0,"c":5,"e":-1,"r":0},{"x":3,"y":18,"hp":178,"w":1,"h":1,"t":0,"c":5,"e":4,"r":0},{"x":6,"y":22,"hp":186,"w":1,"h":1,"t":0,"c":5,"e":7,"r":0},{"x":6,"y":23,"hp":325,"w":1,"h":1,"t":0,"c":5,"e":-1,"r":0},{"x":3,"y":21,"hp":287,"w":1,"h":1,"t":0,"c":5,"e":-1,"r":0},{"x":2,"y":21,"hp":287,"w":1,"h":1,"t":0,"c":5,"e":-1,"r":0},{"x":7,"y":25,"hp":87,"w":1,"h":1,"t":0,"c":5,"e":-1,"r":0},{"x":4,"y":26,"hp":118,"w":1,"h":1,"t":0,"c":5,"e":-1,"r":0},{"x":4,"y":25,"hp":87,"w":1,"h":1,"t":0,"c":5,"e":-1,"r":0},{"x":3,"y":25,"hp":87,"w":1,"h":1,"t":0,"c":5,"e":-1,"r":0},{"x":7,"y":27,"hp":201,"w":1,"h":1,"t":0,"c":5,"e":-1,"r":0},{"x":8,"y":27,"hp":201,"w":1,"h":1,"t":0,"c":5,"e":-1,"r":0},{"x":6,"y":30,"hp":124,"w":1,"h":1,"t":0,"c":5,"e":-1,"r":0},{"x":4,"y":30,"hp":124,"w":1,"h":1,"t":0,"c":5,"e":-1,"r":0},{"x":4,"y":32,"hp":108,"w":1,"h":1,"t":0,"c":5,"e":-1,"r":0},{"x":7,"y":31,"hp":154,"w":1,"h":1,"t":0,"c":5,"e":-1,"r":0},{"x":8,"y":32,"hp":108,"w":1,"h":1,"t":0,"c":5,"e":-1,"r":0},{"x":9,"y":32,"hp":108,"w":1,"h":1,"t":0,"c":5,"e":-1,"r":0},{"x":10,"y":35,"hp":170,"w":1,"h":1,"t":0,"c":5,"e":-1,"r":0},{"x":6,"y":35,"hp":170,"w":1,"h":1,"t":0,"c":5,"e":-1,"r":0},{"x":6,"y":37,"hp":187,"w":1,"h":1,"t":0,"c":5,"e":-1,"r":0},{"x":5,"y":37,"hp":187,"w":1,"h":1,"t":0,"c":5,"e":-1,"r":0},{"x":6,"y":18,"hp":90,"w":1,"h":1,"t":0,"c":5,"e":-1,"r":0},{"x":8,"y":24,"hp":90,"w":1,"h":1,"t":0,"c":5,"e":-1,"r":0},{"x":6,"y":24,"hp":90,"w":1,"h":1,"t":0,"c":5,"e":-1,"r":0},{"x":7,"y":29,"hp":90,"w":1,"h":1,"t":0,"c":5,"e":-1,"r":0},{"x":3,"y":31,"hp":90,"w":1,"h":1,"t":0,"c":5,"e":-1,"r":0},{"x":1,"y":5,"hp":90,"w":1,"h":1,"t":0,"c":5,"e":-1,"r":0},{"x":1,"y":6,"hp":75,"w":1,"h":1,"t":0,"c":5,"e":-1,"r":0},{"x":0,"y":6,"hp":75,"w":1,"h":1,"t":0,"c":5,"e":-1,"r":0},{"x":3,"y":6,"hp":75,"w":1,"h":1,"t":0,"c":5,"e":-1,"r":0},{"x":7,"y":6,"hp":75,"w":1,"h":1,"t":0,"c":5,"e":-1,"r":0}],"bu":[{"x":0,"y":11,"buff":1},{"x":0,"y":14,"buff":1},{"x":0,"y":20,"buff":1},{"x":0,"y":22,"buff":1},{"x":6,"y":25,"buff":1},{"x":10,"y":27,"buff":1},{"x":0,"y":30,"buff":1},{"x":10,"y":34,"buff":1},{"x":0,"y":35,"buff":1},{"x":6,"y":31,"buff":0},{"x":10,"y":17,"buff":0},{"x":10,"y":9,"buff":0},{"x":8,"y":14,"buff":4},{"x":10,"y":7,"buff":3},{"x":0,"y":10,"buff":3},{"x":1,"y":20,"buff":3},{"x":9,"y":33,"buff":2},{"x":1,"y":31,"buff":2},{"x":4,"y":35,"buff":8},{"x":5,"y":26,"buff":8},{"x":3,"y":15,"buff":8},{"x":10,"y":14,"buff":1},{"x":0,"y":17,"buff":1},{"x":10,"y":6,"buff":3},{"x":8,"y":8,"buff":0},{"x":8,"y":7,"buff":0},{"x":8,"y":6,"buff":0}]}