{"l":286,"h":20,"w":17,"br":[{"x":3,"y":5,"hp":1077,"w":1,"h":1,"t":0,"c":0,"e":-1,"r":0},{"x":5,"y":5,"hp":1077,"w":1,"h":1,"t":0,"c":0,"e":-1,"r":0},{"x":7,"y":5,"hp":1077,"w":1,"h":1,"t":0,"c":0,"e":-1,"r":0},{"x":9,"y":5,"hp":1077,"w":1,"h":1,"t":0,"c":0,"e":-1,"r":0},{"x":11,"y":5,"hp":1077,"w":1,"h":1,"t":0,"c":0,"e":-1,"r":0},{"x":13,"y":5,"hp":1077,"w":1,"h":1,"t":0,"c":0,"e":-1,"r":0},{"x":15,"y":5,"hp":1077,"w":1,"h":1,"t":0,"c":0,"e":-1,"r":0},{"x":0,"y":6,"hp":1077,"w":1,"h":1,"t":0,"c":0,"e":-1,"r":0},{"x":0,"y":8,"hp":1077,"w":1,"h":1,"t":0,"c":0,"e":-1,"r":0},{"x":0,"y":10,"hp":1077,"w":1,"h":1,"t":0,"c":0,"e":-1,"r":0},{"x":0,"y":12,"hp":1077,"w":1,"h":1,"t":0,"c":0,"e":-1,"r":0},{"x":0,"y":14,"hp":1077,"w":1,"h":1,"t":0,"c":0,"e":-1,"r":0},{"x":0,"y":18,"hp":1077,"w":1,"h":1,"t":0,"c":0,"e":-1,"r":0},{"x":0,"y":16,"hp":1077,"w":1,"h":1,"t":0,"c":0,"e":-1,"r":0},{"x":1,"y":19,"hp":1077,"w":1,"h":1,"t":0,"c":0,"e":-1,"r":0},{"x":3,"y":19,"hp":1077,"w":1,"h":1,"t":0,"c":0,"e":-1,"r":0},{"x":5,"y":19,"hp":1077,"w":1,"h":1,"t":0,"c":0,"e":-1,"r":0},{"x":7,"y":19,"hp":1077,"w":1,"h":1,"t":0,"c":0,"e":-1,"r":0},{"x":9,"y":19,"hp":1077,"w":1,"h":1,"t":0,"c":0,"e":-1,"r":0},{"x":11,"y":19,"hp":1077,"w":1,"h":1,"t":0,"c":0,"e":-1,"r":0},{"x":13,"y":19,"hp":1077,"w":1,"h":1,"t":0,"c":0,"e":-1,"r":0},{"x":15,"y":19,"hp":1077,"w":1,"h":1,"t":0,"c":0,"e":-1,"r":0},{"x":16,"y":18,"hp":1077,"w":1,"h":1,"t":0,"c":0,"e":-1,"r":0},{"x":16,"y":16,"hp":1077,"w":1,"h":1,"t":0,"c":0,"e":-1,"r":0},{"x":16,"y":14,"hp":1077,"w":1,"h":1,"t":0,"c":0,"e":-1,"r":0},{"x":16,"y":12,"hp":1077,"w":1,"h":1,"t":0,"c":0,"e":-1,"r":0},{"x":16,"y":10,"hp":1077,"w":1,"h":1,"t":0,"c":0,"e":-1,"r":0},{"x":16,"y":8,"hp":1077,"w":1,"h":1,"t":0,"c":0,"e":-1,"r":0},{"x":16,"y":6,"hp":1077,"w":1,"h":1,"t":0,"c":0,"e":-1,"r":0},{"x":2,"y":6,"hp":1077,"w":1,"h":1,"t":0,"c":0,"e":-1,"r":0},{"x":1,"y":9,"hp":1077,"w":1,"h":1,"t":0,"c":0,"e":-1,"r":0},{"x":3,"y":9,"hp":1077,"w":1,"h":1,"t":0,"c":0,"e":-1,"r":0},{"x":5,"y":7,"hp":1077,"w":1,"h":1,"t":0,"c":0,"e":-1,"r":0},{"x":7,"y":7,"hp":1077,"w":1,"h":1,"t":0,"c":0,"e":-1,"r":0},{"x":4,"y":8,"hp":1077,"w":1,"h":1,"t":0,"c":0,"e":-1,"r":0},{"x":9,"y":7,"hp":1077,"w":1,"h":1,"t":0,"c":0,"e":-1,"r":0},{"x":11,"y":7,"hp":1077,"w":1,"h":1,"t":0,"c":0,"e":-1,"r":0},{"x":13,"y":7,"hp":1077,"w":1,"h":1,"t":0,"c":0,"e":-1,"r":0},{"x":14,"y":8,"hp":1077,"w":1,"h":1,"t":0,"c":0,"e":-1,"r":0},{"x":14,"y":10,"hp":1077,"w":1,"h":1,"t":0,"c":0,"e":-1,"r":0},{"x":14,"y":12,"hp":1077,"w":1,"h":1,"t":0,"c":0,"e":-1,"r":0},{"x":14,"y":14,"hp":1077,"w":1,"h":1,"t":0,"c":0,"e":-1,"r":0},{"x":14,"y":16,"hp":1077,"w":1,"h":1,"t":0,"c":0,"e":-1,"r":0},{"x":13,"y":17,"hp":1077,"w":1,"h":1,"t":0,"c":0,"e":-1,"r":0},{"x":11,"y":17,"hp":1077,"w":1,"h":1,"t":0,"c":0,"e":-1,"r":0},{"x":9,"y":17,"hp":1077,"w":1,"h":1,"t":0,"c":0,"e":-1,"r":0},{"x":7,"y":17,"hp":1077,"w":1,"h":1,"t":0,"c":0,"e":-1,"r":0},{"x":5,"y":17,"hp":1077,"w":1,"h":1,"t":0,"c":0,"e":-1,"r":0},{"x":3,"y":17,"hp":1077,"w":1,"h":1,"t":0,"c":0,"e":-1,"r":0},{"x":2,"y":16,"hp":1077,"w":1,"h":1,"t":0,"c":0,"e":-1,"r":0},{"x":2,"y":14,"hp":1077,"w":1,"h":1,"t":0,"c":0,"e":-1,"r":0},{"x":2,"y":12,"hp":1077,"w":1,"h":1,"t":0,"c":0,"e":-1,"r":0},{"x":3,"y":11,"hp":1077,"w":1,"h":1,"t":0,"c":0,"e":-1,"r":0},{"x":13,"y":11,"hp":1077,"w":1,"h":1,"t":0,"c":0,"e":-1,"r":0},{"x":11,"y":11,"hp":1077,"w":1,"h":1,"t":0,"c":0,"e":-1,"r":0},{"x":11,"y":12,"hp":1200,"w":2,"h":2,"t":8,"c":0,"e":-1,"r":0},{"x":7,"y":15,"hp":430,"w":1,"h":1,"t":0,"c":5,"e":-1,"r":0},{"x":7,"y":13,"hp":430,"w":1,"h":1,"t":0,"c":5,"e":-1,"r":0},{"x":7,"y":11,"hp":430,"w":1,"h":1,"t":0,"c":5,"e":-1,"r":0},{"x":7,"y":9,"hp":430,"w":1,"h":1,"t":0,"c":5,"e":-1,"r":0},{"x":8,"y":15,"hp":430,"w":1,"h":1,"t":0,"c":6,"e":-1,"r":0},{"x":8,"y":13,"hp":430,"w":1,"h":1,"t":0,"c":6,"e":-1,"r":0},{"x":8,"y":11,"hp":430,"w":1,"h":1,"t":0,"c":6,"e":-1,"r":0},{"x":8,"y":9,"hp":430,"w":1,"h":1,"t":0,"c":6,"e":-1,"r":0},{"x":0,"y":5,"hp":1077,"w":1,"h":1,"t":0,"c":7,"e":-1,"r":0},{"x":0,"y":7,"hp":1077,"w":1,"h":1,"t":0,"c":7,"e":-1,"r":0},{"x":0,"y":9,"hp":1077,"w":1,"h":1,"t":0,"c":7,"e":-1,"r":0},{"x":0,"y":11,"hp":1077,"w":1,"h":1,"t":0,"c":7,"e":-1,"r":0},{"x":0,"y":13,"hp":1077,"w":1,"h":1,"t":0,"c":7,"e":-1,"r":0},{"x":0,"y":15,"hp":1077,"w":1,"h":1,"t":0,"c":7,"e":-1,"r":0},{"x":0,"y":17,"hp":1077,"w":1,"h":1,"t":0,"c":7,"e":-1,"r":0},{"x":0,"y":19,"hp":1077,"w":1,"h":1,"t":0,"c":7,"e":-1,"r":0},{"x":2,"y":19,"hp":1077,"w":1,"h":1,"t":0,"c":7,"e":-1,"r":0},{"x":4,"y":19,"hp":1077,"w":1,"h":1,"t":0,"c":7,"e":-1,"r":0},{"x":6,"y":19,"hp":1077,"w":1,"h":1,"t":0,"c":7,"e":-1,"r":0},{"x":8,"y":19,"hp":1077,"w":1,"h":1,"t":0,"c":7,"e":-1,"r":0},{"x":10,"y":19,"hp":1077,"w":1,"h":1,"t":0,"c":7,"e":-1,"r":0},{"x":12,"y":19,"hp":1077,"w":1,"h":1,"t":0,"c":7,"e":-1,"r":0},{"x":14,"y":19,"hp":1077,"w":1,"h":1,"t":0,"c":7,"e":-1,"r":0},{"x":16,"y":19,"hp":1077,"w":1,"h":1,"t":0,"c":7,"e":-1,"r":0},{"x":16,"y":17,"hp":1077,"w":1,"h":1,"t":0,"c":7,"e":-1,"r":0},{"x":16,"y":15,"hp":1077,"w":1,"h":1,"t":0,"c":7,"e":-1,"r":0},{"x":16,"y":13,"hp":1077,"w":1,"h":1,"t":0,"c":7,"e":-1,"r":0},{"x":16,"y":11,"hp":1077,"w":1,"h":1,"t":0,"c":7,"e":-1,"r":0},{"x":16,"y":9,"hp":1077,"w":1,"h":1,"t":0,"c":7,"e":-1,"r":0},{"x":16,"y":7,"hp":1077,"w":1,"h":1,"t":0,"c":7,"e":-1,"r":0},{"x":16,"y":5,"hp":1077,"w":1,"h":1,"t":0,"c":7,"e":-1,"r":0},{"x":14,"y":5,"hp":1077,"w":1,"h":1,"t":0,"c":7,"e":-1,"r":0},{"x":12,"y":5,"hp":1077,"w":1,"h":1,"t":0,"c":7,"e":-1,"r":0},{"x":10,"y":5,"hp":1077,"w":1,"h":1,"t":0,"c":7,"e":-1,"r":0},{"x":8,"y":5,"hp":1077,"w":1,"h":1,"t":0,"c":7,"e":-1,"r":0},{"x":6,"y":5,"hp":1077,"w":1,"h":1,"t":0,"c":7,"e":-1,"r":0},{"x":4,"y":5,"hp":1077,"w":1,"h":1,"t":0,"c":7,"e":-1,"r":0},{"x":2,"y":5,"hp":1077,"w":1,"h":1,"t":0,"c":7,"e":-1,"r":0},{"x":2,"y":7,"hp":1077,"w":1,"h":1,"t":0,"c":7,"e":-1,"r":0},{"x":2,"y":9,"hp":1077,"w":1,"h":1,"t":0,"c":7,"e":-1,"r":0},{"x":4,"y":9,"hp":1077,"w":1,"h":1,"t":0,"c":7,"e":-1,"r":0},{"x":4,"y":7,"hp":1077,"w":1,"h":1,"t":0,"c":7,"e":-1,"r":0},{"x":6,"y":7,"hp":1077,"w":1,"h":1,"t":0,"c":7,"e":-1,"r":0},{"x":8,"y":7,"hp":1077,"w":1,"h":1,"t":0,"c":7,"e":-1,"r":0},{"x":10,"y":7,"hp":1077,"w":1,"h":1,"t":0,"c":7,"e":-1,"r":0},{"x":12,"y":7,"hp":1077,"w":1,"h":1,"t":0,"c":7,"e":-1,"r":0},{"x":14,"y":7,"hp":1077,"w":1,"h":1,"t":0,"c":7,"e":-1,"r":0},{"x":14,"y":9,"hp":1077,"w":1,"h":1,"t":0,"c":7,"e":-1,"r":0},{"x":14,"y":11,"hp":1077,"w":1,"h":1,"t":0,"c":7,"e":-1,"r":0},{"x":12,"y":11,"hp":1077,"w":1,"h":1,"t":0,"c":7,"e":-1,"r":0},{"x":14,"y":13,"hp":1077,"w":1,"h":1,"t":0,"c":7,"e":-1,"r":0},{"x":14,"y":15,"hp":1077,"w":1,"h":1,"t":0,"c":7,"e":-1,"r":0},{"x":14,"y":17,"hp":1077,"w":1,"h":1,"t":0,"c":7,"e":-1,"r":0},{"x":12,"y":17,"hp":1077,"w":1,"h":1,"t":0,"c":7,"e":-1,"r":0},{"x":10,"y":17,"hp":1077,"w":1,"h":1,"t":0,"c":7,"e":-1,"r":0},{"x":8,"y":17,"hp":1077,"w":1,"h":1,"t":0,"c":7,"e":-1,"r":0},{"x":6,"y":17,"hp":1077,"w":1,"h":1,"t":0,"c":7,"e":-1,"r":0},{"x":4,"y":17,"hp":1077,"w":1,"h":1,"t":0,"c":7,"e":-1,"r":0},{"x":2,"y":17,"hp":1077,"w":1,"h":1,"t":0,"c":7,"e":-1,"r":0},{"x":2,"y":15,"hp":1077,"w":1,"h":1,"t":0,"c":7,"e":-1,"r":0},{"x":2,"y":13,"hp":1077,"w":1,"h":1,"t":0,"c":7,"e":-1,"r":0},{"x":2,"y":11,"hp":1077,"w":1,"h":1,"t":0,"c":7,"e":-1,"r":0},{"x":4,"y":11,"hp":1077,"w":1,"h":1,"t":0,"c":7,"e":-1,"r":0}],"bu":[{"x":4,"y":6,"buff":0},{"x":6,"y":6,"buff":0},{"x":8,"y":6,"buff":0},{"x":10,"y":6,"buff":0},{"x":12,"y":6,"buff":0},{"x":14,"y":6,"buff":0},{"x":3,"y":7,"buff":0},{"x":2,"y":8,"buff":0},{"x":1,"y":7,"buff":0},{"x":1,"y":5,"buff":0},{"x":4,"y":15,"buff":0},{"x":11,"y":9,"buff":0},{"x":4,"y":13,"buff":0},{"x":6,"y":9,"buff":0},{"x":6,"y":11,"buff":0},{"x":6,"y":13,"buff":0},{"x":6,"y":15,"buff":0},{"x":9,"y":15,"buff":0},{"x":9,"y":13,"buff":0},{"x":9,"y":11,"buff":0},{"x":9,"y":9,"buff":0},{"x":15,"y":7,"buff":0},{"x":15,"y":9,"buff":0},{"x":15,"y":11,"buff":0},{"x":15,"y":13,"buff":0},{"x":15,"y":15,"buff":0},{"x":15,"y":17,"buff":0},{"x":14,"y":18,"buff":0},{"x":12,"y":18,"buff":0},{"x":10,"y":18,"buff":0},{"x":8,"y":18,"buff":0},{"x":6,"y":18,"buff":0},{"x":4,"y":18,"buff":0},{"x":2,"y":18,"buff":0},{"x":1,"y":17,"buff":0},{"x":1,"y":15,"buff":0},{"x":1,"y":13,"buff":0},{"x":1,"y":11,"buff":0},{"x":2,"y":10,"buff":0},{"x":4,"y":10,"buff":0},{"x":13,"y":9,"buff":0},{"x":11,"y":15,"buff":0},{"x":13,"y":15,"buff":0}]}