{"l":131,"h":20,"w":11,"br":[{"x":0,"y":10,"hp":65,"w":1,"h":1,"t":0,"c":4,"e":-1,"r":0},{"x":1,"y":10,"hp":65,"w":1,"h":1,"t":0,"c":4,"e":-1,"r":0},{"x":2,"y":10,"hp":65,"w":1,"h":1,"t":0,"c":4,"e":-1,"r":0},{"x":0,"y":11,"hp":105,"w":1,"h":1,"t":0,"c":4,"e":-1,"r":0},{"x":1,"y":11,"hp":105,"w":1,"h":1,"t":0,"c":4,"e":-1,"r":0},{"x":2,"y":11,"hp":105,"w":1,"h":1,"t":0,"c":4,"e":-1,"r":0},{"x":3,"y":11,"hp":105,"w":1,"h":1,"t":0,"c":4,"e":-1,"r":0},{"x":1,"y":12,"hp":99,"w":1,"h":1,"t":0,"c":4,"e":-1,"r":0},{"x":3,"y":12,"hp":99,"w":1,"h":1,"t":0,"c":4,"e":-1,"r":0},{"x":0,"y":13,"hp":50,"w":1,"h":1,"t":0,"c":4,"e":-1,"r":0},{"x":2,"y":13,"hp":50,"w":1,"h":1,"t":0,"c":4,"e":-1,"r":0},{"x":5,"y":13,"hp":50,"w":1,"h":1,"t":0,"c":4,"e":-1,"r":0},{"x":0,"y":14,"hp":115,"w":1,"h":1,"t":0,"c":4,"e":-1,"r":0},{"x":1,"y":14,"hp":115,"w":1,"h":1,"t":0,"c":4,"e":-1,"r":0},{"x":2,"y":14,"hp":115,"w":1,"h":1,"t":0,"c":4,"e":4,"r":0},{"x":5,"y":14,"hp":115,"w":1,"h":1,"t":0,"c":4,"e":-1,"r":0},{"x":1,"y":15,"hp":102,"w":1,"h":1,"t":0,"c":4,"e":-1,"r":0},{"x":2,"y":15,"hp":102,"w":1,"h":1,"t":0,"c":4,"e":-1,"r":0},{"x":5,"y":16,"hp":80,"w":1,"h":1,"t":0,"c":4,"e":-1,"r":0},{"x":3,"y":17,"hp":105,"w":1,"h":1,"t":0,"c":2,"e":-1,"r":0},{"x":5,"y":17,"hp":105,"w":1,"h":1,"t":0,"c":2,"e":-1,"r":0},{"x":0,"y":18,"hp":70,"w":1,"h":1,"t":0,"c":4,"e":-1,"r":0},{"x":5,"y":18,"hp":70,"w":1,"h":1,"t":0,"c":4,"e":-1,"r":0},{"x":3,"y":19,"hp":120,"w":1,"h":1,"t":0,"c":2,"e":-1,"r":0},{"x":4,"y":19,"hp":120,"w":1,"h":1,"t":0,"c":2,"e":5,"r":0},{"x":5,"y":19,"hp":120,"w":1,"h":1,"t":0,"c":2,"e":-1,"r":0},{"x":8,"y":11,"hp":105,"w":1,"h":1,"t":0,"c":4,"e":-1,"r":0},{"x":7,"y":11,"hp":105,"w":1,"h":1,"t":0,"c":4,"e":-1,"r":0},{"x":9,"y":12,"hp":99,"w":1,"h":1,"t":0,"c":4,"e":-1,"r":0},{"x":7,"y":12,"hp":99,"w":1,"h":1,"t":0,"c":4,"e":-1,"r":0},{"x":10,"y":13,"hp":50,"w":1,"h":1,"t":0,"c":4,"e":-1,"r":0},{"x":8,"y":13,"hp":50,"w":1,"h":1,"t":0,"c":4,"e":-1,"r":0},{"x":7,"y":13,"hp":50,"w":1,"h":1,"t":0,"c":4,"e":-1,"r":0},{"x":6,"y":13,"hp":50,"w":1,"h":1,"t":0,"c":4,"e":-1,"r":0},{"x":9,"y":14,"hp":115,"w":1,"h":1,"t":0,"c":4,"e":-1,"r":0},{"x":8,"y":14,"hp":115,"w":1,"h":1,"t":0,"c":4,"e":-1,"r":0},{"x":6,"y":14,"hp":115,"w":1,"h":1,"t":0,"c":4,"e":-1,"r":0},{"x":10,"y":15,"hp":102,"w":1,"h":1,"t":0,"c":4,"e":-1,"r":0},{"x":9,"y":15,"hp":102,"w":1,"h":1,"t":0,"c":4,"e":-1,"r":0},{"x":8,"y":15,"hp":102,"w":1,"h":1,"t":0,"c":4,"e":-1,"r":0},{"x":7,"y":15,"hp":102,"w":1,"h":1,"t":0,"c":4,"e":-1,"r":0},{"x":6,"y":15,"hp":102,"w":1,"h":1,"t":0,"c":4,"e":-1,"r":0},{"x":7,"y":16,"hp":80,"w":1,"h":1,"t":0,"c":4,"e":5,"r":0},{"x":6,"y":16,"hp":80,"w":1,"h":1,"t":0,"c":4,"e":-1,"r":0},{"x":8,"y":17,"hp":105,"w":1,"h":1,"t":0,"c":2,"e":-1,"r":0},{"x":7,"y":17,"hp":105,"w":1,"h":1,"t":0,"c":2,"e":-1,"r":0},{"x":8,"y":18,"hp":70,"w":1,"h":1,"t":0,"c":4,"e":-1,"r":0},{"x":9,"y":19,"hp":120,"w":1,"h":1,"t":0,"c":2,"e":-1,"r":0},{"x":8,"y":19,"hp":120,"w":1,"h":1,"t":0,"c":2,"e":-1,"r":0},{"x":7,"y":19,"hp":120,"w":1,"h":1,"t":0,"c":2,"e":-1,"r":0},{"x":6,"y":19,"hp":120,"w":1,"h":1,"t":0,"c":2,"e":-1,"r":0},{"x":5,"y":10,"hp":65,"w":1,"h":1,"t":0,"c":4,"e":5,"r":0},{"x":5,"y":9,"hp":55,"w":1,"h":1,"t":0,"c":4,"e":-1,"r":0},{"x":5,"y":8,"hp":105,"w":1,"h":1,"t":0,"c":4,"e":-1,"r":0},{"x":4,"y":8,"hp":105,"w":1,"h":1,"t":0,"c":4,"e":-1,"r":0},{"x":4,"y":9,"hp":47,"w":1,"h":1,"t":0,"c":4,"e":5,"r":0},{"x":6,"y":9,"hp":55,"w":1,"h":1,"t":0,"c":4,"e":-1,"r":0},{"x":6,"y":8,"hp":105,"w":1,"h":1,"t":0,"c":4,"e":-1,"r":0},{"x":3,"y":8,"hp":105,"w":1,"h":1,"t":0,"c":4,"e":5,"r":0},{"x":7,"y":18,"hp":70,"w":1,"h":1,"t":0,"c":4,"e":-1,"r":0},{"x":6,"y":18,"hp":70,"w":1,"h":1,"t":0,"c":4,"e":-1,"r":0},{"x":9,"y":18,"hp":70,"w":1,"h":1,"t":0,"c":4,"e":-1,"r":0},{"x":9,"y":16,"hp":40,"w":1,"h":1,"t":0,"c":4,"e":-1,"r":0},{"x":10,"y":16,"hp":40,"w":1,"h":1,"t":0,"c":4,"e":-1,"r":0},{"x":0,"y":19,"hp":40,"w":1,"h":1,"t":0,"c":2,"e":-1,"r":0},{"x":8,"y":16,"hp":40,"w":1,"h":1,"t":0,"c":4,"e":-1,"r":0},{"x":6,"y":7,"hp":87,"w":1,"h":1,"t":0,"c":4,"e":-1,"r":0},{"x":6,"y":6,"hp":50,"w":1,"h":1,"t":0,"c":4,"e":-1,"r":0},{"x":7,"y":6,"hp":50,"w":1,"h":1,"t":0,"c":4,"e":-1,"r":0},{"x":7,"y":7,"hp":87,"w":1,"h":1,"t":0,"c":4,"e":-1,"r":0},{"x":5,"y":7,"hp":87,"w":1,"h":1,"t":0,"c":4,"e":-1,"r":0},{"x":5,"y":6,"hp":50,"w":1,"h":1,"t":0,"c":4,"e":-1,"r":0},{"x":4,"y":7,"hp":87,"w":1,"h":1,"t":0,"c":4,"e":-1,"r":0},{"x":6,"y":5,"hp":62,"w":1,"h":1,"t":0,"c":4,"e":-1,"r":0},{"x":7,"y":5,"hp":62,"w":1,"h":1,"t":0,"c":4,"e":-1,"r":0},{"x":8,"y":5,"hp":62,"w":1,"h":1,"t":0,"c":4,"e":-1,"r":0},{"x":8,"y":6,"hp":50,"w":1,"h":1,"t":0,"c":4,"e":-1,"r":0},{"x":9,"y":5,"hp":62,"w":1,"h":1,"t":0,"c":4,"e":-1,"r":0},{"x":2,"y":5,"hp":62,"w":1,"h":1,"t":0,"c":4,"e":-1,"r":0},{"x":1,"y":5,"hp":62,"w":1,"h":1,"t":0,"c":4,"e":-1,"r":0},{"x":0,"y":5,"hp":62,"w":1,"h":1,"t":0,"c":4,"e":-1,"r":0},{"x":0,"y":6,"hp":50,"w":1,"h":1,"t":0,"c":4,"e":-1,"r":0},{"x":0,"y":7,"hp":87,"w":1,"h":1,"t":0,"c":4,"e":-1,"r":0},{"x":1,"y":6,"hp":50,"w":1,"h":1,"t":0,"c":4,"e":-1,"r":0},{"x":6,"y":10,"hp":65,"w":1,"h":1,"t":0,"c":4,"e":-1,"r":0},{"x":7,"y":10,"hp":65,"w":1,"h":1,"t":0,"c":4,"e":-1,"r":0},{"x":6,"y":11,"hp":65,"w":1,"h":1,"t":0,"c":4,"e":5,"r":0},{"x":3,"y":18,"hp":70,"w":1,"h":1,"t":0,"c":4,"e":-1,"r":0},{"x":4,"y":18,"hp":70,"w":1,"h":1,"t":0,"c":4,"e":-1,"r":0},{"x":4,"y":17,"hp":105,"w":1,"h":1,"t":0,"c":2,"e":-1,"r":0},{"x":6,"y":17,"hp":105,"w":1,"h":1,"t":0,"c":2,"e":-1,"r":0},{"x":5,"y":15,"hp":102,"w":1,"h":1,"t":0,"c":4,"e":-1,"r":0},{"x":1,"y":13,"hp":40,"w":1,"h":1,"t":0,"c":4,"e":-1,"r":0},{"x":9,"y":13,"hp":40,"w":1,"h":1,"t":0,"c":4,"e":-1,"r":0},{"x":7,"y":14,"hp":40,"w":1,"h":1,"t":0,"c":4,"e":-1,"r":0},{"x":10,"y":10,"hp":65,"w":1,"h":1,"t":0,"c":3,"e":-1,"r":0},{"x":9,"y":10,"hp":65,"w":1,"h":1,"t":0,"c":3,"e":-1,"r":0},{"x":8,"y":9,"hp":40,"w":1,"h":1,"t":0,"c":3,"e":-1,"r":0},{"x":9,"y":8,"hp":105,"w":1,"h":1,"t":0,"c":3,"e":-1,"r":0},{"x":10,"y":7,"hp":87,"w":1,"h":1,"t":0,"c":3,"e":-1,"r":0},{"x":10,"y":11,"hp":40,"w":1,"h":1,"t":0,"c":2,"e":-1,"r":0},{"x":9,"y":11,"hp":40,"w":1,"h":1,"t":0,"c":2,"e":-1,"r":0},{"x":8,"y":10,"hp":65,"w":1,"h":1,"t":0,"c":2,"e":-1,"r":0},{"x":7,"y":9,"hp":40,"w":1,"h":1,"t":0,"c":2,"e":-1,"r":0},{"x":8,"y":8,"hp":105,"w":1,"h":1,"t":0,"c":2,"e":-1,"r":0},{"x":9,"y":7,"hp":87,"w":1,"h":1,"t":0,"c":2,"e":-1,"r":0},{"x":10,"y":6,"hp":40,"w":1,"h":1,"t":0,"c":2,"e":-1,"r":0},{"x":10,"y":5,"hp":40,"w":1,"h":1,"t":0,"c":2,"e":-1,"r":0},{"x":9,"y":6,"hp":40,"w":1,"h":1,"t":0,"c":2,"e":-1,"r":0},{"x":8,"y":7,"hp":87,"w":1,"h":1,"t":0,"c":2,"e":-1,"r":0},{"x":7,"y":8,"hp":105,"w":1,"h":1,"t":0,"c":2,"e":-1,"r":0},{"x":3,"y":5,"hp":40,"w":1,"h":1,"t":0,"c":3,"e":-1,"r":0},{"x":2,"y":6,"hp":40,"w":1,"h":1,"t":0,"c":3,"e":-1,"r":0},{"x":1,"y":7,"hp":40,"w":1,"h":1,"t":0,"c":3,"e":-1,"r":0},{"x":0,"y":8,"hp":40,"w":1,"h":1,"t":0,"c":3,"e":-1,"r":0}],"bu":[{"x":2,"y":9,"buff":1},{"x":9,"y":17,"buff":1},{"x":2,"y":16,"buff":0},{"x":4,"y":11,"buff":0},{"x":0,"y":17,"buff":4},{"x":1,"y":8,"buff":1},{"x":2,"y":7,"buff":1},{"x":3,"y":6,"buff":1},{"x":4,"y":5,"buff":1},{"x":3,"y":13,"buff":1},{"x":10,"y":14,"buff":1}]}