{"l":258,"h":17,"w":11,"br":[{"x":3,"y":6,"hp":80,"w":1,"h":1,"t":5,"c":4,"e":-1,"r":0},{"x":4,"y":6,"hp":80,"w":1,"h":1,"t":0,"c":4,"e":-1,"r":0},{"x":4,"y":7,"hp":80,"w":1,"h":1,"t":0,"c":4,"e":-1,"r":0},{"x":3,"y":8,"hp":86,"w":1,"h":1,"t":0,"c":4,"e":-1,"r":0},{"x":5,"y":8,"hp":86,"w":1,"h":1,"t":0,"c":4,"e":-1,"r":0},{"x":5,"y":9,"hp":138,"w":1,"h":1,"t":0,"c":4,"e":-1,"r":0},{"x":3,"y":10,"hp":100,"w":1,"h":1,"t":0,"c":4,"e":-1,"r":0},{"x":5,"y":10,"hp":100,"w":1,"h":1,"t":0,"c":4,"e":-1,"r":0},{"x":0,"y":11,"hp":254,"w":1,"h":1,"t":0,"c":3,"e":-1,"r":0},{"x":2,"y":11,"hp":254,"w":1,"h":1,"t":0,"c":3,"e":-1,"r":0},{"x":3,"y":11,"hp":254,"w":1,"h":1,"t":0,"c":3,"e":-1,"r":0},{"x":5,"y":11,"hp":254,"w":1,"h":1,"t":5,"c":3,"e":-1,"r":0},{"x":0,"y":12,"hp":127,"w":1,"h":1,"t":0,"c":4,"e":-1,"r":0},{"x":5,"y":12,"hp":127,"w":1,"h":1,"t":0,"c":4,"e":-1,"r":0},{"x":2,"y":13,"hp":100,"w":1,"h":1,"t":0,"c":3,"e":-1,"r":0},{"x":3,"y":13,"hp":100,"w":1,"h":1,"t":5,"c":3,"e":-1,"r":0},{"x":5,"y":13,"hp":100,"w":1,"h":1,"t":0,"c":3,"e":-1,"r":0},{"x":1,"y":14,"hp":120,"w":1,"h":1,"t":0,"c":4,"e":-1,"r":0},{"x":4,"y":14,"hp":120,"w":1,"h":1,"t":0,"c":4,"e":-1,"r":0},{"x":0,"y":15,"hp":148,"w":1,"h":1,"t":2,"c":3,"e":-1,"r":1},{"x":1,"y":15,"hp":148,"w":1,"h":1,"t":5,"c":3,"e":-1,"r":0},{"x":4,"y":15,"hp":148,"w":1,"h":1,"t":0,"c":3,"e":-1,"r":0},{"x":5,"y":15,"hp":148,"w":1,"h":1,"t":0,"c":3,"e":-1,"r":0},{"x":8,"y":6,"hp":80,"w":1,"h":1,"t":4,"c":4,"e":-1,"r":0},{"x":7,"y":6,"hp":80,"w":1,"h":1,"t":5,"c":4,"e":-1,"r":0},{"x":6,"y":6,"hp":80,"w":1,"h":1,"t":0,"c":4,"e":-1,"r":0},{"x":8,"y":7,"hp":80,"w":1,"h":1,"t":0,"c":4,"e":-1,"r":0},{"x":6,"y":7,"hp":80,"w":1,"h":1,"t":0,"c":4,"e":-1,"r":0},{"x":7,"y":10,"hp":100,"w":1,"h":1,"t":0,"c":4,"e":-1,"r":0},{"x":10,"y":11,"hp":254,"w":1,"h":1,"t":0,"c":3,"e":-1,"r":0},{"x":8,"y":11,"hp":254,"w":1,"h":1,"t":0,"c":3,"e":-1,"r":0},{"x":7,"y":11,"hp":254,"w":1,"h":1,"t":0,"c":3,"e":-1,"r":0},{"x":10,"y":12,"hp":127,"w":1,"h":1,"t":0,"c":4,"e":-1,"r":0},{"x":8,"y":13,"hp":100,"w":1,"h":1,"t":0,"c":3,"e":-1,"r":0},{"x":7,"y":13,"hp":100,"w":1,"h":1,"t":5,"c":3,"e":-1,"r":0},{"x":6,"y":14,"hp":120,"w":1,"h":1,"t":0,"c":4,"e":-1,"r":0},{"x":10,"y":15,"hp":148,"w":1,"h":1,"t":2,"c":3,"e":-1,"r":3},{"x":9,"y":15,"hp":148,"w":1,"h":1,"t":5,"c":3,"e":-1,"r":0},{"x":8,"y":15,"hp":148,"w":1,"h":1,"t":0,"c":3,"e":-1,"r":0},{"x":6,"y":15,"hp":148,"w":1,"h":1,"t":0,"c":3,"e":-1,"r":0},{"x":1,"y":5,"hp":470,"w":2,"h":3,"t":0,"c":1,"e":-1,"r":0},{"x":3,"y":14,"hp":120,"w":1,"h":1,"t":0,"c":4,"e":-1,"r":0},{"x":7,"y":14,"hp":120,"w":1,"h":1,"t":0,"c":4,"e":-1,"r":0},{"x":3,"y":9,"hp":138,"w":1,"h":1,"t":4,"c":4,"e":-1,"r":0},{"x":7,"y":9,"hp":138,"w":1,"h":1,"t":4,"c":4,"e":-1,"r":0},{"x":3,"y":7,"hp":80,"w":1,"h":1,"t":2,"c":4,"e":-1,"r":3},{"x":0,"y":14,"hp":120,"w":1,"h":1,"t":2,"c":4,"e":-1,"r":3},{"x":10,"y":14,"hp":120,"w":1,"h":1,"t":2,"c":4,"e":-1,"r":1},{"x":7,"y":7,"hp":80,"w":1,"h":1,"t":2,"c":4,"e":-1,"r":1},{"x":7,"y":12,"hp":127,"w":1,"h":1,"t":1,"c":4,"e":-1,"r":3},{"x":3,"y":12,"hp":127,"w":1,"h":1,"t":1,"c":4,"e":-1,"r":2},{"x":2,"y":10,"hp":100,"w":1,"h":1,"t":3,"c":4,"e":-1,"r":0},{"x":8,"y":10,"hp":100,"w":1,"h":1,"t":3,"c":4,"e":-1,"r":0},{"x":6,"y":13,"hp":100,"w":1,"h":1,"t":0,"c":3,"e":7,"r":0},{"x":4,"y":13,"hp":100,"w":1,"h":1,"t":0,"c":3,"e":-1,"r":0},{"x":1,"y":13,"hp":100,"w":1,"h":1,"t":0,"c":3,"e":-1,"r":0},{"x":0,"y":13,"hp":100,"w":1,"h":1,"t":0,"c":3,"e":-1,"r":0},{"x":3,"y":15,"hp":148,"w":1,"h":1,"t":0,"c":3,"e":-1,"r":0},{"x":7,"y":15,"hp":148,"w":1,"h":1,"t":0,"c":3,"e":-1,"r":0},{"x":3,"y":5,"hp":44,"w":1,"h":1,"t":0,"c":4,"e":-1,"r":0},{"x":4,"y":5,"hp":35,"w":1,"h":1,"t":0,"c":4,"e":-1,"r":0},{"x":5,"y":5,"hp":35,"w":1,"h":1,"t":0,"c":4,"e":-1,"r":0},{"x":6,"y":5,"hp":35,"w":1,"h":1,"t":0,"c":4,"e":-1,"r":0},{"x":7,"y":5,"hp":35,"w":1,"h":1,"t":0,"c":4,"e":-1,"r":0},{"x":8,"y":5,"hp":44,"w":1,"h":1,"t":0,"c":4,"e":-1,"r":0},{"x":10,"y":5,"hp":80,"w":1,"h":1,"t":0,"c":4,"e":-1,"r":0},{"x":10,"y":9,"hp":138,"w":1,"h":1,"t":5,"c":1,"e":-1,"r":0},{"x":10,"y":10,"hp":100,"w":1,"h":1,"t":5,"c":1,"e":-1,"r":0},{"x":0,"y":10,"hp":100,"w":1,"h":1,"t":5,"c":1,"e":-1,"r":0},{"x":0,"y":9,"hp":138,"w":1,"h":1,"t":5,"c":1,"e":-1,"r":0},{"x":5,"y":6,"hp":80,"w":1,"h":1,"t":5,"c":4,"e":-1,"r":0},{"x":2,"y":9,"hp":138,"w":1,"h":1,"t":5,"c":4,"e":-1,"r":0},{"x":8,"y":9,"hp":138,"w":1,"h":1,"t":5,"c":4,"e":-1,"r":0},{"x":4,"y":10,"hp":80,"w":1,"h":1,"t":5,"c":4,"e":-1,"r":0},{"x":6,"y":10,"hp":80,"w":1,"h":1,"t":5,"c":4,"e":-1,"r":0},{"x":10,"y":7,"hp":80,"w":1,"h":1,"t":5,"c":4,"e":-1,"r":0},{"x":4,"y":12,"hp":127,"w":1,"h":1,"t":5,"c":4,"e":-1,"r":0},{"x":6,"y":12,"hp":127,"w":1,"h":1,"t":5,"c":4,"e":-1,"r":0},{"x":5,"y":14,"hp":120,"w":1,"h":1,"t":5,"c":4,"e":-1,"r":0}],"bu":[{"x":2,"y":12,"buff":1},{"x":2,"y":15,"buff":1},{"x":6,"y":16,"buff":0},{"x":9,"y":12,"buff":0},{"x":9,"y":13,"buff":5},{"x":2,"y":8,"buff":0},{"x":1,"y":8,"buff":0},{"x":6,"y":9,"buff":0},{"x":6,"y":8,"buff":0},{"x":7,"y":8,"buff":0},{"x":8,"y":8,"buff":0}]}