{"l":328,"h":20,"w":17,"br":[{"x":5,"y":7,"hp":1300,"w":1,"h":1,"t":0,"c":5,"e":-1,"r":0},{"x":1,"y":7,"hp":1300,"w":1,"h":1,"t":0,"c":5,"e":-1,"r":0},{"x":3,"y":5,"hp":1300,"w":1,"h":1,"t":0,"c":5,"e":-1,"r":0},{"x":0,"y":8,"hp":1300,"w":1,"h":1,"t":0,"c":5,"e":-1,"r":0},{"x":7,"y":9,"hp":1300,"w":1,"h":1,"t":0,"c":5,"e":-1,"r":0},{"x":3,"y":9,"hp":1300,"w":1,"h":1,"t":0,"c":5,"e":-1,"r":0},{"x":1,"y":9,"hp":1300,"w":1,"h":1,"t":0,"c":5,"e":-1,"r":0},{"x":2,"y":8,"hp":1300,"w":1,"h":1,"t":0,"c":5,"e":-1,"r":0},{"x":6,"y":8,"hp":1300,"w":1,"h":1,"t":0,"c":5,"e":-1,"r":0},{"x":4,"y":6,"hp":1300,"w":1,"h":1,"t":0,"c":5,"e":-1,"r":0},{"x":0,"y":6,"hp":1300,"w":1,"h":1,"t":0,"c":5,"e":-1,"r":0},{"x":9,"y":6,"hp":1300,"w":1,"h":1,"t":0,"c":5,"e":-1,"r":0},{"x":10,"y":7,"hp":1300,"w":1,"h":1,"t":0,"c":5,"e":-1,"r":0},{"x":8,"y":5,"hp":1300,"w":1,"h":1,"t":0,"c":5,"e":-1,"r":0},{"x":10,"y":5,"hp":1300,"w":1,"h":1,"t":0,"c":5,"e":-1,"r":0},{"x":10,"y":8,"hp":1300,"w":1,"h":1,"t":1,"c":8,"e":-1,"r":1},{"x":9,"y":7,"hp":1300,"w":1,"h":1,"t":1,"c":8,"e":-1,"r":1},{"x":8,"y":6,"hp":1300,"w":1,"h":1,"t":1,"c":8,"e":-1,"r":1},{"x":7,"y":5,"hp":1300,"w":1,"h":1,"t":1,"c":8,"e":-1,"r":1},{"x":5,"y":5,"hp":1300,"w":1,"h":1,"t":1,"c":8,"e":-1,"r":3},{"x":6,"y":6,"hp":1300,"w":1,"h":1,"t":1,"c":8,"e":-1,"r":3},{"x":7,"y":7,"hp":1300,"w":1,"h":1,"t":1,"c":8,"e":-1,"r":3},{"x":8,"y":8,"hp":1300,"w":1,"h":1,"t":1,"c":8,"e":-1,"r":3},{"x":9,"y":9,"hp":1300,"w":1,"h":1,"t":1,"c":8,"e":-1,"r":3},{"x":11,"y":6,"hp":1300,"w":1,"h":1,"t":0,"c":5,"e":-1,"r":0},{"x":11,"y":8,"hp":1300,"w":1,"h":1,"t":0,"c":5,"e":-1,"r":0},{"x":12,"y":9,"hp":1300,"w":1,"h":1,"t":0,"c":5,"e":-1,"r":0},{"x":12,"y":7,"hp":1300,"w":1,"h":1,"t":0,"c":5,"e":-1,"r":0},{"x":12,"y":5,"hp":1300,"w":1,"h":1,"t":0,"c":5,"e":-1,"r":0},{"x":13,"y":6,"hp":1300,"w":1,"h":1,"t":0,"c":5,"e":-1,"r":0},{"x":13,"y":8,"hp":1300,"w":1,"h":1,"t":0,"c":5,"e":-1,"r":0},{"x":14,"y":9,"hp":1300,"w":1,"h":1,"t":0,"c":5,"e":-1,"r":0},{"x":14,"y":7,"hp":1300,"w":1,"h":1,"t":0,"c":5,"e":-1,"r":0},{"x":14,"y":5,"hp":1300,"w":1,"h":1,"t":0,"c":5,"e":-1,"r":0},{"x":15,"y":6,"hp":1300,"w":1,"h":1,"t":0,"c":5,"e":-1,"r":0},{"x":15,"y":8,"hp":1300,"w":1,"h":1,"t":0,"c":5,"e":-1,"r":0},{"x":16,"y":9,"hp":1300,"w":1,"h":1,"t":0,"c":5,"e":-1,"r":0},{"x":16,"y":7,"hp":1300,"w":1,"h":1,"t":0,"c":5,"e":-1,"r":0},{"x":16,"y":5,"hp":1300,"w":1,"h":1,"t":0,"c":5,"e":-1,"r":0},{"x":0,"y":5,"hp":1300,"w":1,"h":1,"t":1,"c":8,"e":-1,"r":3},{"x":1,"y":6,"hp":1300,"w":1,"h":1,"t":1,"c":8,"e":-1,"r":3},{"x":2,"y":7,"hp":1300,"w":1,"h":1,"t":1,"c":8,"e":-1,"r":3},{"x":3,"y":8,"hp":1300,"w":1,"h":1,"t":1,"c":8,"e":-1,"r":3},{"x":4,"y":9,"hp":1300,"w":1,"h":1,"t":1,"c":8,"e":-1,"r":3},{"x":2,"y":5,"hp":1300,"w":1,"h":1,"t":1,"c":8,"e":-1,"r":1},{"x":3,"y":6,"hp":1300,"w":1,"h":1,"t":1,"c":8,"e":-1,"r":1},{"x":4,"y":7,"hp":1300,"w":1,"h":1,"t":1,"c":8,"e":-1,"r":1},{"x":5,"y":8,"hp":1300,"w":1,"h":1,"t":1,"c":8,"e":-1,"r":1},{"x":6,"y":9,"hp":1300,"w":1,"h":1,"t":1,"c":8,"e":-1,"r":1},{"x":11,"y":9,"hp":1300,"w":1,"h":1,"t":1,"c":8,"e":-1,"r":1},{"x":3,"y":18,"hp":877,"w":2,"h":2,"t":8,"c":0,"e":-1,"r":0},{"x":9,"y":5,"hp":1300,"w":1,"h":1,"t":0,"c":7,"e":-1,"r":0},{"x":10,"y":6,"hp":1300,"w":1,"h":1,"t":0,"c":7,"e":-1,"r":0},{"x":11,"y":7,"hp":1300,"w":1,"h":1,"t":0,"c":7,"e":-1,"r":0},{"x":12,"y":8,"hp":1300,"w":1,"h":1,"t":0,"c":7,"e":-1,"r":0},{"x":13,"y":9,"hp":1300,"w":1,"h":1,"t":0,"c":7,"e":-1,"r":0},{"x":11,"y":5,"hp":1300,"w":1,"h":1,"t":0,"c":7,"e":-1,"r":0},{"x":12,"y":6,"hp":1300,"w":1,"h":1,"t":0,"c":7,"e":-1,"r":0},{"x":13,"y":7,"hp":1300,"w":1,"h":1,"t":0,"c":7,"e":-1,"r":0},{"x":14,"y":8,"hp":1300,"w":1,"h":1,"t":0,"c":7,"e":-1,"r":0},{"x":15,"y":9,"hp":1300,"w":1,"h":1,"t":0,"c":7,"e":-1,"r":0},{"x":13,"y":5,"hp":1300,"w":1,"h":1,"t":0,"c":7,"e":-1,"r":0},{"x":14,"y":6,"hp":1300,"w":1,"h":1,"t":0,"c":7,"e":-1,"r":0},{"x":15,"y":7,"hp":1300,"w":1,"h":1,"t":0,"c":7,"e":-1,"r":0},{"x":16,"y":8,"hp":1300,"w":1,"h":1,"t":0,"c":7,"e":-1,"r":0},{"x":15,"y":5,"hp":1300,"w":1,"h":1,"t":0,"c":7,"e":-1,"r":0},{"x":16,"y":6,"hp":1300,"w":1,"h":1,"t":0,"c":7,"e":-1,"r":0},{"x":4,"y":5,"hp":1300,"w":1,"h":1,"t":0,"c":7,"e":-1,"r":0},{"x":5,"y":6,"hp":1300,"w":1,"h":1,"t":0,"c":7,"e":-1,"r":0},{"x":6,"y":7,"hp":1300,"w":1,"h":1,"t":0,"c":7,"e":-1,"r":0},{"x":7,"y":8,"hp":1300,"w":1,"h":1,"t":0,"c":7,"e":-1,"r":0},{"x":8,"y":9,"hp":1300,"w":1,"h":1,"t":0,"c":7,"e":-1,"r":0},{"x":0,"y":7,"hp":1300,"w":1,"h":1,"t":0,"c":7,"e":-1,"r":0},{"x":1,"y":8,"hp":1300,"w":1,"h":1,"t":0,"c":7,"e":-1,"r":0},{"x":2,"y":9,"hp":1300,"w":1,"h":1,"t":0,"c":7,"e":-1,"r":0},{"x":0,"y":9,"hp":1300,"w":1,"h":1,"t":0,"c":7,"e":-1,"r":0},{"x":2,"y":17,"hp":550,"w":1,"h":1,"t":0,"c":4,"e":-1,"r":0},{"x":2,"y":14,"hp":550,"w":1,"h":1,"t":0,"c":4,"e":-1,"r":0},{"x":5,"y":17,"hp":550,"w":1,"h":1,"t":0,"c":4,"e":-1,"r":0},{"x":5,"y":16,"hp":550,"w":1,"h":1,"t":0,"c":4,"e":-1,"r":0},{"x":5,"y":14,"hp":550,"w":1,"h":1,"t":0,"c":4,"e":-1,"r":0},{"x":11,"y":14,"hp":550,"w":1,"h":1,"t":0,"c":4,"e":-1,"r":0},{"x":11,"y":16,"hp":550,"w":1,"h":1,"t":0,"c":4,"e":-1,"r":0},{"x":11,"y":13,"hp":550,"w":1,"h":1,"t":0,"c":5,"e":-1,"r":0},{"x":11,"y":15,"hp":550,"w":1,"h":1,"t":0,"c":5,"e":-1,"r":0},{"x":11,"y":17,"hp":550,"w":1,"h":1,"t":0,"c":4,"e":-1,"r":0},{"x":14,"y":17,"hp":550,"w":1,"h":1,"t":0,"c":4,"e":-1,"r":0},{"x":14,"y":16,"hp":550,"w":1,"h":1,"t":0,"c":4,"e":-1,"r":0},{"x":14,"y":14,"hp":550,"w":1,"h":1,"t":0,"c":4,"e":-1,"r":0},{"x":14,"y":13,"hp":550,"w":1,"h":1,"t":0,"c":5,"e":-1,"r":0},{"x":14,"y":15,"hp":550,"w":1,"h":1,"t":0,"c":5,"e":-1,"r":0},{"x":12,"y":17,"hp":550,"w":1,"h":1,"t":0,"c":5,"e":-1,"r":0},{"x":13,"y":17,"hp":550,"w":1,"h":1,"t":0,"c":5,"e":-1,"r":0},{"x":3,"y":17,"hp":550,"w":1,"h":1,"t":0,"c":5,"e":-1,"r":0},{"x":4,"y":17,"hp":550,"w":1,"h":1,"t":0,"c":5,"e":-1,"r":0},{"x":2,"y":13,"hp":550,"w":1,"h":1,"t":0,"c":5,"e":-1,"r":0},{"x":2,"y":15,"hp":550,"w":1,"h":1,"t":0,"c":5,"e":-1,"r":0},{"x":5,"y":15,"hp":550,"w":1,"h":1,"t":0,"c":5,"e":-1,"r":0},{"x":5,"y":13,"hp":550,"w":1,"h":1,"t":0,"c":5,"e":-1,"r":0},{"x":2,"y":16,"hp":550,"w":1,"h":1,"t":0,"c":4,"e":-1,"r":0}],"bu":[{"x":6,"y":5,"buff":1},{"x":7,"y":6,"buff":1},{"x":8,"y":7,"buff":1},{"x":9,"y":8,"buff":1},{"x":10,"y":9,"buff":1},{"x":7,"y":12,"buff":6},{"x":8,"y":12,"buff":6},{"x":9,"y":12,"buff":6},{"x":3,"y":13,"buff":5},{"x":4,"y":13,"buff":5},{"x":12,"y":13,"buff":5},{"x":13,"y":13,"buff":5},{"x":15,"y":13,"buff":5},{"x":1,"y":13,"buff":5},{"x":16,"y":13,"buff":5},{"x":0,"y":13,"buff":5},{"x":6,"y":17,"buff":0},{"x":6,"y":16,"buff":0},{"x":6,"y":15,"buff":0},{"x":6,"y":14,"buff":0},{"x":6,"y":13,"buff":0},{"x":10,"y":17,"buff":0},{"x":10,"y":16,"buff":0},{"x":10,"y":15,"buff":0},{"x":10,"y":14,"buff":0},{"x":10,"y":13,"buff":0},{"x":7,"y":17,"buff":0},{"x":7,"y":16,"buff":0},{"x":7,"y":15,"buff":0},{"x":7,"y":14,"buff":0},{"x":7,"y":13,"buff":0},{"x":9,"y":13,"buff":0},{"x":9,"y":14,"buff":0},{"x":9,"y":15,"buff":0},{"x":9,"y":16,"buff":0},{"x":9,"y":17,"buff":0}]}