{"l":196,"h":23,"w":11,"br":[{"x":3,"y":5,"hp":40,"w":1,"h":1,"t":0,"c":4,"e":-1,"r":0},{"x":5,"y":5,"hp":40,"w":1,"h":1,"t":0,"c":4,"e":-1,"r":0},{"x":3,"y":6,"hp":41,"w":1,"h":1,"t":0,"c":4,"e":-1,"r":0},{"x":4,"y":6,"hp":41,"w":1,"h":1,"t":0,"c":4,"e":-1,"r":0},{"x":5,"y":6,"hp":41,"w":1,"h":1,"t":0,"c":4,"e":-1,"r":0},{"x":2,"y":7,"hp":33,"w":1,"h":1,"t":0,"c":3,"e":-1,"r":0},{"x":3,"y":7,"hp":33,"w":1,"h":1,"t":0,"c":3,"e":-1,"r":0},{"x":4,"y":7,"hp":33,"w":1,"h":1,"t":0,"c":3,"e":-1,"r":0},{"x":5,"y":7,"hp":33,"w":1,"h":1,"t":0,"c":3,"e":-1,"r":0},{"x":1,"y":8,"hp":56,"w":1,"h":1,"t":0,"c":4,"e":-1,"r":0},{"x":2,"y":8,"hp":56,"w":1,"h":1,"t":0,"c":4,"e":-1,"r":0},{"x":3,"y":8,"hp":56,"w":1,"h":1,"t":0,"c":4,"e":-1,"r":0},{"x":4,"y":8,"hp":56,"w":1,"h":1,"t":0,"c":4,"e":-1,"r":0},{"x":5,"y":8,"hp":56,"w":1,"h":1,"t":0,"c":4,"e":7,"r":0},{"x":1,"y":9,"hp":42,"w":1,"h":1,"t":0,"c":4,"e":9,"r":0},{"x":2,"y":9,"hp":42,"w":1,"h":1,"t":0,"c":4,"e":-1,"r":0},{"x":3,"y":9,"hp":42,"w":1,"h":1,"t":0,"c":4,"e":-1,"r":0},{"x":4,"y":9,"hp":42,"w":1,"h":1,"t":3,"c":4,"e":-1,"r":0},{"x":5,"y":9,"hp":42,"w":1,"h":1,"t":0,"c":4,"e":-1,"r":0},{"x":2,"y":10,"hp":75,"w":1,"h":1,"t":0,"c":3,"e":-1,"r":0},{"x":4,"y":10,"hp":75,"w":1,"h":1,"t":0,"c":3,"e":-1,"r":0},{"x":5,"y":10,"hp":75,"w":1,"h":1,"t":0,"c":3,"e":-1,"r":0},{"x":1,"y":12,"hp":100,"w":1,"h":1,"t":0,"c":4,"e":-1,"r":0},{"x":2,"y":12,"hp":100,"w":1,"h":1,"t":0,"c":4,"e":-1,"r":0},{"x":3,"y":12,"hp":100,"w":1,"h":1,"t":0,"c":4,"e":-1,"r":0},{"x":4,"y":12,"hp":100,"w":1,"h":1,"t":0,"c":4,"e":-1,"r":0},{"x":5,"y":12,"hp":100,"w":1,"h":1,"t":0,"c":4,"e":-1,"r":0},{"x":1,"y":13,"hp":78,"w":1,"h":1,"t":0,"c":4,"e":-1,"r":0},{"x":2,"y":13,"hp":78,"w":1,"h":1,"t":0,"c":4,"e":-1,"r":0},{"x":3,"y":13,"hp":78,"w":1,"h":1,"t":0,"c":4,"e":-1,"r":0},{"x":4,"y":13,"hp":78,"w":1,"h":1,"t":0,"c":4,"e":-1,"r":0},{"x":5,"y":13,"hp":78,"w":1,"h":1,"t":0,"c":4,"e":-1,"r":0},{"x":1,"y":14,"hp":105,"w":1,"h":1,"t":0,"c":4,"e":-1,"r":0},{"x":2,"y":14,"hp":105,"w":1,"h":1,"t":0,"c":4,"e":-1,"r":0},{"x":4,"y":14,"hp":105,"w":1,"h":1,"t":0,"c":4,"e":-1,"r":0},{"x":5,"y":14,"hp":105,"w":1,"h":1,"t":0,"c":4,"e":7,"r":0},{"x":2,"y":15,"hp":125,"w":1,"h":1,"t":0,"c":4,"e":-1,"r":0},{"x":3,"y":15,"hp":125,"w":1,"h":1,"t":0,"c":4,"e":-1,"r":0},{"x":4,"y":15,"hp":125,"w":1,"h":1,"t":0,"c":4,"e":-1,"r":0},{"x":5,"y":15,"hp":125,"w":1,"h":1,"t":0,"c":4,"e":-1,"r":0},{"x":3,"y":16,"hp":117,"w":1,"h":1,"t":1,"c":4,"e":-1,"r":1},{"x":5,"y":16,"hp":117,"w":1,"h":1,"t":0,"c":4,"e":-1,"r":0},{"x":1,"y":17,"hp":132,"w":1,"h":1,"t":0,"c":4,"e":-1,"r":0},{"x":4,"y":17,"hp":132,"w":1,"h":1,"t":0,"c":4,"e":-1,"r":0},{"x":5,"y":17,"hp":132,"w":1,"h":1,"t":0,"c":4,"e":-1,"r":0},{"x":1,"y":18,"hp":81,"w":1,"h":1,"t":0,"c":4,"e":-1,"r":0},{"x":3,"y":18,"hp":81,"w":1,"h":1,"t":0,"c":4,"e":-1,"r":0},{"x":4,"y":18,"hp":81,"w":1,"h":1,"t":0,"c":4,"e":-1,"r":0},{"x":5,"y":18,"hp":81,"w":1,"h":1,"t":0,"c":4,"e":-1,"r":0},{"x":3,"y":19,"hp":109,"w":1,"h":1,"t":0,"c":4,"e":-1,"r":0},{"x":4,"y":19,"hp":109,"w":1,"h":1,"t":0,"c":4,"e":-1,"r":0},{"x":5,"y":19,"hp":109,"w":1,"h":1,"t":0,"c":4,"e":-1,"r":0},{"x":2,"y":20,"hp":142,"w":1,"h":1,"t":0,"c":4,"e":-1,"r":0},{"x":3,"y":20,"hp":142,"w":1,"h":1,"t":0,"c":4,"e":-1,"r":0},{"x":4,"y":20,"hp":142,"w":1,"h":1,"t":3,"c":4,"e":-1,"r":0},{"x":5,"y":20,"hp":142,"w":1,"h":1,"t":0,"c":4,"e":-1,"r":0},{"x":1,"y":21,"hp":100,"w":1,"h":1,"t":2,"c":4,"e":-1,"r":2},{"x":2,"y":21,"hp":100,"w":1,"h":1,"t":0,"c":4,"e":-1,"r":0},{"x":5,"y":21,"hp":100,"w":1,"h":1,"t":0,"c":4,"e":-1,"r":0},{"x":1,"y":22,"hp":102,"w":1,"h":1,"t":0,"c":4,"e":-1,"r":0},{"x":4,"y":22,"hp":102,"w":1,"h":1,"t":0,"c":4,"e":-1,"r":0},{"x":5,"y":22,"hp":102,"w":1,"h":1,"t":0,"c":4,"e":-1,"r":0},{"x":7,"y":5,"hp":40,"w":1,"h":1,"t":0,"c":4,"e":-1,"r":0},{"x":7,"y":6,"hp":41,"w":1,"h":1,"t":0,"c":4,"e":-1,"r":0},{"x":6,"y":6,"hp":41,"w":1,"h":1,"t":0,"c":4,"e":-1,"r":0},{"x":9,"y":7,"hp":33,"w":1,"h":1,"t":0,"c":3,"e":-1,"r":0},{"x":8,"y":7,"hp":33,"w":1,"h":1,"t":0,"c":3,"e":-1,"r":0},{"x":7,"y":7,"hp":33,"w":1,"h":1,"t":0,"c":3,"e":-1,"r":0},{"x":6,"y":7,"hp":33,"w":1,"h":1,"t":0,"c":3,"e":-1,"r":0},{"x":10,"y":8,"hp":56,"w":1,"h":1,"t":0,"c":4,"e":-1,"r":0},{"x":9,"y":8,"hp":56,"w":1,"h":1,"t":0,"c":4,"e":-1,"r":0},{"x":8,"y":8,"hp":56,"w":1,"h":1,"t":0,"c":4,"e":-1,"r":0},{"x":7,"y":8,"hp":56,"w":1,"h":1,"t":0,"c":4,"e":-1,"r":0},{"x":6,"y":8,"hp":56,"w":1,"h":1,"t":0,"c":4,"e":-1,"r":0},{"x":10,"y":9,"hp":42,"w":1,"h":1,"t":0,"c":4,"e":-1,"r":0},{"x":9,"y":9,"hp":42,"w":1,"h":1,"t":0,"c":4,"e":-1,"r":0},{"x":8,"y":9,"hp":42,"w":1,"h":1,"t":0,"c":4,"e":-1,"r":0},{"x":7,"y":9,"hp":42,"w":1,"h":1,"t":0,"c":4,"e":-1,"r":0},{"x":6,"y":9,"hp":42,"w":1,"h":1,"t":3,"c":4,"e":-1,"r":0},{"x":10,"y":10,"hp":75,"w":1,"h":1,"t":0,"c":3,"e":-1,"r":0},{"x":9,"y":10,"hp":75,"w":1,"h":1,"t":0,"c":3,"e":-1,"r":0},{"x":8,"y":10,"hp":75,"w":1,"h":1,"t":0,"c":3,"e":-1,"r":0},{"x":6,"y":10,"hp":75,"w":1,"h":1,"t":0,"c":3,"e":-1,"r":0},{"x":9,"y":12,"hp":100,"w":1,"h":1,"t":0,"c":4,"e":-1,"r":0},{"x":8,"y":12,"hp":100,"w":1,"h":1,"t":0,"c":4,"e":-1,"r":0},{"x":7,"y":12,"hp":100,"w":1,"h":1,"t":0,"c":4,"e":-1,"r":0},{"x":6,"y":12,"hp":100,"w":1,"h":1,"t":0,"c":4,"e":-1,"r":0},{"x":7,"y":13,"hp":78,"w":1,"h":1,"t":0,"c":4,"e":-1,"r":0},{"x":6,"y":13,"hp":78,"w":1,"h":1,"t":0,"c":4,"e":-1,"r":0},{"x":8,"y":14,"hp":105,"w":1,"h":1,"t":0,"c":4,"e":-1,"r":0},{"x":6,"y":14,"hp":105,"w":1,"h":1,"t":0,"c":4,"e":-1,"r":0},{"x":8,"y":15,"hp":125,"w":1,"h":1,"t":0,"c":4,"e":-1,"r":0},{"x":7,"y":15,"hp":125,"w":1,"h":1,"t":0,"c":4,"e":-1,"r":0},{"x":6,"y":15,"hp":125,"w":1,"h":1,"t":0,"c":4,"e":-1,"r":0},{"x":10,"y":16,"hp":117,"w":1,"h":1,"t":5,"c":4,"e":-1,"r":0},{"x":10,"y":17,"hp":132,"w":1,"h":1,"t":0,"c":4,"e":-1,"r":0},{"x":6,"y":17,"hp":132,"w":1,"h":1,"t":0,"c":4,"e":-1,"r":0},{"x":6,"y":18,"hp":81,"w":1,"h":1,"t":0,"c":4,"e":-1,"r":0},{"x":7,"y":19,"hp":109,"w":1,"h":1,"t":0,"c":4,"e":-1,"r":0},{"x":6,"y":19,"hp":109,"w":1,"h":1,"t":0,"c":4,"e":-1,"r":0},{"x":9,"y":20,"hp":142,"w":1,"h":1,"t":0,"c":4,"e":-1,"r":0},{"x":7,"y":20,"hp":142,"w":1,"h":1,"t":0,"c":4,"e":-1,"r":0},{"x":6,"y":20,"hp":142,"w":1,"h":1,"t":3,"c":4,"e":-1,"r":0},{"x":9,"y":21,"hp":100,"w":1,"h":1,"t":2,"c":4,"e":-1,"r":2},{"x":8,"y":21,"hp":100,"w":1,"h":1,"t":0,"c":4,"e":-1,"r":0},{"x":9,"y":22,"hp":102,"w":1,"h":1,"t":0,"c":4,"e":-1,"r":0},{"x":6,"y":22,"hp":102,"w":1,"h":1,"t":0,"c":4,"e":-1,"r":0},{"x":6,"y":21,"hp":60,"w":1,"h":1,"t":0,"c":4,"e":-1,"r":0},{"x":7,"y":21,"hp":60,"w":1,"h":1,"t":0,"c":4,"e":-1,"r":0},{"x":3,"y":22,"hp":60,"w":1,"h":1,"t":0,"c":4,"e":-1,"r":0},{"x":2,"y":22,"hp":60,"w":1,"h":1,"t":0,"c":4,"e":-1,"r":0},{"x":4,"y":16,"hp":60,"w":1,"h":1,"t":0,"c":4,"e":-1,"r":0},{"x":6,"y":16,"hp":60,"w":1,"h":1,"t":0,"c":4,"e":-1,"r":0},{"x":7,"y":16,"hp":60,"w":1,"h":1,"t":0,"c":4,"e":-1,"r":0},{"x":8,"y":16,"hp":60,"w":1,"h":1,"t":0,"c":4,"e":-1,"r":0},{"x":7,"y":17,"hp":60,"w":1,"h":1,"t":0,"c":4,"e":-1,"r":0},{"x":3,"y":17,"hp":60,"w":1,"h":1,"t":0,"c":4,"e":-1,"r":0},{"x":2,"y":17,"hp":60,"w":1,"h":1,"t":0,"c":4,"e":-1,"r":0},{"x":2,"y":18,"hp":60,"w":1,"h":1,"t":0,"c":4,"e":-1,"r":0},{"x":3,"y":10,"hp":75,"w":1,"h":1,"t":0,"c":3,"e":-1,"r":0},{"x":7,"y":10,"hp":75,"w":1,"h":1,"t":0,"c":3,"e":-1,"r":0},{"x":8,"y":17,"hp":60,"w":1,"h":1,"t":0,"c":4,"e":-1,"r":0},{"x":10,"y":19,"hp":60,"w":1,"h":1,"t":0,"c":4,"e":-1,"r":0},{"x":10,"y":18,"hp":60,"w":1,"h":1,"t":0,"c":4,"e":-1,"r":0},{"x":10,"y":15,"hp":60,"w":1,"h":1,"t":0,"c":4,"e":-1,"r":0},{"x":3,"y":14,"hp":60,"w":1,"h":1,"t":0,"c":4,"e":-1,"r":0},{"x":8,"y":13,"hp":60,"w":1,"h":1,"t":0,"c":4,"e":-1,"r":0},{"x":3,"y":21,"hp":60,"w":1,"h":1,"t":0,"c":4,"e":-1,"r":0},{"x":7,"y":22,"hp":60,"w":1,"h":1,"t":0,"c":4,"e":-1,"r":0},{"x":8,"y":22,"hp":60,"w":1,"h":1,"t":0,"c":4,"e":-1,"r":0},{"x":9,"y":5,"hp":60,"w":1,"h":1,"t":0,"c":4,"e":-1,"r":0},{"x":1,"y":5,"hp":60,"w":1,"h":1,"t":0,"c":4,"e":-1,"r":0},{"x":2,"y":6,"hp":60,"w":1,"h":1,"t":0,"c":4,"e":-1,"r":0},{"x":8,"y":6,"hp":60,"w":1,"h":1,"t":0,"c":4,"e":-1,"r":0},{"x":10,"y":6,"hp":60,"w":1,"h":1,"t":0,"c":4,"e":-1,"r":0},{"x":1,"y":7,"hp":33,"w":1,"h":1,"t":0,"c":3,"e":-1,"r":0},{"x":10,"y":7,"hp":33,"w":1,"h":1,"t":0,"c":3,"e":-1,"r":0}],"bu":[{"x":0,"y":7,"buff":0},{"x":7,"y":14,"buff":0},{"x":2,"y":19,"buff":0},{"x":4,"y":21,"buff":0},{"x":8,"y":20,"buff":3},{"x":1,"y":15,"buff":2},{"x":10,"y":14,"buff":3},{"x":0,"y":21,"buff":3},{"x":2,"y":16,"buff":1},{"x":8,"y":18,"buff":1},{"x":9,"y":15,"buff":1},{"x":0,"y":9,"buff":0},{"x":3,"y":11,"buff":0},{"x":7,"y":11,"buff":0},{"x":9,"y":11,"buff":0},{"x":0,"y":12,"buff":0}]}