{"l":1,"h":11,"w":11,"br":[{"x":4,"y":10,"hp":5,"w":1,"h":1,"t":0,"c":5,"e":-1,"r":0},{"x":5,"y":10,"hp":5,"w":1,"h":1,"t":0,"c":5,"e":-1,"r":0},{"x":6,"y":10,"hp":5,"w":1,"h":1,"t":0,"c":5,"e":-1,"r":0},{"x":4,"y":8,"hp":8,"w":1,"h":1,"t":0,"c":8,"e":7,"r":0},{"x":5,"y":8,"hp":8,"w":1,"h":1,"t":0,"c":8,"e":7,"r":0},{"x":6,"y":8,"hp":8,"w":1,"h":1,"t":0,"c":8,"e":10,"r":0},{"x":2,"y":10,"hp":5,"w":1,"h":1,"t":0,"c":8,"e":-1,"r":0},{"x":3,"y":10,"hp":5,"w":1,"h":1,"t":0,"c":8,"e":-1,"r":0},{"x":7,"y":10,"hp":5,"w":1,"h":1,"t":0,"c":8,"e":-1,"r":0},{"x":8,"y":10,"hp":5,"w":1,"h":1,"t":0,"c":8,"e":-1,"r":0},{"x":3,"y":6,"hp":10,"w":1,"h":1,"t":0,"c":8,"e":1,"r":0},{"x":2,"y":6,"hp":10,"w":1,"h":1,"t":0,"c":8,"e":0,"r":0},{"x":7,"y":6,"hp":10,"w":1,"h":1,"t":0,"c":8,"e":5,"r":0},{"x":8,"y":6,"hp":10,"w":1,"h":1,"t":0,"c":8,"e":6,"r":0},{"x":4,"y":6,"hp":10,"w":1,"h":1,"t":0,"c":5,"e":2,"r":0},{"x":5,"y":6,"hp":10,"w":1,"h":1,"t":0,"c":5,"e":3,"r":0},{"x":6,"y":6,"hp":10,"w":1,"h":1,"t":0,"c":5,"e":4,"r":0},{"x":3,"y":8,"hp":8,"w":1,"h":1,"t":0,"c":5,"e":-1,"r":0},{"x":2,"y":8,"hp":8,"w":1,"h":1,"t":0,"c":5,"e":-1,"r":0},{"x":7,"y":8,"hp":8,"w":1,"h":1,"t":0,"c":5,"e":9,"r":0},{"x":8,"y":8,"hp":8,"w":1,"h":1,"t":0,"c":5,"e":8,"r":0},{"x":2,"y":9,"hp":5,"w":1,"h":1,"t":0,"c":5,"e":-1,"r":0},{"x":8,"y":7,"hp":8,"w":1,"h":1,"t":0,"c":5,"e":7,"r":0}],"bu":[{"x":7,"y":7,"buff":0},{"x":5,"y":7,"buff":0},{"x":3,"y":7,"buff":0},{"x":3,"y":9,"buff":0},{"x":5,"y":9,"buff":0},{"x":7,"y":9,"buff":0}]}