{"l":354,"h":44,"w":11,"br":[{"x":4,"y":5,"hp":95,"w":1,"h":1,"t":0,"c":5,"e":-1,"r":0},{"x":5,"y":5,"hp":95,"w":1,"h":1,"t":0,"c":5,"e":-1,"r":0},{"x":3,"y":6,"hp":68,"w":1,"h":1,"t":0,"c":5,"e":-1,"r":0},{"x":4,"y":6,"hp":68,"w":1,"h":1,"t":0,"c":5,"e":-1,"r":0},{"x":5,"y":6,"hp":68,"w":1,"h":1,"t":0,"c":5,"e":-1,"r":0},{"x":0,"y":7,"hp":88,"w":1,"h":1,"t":0,"c":5,"e":-1,"r":0},{"x":2,"y":7,"hp":88,"w":1,"h":1,"t":0,"c":5,"e":-1,"r":0},{"x":3,"y":7,"hp":88,"w":1,"h":1,"t":0,"c":5,"e":-1,"r":0},{"x":4,"y":7,"hp":88,"w":1,"h":1,"t":0,"c":5,"e":-1,"r":0},{"x":5,"y":7,"hp":88,"w":1,"h":1,"t":0,"c":5,"e":-1,"r":0},{"x":4,"y":8,"hp":104,"w":1,"h":1,"t":0,"c":5,"e":-1,"r":0},{"x":5,"y":8,"hp":104,"w":1,"h":1,"t":0,"c":5,"e":-1,"r":0},{"x":2,"y":12,"hp":137,"w":1,"h":1,"t":0,"c":5,"e":-1,"r":0},{"x":3,"y":12,"hp":137,"w":1,"h":1,"t":0,"c":5,"e":-1,"r":0},{"x":4,"y":12,"hp":137,"w":1,"h":1,"t":0,"c":5,"e":-1,"r":0},{"x":5,"y":12,"hp":137,"w":1,"h":1,"t":0,"c":5,"e":-1,"r":0},{"x":3,"y":13,"hp":86,"w":1,"h":1,"t":0,"c":5,"e":-1,"r":0},{"x":5,"y":13,"hp":86,"w":1,"h":1,"t":0,"c":5,"e":-1,"r":0},{"x":2,"y":16,"hp":205,"w":1,"h":1,"t":0,"c":5,"e":-1,"r":0},{"x":4,"y":16,"hp":205,"w":1,"h":1,"t":5,"c":5,"e":-1,"r":0},{"x":5,"y":16,"hp":205,"w":1,"h":1,"t":0,"c":5,"e":-1,"r":0},{"x":2,"y":17,"hp":135,"w":1,"h":1,"t":0,"c":5,"e":-1,"r":0},{"x":3,"y":17,"hp":135,"w":1,"h":1,"t":0,"c":5,"e":-1,"r":0},{"x":5,"y":17,"hp":135,"w":1,"h":1,"t":0,"c":5,"e":-1,"r":0},{"x":1,"y":18,"hp":99,"w":1,"h":1,"t":0,"c":5,"e":-1,"r":0},{"x":2,"y":18,"hp":99,"w":1,"h":1,"t":0,"c":5,"e":-1,"r":0},{"x":3,"y":18,"hp":99,"w":1,"h":1,"t":0,"c":5,"e":-1,"r":0},{"x":5,"y":18,"hp":99,"w":1,"h":1,"t":0,"c":5,"e":-1,"r":0},{"x":2,"y":19,"hp":138,"w":1,"h":1,"t":0,"c":5,"e":-1,"r":0},{"x":3,"y":19,"hp":138,"w":1,"h":1,"t":0,"c":5,"e":-1,"r":0},{"x":4,"y":19,"hp":138,"w":1,"h":1,"t":0,"c":5,"e":-1,"r":0},{"x":5,"y":19,"hp":138,"w":1,"h":1,"t":0,"c":5,"e":-1,"r":0},{"x":1,"y":20,"hp":261,"w":1,"h":1,"t":0,"c":5,"e":-1,"r":0},{"x":3,"y":20,"hp":261,"w":1,"h":1,"t":0,"c":5,"e":-1,"r":0},{"x":4,"y":20,"hp":261,"w":1,"h":1,"t":0,"c":5,"e":-1,"r":0},{"x":1,"y":21,"hp":98,"w":1,"h":1,"t":0,"c":5,"e":-1,"r":0},{"x":2,"y":21,"hp":98,"w":1,"h":1,"t":0,"c":5,"e":-1,"r":0},{"x":4,"y":21,"hp":98,"w":1,"h":1,"t":0,"c":5,"e":-1,"r":0},{"x":1,"y":22,"hp":130,"w":1,"h":1,"t":0,"c":5,"e":-1,"r":0},{"x":3,"y":22,"hp":130,"w":1,"h":1,"t":0,"c":5,"e":-1,"r":0},{"x":4,"y":22,"hp":130,"w":1,"h":1,"t":3,"c":5,"e":-1,"r":0},{"x":5,"y":22,"hp":130,"w":1,"h":1,"t":0,"c":5,"e":-1,"r":0},{"x":4,"y":23,"hp":60,"w":1,"h":1,"t":0,"c":5,"e":-1,"r":0},{"x":5,"y":23,"hp":60,"w":1,"h":1,"t":0,"c":5,"e":-1,"r":0},{"x":4,"y":24,"hp":77,"w":1,"h":1,"t":0,"c":5,"e":-1,"r":0},{"x":5,"y":24,"hp":77,"w":1,"h":1,"t":0,"c":5,"e":-1,"r":0},{"x":2,"y":25,"hp":154,"w":1,"h":1,"t":4,"c":5,"e":-1,"r":0},{"x":3,"y":25,"hp":154,"w":1,"h":1,"t":0,"c":5,"e":-1,"r":0},{"x":4,"y":25,"hp":154,"w":1,"h":1,"t":0,"c":5,"e":-1,"r":0},{"x":2,"y":26,"hp":173,"w":1,"h":1,"t":0,"c":5,"e":-1,"r":0},{"x":3,"y":26,"hp":173,"w":1,"h":1,"t":0,"c":5,"e":-1,"r":0},{"x":4,"y":26,"hp":173,"w":1,"h":1,"t":0,"c":5,"e":-1,"r":0},{"x":5,"y":26,"hp":173,"w":1,"h":1,"t":0,"c":5,"e":-1,"r":0},{"x":3,"y":27,"hp":117,"w":1,"h":1,"t":0,"c":5,"e":-1,"r":0},{"x":5,"y":27,"hp":117,"w":1,"h":1,"t":1,"c":5,"e":-1,"r":0},{"x":1,"y":28,"hp":150,"w":1,"h":1,"t":0,"c":5,"e":-1,"r":0},{"x":2,"y":28,"hp":150,"w":1,"h":1,"t":0,"c":5,"e":-1,"r":0},{"x":3,"y":28,"hp":150,"w":1,"h":1,"t":5,"c":5,"e":-1,"r":0},{"x":4,"y":28,"hp":150,"w":1,"h":1,"t":5,"c":5,"e":-1,"r":0},{"x":5,"y":28,"hp":150,"w":1,"h":1,"t":0,"c":5,"e":-1,"r":0},{"x":1,"y":29,"hp":150,"w":1,"h":1,"t":0,"c":5,"e":-1,"r":0},{"x":2,"y":29,"hp":150,"w":1,"h":1,"t":0,"c":5,"e":-1,"r":0},{"x":3,"y":29,"hp":150,"w":1,"h":1,"t":0,"c":5,"e":-1,"r":0},{"x":5,"y":29,"hp":150,"w":1,"h":1,"t":0,"c":5,"e":-1,"r":0},{"x":2,"y":30,"hp":110,"w":1,"h":1,"t":0,"c":5,"e":-1,"r":0},{"x":5,"y":30,"hp":110,"w":1,"h":1,"t":0,"c":5,"e":-1,"r":0},{"x":2,"y":31,"hp":105,"w":1,"h":1,"t":0,"c":5,"e":-1,"r":0},{"x":3,"y":31,"hp":105,"w":1,"h":1,"t":0,"c":5,"e":-1,"r":0},{"x":5,"y":31,"hp":105,"w":1,"h":1,"t":0,"c":5,"e":-1,"r":0},{"x":2,"y":32,"hp":153,"w":1,"h":1,"t":0,"c":5,"e":-1,"r":0},{"x":3,"y":32,"hp":153,"w":1,"h":1,"t":0,"c":5,"e":-1,"r":0},{"x":4,"y":32,"hp":153,"w":1,"h":1,"t":0,"c":5,"e":-1,"r":0},{"x":5,"y":32,"hp":153,"w":1,"h":1,"t":0,"c":5,"e":-1,"r":0},{"x":1,"y":33,"hp":175,"w":1,"h":1,"t":0,"c":5,"e":-1,"r":0},{"x":2,"y":33,"hp":175,"w":1,"h":1,"t":0,"c":5,"e":-1,"r":0},{"x":4,"y":33,"hp":175,"w":1,"h":1,"t":0,"c":5,"e":-1,"r":0},{"x":5,"y":33,"hp":175,"w":1,"h":1,"t":0,"c":5,"e":-1,"r":0},{"x":1,"y":34,"hp":114,"w":1,"h":1,"t":0,"c":5,"e":-1,"r":0},{"x":4,"y":34,"hp":114,"w":1,"h":1,"t":0,"c":5,"e":-1,"r":0},{"x":5,"y":34,"hp":114,"w":1,"h":1,"t":4,"c":5,"e":-1,"r":0},{"x":2,"y":35,"hp":150,"w":1,"h":1,"t":0,"c":5,"e":-1,"r":0},{"x":3,"y":35,"hp":150,"w":1,"h":1,"t":0,"c":5,"e":-1,"r":0},{"x":4,"y":35,"hp":150,"w":1,"h":1,"t":1,"c":5,"e":-1,"r":0},{"x":5,"y":35,"hp":150,"w":1,"h":1,"t":0,"c":5,"e":-1,"r":0},{"x":2,"y":36,"hp":100,"w":1,"h":1,"t":0,"c":5,"e":-1,"r":0},{"x":3,"y":36,"hp":100,"w":1,"h":1,"t":2,"c":5,"e":-1,"r":1},{"x":4,"y":36,"hp":100,"w":1,"h":1,"t":0,"c":5,"e":-1,"r":0},{"x":5,"y":36,"hp":100,"w":1,"h":1,"t":0,"c":5,"e":-1,"r":0},{"x":4,"y":37,"hp":209,"w":1,"h":1,"t":4,"c":5,"e":-1,"r":0},{"x":5,"y":37,"hp":209,"w":1,"h":1,"t":0,"c":5,"e":-1,"r":0},{"x":4,"y":38,"hp":110,"w":1,"h":1,"t":0,"c":5,"e":-1,"r":0},{"x":5,"y":38,"hp":110,"w":1,"h":1,"t":0,"c":5,"e":-1,"r":0},{"x":1,"y":39,"hp":135,"w":1,"h":1,"t":0,"c":5,"e":-1,"r":0},{"x":2,"y":39,"hp":135,"w":1,"h":1,"t":5,"c":5,"e":-1,"r":0},{"x":5,"y":39,"hp":135,"w":1,"h":1,"t":0,"c":5,"e":-1,"r":0},{"x":3,"y":40,"hp":105,"w":1,"h":1,"t":0,"c":5,"e":-1,"r":0},{"x":4,"y":40,"hp":105,"w":1,"h":1,"t":0,"c":5,"e":-1,"r":0},{"x":5,"y":40,"hp":105,"w":1,"h":1,"t":0,"c":5,"e":-1,"r":0},{"x":1,"y":41,"hp":240,"w":1,"h":1,"t":0,"c":5,"e":-1,"r":0},{"x":2,"y":41,"hp":240,"w":1,"h":1,"t":4,"c":5,"e":-1,"r":0},{"x":3,"y":41,"hp":240,"w":1,"h":1,"t":1,"c":5,"e":-1,"r":3},{"x":4,"y":41,"hp":240,"w":1,"h":1,"t":1,"c":5,"e":-1,"r":0},{"x":1,"y":42,"hp":171,"w":1,"h":1,"t":0,"c":5,"e":-1,"r":0},{"x":2,"y":42,"hp":171,"w":1,"h":1,"t":1,"c":5,"e":-1,"r":0},{"x":4,"y":42,"hp":171,"w":1,"h":1,"t":0,"c":5,"e":-1,"r":0},{"x":6,"y":5,"hp":95,"w":1,"h":1,"t":0,"c":5,"e":-1,"r":0},{"x":7,"y":6,"hp":68,"w":1,"h":1,"t":0,"c":5,"e":-1,"r":0},{"x":6,"y":6,"hp":68,"w":1,"h":1,"t":0,"c":5,"e":-1,"r":0},{"x":10,"y":7,"hp":88,"w":1,"h":1,"t":0,"c":5,"e":-1,"r":0},{"x":9,"y":7,"hp":88,"w":1,"h":1,"t":4,"c":5,"e":-1,"r":0},{"x":8,"y":7,"hp":88,"w":1,"h":1,"t":0,"c":5,"e":-1,"r":0},{"x":7,"y":7,"hp":88,"w":1,"h":1,"t":0,"c":5,"e":-1,"r":0},{"x":6,"y":7,"hp":88,"w":1,"h":1,"t":0,"c":5,"e":-1,"r":0},{"x":6,"y":8,"hp":104,"w":1,"h":1,"t":0,"c":5,"e":-1,"r":0},{"x":8,"y":12,"hp":137,"w":1,"h":1,"t":0,"c":5,"e":-1,"r":0},{"x":7,"y":12,"hp":137,"w":1,"h":1,"t":0,"c":5,"e":-1,"r":0},{"x":6,"y":12,"hp":137,"w":1,"h":1,"t":0,"c":5,"e":-1,"r":0},{"x":9,"y":13,"hp":86,"w":1,"h":1,"t":0,"c":5,"e":-1,"r":0},{"x":7,"y":13,"hp":86,"w":1,"h":1,"t":0,"c":5,"e":-1,"r":0},{"x":9,"y":14,"hp":141,"w":1,"h":1,"t":0,"c":5,"e":-1,"r":0},{"x":6,"y":16,"hp":205,"w":1,"h":1,"t":5,"c":5,"e":-1,"r":0},{"x":8,"y":17,"hp":135,"w":1,"h":1,"t":0,"c":5,"e":-1,"r":0},{"x":7,"y":17,"hp":135,"w":1,"h":1,"t":0,"c":5,"e":-1,"r":0},{"x":9,"y":18,"hp":99,"w":1,"h":1,"t":0,"c":5,"e":-1,"r":0},{"x":8,"y":18,"hp":99,"w":1,"h":1,"t":0,"c":5,"e":-1,"r":0},{"x":7,"y":18,"hp":99,"w":1,"h":1,"t":0,"c":5,"e":-1,"r":0},{"x":9,"y":21,"hp":98,"w":1,"h":1,"t":0,"c":5,"e":-1,"r":0},{"x":8,"y":21,"hp":98,"w":1,"h":1,"t":0,"c":5,"e":-1,"r":0},{"x":9,"y":22,"hp":130,"w":1,"h":1,"t":0,"c":5,"e":-1,"r":0},{"x":7,"y":22,"hp":130,"w":1,"h":1,"t":0,"c":5,"e":-1,"r":0},{"x":9,"y":23,"hp":60,"w":1,"h":1,"t":0,"c":5,"e":-1,"r":0},{"x":8,"y":23,"hp":60,"w":1,"h":1,"t":0,"c":5,"e":-1,"r":0},{"x":7,"y":23,"hp":60,"w":1,"h":1,"t":0,"c":5,"e":-1,"r":0},{"x":9,"y":24,"hp":77,"w":1,"h":1,"t":5,"c":5,"e":-1,"r":0},{"x":7,"y":24,"hp":77,"w":1,"h":1,"t":0,"c":5,"e":-1,"r":0},{"x":8,"y":25,"hp":154,"w":1,"h":1,"t":4,"c":5,"e":-1,"r":0},{"x":7,"y":25,"hp":154,"w":1,"h":1,"t":0,"c":5,"e":-1,"r":0},{"x":9,"y":26,"hp":173,"w":1,"h":1,"t":0,"c":5,"e":-1,"r":0},{"x":8,"y":26,"hp":173,"w":1,"h":1,"t":0,"c":5,"e":-1,"r":0},{"x":7,"y":26,"hp":173,"w":1,"h":1,"t":0,"c":5,"e":-1,"r":0},{"x":6,"y":26,"hp":173,"w":1,"h":1,"t":0,"c":5,"e":-1,"r":0},{"x":9,"y":27,"hp":117,"w":1,"h":1,"t":2,"c":5,"e":-1,"r":3},{"x":7,"y":27,"hp":117,"w":1,"h":1,"t":0,"c":5,"e":-1,"r":0},{"x":9,"y":28,"hp":150,"w":1,"h":1,"t":0,"c":5,"e":-1,"r":0},{"x":8,"y":28,"hp":150,"w":1,"h":1,"t":0,"c":5,"e":-1,"r":0},{"x":7,"y":28,"hp":150,"w":1,"h":1,"t":5,"c":5,"e":-1,"r":0},{"x":6,"y":28,"hp":150,"w":1,"h":1,"t":5,"c":5,"e":-1,"r":0},{"x":9,"y":29,"hp":150,"w":1,"h":1,"t":0,"c":5,"e":-1,"r":0},{"x":8,"y":29,"hp":150,"w":1,"h":1,"t":0,"c":5,"e":-1,"r":0},{"x":7,"y":29,"hp":150,"w":1,"h":1,"t":0,"c":5,"e":-1,"r":0},{"x":10,"y":31,"hp":105,"w":1,"h":1,"t":0,"c":5,"e":-1,"r":0},{"x":8,"y":32,"hp":153,"w":1,"h":1,"t":0,"c":5,"e":-1,"r":0},{"x":6,"y":32,"hp":153,"w":1,"h":1,"t":0,"c":5,"e":-1,"r":0},{"x":10,"y":33,"hp":175,"w":1,"h":1,"t":0,"c":5,"e":-1,"r":0},{"x":9,"y":33,"hp":175,"w":1,"h":1,"t":0,"c":5,"e":-1,"r":0},{"x":8,"y":33,"hp":175,"w":1,"h":1,"t":0,"c":5,"e":-1,"r":0},{"x":6,"y":33,"hp":175,"w":1,"h":1,"t":0,"c":5,"e":-1,"r":0},{"x":6,"y":34,"hp":114,"w":1,"h":1,"t":0,"c":5,"e":-1,"r":0},{"x":8,"y":35,"hp":150,"w":1,"h":1,"t":0,"c":5,"e":-1,"r":0},{"x":7,"y":35,"hp":150,"w":1,"h":1,"t":0,"c":5,"e":-1,"r":0},{"x":6,"y":35,"hp":150,"w":1,"h":1,"t":1,"c":5,"e":-1,"r":1},{"x":8,"y":36,"hp":100,"w":1,"h":1,"t":0,"c":5,"e":-1,"r":0},{"x":7,"y":36,"hp":100,"w":1,"h":1,"t":2,"c":5,"e":-1,"r":3},{"x":6,"y":36,"hp":100,"w":1,"h":1,"t":0,"c":5,"e":-1,"r":0},{"x":9,"y":37,"hp":209,"w":1,"h":1,"t":0,"c":5,"e":-1,"r":0},{"x":8,"y":37,"hp":209,"w":1,"h":1,"t":0,"c":5,"e":-1,"r":0},{"x":7,"y":37,"hp":209,"w":1,"h":1,"t":0,"c":5,"e":-1,"r":0},{"x":6,"y":37,"hp":209,"w":1,"h":1,"t":4,"c":5,"e":-1,"r":0},{"x":8,"y":38,"hp":110,"w":1,"h":1,"t":0,"c":5,"e":-1,"r":0},{"x":7,"y":38,"hp":110,"w":1,"h":1,"t":0,"c":5,"e":-1,"r":0},{"x":6,"y":38,"hp":110,"w":1,"h":1,"t":0,"c":5,"e":-1,"r":0},{"x":9,"y":39,"hp":135,"w":1,"h":1,"t":0,"c":5,"e":-1,"r":0},{"x":8,"y":39,"hp":135,"w":1,"h":1,"t":5,"c":5,"e":-1,"r":0},{"x":7,"y":40,"hp":105,"w":1,"h":1,"t":0,"c":5,"e":-1,"r":0},{"x":6,"y":40,"hp":105,"w":1,"h":1,"t":0,"c":5,"e":-1,"r":0},{"x":9,"y":41,"hp":240,"w":1,"h":1,"t":0,"c":5,"e":-1,"r":0},{"x":8,"y":41,"hp":240,"w":1,"h":1,"t":4,"c":5,"e":-1,"r":0},{"x":7,"y":41,"hp":240,"w":1,"h":1,"t":1,"c":5,"e":-1,"r":2},{"x":6,"y":41,"hp":240,"w":1,"h":1,"t":1,"c":5,"e":-1,"r":1},{"x":10,"y":42,"hp":171,"w":1,"h":1,"t":0,"c":5,"e":-1,"r":0},{"x":9,"y":42,"hp":171,"w":1,"h":1,"t":0,"c":5,"e":-1,"r":0},{"x":8,"y":42,"hp":171,"w":1,"h":1,"t":1,"c":5,"e":-1,"r":1},{"x":6,"y":42,"hp":171,"w":1,"h":1,"t":0,"c":5,"e":-1,"r":0},{"x":2,"y":10,"hp":670,"w":8,"h":1,"t":0,"c":3,"e":-1,"r":0},{"x":6,"y":19,"hp":138,"w":1,"h":1,"t":0,"c":5,"e":-1,"r":0},{"x":8,"y":19,"hp":138,"w":1,"h":1,"t":0,"c":5,"e":-1,"r":0},{"x":2,"y":14,"hp":141,"w":1,"h":1,"t":0,"c":5,"e":-1,"r":0},{"x":3,"y":14,"hp":141,"w":1,"h":1,"t":0,"c":5,"e":-1,"r":0},{"x":4,"y":14,"hp":141,"w":1,"h":1,"t":0,"c":5,"e":-1,"r":0},{"x":5,"y":14,"hp":141,"w":1,"h":1,"t":0,"c":5,"e":-1,"r":0},{"x":6,"y":14,"hp":141,"w":1,"h":1,"t":0,"c":5,"e":-1,"r":0},{"x":7,"y":14,"hp":141,"w":1,"h":1,"t":0,"c":5,"e":-1,"r":0},{"x":2,"y":15,"hp":182,"w":1,"h":1,"t":0,"c":5,"e":-1,"r":0},{"x":3,"y":15,"hp":182,"w":1,"h":1,"t":0,"c":5,"e":-1,"r":0},{"x":4,"y":15,"hp":182,"w":1,"h":1,"t":0,"c":5,"e":-1,"r":0},{"x":7,"y":15,"hp":182,"w":1,"h":1,"t":0,"c":5,"e":-1,"r":0},{"x":2,"y":8,"hp":104,"w":1,"h":1,"t":0,"c":5,"e":-1,"r":0},{"x":3,"y":8,"hp":104,"w":1,"h":1,"t":0,"c":5,"e":-1,"r":0},{"x":7,"y":8,"hp":104,"w":1,"h":1,"t":0,"c":5,"e":-1,"r":0},{"x":8,"y":8,"hp":104,"w":1,"h":1,"t":0,"c":5,"e":-1,"r":0},{"x":9,"y":8,"hp":104,"w":1,"h":1,"t":0,"c":5,"e":-1,"r":0},{"x":0,"y":8,"hp":104,"w":1,"h":1,"t":0,"c":5,"e":-1,"r":0},{"x":0,"y":9,"hp":90,"w":1,"h":1,"t":0,"c":5,"e":-1,"r":0},{"x":0,"y":10,"hp":90,"w":1,"h":1,"t":0,"c":3,"e":-1,"r":0},{"x":10,"y":8,"hp":104,"w":1,"h":1,"t":0,"c":5,"e":-1,"r":0},{"x":10,"y":10,"hp":90,"w":1,"h":1,"t":0,"c":3,"e":-1,"r":0},{"x":5,"y":15,"hp":182,"w":1,"h":1,"t":0,"c":5,"e":-1,"r":0},{"x":6,"y":15,"hp":182,"w":1,"h":1,"t":0,"c":5,"e":-1,"r":0},{"x":6,"y":13,"hp":90,"w":1,"h":1,"t":0,"c":5,"e":-1,"r":0},{"x":4,"y":13,"hp":90,"w":1,"h":1,"t":0,"c":5,"e":-1,"r":0},{"x":6,"y":17,"hp":135,"w":1,"h":1,"t":0,"c":5,"e":-1,"r":0},{"x":4,"y":17,"hp":135,"w":1,"h":1,"t":0,"c":5,"e":-1,"r":0},{"x":9,"y":19,"hp":138,"w":1,"h":1,"t":0,"c":5,"e":-1,"r":0},{"x":2,"y":20,"hp":261,"w":1,"h":1,"t":0,"c":5,"e":-1,"r":0},{"x":3,"y":21,"hp":90,"w":1,"h":1,"t":0,"c":5,"e":-1,"r":0},{"x":2,"y":22,"hp":130,"w":1,"h":1,"t":0,"c":5,"e":-1,"r":0},{"x":8,"y":22,"hp":130,"w":1,"h":1,"t":0,"c":5,"e":-1,"r":0},{"x":8,"y":24,"hp":77,"w":1,"h":1,"t":0,"c":5,"e":-1,"r":0},{"x":6,"y":27,"hp":117,"w":1,"h":1,"t":0,"c":5,"e":-1,"r":0},{"x":4,"y":27,"hp":117,"w":1,"h":1,"t":0,"c":5,"e":-1,"r":0},{"x":2,"y":27,"hp":117,"w":1,"h":1,"t":0,"c":5,"e":-1,"r":0},{"x":8,"y":27,"hp":117,"w":1,"h":1,"t":0,"c":5,"e":-1,"r":0},{"x":9,"y":25,"hp":154,"w":1,"h":1,"t":0,"c":5,"e":-1,"r":0},{"x":4,"y":31,"hp":105,"w":1,"h":1,"t":0,"c":5,"e":-1,"r":0},{"x":6,"y":31,"hp":105,"w":1,"h":1,"t":0,"c":5,"e":-1,"r":0},{"x":9,"y":32,"hp":153,"w":1,"h":1,"t":0,"c":5,"e":-1,"r":0},{"x":10,"y":32,"hp":153,"w":1,"h":1,"t":0,"c":5,"e":-1,"r":0},{"x":6,"y":29,"hp":150,"w":1,"h":1,"t":0,"c":5,"e":-1,"r":0},{"x":4,"y":29,"hp":150,"w":1,"h":1,"t":0,"c":5,"e":-1,"r":0},{"x":7,"y":30,"hp":110,"w":1,"h":1,"t":0,"c":5,"e":-1,"r":0},{"x":6,"y":30,"hp":110,"w":1,"h":1,"t":0,"c":5,"e":-1,"r":0},{"x":3,"y":33,"hp":175,"w":1,"h":1,"t":0,"c":5,"e":-1,"r":0},{"x":6,"y":39,"hp":135,"w":1,"h":1,"t":0,"c":5,"e":-1,"r":0},{"x":7,"y":39,"hp":135,"w":1,"h":1,"t":0,"c":5,"e":-1,"r":0},{"x":9,"y":40,"hp":105,"w":1,"h":1,"t":0,"c":5,"e":-1,"r":0},{"x":8,"y":40,"hp":105,"w":1,"h":1,"t":0,"c":5,"e":-1,"r":0},{"x":3,"y":42,"hp":171,"w":1,"h":1,"t":0,"c":5,"e":-1,"r":0},{"x":7,"y":42,"hp":171,"w":1,"h":1,"t":0,"c":5,"e":-1,"r":0},{"x":2,"y":13,"hp":90,"w":1,"h":1,"t":0,"c":5,"e":-1,"r":0},{"x":1,"y":40,"hp":90,"w":1,"h":1,"t":0,"c":5,"e":-1,"r":0},{"x":4,"y":39,"hp":90,"w":1,"h":1,"t":0,"c":5,"e":-1,"r":0},{"x":3,"y":39,"hp":90,"w":1,"h":1,"t":0,"c":5,"e":-1,"r":0},{"x":3,"y":38,"hp":90,"w":1,"h":1,"t":0,"c":5,"e":-1,"r":0},{"x":3,"y":37,"hp":90,"w":1,"h":1,"t":0,"c":5,"e":-1,"r":0},{"x":2,"y":38,"hp":90,"w":1,"h":1,"t":0,"c":5,"e":-1,"r":0},{"x":2,"y":37,"hp":90,"w":1,"h":1,"t":0,"c":5,"e":-1,"r":0},{"x":1,"y":27,"hp":90,"w":1,"h":1,"t":0,"c":5,"e":-1,"r":0},{"x":1,"y":26,"hp":90,"w":1,"h":1,"t":0,"c":5,"e":-1,"r":0}],"bu":[{"x":9,"y":12,"buff":1},{"x":9,"y":17,"buff":1},{"x":7,"y":20,"buff":1},{"x":6,"y":25,"buff":1},{"x":0,"y":26,"buff":1},{"x":10,"y":27,"buff":1},{"x":3,"y":30,"buff":1},{"x":9,"y":38,"buff":1},{"x":2,"y":40,"buff":1},{"x":4,"y":43,"buff":1},{"x":9,"y":43,"buff":1},{"x":7,"y":34,"buff":0},{"x":8,"y":14,"buff":0},{"x":10,"y":22,"buff":1},{"x":6,"y":22,"buff":1},{"x":0,"y":17,"buff":1},{"x":2,"y":9,"buff":10},{"x":4,"y":9,"buff":10},{"x":6,"y":9,"buff":10},{"x":2,"y":11,"buff":10},{"x":4,"y":11,"buff":10},{"x":6,"y":11,"buff":10},{"x":8,"y":9,"buff":10},{"x":8,"y":11,"buff":10}]}