{"l":325,"h":35,"w":11,"br":[{"x":1,"y":5,"hp":52,"w":1,"h":1,"t":0,"c":3,"e":-1,"r":0},{"x":2,"y":5,"hp":52,"w":1,"h":1,"t":0,"c":3,"e":-1,"r":0},{"x":3,"y":5,"hp":52,"w":1,"h":1,"t":0,"c":3,"e":-1,"r":0},{"x":4,"y":5,"hp":52,"w":1,"h":1,"t":0,"c":3,"e":-1,"r":0},{"x":2,"y":6,"hp":55,"w":1,"h":1,"t":0,"c":3,"e":-1,"r":0},{"x":3,"y":6,"hp":55,"w":1,"h":1,"t":0,"c":3,"e":-1,"r":0},{"x":4,"y":6,"hp":55,"w":1,"h":1,"t":0,"c":3,"e":-1,"r":0},{"x":5,"y":6,"hp":55,"w":1,"h":1,"t":0,"c":3,"e":-1,"r":0},{"x":1,"y":8,"hp":106,"w":1,"h":1,"t":0,"c":3,"e":-1,"r":0},{"x":2,"y":8,"hp":106,"w":1,"h":1,"t":1,"c":3,"e":-1,"r":0},{"x":3,"y":8,"hp":106,"w":1,"h":1,"t":0,"c":3,"e":-1,"r":0},{"x":4,"y":8,"hp":106,"w":1,"h":1,"t":0,"c":3,"e":-1,"r":0},{"x":5,"y":8,"hp":106,"w":1,"h":1,"t":0,"c":3,"e":-1,"r":0},{"x":2,"y":9,"hp":87,"w":1,"h":1,"t":0,"c":3,"e":-1,"r":0},{"x":3,"y":9,"hp":87,"w":1,"h":1,"t":0,"c":3,"e":-1,"r":0},{"x":4,"y":9,"hp":87,"w":1,"h":1,"t":0,"c":3,"e":-1,"r":0},{"x":5,"y":9,"hp":87,"w":1,"h":1,"t":0,"c":3,"e":-1,"r":0},{"x":4,"y":10,"hp":56,"w":1,"h":1,"t":4,"c":3,"e":-1,"r":0},{"x":5,"y":10,"hp":56,"w":1,"h":1,"t":0,"c":3,"e":-1,"r":0},{"x":1,"y":11,"hp":1000,"w":9,"h":2,"t":0,"c":1,"e":-1,"r":0},{"x":3,"y":13,"hp":107,"w":1,"h":1,"t":0,"c":3,"e":-1,"r":0},{"x":4,"y":13,"hp":107,"w":1,"h":1,"t":0,"c":3,"e":-1,"r":0},{"x":5,"y":13,"hp":107,"w":1,"h":1,"t":0,"c":3,"e":-1,"r":0},{"x":3,"y":14,"hp":80,"w":1,"h":1,"t":0,"c":3,"e":1,"r":0},{"x":5,"y":14,"hp":80,"w":1,"h":1,"t":0,"c":3,"e":-1,"r":0},{"x":3,"y":15,"hp":80,"w":1,"h":1,"t":2,"c":3,"e":-1,"r":1},{"x":4,"y":15,"hp":80,"w":1,"h":1,"t":0,"c":3,"e":-1,"r":0},{"x":5,"y":15,"hp":80,"w":1,"h":1,"t":0,"c":3,"e":-1,"r":0},{"x":1,"y":16,"hp":100,"w":1,"h":1,"t":1,"c":3,"e":-1,"r":1},{"x":3,"y":16,"hp":100,"w":1,"h":1,"t":0,"c":3,"e":-1,"r":0},{"x":4,"y":16,"hp":100,"w":1,"h":1,"t":0,"c":3,"e":-1,"r":0},{"x":5,"y":16,"hp":100,"w":1,"h":1,"t":0,"c":3,"e":-1,"r":0},{"x":1,"y":17,"hp":85,"w":1,"h":1,"t":4,"c":3,"e":-1,"r":0},{"x":3,"y":17,"hp":85,"w":1,"h":1,"t":0,"c":3,"e":-1,"r":0},{"x":5,"y":17,"hp":85,"w":1,"h":1,"t":0,"c":3,"e":-1,"r":0},{"x":1,"y":18,"hp":43,"w":1,"h":1,"t":0,"c":3,"e":-1,"r":0},{"x":1,"y":19,"hp":138,"w":1,"h":1,"t":0,"c":3,"e":-1,"r":0},{"x":2,"y":19,"hp":138,"w":1,"h":1,"t":0,"c":3,"e":-1,"r":0},{"x":4,"y":19,"hp":138,"w":1,"h":1,"t":0,"c":3,"e":-1,"r":0},{"x":5,"y":19,"hp":138,"w":1,"h":1,"t":0,"c":3,"e":-1,"r":0},{"x":1,"y":20,"hp":154,"w":1,"h":1,"t":0,"c":3,"e":-1,"r":0},{"x":2,"y":20,"hp":154,"w":1,"h":1,"t":0,"c":3,"e":-1,"r":0},{"x":4,"y":20,"hp":154,"w":1,"h":1,"t":0,"c":3,"e":-1,"r":0},{"x":4,"y":21,"hp":210,"w":1,"h":1,"t":0,"c":3,"e":-1,"r":0},{"x":5,"y":21,"hp":210,"w":1,"h":1,"t":0,"c":3,"e":-1,"r":0},{"x":0,"y":22,"hp":130,"w":1,"h":1,"t":0,"c":3,"e":-1,"r":0},{"x":1,"y":22,"hp":130,"w":1,"h":1,"t":0,"c":3,"e":-1,"r":0},{"x":2,"y":22,"hp":130,"w":1,"h":1,"t":0,"c":3,"e":-1,"r":0},{"x":4,"y":22,"hp":130,"w":1,"h":1,"t":0,"c":3,"e":-1,"r":0},{"x":5,"y":22,"hp":130,"w":1,"h":1,"t":0,"c":3,"e":-1,"r":0},{"x":1,"y":23,"hp":180,"w":1,"h":1,"t":0,"c":3,"e":-1,"r":0},{"x":2,"y":23,"hp":180,"w":1,"h":1,"t":0,"c":3,"e":-1,"r":0},{"x":3,"y":23,"hp":180,"w":1,"h":1,"t":0,"c":3,"e":-1,"r":0},{"x":4,"y":23,"hp":180,"w":1,"h":1,"t":0,"c":3,"e":-1,"r":0},{"x":4,"y":24,"hp":261,"w":1,"h":1,"t":0,"c":3,"e":-1,"r":0},{"x":5,"y":24,"hp":261,"w":1,"h":1,"t":0,"c":3,"e":-1,"r":0},{"x":1,"y":25,"hp":100,"w":1,"h":1,"t":0,"c":3,"e":-1,"r":0},{"x":5,"y":26,"hp":170,"w":1,"h":1,"t":0,"c":3,"e":-1,"r":0},{"x":3,"y":27,"hp":117,"w":1,"h":1,"t":0,"c":3,"e":-1,"r":0},{"x":4,"y":27,"hp":117,"w":1,"h":1,"t":0,"c":3,"e":-1,"r":0},{"x":5,"y":27,"hp":117,"w":1,"h":1,"t":0,"c":3,"e":-1,"r":0},{"x":3,"y":28,"hp":168,"w":1,"h":1,"t":0,"c":3,"e":-1,"r":0},{"x":4,"y":28,"hp":168,"w":1,"h":1,"t":0,"c":3,"e":-1,"r":0},{"x":5,"y":28,"hp":168,"w":1,"h":1,"t":0,"c":3,"e":-1,"r":0},{"x":1,"y":29,"hp":250,"w":1,"h":1,"t":0,"c":3,"e":-1,"r":0},{"x":2,"y":29,"hp":250,"w":1,"h":1,"t":0,"c":3,"e":-1,"r":0},{"x":3,"y":29,"hp":250,"w":1,"h":1,"t":0,"c":3,"e":-1,"r":0},{"x":1,"y":30,"hp":110,"w":1,"h":1,"t":0,"c":3,"e":-1,"r":0},{"x":2,"y":30,"hp":110,"w":1,"h":1,"t":1,"c":3,"e":-1,"r":0},{"x":5,"y":30,"hp":110,"w":1,"h":1,"t":0,"c":3,"e":-1,"r":0},{"x":1,"y":31,"hp":100,"w":1,"h":1,"t":0,"c":3,"e":-1,"r":0},{"x":4,"y":31,"hp":100,"w":1,"h":1,"t":0,"c":3,"e":-1,"r":0},{"x":5,"y":31,"hp":100,"w":1,"h":1,"t":0,"c":3,"e":-1,"r":0},{"x":1,"y":32,"hp":153,"w":1,"h":1,"t":0,"c":3,"e":-1,"r":0},{"x":2,"y":32,"hp":153,"w":1,"h":1,"t":4,"c":3,"e":-1,"r":0},{"x":3,"y":32,"hp":153,"w":1,"h":1,"t":0,"c":3,"e":-1,"r":0},{"x":1,"y":33,"hp":147,"w":1,"h":1,"t":0,"c":3,"e":-1,"r":0},{"x":4,"y":33,"hp":147,"w":1,"h":1,"t":0,"c":3,"e":-1,"r":0},{"x":5,"y":33,"hp":147,"w":1,"h":1,"t":0,"c":3,"e":-1,"r":0},{"x":4,"y":34,"hp":114,"w":1,"h":1,"t":0,"c":3,"e":-1,"r":0},{"x":5,"y":34,"hp":114,"w":1,"h":1,"t":0,"c":3,"e":-1,"r":0},{"x":9,"y":5,"hp":52,"w":1,"h":1,"t":0,"c":3,"e":-1,"r":0},{"x":8,"y":5,"hp":52,"w":1,"h":1,"t":0,"c":3,"e":-1,"r":0},{"x":7,"y":5,"hp":52,"w":1,"h":1,"t":0,"c":3,"e":-1,"r":0},{"x":6,"y":5,"hp":52,"w":1,"h":1,"t":0,"c":3,"e":-1,"r":0},{"x":8,"y":6,"hp":55,"w":1,"h":1,"t":0,"c":3,"e":-1,"r":0},{"x":7,"y":6,"hp":55,"w":1,"h":1,"t":0,"c":3,"e":-1,"r":0},{"x":6,"y":6,"hp":55,"w":1,"h":1,"t":0,"c":3,"e":-1,"r":0},{"x":9,"y":8,"hp":106,"w":1,"h":1,"t":0,"c":3,"e":-1,"r":0},{"x":8,"y":8,"hp":106,"w":1,"h":1,"t":1,"c":3,"e":-1,"r":1},{"x":7,"y":8,"hp":106,"w":1,"h":1,"t":0,"c":3,"e":-1,"r":0},{"x":6,"y":8,"hp":106,"w":1,"h":1,"t":0,"c":3,"e":-1,"r":0},{"x":8,"y":9,"hp":87,"w":1,"h":1,"t":0,"c":3,"e":-1,"r":0},{"x":7,"y":9,"hp":87,"w":1,"h":1,"t":0,"c":3,"e":-1,"r":0},{"x":6,"y":9,"hp":87,"w":1,"h":1,"t":0,"c":3,"e":-1,"r":0},{"x":6,"y":10,"hp":56,"w":1,"h":1,"t":4,"c":3,"e":-1,"r":0},{"x":9,"y":13,"hp":107,"w":1,"h":1,"t":0,"c":3,"e":-1,"r":0},{"x":7,"y":13,"hp":107,"w":1,"h":1,"t":0,"c":3,"e":-1,"r":0},{"x":6,"y":13,"hp":107,"w":1,"h":1,"t":0,"c":3,"e":-1,"r":0},{"x":8,"y":14,"hp":80,"w":1,"h":1,"t":0,"c":3,"e":-1,"r":0},{"x":7,"y":14,"hp":80,"w":1,"h":1,"t":0,"c":3,"e":-1,"r":0},{"x":7,"y":15,"hp":80,"w":1,"h":1,"t":2,"c":3,"e":-1,"r":3},{"x":6,"y":15,"hp":80,"w":1,"h":1,"t":0,"c":3,"e":-1,"r":0},{"x":7,"y":16,"hp":100,"w":1,"h":1,"t":0,"c":3,"e":-1,"r":0},{"x":6,"y":16,"hp":100,"w":1,"h":1,"t":0,"c":3,"e":-1,"r":0},{"x":7,"y":17,"hp":85,"w":1,"h":1,"t":0,"c":3,"e":-1,"r":0},{"x":6,"y":19,"hp":138,"w":1,"h":1,"t":0,"c":3,"e":-1,"r":0},{"x":8,"y":20,"hp":154,"w":1,"h":1,"t":0,"c":3,"e":-1,"r":0},{"x":7,"y":20,"hp":154,"w":1,"h":1,"t":0,"c":3,"e":-1,"r":0},{"x":8,"y":21,"hp":210,"w":1,"h":1,"t":0,"c":3,"e":-1,"r":0},{"x":7,"y":21,"hp":210,"w":1,"h":1,"t":0,"c":3,"e":-1,"r":0},{"x":6,"y":21,"hp":210,"w":1,"h":1,"t":0,"c":3,"e":-1,"r":0},{"x":6,"y":22,"hp":130,"w":1,"h":1,"t":0,"c":3,"e":-1,"r":0},{"x":8,"y":23,"hp":180,"w":1,"h":1,"t":0,"c":3,"e":-1,"r":0},{"x":7,"y":23,"hp":180,"w":1,"h":1,"t":0,"c":3,"e":-1,"r":0},{"x":9,"y":24,"hp":261,"w":1,"h":1,"t":0,"c":3,"e":-1,"r":0},{"x":6,"y":24,"hp":261,"w":1,"h":1,"t":0,"c":3,"e":-1,"r":0},{"x":9,"y":26,"hp":170,"w":1,"h":1,"t":0,"c":3,"e":-1,"r":0},{"x":9,"y":27,"hp":117,"w":1,"h":1,"t":0,"c":3,"e":-1,"r":0},{"x":7,"y":27,"hp":117,"w":1,"h":1,"t":0,"c":3,"e":-1,"r":0},{"x":6,"y":27,"hp":117,"w":1,"h":1,"t":0,"c":3,"e":-1,"r":0},{"x":9,"y":29,"hp":250,"w":1,"h":1,"t":0,"c":3,"e":-1,"r":0},{"x":8,"y":29,"hp":250,"w":1,"h":1,"t":0,"c":3,"e":-1,"r":0},{"x":6,"y":29,"hp":250,"w":1,"h":1,"t":0,"c":3,"e":-1,"r":0},{"x":9,"y":30,"hp":110,"w":1,"h":1,"t":0,"c":3,"e":-1,"r":0},{"x":8,"y":30,"hp":110,"w":1,"h":1,"t":1,"c":3,"e":-1,"r":1},{"x":10,"y":31,"hp":100,"w":1,"h":1,"t":0,"c":3,"e":-1,"r":0},{"x":6,"y":31,"hp":100,"w":1,"h":1,"t":0,"c":3,"e":-1,"r":0},{"x":10,"y":32,"hp":153,"w":1,"h":1,"t":0,"c":3,"e":-1,"r":0},{"x":8,"y":32,"hp":153,"w":1,"h":1,"t":4,"c":3,"e":-1,"r":0},{"x":7,"y":32,"hp":153,"w":1,"h":1,"t":0,"c":3,"e":-1,"r":0},{"x":6,"y":33,"hp":147,"w":1,"h":1,"t":0,"c":3,"e":-1,"r":0},{"x":7,"y":34,"hp":114,"w":1,"h":1,"t":0,"c":3,"e":-1,"r":0},{"x":6,"y":34,"hp":114,"w":1,"h":1,"t":0,"c":3,"e":-1,"r":0},{"x":2,"y":18,"hp":500,"w":7,"h":1,"t":0,"c":3,"e":-1,"r":0},{"x":3,"y":25,"hp":100,"w":1,"h":1,"t":0,"c":3,"e":-1,"r":0},{"x":5,"y":25,"hp":100,"w":1,"h":1,"t":0,"c":3,"e":-1,"r":0},{"x":6,"y":25,"hp":100,"w":1,"h":1,"t":0,"c":3,"e":-1,"r":0},{"x":7,"y":25,"hp":100,"w":1,"h":1,"t":0,"c":3,"e":-1,"r":0},{"x":4,"y":17,"hp":85,"w":1,"h":1,"t":0,"c":3,"e":-1,"r":0},{"x":8,"y":17,"hp":85,"w":1,"h":1,"t":0,"c":3,"e":-1,"r":0},{"x":4,"y":14,"hp":80,"w":1,"h":1,"t":0,"c":3,"e":-1,"r":0},{"x":9,"y":14,"hp":80,"w":1,"h":1,"t":0,"c":3,"e":-1,"r":0},{"x":1,"y":15,"hp":80,"w":1,"h":1,"t":0,"c":3,"e":-1,"r":0},{"x":6,"y":14,"hp":80,"w":1,"h":1,"t":0,"c":3,"e":-1,"r":0},{"x":9,"y":15,"hp":80,"w":1,"h":1,"t":0,"c":3,"e":-1,"r":0},{"x":8,"y":15,"hp":80,"w":1,"h":1,"t":0,"c":3,"e":-1,"r":0},{"x":6,"y":17,"hp":85,"w":1,"h":1,"t":0,"c":3,"e":-1,"r":0},{"x":6,"y":20,"hp":154,"w":1,"h":1,"t":0,"c":3,"e":-1,"r":0},{"x":5,"y":20,"hp":154,"w":1,"h":1,"t":0,"c":3,"e":-1,"r":0},{"x":5,"y":23,"hp":180,"w":1,"h":1,"t":0,"c":3,"e":-1,"r":0},{"x":6,"y":23,"hp":180,"w":1,"h":1,"t":0,"c":3,"e":-1,"r":0},{"x":7,"y":24,"hp":261,"w":1,"h":1,"t":0,"c":3,"e":-1,"r":0},{"x":8,"y":24,"hp":261,"w":1,"h":1,"t":0,"c":3,"e":-1,"r":0},{"x":10,"y":25,"hp":100,"w":1,"h":1,"t":0,"c":3,"e":-1,"r":0},{"x":9,"y":25,"hp":100,"w":1,"h":1,"t":0,"c":3,"e":-1,"r":0},{"x":8,"y":25,"hp":100,"w":1,"h":1,"t":0,"c":3,"e":-1,"r":0},{"x":8,"y":26,"hp":170,"w":1,"h":1,"t":0,"c":3,"e":-1,"r":0},{"x":7,"y":26,"hp":170,"w":1,"h":1,"t":0,"c":3,"e":-1,"r":0},{"x":6,"y":26,"hp":170,"w":1,"h":1,"t":0,"c":3,"e":-1,"r":0},{"x":4,"y":26,"hp":170,"w":1,"h":1,"t":0,"c":3,"e":-1,"r":0},{"x":0,"y":26,"hp":170,"w":1,"h":1,"t":0,"c":3,"e":-1,"r":0},{"x":0,"y":25,"hp":100,"w":1,"h":1,"t":0,"c":3,"e":-1,"r":0},{"x":7,"y":28,"hp":168,"w":1,"h":1,"t":0,"c":3,"e":-1,"r":0},{"x":6,"y":28,"hp":168,"w":1,"h":1,"t":0,"c":3,"e":-1,"r":0},{"x":8,"y":27,"hp":117,"w":1,"h":1,"t":0,"c":3,"e":-1,"r":0},{"x":4,"y":29,"hp":250,"w":1,"h":1,"t":0,"c":3,"e":-1,"r":0},{"x":5,"y":29,"hp":250,"w":1,"h":1,"t":0,"c":3,"e":-1,"r":0},{"x":2,"y":31,"hp":100,"w":1,"h":1,"t":0,"c":3,"e":-1,"r":0},{"x":3,"y":31,"hp":100,"w":1,"h":1,"t":0,"c":3,"e":-1,"r":0},{"x":7,"y":31,"hp":100,"w":1,"h":1,"t":0,"c":3,"e":-1,"r":0},{"x":8,"y":34,"hp":114,"w":1,"h":1,"t":0,"c":3,"e":-1,"r":0},{"x":7,"y":33,"hp":147,"w":1,"h":1,"t":0,"c":3,"e":-1,"r":0},{"x":8,"y":33,"hp":147,"w":1,"h":1,"t":0,"c":3,"e":-1,"r":0},{"x":9,"y":6,"hp":60,"w":1,"h":1,"t":0,"c":3,"e":-1,"r":0},{"x":1,"y":6,"hp":60,"w":1,"h":1,"t":0,"c":3,"e":-1,"r":0}],"bu":[{"x":3,"y":10,"buff":1},{"x":7,"y":10,"buff":1},{"x":10,"y":20,"buff":1},{"x":3,"y":21,"buff":1},{"x":10,"y":26,"buff":1},{"x":0,"y":27,"buff":1},{"x":10,"y":33,"buff":0},{"x":7,"y":30,"buff":0},{"x":3,"y":24,"buff":0},{"x":8,"y":16,"buff":0},{"x":7,"y":19,"buff":4},{"x":2,"y":26,"buff":3},{"x":1,"y":9,"buff":1},{"x":2,"y":14,"buff":1},{"x":0,"y":18,"buff":1},{"x":0,"y":30,"buff":1},{"x":10,"y":23,"buff":1},{"x":0,"y":33,"buff":1},{"x":8,"y":7,"buff":0},{"x":2,"y":7,"buff":0},{"x":4,"y":7,"buff":0},{"x":6,"y":7,"buff":0}]}