{"l":333,"h":25,"w":11,"br":[{"x":1,"y":5,"hp":71,"w":1,"h":1,"t":0,"c":3,"e":-1,"r":0},{"x":2,"y":5,"hp":71,"w":1,"h":1,"t":0,"c":3,"e":-1,"r":0},{"x":3,"y":5,"hp":71,"w":1,"h":1,"t":0,"c":3,"e":-1,"r":0},{"x":4,"y":5,"hp":71,"w":1,"h":1,"t":0,"c":3,"e":-1,"r":0},{"x":5,"y":5,"hp":71,"w":1,"h":1,"t":0,"c":3,"e":-1,"r":0},{"x":1,"y":7,"hp":80,"w":1,"h":1,"t":0,"c":3,"e":5,"r":0},{"x":2,"y":7,"hp":80,"w":1,"h":1,"t":0,"c":3,"e":-1,"r":0},{"x":3,"y":7,"hp":80,"w":1,"h":1,"t":0,"c":3,"e":-1,"r":0},{"x":4,"y":7,"hp":123,"w":1,"h":1,"t":0,"c":3,"e":-1,"r":0},{"x":5,"y":7,"hp":123,"w":1,"h":1,"t":0,"c":3,"e":-1,"r":0},{"x":2,"y":9,"hp":123,"w":1,"h":1,"t":0,"c":3,"e":-1,"r":0},{"x":4,"y":9,"hp":123,"w":1,"h":1,"t":0,"c":3,"e":-1,"r":0},{"x":5,"y":9,"hp":123,"w":1,"h":1,"t":0,"c":3,"e":-1,"r":0},{"x":3,"y":10,"hp":70,"w":1,"h":1,"t":0,"c":3,"e":-1,"r":0},{"x":5,"y":10,"hp":70,"w":1,"h":1,"t":0,"c":3,"e":5,"r":0},{"x":3,"y":11,"hp":123,"w":1,"h":1,"t":0,"c":3,"e":-1,"r":0},{"x":4,"y":11,"hp":123,"w":1,"h":1,"t":0,"c":3,"e":-1,"r":0},{"x":5,"y":11,"hp":123,"w":1,"h":1,"t":0,"c":3,"e":-1,"r":0},{"x":1,"y":13,"hp":102,"w":1,"h":1,"t":0,"c":3,"e":-1,"r":0},{"x":2,"y":13,"hp":102,"w":1,"h":1,"t":0,"c":3,"e":-1,"r":0},{"x":4,"y":13,"hp":102,"w":1,"h":1,"t":0,"c":3,"e":-1,"r":0},{"x":5,"y":13,"hp":102,"w":1,"h":1,"t":0,"c":3,"e":7,"r":0},{"x":1,"y":14,"hp":257,"w":1,"h":1,"t":0,"c":3,"e":-1,"r":0},{"x":4,"y":14,"hp":257,"w":1,"h":1,"t":0,"c":3,"e":-1,"r":0},{"x":5,"y":14,"hp":257,"w":1,"h":1,"t":0,"c":3,"e":-1,"r":0},{"x":3,"y":15,"hp":190,"w":1,"h":1,"t":0,"c":3,"e":-1,"r":0},{"x":4,"y":15,"hp":190,"w":1,"h":1,"t":0,"c":3,"e":-1,"r":0},{"x":5,"y":15,"hp":190,"w":1,"h":1,"t":0,"c":3,"e":5,"r":0},{"x":4,"y":16,"hp":148,"w":1,"h":1,"t":0,"c":3,"e":-1,"r":0},{"x":5,"y":16,"hp":148,"w":1,"h":1,"t":0,"c":3,"e":-1,"r":0},{"x":2,"y":18,"hp":240,"w":1,"h":1,"t":0,"c":3,"e":-1,"r":0},{"x":3,"y":18,"hp":240,"w":1,"h":1,"t":0,"c":3,"e":-1,"r":0},{"x":5,"y":18,"hp":240,"w":1,"h":1,"t":0,"c":3,"e":-1,"r":0},{"x":1,"y":19,"hp":138,"w":1,"h":1,"t":0,"c":3,"e":5,"r":0},{"x":2,"y":19,"hp":138,"w":1,"h":1,"t":0,"c":3,"e":-1,"r":0},{"x":5,"y":19,"hp":138,"w":1,"h":1,"t":0,"c":3,"e":-1,"r":0},{"x":0,"y":20,"hp":154,"w":1,"h":1,"t":0,"c":3,"e":-1,"r":0},{"x":1,"y":20,"hp":154,"w":1,"h":1,"t":0,"c":3,"e":-1,"r":0},{"x":3,"y":20,"hp":154,"w":1,"h":1,"t":0,"c":3,"e":-1,"r":0},{"x":4,"y":20,"hp":154,"w":1,"h":1,"t":0,"c":3,"e":-1,"r":0},{"x":5,"y":20,"hp":154,"w":1,"h":1,"t":0,"c":3,"e":-1,"r":0},{"x":0,"y":21,"hp":210,"w":1,"h":1,"t":0,"c":3,"e":-1,"r":0},{"x":1,"y":21,"hp":210,"w":1,"h":1,"t":0,"c":3,"e":-1,"r":0},{"x":5,"y":21,"hp":210,"w":1,"h":1,"t":0,"c":3,"e":-1,"r":0},{"x":2,"y":22,"hp":130,"w":1,"h":1,"t":0,"c":3,"e":-1,"r":0},{"x":3,"y":22,"hp":130,"w":1,"h":1,"t":0,"c":3,"e":-1,"r":0},{"x":5,"y":22,"hp":130,"w":1,"h":1,"t":0,"c":3,"e":-1,"r":0},{"x":0,"y":23,"hp":243,"w":1,"h":1,"t":0,"c":3,"e":-1,"r":0},{"x":1,"y":23,"hp":243,"w":1,"h":1,"t":0,"c":3,"e":-1,"r":0},{"x":2,"y":23,"hp":243,"w":1,"h":1,"t":0,"c":3,"e":-1,"r":0},{"x":4,"y":23,"hp":243,"w":1,"h":1,"t":0,"c":3,"e":-1,"r":0},{"x":5,"y":23,"hp":243,"w":1,"h":1,"t":0,"c":3,"e":-1,"r":0},{"x":9,"y":5,"hp":71,"w":1,"h":1,"t":0,"c":3,"e":5,"r":0},{"x":8,"y":5,"hp":71,"w":1,"h":1,"t":0,"c":3,"e":-1,"r":0},{"x":7,"y":5,"hp":71,"w":1,"h":1,"t":0,"c":3,"e":-1,"r":0},{"x":6,"y":5,"hp":71,"w":1,"h":1,"t":0,"c":3,"e":-1,"r":0},{"x":9,"y":7,"hp":80,"w":1,"h":1,"t":0,"c":3,"e":-1,"r":0},{"x":8,"y":7,"hp":80,"w":1,"h":1,"t":0,"c":3,"e":-1,"r":0},{"x":7,"y":7,"hp":80,"w":1,"h":1,"t":0,"c":3,"e":-1,"r":0},{"x":6,"y":7,"hp":123,"w":1,"h":1,"t":0,"c":3,"e":-1,"r":0},{"x":9,"y":9,"hp":123,"w":1,"h":1,"t":0,"c":3,"e":-1,"r":0},{"x":8,"y":9,"hp":123,"w":1,"h":1,"t":0,"c":3,"e":7,"r":0},{"x":6,"y":9,"hp":123,"w":1,"h":1,"t":0,"c":3,"e":-1,"r":0},{"x":7,"y":10,"hp":70,"w":1,"h":1,"t":0,"c":3,"e":-1,"r":0},{"x":6,"y":10,"hp":70,"w":1,"h":1,"t":0,"c":3,"e":-1,"r":0},{"x":10,"y":11,"hp":123,"w":1,"h":1,"t":0,"c":3,"e":5,"r":0},{"x":7,"y":11,"hp":123,"w":1,"h":1,"t":0,"c":3,"e":-1,"r":0},{"x":9,"y":13,"hp":102,"w":1,"h":1,"t":0,"c":3,"e":-1,"r":0},{"x":6,"y":13,"hp":102,"w":1,"h":1,"t":0,"c":3,"e":-1,"r":0},{"x":9,"y":14,"hp":257,"w":1,"h":1,"t":0,"c":3,"e":-1,"r":0},{"x":6,"y":14,"hp":257,"w":1,"h":1,"t":0,"c":3,"e":-1,"r":0},{"x":10,"y":15,"hp":190,"w":1,"h":1,"t":0,"c":3,"e":-1,"r":0},{"x":6,"y":15,"hp":190,"w":1,"h":1,"t":0,"c":3,"e":-1,"r":0},{"x":9,"y":16,"hp":148,"w":1,"h":1,"t":0,"c":3,"e":-1,"r":0},{"x":8,"y":16,"hp":148,"w":1,"h":1,"t":0,"c":3,"e":-1,"r":0},{"x":8,"y":18,"hp":240,"w":1,"h":1,"t":0,"c":3,"e":-1,"r":0},{"x":7,"y":18,"hp":240,"w":1,"h":1,"t":0,"c":3,"e":-1,"r":0},{"x":9,"y":20,"hp":154,"w":1,"h":1,"t":0,"c":3,"e":-1,"r":0},{"x":7,"y":20,"hp":154,"w":1,"h":1,"t":0,"c":3,"e":-1,"r":0},{"x":6,"y":20,"hp":154,"w":1,"h":1,"t":0,"c":3,"e":-1,"r":0},{"x":9,"y":21,"hp":210,"w":1,"h":1,"t":0,"c":3,"e":-1,"r":0},{"x":8,"y":22,"hp":130,"w":1,"h":1,"t":0,"c":3,"e":-1,"r":0},{"x":7,"y":22,"hp":130,"w":1,"h":1,"t":0,"c":3,"e":-1,"r":0},{"x":9,"y":23,"hp":243,"w":1,"h":1,"t":0,"c":3,"e":-1,"r":0},{"x":8,"y":23,"hp":243,"w":1,"h":1,"t":0,"c":3,"e":-1,"r":0},{"x":6,"y":23,"hp":243,"w":1,"h":1,"t":0,"c":3,"e":-1,"r":0},{"x":4,"y":6,"hp":70,"w":1,"h":1,"t":0,"c":3,"e":-1,"r":0},{"x":5,"y":6,"hp":70,"w":1,"h":1,"t":0,"c":3,"e":7,"r":0},{"x":6,"y":6,"hp":70,"w":1,"h":1,"t":0,"c":3,"e":-1,"r":0},{"x":7,"y":21,"hp":210,"w":1,"h":1,"t":0,"c":3,"e":-1,"r":0},{"x":6,"y":21,"hp":210,"w":1,"h":1,"t":0,"c":3,"e":-1,"r":0},{"x":2,"y":21,"hp":210,"w":1,"h":1,"t":0,"c":3,"e":-1,"r":0},{"x":3,"y":21,"hp":210,"w":1,"h":1,"t":0,"c":3,"e":-1,"r":0},{"x":3,"y":13,"hp":102,"w":1,"h":1,"t":0,"c":3,"e":-1,"r":0},{"x":10,"y":13,"hp":102,"w":1,"h":1,"t":0,"c":3,"e":-1,"r":0},{"x":8,"y":14,"hp":257,"w":1,"h":1,"t":0,"c":3,"e":-1,"r":0},{"x":1,"y":15,"hp":190,"w":1,"h":1,"t":0,"c":3,"e":-1,"r":0},{"x":2,"y":15,"hp":190,"w":1,"h":1,"t":0,"c":3,"e":-1,"r":0},{"x":10,"y":16,"hp":148,"w":1,"h":1,"t":0,"c":3,"e":-1,"r":0},{"x":7,"y":19,"hp":138,"w":1,"h":1,"t":0,"c":3,"e":-1,"r":0},{"x":6,"y":19,"hp":138,"w":1,"h":1,"t":0,"c":3,"e":-1,"r":0},{"x":6,"y":18,"hp":240,"w":1,"h":1,"t":0,"c":3,"e":-1,"r":0},{"x":1,"y":22,"hp":130,"w":1,"h":1,"t":0,"c":3,"e":-1,"r":0},{"x":3,"y":23,"hp":243,"w":1,"h":1,"t":0,"c":3,"e":7,"r":0},{"x":4,"y":8,"hp":70,"w":1,"h":1,"t":0,"c":1,"e":-1,"r":0},{"x":5,"y":8,"hp":70,"w":1,"h":1,"t":0,"c":1,"e":-1,"r":0},{"x":6,"y":8,"hp":70,"w":1,"h":1,"t":0,"c":1,"e":-1,"r":0},{"x":0,"y":12,"hp":70,"w":1,"h":1,"t":0,"c":1,"e":-1,"r":0},{"x":0,"y":11,"hp":123,"w":1,"h":1,"t":0,"c":1,"e":-1,"r":0},{"x":7,"y":12,"hp":70,"w":1,"h":1,"t":0,"c":1,"e":-1,"r":0},{"x":6,"y":12,"hp":70,"w":1,"h":1,"t":0,"c":1,"e":-1,"r":0},{"x":5,"y":12,"hp":70,"w":1,"h":1,"t":0,"c":1,"e":-1,"r":0},{"x":3,"y":12,"hp":70,"w":1,"h":1,"t":0,"c":1,"e":-1,"r":0},{"x":10,"y":7,"hp":70,"w":1,"h":1,"t":0,"c":1,"e":-1,"r":0},{"x":0,"y":7,"hp":70,"w":1,"h":1,"t":0,"c":1,"e":-1,"r":0},{"x":1,"y":9,"hp":123,"w":1,"h":1,"t":0,"c":1,"e":-1,"r":0},{"x":6,"y":11,"hp":123,"w":1,"h":1,"t":0,"c":1,"e":-1,"r":0},{"x":4,"y":10,"hp":70,"w":1,"h":1,"t":0,"c":1,"e":-1,"r":0},{"x":8,"y":10,"hp":70,"w":1,"h":1,"t":0,"c":1,"e":-1,"r":0},{"x":2,"y":10,"hp":70,"w":1,"h":1,"t":0,"c":1,"e":-1,"r":0},{"x":10,"y":12,"hp":70,"w":1,"h":1,"t":0,"c":1,"e":-1,"r":0},{"x":1,"y":17,"hp":123,"w":1,"h":1,"t":0,"c":1,"e":-1,"r":0},{"x":3,"y":17,"hp":123,"w":1,"h":1,"t":0,"c":1,"e":-1,"r":0},{"x":4,"y":17,"hp":123,"w":1,"h":1,"t":0,"c":1,"e":-1,"r":0},{"x":5,"y":17,"hp":123,"w":1,"h":1,"t":0,"c":1,"e":-1,"r":0},{"x":6,"y":17,"hp":123,"w":1,"h":1,"t":0,"c":1,"e":-1,"r":0},{"x":10,"y":17,"hp":123,"w":1,"h":1,"t":0,"c":1,"e":-1,"r":0},{"x":10,"y":21,"hp":70,"w":1,"h":1,"t":0,"c":3,"e":-1,"r":0},{"x":10,"y":14,"hp":257,"w":1,"h":1,"t":0,"c":3,"e":-1,"r":0},{"x":0,"y":14,"hp":257,"w":1,"h":1,"t":0,"c":3,"e":-1,"r":0},{"x":9,"y":18,"hp":240,"w":1,"h":1,"t":0,"c":3,"e":-1,"r":0}],"bu":[{"x":0,"y":15,"buff":1},{"x":0,"y":17,"buff":1},{"x":4,"y":18,"buff":1},{"x":7,"y":23,"buff":1},{"x":4,"y":24,"buff":1},{"x":8,"y":19,"buff":1},{"x":10,"y":20,"buff":0},{"x":7,"y":13,"buff":0},{"x":2,"y":14,"buff":2},{"x":8,"y":21,"buff":5},{"x":8,"y":17,"buff":1},{"x":9,"y":6,"buff":0},{"x":8,"y":6,"buff":0},{"x":7,"y":6,"buff":0},{"x":3,"y":6,"buff":0},{"x":2,"y":6,"buff":0},{"x":1,"y":6,"buff":0},{"x":1,"y":8,"buff":0},{"x":2,"y":8,"buff":0},{"x":3,"y":8,"buff":0},{"x":9,"y":8,"buff":0},{"x":8,"y":8,"buff":0},{"x":7,"y":8,"buff":0},{"x":2,"y":11,"buff":0},{"x":8,"y":11,"buff":0}]}