{"l":327,"h":37,"w":11,"br":[{"x":0,"y":6,"hp":68,"w":1,"h":1,"t":0,"c":2,"e":-1,"r":0},{"x":3,"y":6,"hp":68,"w":1,"h":1,"t":0,"c":2,"e":4,"r":0},{"x":4,"y":6,"hp":68,"w":1,"h":1,"t":0,"c":2,"e":-1,"r":0},{"x":5,"y":6,"hp":68,"w":1,"h":1,"t":0,"c":2,"e":-1,"r":0},{"x":0,"y":7,"hp":80,"w":1,"h":1,"t":0,"c":3,"e":-1,"r":0},{"x":3,"y":7,"hp":80,"w":1,"h":1,"t":0,"c":3,"e":-1,"r":0},{"x":0,"y":8,"hp":35,"w":1,"h":1,"t":0,"c":3,"e":-1,"r":0},{"x":3,"y":8,"hp":35,"w":1,"h":1,"t":0,"c":3,"e":-1,"r":0},{"x":0,"y":9,"hp":45,"w":1,"h":1,"t":0,"c":3,"e":-1,"r":0},{"x":3,"y":9,"hp":45,"w":1,"h":1,"t":0,"c":3,"e":4,"r":0},{"x":4,"y":9,"hp":45,"w":1,"h":1,"t":0,"c":3,"e":-1,"r":0},{"x":5,"y":9,"hp":21,"w":1,"h":1,"t":0,"c":3,"e":-1,"r":0},{"x":0,"y":10,"hp":66,"w":1,"h":1,"t":0,"c":3,"e":-1,"r":0},{"x":4,"y":10,"hp":66,"w":1,"h":1,"t":0,"c":3,"e":-1,"r":0},{"x":5,"y":10,"hp":66,"w":1,"h":1,"t":0,"c":3,"e":-1,"r":0},{"x":3,"y":11,"hp":80,"w":1,"h":1,"t":0,"c":3,"e":-1,"r":0},{"x":5,"y":11,"hp":21,"w":1,"h":1,"t":0,"c":3,"e":-1,"r":0},{"x":3,"y":12,"hp":89,"w":1,"h":1,"t":0,"c":3,"e":-1,"r":0},{"x":4,"y":12,"hp":89,"w":1,"h":1,"t":0,"c":3,"e":-1,"r":0},{"x":5,"y":12,"hp":89,"w":1,"h":1,"t":0,"c":3,"e":4,"r":0},{"x":2,"y":13,"hp":55,"w":1,"h":1,"t":0,"c":3,"e":-1,"r":0},{"x":5,"y":13,"hp":55,"w":1,"h":1,"t":0,"c":3,"e":-1,"r":0},{"x":2,"y":14,"hp":80,"w":1,"h":1,"t":0,"c":3,"e":-1,"r":0},{"x":3,"y":14,"hp":80,"w":1,"h":1,"t":0,"c":3,"e":-1,"r":0},{"x":4,"y":14,"hp":80,"w":1,"h":1,"t":0,"c":3,"e":-1,"r":0},{"x":5,"y":14,"hp":80,"w":1,"h":1,"t":0,"c":3,"e":-1,"r":0},{"x":2,"y":15,"hp":80,"w":1,"h":1,"t":0,"c":3,"e":-1,"r":0},{"x":3,"y":15,"hp":80,"w":1,"h":1,"t":0,"c":3,"e":-1,"r":0},{"x":4,"y":15,"hp":80,"w":1,"h":1,"t":0,"c":3,"e":-1,"r":0},{"x":5,"y":15,"hp":80,"w":1,"h":1,"t":0,"c":3,"e":-1,"r":0},{"x":0,"y":16,"hp":100,"w":1,"h":1,"t":0,"c":3,"e":-1,"r":0},{"x":4,"y":16,"hp":100,"w":1,"h":1,"t":0,"c":3,"e":-1,"r":0},{"x":5,"y":16,"hp":100,"w":1,"h":1,"t":0,"c":3,"e":-1,"r":0},{"x":2,"y":17,"hp":85,"w":1,"h":1,"t":0,"c":3,"e":-1,"r":0},{"x":3,"y":17,"hp":85,"w":1,"h":1,"t":0,"c":3,"e":-1,"r":0},{"x":5,"y":17,"hp":85,"w":1,"h":1,"t":0,"c":3,"e":-1,"r":0},{"x":1,"y":18,"hp":184,"w":1,"h":1,"t":0,"c":3,"e":-1,"r":0},{"x":2,"y":18,"hp":184,"w":1,"h":1,"t":0,"c":3,"e":-1,"r":0},{"x":3,"y":18,"hp":184,"w":1,"h":1,"t":0,"c":3,"e":-1,"r":0},{"x":4,"y":18,"hp":184,"w":1,"h":1,"t":0,"c":3,"e":-1,"r":0},{"x":5,"y":18,"hp":184,"w":1,"h":1,"t":0,"c":3,"e":-1,"r":0},{"x":3,"y":19,"hp":138,"w":1,"h":1,"t":0,"c":3,"e":-1,"r":0},{"x":4,"y":19,"hp":138,"w":1,"h":1,"t":0,"c":3,"e":-1,"r":0},{"x":5,"y":19,"hp":138,"w":1,"h":1,"t":0,"c":3,"e":-1,"r":0},{"x":2,"y":20,"hp":154,"w":1,"h":1,"t":0,"c":3,"e":-1,"r":0},{"x":3,"y":20,"hp":154,"w":1,"h":1,"t":0,"c":3,"e":-1,"r":0},{"x":5,"y":20,"hp":154,"w":1,"h":1,"t":0,"c":3,"e":-1,"r":0},{"x":4,"y":21,"hp":210,"w":1,"h":1,"t":0,"c":3,"e":-1,"r":0},{"x":5,"y":21,"hp":210,"w":1,"h":1,"t":0,"c":3,"e":-1,"r":0},{"x":4,"y":22,"hp":130,"w":1,"h":1,"t":0,"c":3,"e":-1,"r":0},{"x":5,"y":22,"hp":130,"w":1,"h":1,"t":0,"c":3,"e":-1,"r":0},{"x":2,"y":23,"hp":180,"w":1,"h":1,"t":0,"c":3,"e":-1,"r":0},{"x":3,"y":23,"hp":180,"w":1,"h":1,"t":0,"c":3,"e":-1,"r":0},{"x":5,"y":23,"hp":180,"w":1,"h":1,"t":0,"c":3,"e":-1,"r":0},{"x":0,"y":24,"hp":208,"w":1,"h":1,"t":0,"c":3,"e":-1,"r":0},{"x":2,"y":24,"hp":208,"w":1,"h":1,"t":0,"c":3,"e":-1,"r":0},{"x":3,"y":24,"hp":208,"w":1,"h":1,"t":0,"c":3,"e":-1,"r":0},{"x":4,"y":24,"hp":208,"w":1,"h":1,"t":0,"c":3,"e":-1,"r":0},{"x":5,"y":24,"hp":208,"w":1,"h":1,"t":0,"c":3,"e":-1,"r":0},{"x":0,"y":25,"hp":100,"w":1,"h":1,"t":0,"c":3,"e":-1,"r":0},{"x":2,"y":25,"hp":100,"w":1,"h":1,"t":0,"c":3,"e":-1,"r":0},{"x":5,"y":25,"hp":100,"w":1,"h":1,"t":0,"c":3,"e":-1,"r":0},{"x":0,"y":26,"hp":173,"w":1,"h":1,"t":0,"c":3,"e":-1,"r":0},{"x":3,"y":26,"hp":173,"w":1,"h":1,"t":0,"c":3,"e":-1,"r":0},{"x":4,"y":26,"hp":173,"w":1,"h":1,"t":0,"c":3,"e":-1,"r":0},{"x":5,"y":26,"hp":173,"w":1,"h":1,"t":0,"c":3,"e":-1,"r":0},{"x":1,"y":27,"hp":117,"w":1,"h":1,"t":0,"c":3,"e":-1,"r":0},{"x":1,"y":28,"hp":168,"w":1,"h":1,"t":0,"c":3,"e":-1,"r":0},{"x":3,"y":28,"hp":168,"w":1,"h":1,"t":0,"c":3,"e":-1,"r":0},{"x":3,"y":30,"hp":110,"w":1,"h":1,"t":0,"c":3,"e":-1,"r":0},{"x":4,"y":30,"hp":110,"w":1,"h":1,"t":0,"c":3,"e":-1,"r":0},{"x":5,"y":30,"hp":110,"w":1,"h":1,"t":0,"c":3,"e":-1,"r":0},{"x":4,"y":31,"hp":100,"w":1,"h":1,"t":0,"c":3,"e":-1,"r":0},{"x":5,"y":31,"hp":100,"w":1,"h":1,"t":0,"c":3,"e":-1,"r":0},{"x":1,"y":32,"hp":153,"w":1,"h":1,"t":0,"c":3,"e":-1,"r":0},{"x":2,"y":32,"hp":153,"w":1,"h":1,"t":0,"c":3,"e":-1,"r":0},{"x":3,"y":32,"hp":153,"w":1,"h":1,"t":0,"c":3,"e":-1,"r":0},{"x":5,"y":32,"hp":153,"w":1,"h":1,"t":0,"c":3,"e":-1,"r":0},{"x":1,"y":33,"hp":147,"w":1,"h":1,"t":0,"c":3,"e":-1,"r":0},{"x":3,"y":34,"hp":114,"w":1,"h":1,"t":0,"c":3,"e":-1,"r":0},{"x":4,"y":34,"hp":114,"w":1,"h":1,"t":0,"c":3,"e":-1,"r":0},{"x":5,"y":34,"hp":114,"w":1,"h":1,"t":0,"c":3,"e":-1,"r":0},{"x":1,"y":35,"hp":150,"w":1,"h":1,"t":0,"c":3,"e":-1,"r":0},{"x":2,"y":35,"hp":150,"w":1,"h":1,"t":0,"c":3,"e":-1,"r":0},{"x":3,"y":35,"hp":150,"w":1,"h":1,"t":0,"c":3,"e":-1,"r":0},{"x":4,"y":35,"hp":150,"w":1,"h":1,"t":0,"c":3,"e":-1,"r":0},{"x":5,"y":35,"hp":150,"w":1,"h":1,"t":0,"c":3,"e":-1,"r":0},{"x":10,"y":5,"hp":55,"w":1,"h":1,"t":0,"c":1,"e":-1,"r":0},{"x":9,"y":5,"hp":55,"w":1,"h":1,"t":0,"c":1,"e":-1,"r":0},{"x":8,"y":5,"hp":55,"w":1,"h":1,"t":0,"c":1,"e":-1,"r":0},{"x":10,"y":6,"hp":68,"w":1,"h":1,"t":0,"c":2,"e":-1,"r":0},{"x":8,"y":6,"hp":68,"w":1,"h":1,"t":0,"c":2,"e":-1,"r":0},{"x":7,"y":6,"hp":68,"w":1,"h":1,"t":0,"c":2,"e":-1,"r":0},{"x":6,"y":6,"hp":68,"w":1,"h":1,"t":0,"c":2,"e":-1,"r":0},{"x":10,"y":7,"hp":80,"w":1,"h":1,"t":0,"c":3,"e":-1,"r":0},{"x":7,"y":7,"hp":80,"w":1,"h":1,"t":0,"c":3,"e":4,"r":0},{"x":10,"y":8,"hp":35,"w":1,"h":1,"t":0,"c":3,"e":-1,"r":0},{"x":9,"y":8,"hp":35,"w":1,"h":1,"t":0,"c":3,"e":-1,"r":0},{"x":7,"y":8,"hp":35,"w":1,"h":1,"t":0,"c":3,"e":-1,"r":0},{"x":10,"y":9,"hp":45,"w":1,"h":1,"t":0,"c":3,"e":-1,"r":0},{"x":9,"y":9,"hp":45,"w":1,"h":1,"t":0,"c":3,"e":4,"r":0},{"x":7,"y":9,"hp":45,"w":1,"h":1,"t":0,"c":3,"e":-1,"r":0},{"x":6,"y":9,"hp":45,"w":1,"h":1,"t":0,"c":3,"e":-1,"r":0},{"x":6,"y":10,"hp":66,"w":1,"h":1,"t":0,"c":3,"e":-1,"r":0},{"x":7,"y":11,"hp":80,"w":1,"h":1,"t":0,"c":3,"e":-1,"r":0},{"x":7,"y":12,"hp":89,"w":1,"h":1,"t":0,"c":3,"e":-1,"r":0},{"x":6,"y":12,"hp":89,"w":1,"h":1,"t":0,"c":3,"e":-1,"r":0},{"x":8,"y":13,"hp":55,"w":1,"h":1,"t":0,"c":3,"e":-1,"r":0},{"x":8,"y":14,"hp":80,"w":1,"h":1,"t":0,"c":3,"e":-1,"r":0},{"x":9,"y":15,"hp":80,"w":1,"h":1,"t":0,"c":3,"e":-1,"r":0},{"x":8,"y":15,"hp":80,"w":1,"h":1,"t":0,"c":3,"e":-1,"r":0},{"x":6,"y":15,"hp":80,"w":1,"h":1,"t":0,"c":3,"e":-1,"r":0},{"x":7,"y":16,"hp":100,"w":1,"h":1,"t":0,"c":3,"e":-1,"r":0},{"x":6,"y":16,"hp":100,"w":1,"h":1,"t":0,"c":3,"e":-1,"r":0},{"x":8,"y":17,"hp":85,"w":1,"h":1,"t":0,"c":3,"e":-1,"r":0},{"x":7,"y":17,"hp":85,"w":1,"h":1,"t":0,"c":3,"e":-1,"r":0},{"x":7,"y":18,"hp":184,"w":1,"h":1,"t":0,"c":3,"e":-1,"r":0},{"x":6,"y":18,"hp":184,"w":1,"h":1,"t":0,"c":3,"e":-1,"r":0},{"x":8,"y":19,"hp":138,"w":1,"h":1,"t":0,"c":3,"e":-1,"r":0},{"x":7,"y":19,"hp":138,"w":1,"h":1,"t":0,"c":3,"e":-1,"r":0},{"x":6,"y":19,"hp":138,"w":1,"h":1,"t":0,"c":3,"e":4,"r":0},{"x":9,"y":20,"hp":154,"w":1,"h":1,"t":0,"c":3,"e":-1,"r":0},{"x":8,"y":20,"hp":154,"w":1,"h":1,"t":0,"c":3,"e":-1,"r":0},{"x":7,"y":20,"hp":154,"w":1,"h":1,"t":0,"c":3,"e":-1,"r":0},{"x":9,"y":21,"hp":210,"w":1,"h":1,"t":0,"c":3,"e":-1,"r":0},{"x":7,"y":21,"hp":210,"w":1,"h":1,"t":0,"c":3,"e":-1,"r":0},{"x":6,"y":21,"hp":210,"w":1,"h":1,"t":0,"c":3,"e":-1,"r":0},{"x":9,"y":22,"hp":130,"w":1,"h":1,"t":0,"c":3,"e":-1,"r":0},{"x":7,"y":22,"hp":130,"w":1,"h":1,"t":0,"c":3,"e":-1,"r":0},{"x":6,"y":22,"hp":130,"w":1,"h":1,"t":0,"c":3,"e":-1,"r":0},{"x":9,"y":23,"hp":180,"w":1,"h":1,"t":0,"c":3,"e":-1,"r":0},{"x":7,"y":23,"hp":180,"w":1,"h":1,"t":0,"c":3,"e":-1,"r":0},{"x":8,"y":24,"hp":208,"w":1,"h":1,"t":0,"c":3,"e":-1,"r":0},{"x":7,"y":24,"hp":208,"w":1,"h":1,"t":0,"c":3,"e":-1,"r":0},{"x":6,"y":24,"hp":208,"w":1,"h":1,"t":0,"c":3,"e":-1,"r":0},{"x":8,"y":25,"hp":100,"w":1,"h":1,"t":0,"c":3,"e":-1,"r":0},{"x":7,"y":26,"hp":173,"w":1,"h":1,"t":0,"c":3,"e":-1,"r":0},{"x":6,"y":26,"hp":173,"w":1,"h":1,"t":0,"c":3,"e":-1,"r":0},{"x":7,"y":28,"hp":168,"w":1,"h":1,"t":0,"c":3,"e":-1,"r":0},{"x":7,"y":29,"hp":250,"w":1,"h":1,"t":0,"c":3,"e":-1,"r":0},{"x":7,"y":30,"hp":110,"w":1,"h":1,"t":0,"c":3,"e":-1,"r":0},{"x":6,"y":30,"hp":110,"w":1,"h":1,"t":0,"c":3,"e":-1,"r":0},{"x":10,"y":31,"hp":100,"w":1,"h":1,"t":0,"c":3,"e":-1,"r":0},{"x":10,"y":32,"hp":153,"w":1,"h":1,"t":0,"c":3,"e":-1,"r":0},{"x":9,"y":32,"hp":153,"w":1,"h":1,"t":0,"c":3,"e":-1,"r":0},{"x":8,"y":32,"hp":153,"w":1,"h":1,"t":0,"c":3,"e":-1,"r":0},{"x":7,"y":32,"hp":153,"w":1,"h":1,"t":0,"c":3,"e":-1,"r":0},{"x":9,"y":33,"hp":147,"w":1,"h":1,"t":0,"c":3,"e":-1,"r":0},{"x":10,"y":34,"hp":114,"w":1,"h":1,"t":0,"c":3,"e":-1,"r":0},{"x":9,"y":34,"hp":114,"w":1,"h":1,"t":0,"c":3,"e":-1,"r":0},{"x":8,"y":34,"hp":114,"w":1,"h":1,"t":0,"c":3,"e":-1,"r":0},{"x":7,"y":34,"hp":114,"w":1,"h":1,"t":0,"c":3,"e":-1,"r":0},{"x":6,"y":34,"hp":114,"w":1,"h":1,"t":0,"c":3,"e":-1,"r":0},{"x":8,"y":35,"hp":150,"w":1,"h":1,"t":0,"c":3,"e":-1,"r":0},{"x":7,"y":35,"hp":150,"w":1,"h":1,"t":0,"c":3,"e":-1,"r":0},{"x":6,"y":35,"hp":150,"w":1,"h":1,"t":0,"c":3,"e":-1,"r":0},{"x":4,"y":11,"hp":21,"w":1,"h":1,"t":0,"c":3,"e":-1,"r":0},{"x":6,"y":11,"hp":21,"w":1,"h":1,"t":0,"c":3,"e":-1,"r":0},{"x":6,"y":33,"hp":147,"w":1,"h":1,"t":0,"c":3,"e":-1,"r":0},{"x":5,"y":33,"hp":147,"w":1,"h":1,"t":0,"c":3,"e":-1,"r":0},{"x":4,"y":33,"hp":147,"w":1,"h":1,"t":0,"c":3,"e":-1,"r":0},{"x":1,"y":11,"hp":80,"w":1,"h":1,"t":0,"c":3,"e":4,"r":0},{"x":10,"y":10,"hp":66,"w":1,"h":1,"t":0,"c":3,"e":-1,"r":0},{"x":9,"y":11,"hp":80,"w":1,"h":1,"t":0,"c":3,"e":-1,"r":0},{"x":6,"y":13,"hp":55,"w":1,"h":1,"t":0,"c":3,"e":-1,"r":0},{"x":7,"y":13,"hp":55,"w":1,"h":1,"t":0,"c":3,"e":-1,"r":0},{"x":4,"y":13,"hp":55,"w":1,"h":1,"t":0,"c":3,"e":-1,"r":0},{"x":3,"y":13,"hp":55,"w":1,"h":1,"t":0,"c":3,"e":-1,"r":0},{"x":9,"y":14,"hp":80,"w":1,"h":1,"t":0,"c":3,"e":-1,"r":0},{"x":8,"y":16,"hp":100,"w":1,"h":1,"t":0,"c":3,"e":-1,"r":0},{"x":9,"y":16,"hp":100,"w":1,"h":1,"t":0,"c":3,"e":-1,"r":0},{"x":9,"y":18,"hp":184,"w":1,"h":1,"t":0,"c":3,"e":-1,"r":0},{"x":9,"y":19,"hp":138,"w":1,"h":1,"t":0,"c":3,"e":-1,"r":0},{"x":4,"y":20,"hp":154,"w":1,"h":1,"t":0,"c":3,"e":-1,"r":0},{"x":6,"y":20,"hp":154,"w":1,"h":1,"t":0,"c":3,"e":-1,"r":0},{"x":3,"y":22,"hp":130,"w":1,"h":1,"t":0,"c":3,"e":-1,"r":0},{"x":2,"y":22,"hp":130,"w":1,"h":1,"t":0,"c":3,"e":-1,"r":0},{"x":6,"y":23,"hp":180,"w":1,"h":1,"t":0,"c":3,"e":-1,"r":0},{"x":3,"y":25,"hp":100,"w":1,"h":1,"t":0,"c":3,"e":-1,"r":0},{"x":4,"y":25,"hp":100,"w":1,"h":1,"t":0,"c":3,"e":-1,"r":0},{"x":7,"y":27,"hp":117,"w":1,"h":1,"t":0,"c":3,"e":-1,"r":0},{"x":6,"y":27,"hp":117,"w":1,"h":1,"t":0,"c":3,"e":-1,"r":0},{"x":4,"y":27,"hp":117,"w":1,"h":1,"t":0,"c":3,"e":-1,"r":0},{"x":3,"y":27,"hp":117,"w":1,"h":1,"t":0,"c":3,"e":-1,"r":0},{"x":2,"y":27,"hp":117,"w":1,"h":1,"t":0,"c":3,"e":-1,"r":0},{"x":2,"y":26,"hp":173,"w":1,"h":1,"t":0,"c":3,"e":-1,"r":0},{"x":6,"y":29,"hp":250,"w":1,"h":1,"t":0,"c":3,"e":-1,"r":0},{"x":5,"y":29,"hp":250,"w":1,"h":1,"t":0,"c":3,"e":-1,"r":0},{"x":4,"y":29,"hp":250,"w":1,"h":1,"t":0,"c":3,"e":-1,"r":0},{"x":3,"y":29,"hp":250,"w":1,"h":1,"t":0,"c":3,"e":-1,"r":0},{"x":2,"y":28,"hp":168,"w":1,"h":1,"t":0,"c":3,"e":-1,"r":0},{"x":6,"y":28,"hp":168,"w":1,"h":1,"t":0,"c":3,"e":-1,"r":0},{"x":3,"y":31,"hp":100,"w":1,"h":1,"t":0,"c":3,"e":-1,"r":0},{"x":2,"y":31,"hp":100,"w":1,"h":1,"t":0,"c":3,"e":-1,"r":0},{"x":7,"y":31,"hp":100,"w":1,"h":1,"t":0,"c":3,"e":-1,"r":0},{"x":4,"y":32,"hp":153,"w":1,"h":1,"t":0,"c":3,"e":-1,"r":0},{"x":7,"y":33,"hp":147,"w":1,"h":1,"t":0,"c":3,"e":-1,"r":0},{"x":8,"y":33,"hp":147,"w":1,"h":1,"t":0,"c":3,"e":-1,"r":0},{"x":4,"y":7,"hp":21,"w":1,"h":1,"t":0,"c":3,"e":-1,"r":0},{"x":4,"y":8,"hp":21,"w":1,"h":1,"t":0,"c":3,"e":-1,"r":0},{"x":5,"y":8,"hp":21,"w":1,"h":1,"t":0,"c":3,"e":-1,"r":0},{"x":6,"y":8,"hp":21,"w":1,"h":1,"t":0,"c":3,"e":-1,"r":0},{"x":6,"y":7,"hp":21,"w":1,"h":1,"t":0,"c":3,"e":-1,"r":0},{"x":7,"y":15,"hp":60,"w":1,"h":1,"t":0,"c":3,"e":-1,"r":0},{"x":4,"y":17,"hp":60,"w":1,"h":1,"t":0,"c":3,"e":-1,"r":0},{"x":6,"y":17,"hp":60,"w":1,"h":1,"t":0,"c":3,"e":-1,"r":0},{"x":2,"y":19,"hp":60,"w":1,"h":1,"t":0,"c":3,"e":-1,"r":0},{"x":6,"y":25,"hp":60,"w":1,"h":1,"t":0,"c":3,"e":-1,"r":0},{"x":7,"y":25,"hp":60,"w":1,"h":1,"t":0,"c":3,"e":-1,"r":0},{"x":5,"y":27,"hp":60,"w":1,"h":1,"t":0,"c":3,"e":-1,"r":0},{"x":5,"y":7,"hp":60,"w":1,"h":1,"t":0,"c":3,"e":-1,"r":0}],"bu":[{"x":2,"y":6,"buff":1},{"x":2,"y":10,"buff":1},{"x":10,"y":12,"buff":1},{"x":3,"y":16,"buff":1},{"x":1,"y":19,"buff":1},{"x":8,"y":23,"buff":1},{"x":9,"y":28,"buff":1},{"x":2,"y":30,"buff":1},{"x":0,"y":32,"buff":1},{"x":0,"y":35,"buff":1},{"x":7,"y":36,"buff":0},{"x":2,"y":21,"buff":0},{"x":10,"y":14,"buff":0},{"x":2,"y":8,"buff":0},{"x":5,"y":28,"buff":5},{"x":2,"y":34,"buff":3},{"x":7,"y":14,"buff":6},{"x":10,"y":17,"buff":1},{"x":0,"y":12,"buff":1},{"x":8,"y":9,"buff":1},{"x":10,"y":25,"buff":1},{"x":1,"y":22,"buff":1}]}