{"l":206,"h":26,"w":11,"br":[{"x":0,"y":5,"hp":74,"w":1,"h":1,"t":0,"c":5,"e":-1,"r":0},{"x":3,"y":5,"hp":74,"w":1,"h":1,"t":0,"c":5,"e":-1,"r":0},{"x":0,"y":6,"hp":62,"w":1,"h":1,"t":0,"c":5,"e":-1,"r":0},{"x":3,"y":6,"hp":62,"w":1,"h":1,"t":0,"c":5,"e":-1,"r":0},{"x":4,"y":6,"hp":62,"w":1,"h":1,"t":0,"c":5,"e":-1,"r":0},{"x":5,"y":6,"hp":62,"w":1,"h":1,"t":0,"c":5,"e":-1,"r":0},{"x":0,"y":7,"hp":50,"w":1,"h":1,"t":0,"c":5,"e":-1,"r":0},{"x":2,"y":7,"hp":50,"w":1,"h":1,"t":0,"c":5,"e":4,"r":0},{"x":3,"y":7,"hp":50,"w":1,"h":1,"t":0,"c":5,"e":-1,"r":0},{"x":4,"y":7,"hp":50,"w":1,"h":1,"t":0,"c":5,"e":-1,"r":0},{"x":5,"y":7,"hp":50,"w":1,"h":1,"t":0,"c":5,"e":-1,"r":0},{"x":3,"y":8,"hp":67,"w":1,"h":1,"t":0,"c":3,"e":4,"r":0},{"x":4,"y":8,"hp":67,"w":1,"h":1,"t":5,"c":3,"e":-1,"r":0},{"x":5,"y":8,"hp":67,"w":1,"h":1,"t":2,"c":3,"e":-1,"r":3},{"x":4,"y":9,"hp":70,"w":1,"h":1,"t":5,"c":3,"e":-1,"r":0},{"x":5,"y":9,"hp":70,"w":1,"h":1,"t":2,"c":3,"e":-1,"r":3},{"x":3,"y":10,"hp":64,"w":1,"h":1,"t":0,"c":5,"e":-1,"r":0},{"x":5,"y":10,"hp":64,"w":1,"h":1,"t":0,"c":5,"e":-1,"r":0},{"x":4,"y":11,"hp":72,"w":1,"h":1,"t":0,"c":5,"e":-1,"r":0},{"x":5,"y":11,"hp":72,"w":1,"h":1,"t":0,"c":5,"e":-1,"r":0},{"x":4,"y":12,"hp":99,"w":1,"h":1,"t":0,"c":5,"e":-1,"r":0},{"x":5,"y":12,"hp":99,"w":1,"h":1,"t":0,"c":5,"e":-1,"r":0},{"x":0,"y":13,"hp":68,"w":1,"h":1,"t":0,"c":5,"e":-1,"r":0},{"x":2,"y":13,"hp":68,"w":1,"h":1,"t":2,"c":5,"e":-1,"r":1},{"x":3,"y":13,"hp":68,"w":1,"h":1,"t":0,"c":5,"e":-1,"r":0},{"x":4,"y":13,"hp":68,"w":1,"h":1,"t":0,"c":5,"e":-1,"r":0},{"x":5,"y":13,"hp":68,"w":1,"h":1,"t":0,"c":5,"e":-1,"r":0},{"x":0,"y":14,"hp":102,"w":1,"h":1,"t":0,"c":3,"e":-1,"r":0},{"x":2,"y":14,"hp":102,"w":1,"h":1,"t":0,"c":3,"e":-1,"r":0},{"x":4,"y":14,"hp":102,"w":1,"h":1,"t":0,"c":3,"e":-1,"r":0},{"x":5,"y":14,"hp":102,"w":1,"h":1,"t":0,"c":3,"e":-1,"r":0},{"x":5,"y":15,"hp":66,"w":1,"h":1,"t":0,"c":5,"e":-1,"r":0},{"x":2,"y":19,"hp":58,"w":1,"h":1,"t":0,"c":5,"e":-1,"r":0},{"x":3,"y":19,"hp":58,"w":1,"h":1,"t":0,"c":5,"e":-1,"r":0},{"x":2,"y":20,"hp":63,"w":1,"h":1,"t":0,"c":5,"e":-1,"r":0},{"x":4,"y":20,"hp":63,"w":1,"h":1,"t":0,"c":5,"e":-1,"r":0},{"x":5,"y":20,"hp":63,"w":1,"h":1,"t":0,"c":5,"e":-1,"r":0},{"x":0,"y":21,"hp":110,"w":1,"h":1,"t":0,"c":5,"e":-1,"r":0},{"x":2,"y":21,"hp":110,"w":1,"h":1,"t":0,"c":5,"e":-1,"r":0},{"x":3,"y":21,"hp":110,"w":1,"h":1,"t":0,"c":5,"e":-1,"r":0},{"x":5,"y":21,"hp":110,"w":1,"h":1,"t":0,"c":5,"e":-1,"r":0},{"x":1,"y":22,"hp":65,"w":1,"h":1,"t":0,"c":5,"e":-1,"r":0},{"x":2,"y":22,"hp":65,"w":1,"h":1,"t":0,"c":5,"e":-1,"r":0},{"x":3,"y":22,"hp":65,"w":1,"h":1,"t":0,"c":5,"e":-1,"r":0},{"x":4,"y":22,"hp":65,"w":1,"h":1,"t":0,"c":5,"e":-1,"r":0},{"x":5,"y":22,"hp":65,"w":1,"h":1,"t":0,"c":5,"e":-1,"r":0},{"x":0,"y":23,"hp":71,"w":1,"h":1,"t":0,"c":5,"e":-1,"r":0},{"x":2,"y":23,"hp":71,"w":1,"h":1,"t":0,"c":5,"e":-1,"r":0},{"x":3,"y":23,"hp":71,"w":1,"h":1,"t":0,"c":5,"e":-1,"r":0},{"x":4,"y":23,"hp":71,"w":1,"h":1,"t":0,"c":5,"e":-1,"r":0},{"x":5,"y":23,"hp":71,"w":1,"h":1,"t":0,"c":5,"e":-1,"r":0},{"x":0,"y":24,"hp":120,"w":1,"h":1,"t":4,"c":3,"e":-1,"r":0},{"x":3,"y":24,"hp":120,"w":1,"h":1,"t":0,"c":3,"e":-1,"r":0},{"x":4,"y":24,"hp":120,"w":1,"h":1,"t":0,"c":3,"e":-1,"r":0},{"x":5,"y":24,"hp":120,"w":1,"h":1,"t":0,"c":3,"e":-1,"r":0},{"x":1,"y":25,"hp":105,"w":1,"h":1,"t":0,"c":5,"e":-1,"r":0},{"x":2,"y":25,"hp":105,"w":1,"h":1,"t":0,"c":5,"e":-1,"r":0},{"x":3,"y":25,"hp":105,"w":1,"h":1,"t":0,"c":5,"e":-1,"r":0},{"x":4,"y":25,"hp":105,"w":1,"h":1,"t":5,"c":5,"e":-1,"r":0},{"x":5,"y":25,"hp":105,"w":1,"h":1,"t":0,"c":5,"e":-1,"r":0},{"x":7,"y":5,"hp":74,"w":1,"h":1,"t":0,"c":5,"e":-1,"r":0},{"x":7,"y":6,"hp":62,"w":1,"h":1,"t":0,"c":5,"e":-1,"r":0},{"x":6,"y":6,"hp":62,"w":1,"h":1,"t":0,"c":5,"e":-1,"r":0},{"x":8,"y":7,"hp":50,"w":1,"h":1,"t":0,"c":5,"e":4,"r":0},{"x":7,"y":7,"hp":50,"w":1,"h":1,"t":0,"c":5,"e":-1,"r":0},{"x":6,"y":7,"hp":50,"w":1,"h":1,"t":0,"c":5,"e":-1,"r":0},{"x":7,"y":8,"hp":67,"w":1,"h":1,"t":0,"c":3,"e":4,"r":0},{"x":6,"y":8,"hp":67,"w":1,"h":1,"t":5,"c":3,"e":-1,"r":0},{"x":6,"y":9,"hp":70,"w":1,"h":1,"t":5,"c":3,"e":-1,"r":0},{"x":9,"y":10,"hp":64,"w":1,"h":1,"t":0,"c":5,"e":-1,"r":0},{"x":7,"y":10,"hp":64,"w":1,"h":1,"t":0,"c":5,"e":-1,"r":0},{"x":9,"y":11,"hp":72,"w":1,"h":1,"t":0,"c":5,"e":-1,"r":0},{"x":6,"y":11,"hp":72,"w":1,"h":1,"t":0,"c":5,"e":-1,"r":0},{"x":10,"y":12,"hp":99,"w":1,"h":1,"t":0,"c":5,"e":-1,"r":0},{"x":9,"y":12,"hp":99,"w":1,"h":1,"t":0,"c":5,"e":-1,"r":0},{"x":6,"y":12,"hp":99,"w":1,"h":1,"t":0,"c":5,"e":-1,"r":0},{"x":10,"y":13,"hp":68,"w":1,"h":1,"t":0,"c":5,"e":-1,"r":0},{"x":9,"y":13,"hp":68,"w":1,"h":1,"t":0,"c":5,"e":-1,"r":0},{"x":8,"y":13,"hp":68,"w":1,"h":1,"t":2,"c":5,"e":-1,"r":3},{"x":7,"y":13,"hp":68,"w":1,"h":1,"t":0,"c":5,"e":-1,"r":0},{"x":6,"y":13,"hp":68,"w":1,"h":1,"t":0,"c":5,"e":-1,"r":0},{"x":8,"y":14,"hp":102,"w":1,"h":1,"t":0,"c":3,"e":-1,"r":0},{"x":6,"y":14,"hp":102,"w":1,"h":1,"t":0,"c":3,"e":-1,"r":0},{"x":9,"y":15,"hp":66,"w":1,"h":1,"t":0,"c":5,"e":-1,"r":0},{"x":7,"y":19,"hp":58,"w":1,"h":1,"t":0,"c":5,"e":-1,"r":0},{"x":6,"y":20,"hp":63,"w":1,"h":1,"t":0,"c":5,"e":-1,"r":0},{"x":10,"y":21,"hp":110,"w":1,"h":1,"t":0,"c":5,"e":-1,"r":0},{"x":6,"y":22,"hp":65,"w":1,"h":1,"t":0,"c":5,"e":1,"r":0},{"x":10,"y":23,"hp":71,"w":1,"h":1,"t":0,"c":5,"e":-1,"r":0},{"x":7,"y":23,"hp":71,"w":1,"h":1,"t":0,"c":5,"e":-1,"r":0},{"x":6,"y":23,"hp":71,"w":1,"h":1,"t":0,"c":5,"e":-1,"r":0},{"x":10,"y":24,"hp":120,"w":1,"h":1,"t":4,"c":3,"e":-1,"r":0},{"x":7,"y":24,"hp":120,"w":1,"h":1,"t":0,"c":3,"e":-1,"r":0},{"x":6,"y":24,"hp":120,"w":1,"h":1,"t":0,"c":3,"e":-1,"r":0},{"x":9,"y":25,"hp":105,"w":1,"h":1,"t":0,"c":5,"e":-1,"r":0},{"x":7,"y":25,"hp":105,"w":1,"h":1,"t":0,"c":5,"e":-1,"r":0},{"x":6,"y":25,"hp":105,"w":1,"h":1,"t":5,"c":5,"e":-1,"r":0},{"x":6,"y":17,"hp":55,"w":1,"h":1,"t":0,"c":5,"e":-1,"r":0},{"x":5,"y":17,"hp":55,"w":1,"h":1,"t":0,"c":5,"e":-1,"r":0},{"x":3,"y":17,"hp":55,"w":1,"h":1,"t":0,"c":5,"e":-1,"r":0},{"x":2,"y":16,"hp":88,"w":1,"h":1,"t":0,"c":5,"e":-1,"r":0},{"x":1,"y":16,"hp":88,"w":1,"h":1,"t":0,"c":5,"e":-1,"r":0},{"x":2,"y":17,"hp":55,"w":1,"h":1,"t":0,"c":5,"e":-1,"r":0},{"x":3,"y":16,"hp":88,"w":1,"h":1,"t":0,"c":5,"e":-1,"r":0},{"x":4,"y":16,"hp":88,"w":1,"h":1,"t":0,"c":5,"e":-1,"r":0},{"x":5,"y":16,"hp":88,"w":1,"h":1,"t":0,"c":5,"e":-1,"r":0},{"x":6,"y":16,"hp":88,"w":1,"h":1,"t":0,"c":5,"e":-1,"r":0},{"x":7,"y":16,"hp":88,"w":1,"h":1,"t":0,"c":5,"e":-1,"r":0},{"x":8,"y":16,"hp":88,"w":1,"h":1,"t":0,"c":5,"e":-1,"r":0},{"x":8,"y":10,"hp":70,"w":1,"h":1,"t":2,"c":5,"e":-1,"r":3},{"x":3,"y":11,"hp":70,"w":1,"h":1,"t":1,"c":5,"e":-1,"r":3},{"x":7,"y":11,"hp":70,"w":1,"h":1,"t":1,"c":5,"e":-1,"r":2},{"x":9,"y":14,"hp":102,"w":1,"h":1,"t":0,"c":3,"e":-1,"r":0},{"x":7,"y":14,"hp":102,"w":1,"h":1,"t":0,"c":3,"e":-1,"r":0},{"x":3,"y":14,"hp":102,"w":1,"h":1,"t":0,"c":3,"e":-1,"r":0},{"x":8,"y":18,"hp":117,"w":1,"h":1,"t":0,"c":3,"e":-1,"r":0},{"x":7,"y":18,"hp":117,"w":1,"h":1,"t":0,"c":3,"e":-1,"r":0},{"x":6,"y":18,"hp":117,"w":1,"h":1,"t":0,"c":3,"e":-1,"r":0},{"x":5,"y":18,"hp":117,"w":1,"h":1,"t":0,"c":3,"e":-1,"r":0},{"x":4,"y":18,"hp":117,"w":1,"h":1,"t":0,"c":3,"e":-1,"r":0},{"x":4,"y":19,"hp":58,"w":1,"h":1,"t":0,"c":5,"e":-1,"r":0},{"x":5,"y":19,"hp":58,"w":1,"h":1,"t":0,"c":5,"e":-1,"r":0},{"x":6,"y":19,"hp":58,"w":1,"h":1,"t":0,"c":5,"e":-1,"r":0},{"x":8,"y":15,"hp":66,"w":1,"h":1,"t":0,"c":5,"e":-1,"r":0},{"x":7,"y":15,"hp":66,"w":1,"h":1,"t":0,"c":5,"e":-1,"r":0},{"x":6,"y":15,"hp":66,"w":1,"h":1,"t":0,"c":5,"e":-1,"r":0},{"x":4,"y":15,"hp":66,"w":1,"h":1,"t":0,"c":5,"e":-1,"r":0},{"x":3,"y":15,"hp":66,"w":1,"h":1,"t":0,"c":5,"e":-1,"r":0},{"x":9,"y":20,"hp":70,"w":1,"h":1,"t":0,"c":5,"e":-1,"r":0},{"x":10,"y":20,"hp":70,"w":1,"h":1,"t":0,"c":5,"e":-1,"r":0},{"x":3,"y":20,"hp":70,"w":1,"h":1,"t":0,"c":5,"e":-1,"r":0},{"x":4,"y":21,"hp":110,"w":1,"h":1,"t":0,"c":5,"e":-1,"r":0},{"x":6,"y":21,"hp":110,"w":1,"h":1,"t":0,"c":5,"e":-1,"r":0},{"x":0,"y":20,"hp":70,"w":1,"h":1,"t":0,"c":5,"e":-1,"r":0},{"x":0,"y":22,"hp":65,"w":1,"h":1,"t":0,"c":5,"e":-1,"r":0},{"x":10,"y":22,"hp":65,"w":1,"h":1,"t":0,"c":5,"e":-1,"r":0},{"x":10,"y":25,"hp":105,"w":1,"h":1,"t":0,"c":5,"e":-1,"r":0},{"x":2,"y":5,"hp":70,"w":1,"h":1,"t":0,"c":5,"e":-1,"r":0},{"x":8,"y":5,"hp":70,"w":1,"h":1,"t":0,"c":5,"e":-1,"r":0},{"x":0,"y":8,"hp":70,"w":1,"h":1,"t":0,"c":3,"e":-1,"r":0},{"x":9,"y":6,"hp":70,"w":1,"h":1,"t":0,"c":5,"e":-1,"r":0},{"x":8,"y":6,"hp":70,"w":1,"h":1,"t":0,"c":5,"e":-1,"r":0},{"x":2,"y":6,"hp":70,"w":1,"h":1,"t":0,"c":5,"e":-1,"r":0},{"x":9,"y":8,"hp":70,"w":1,"h":1,"t":0,"c":3,"e":-1,"r":0},{"x":9,"y":5,"hp":70,"w":1,"h":1,"t":0,"c":5,"e":-1,"r":0},{"x":4,"y":5,"hp":70,"w":1,"h":1,"t":0,"c":5,"e":-1,"r":0},{"x":2,"y":10,"hp":70,"w":1,"h":1,"t":0,"c":5,"e":-1,"r":0},{"x":2,"y":9,"hp":70,"w":1,"h":1,"t":0,"c":3,"e":-1,"r":0},{"x":2,"y":12,"hp":99,"w":1,"h":1,"t":0,"c":5,"e":-1,"r":0},{"x":0,"y":9,"hp":70,"w":1,"h":1,"t":0,"c":3,"e":-1,"r":0},{"x":10,"y":11,"hp":70,"w":1,"h":1,"t":0,"c":5,"e":-1,"r":0}],"bu":[{"x":2,"y":8,"buff":0},{"x":9,"y":19,"buff":0},{"x":1,"y":23,"buff":0},{"x":8,"y":24,"buff":1},{"x":10,"y":16,"buff":1},{"x":1,"y":14,"buff":1},{"x":10,"y":10,"buff":1},{"x":0,"y":11,"buff":2},{"x":1,"y":19,"buff":3},{"x":10,"y":7,"buff":1},{"x":3,"y":18,"buff":1},{"x":7,"y":21,"buff":1}]}