{"l":294,"h":39,"w":11,"br":[{"x":1,"y":5,"hp":62,"w":1,"h":1,"t":0,"c":2,"e":-1,"r":0},{"x":2,"y":5,"hp":62,"w":1,"h":1,"t":0,"c":2,"e":-1,"r":0},{"x":3,"y":5,"hp":62,"w":1,"h":1,"t":0,"c":2,"e":-1,"r":0},{"x":4,"y":5,"hp":62,"w":1,"h":1,"t":0,"c":2,"e":-1,"r":0},{"x":4,"y":6,"hp":65,"w":1,"h":1,"t":0,"c":3,"e":-1,"r":0},{"x":4,"y":7,"hp":51,"w":1,"h":1,"t":0,"c":4,"e":-1,"r":0},{"x":4,"y":8,"hp":71,"w":1,"h":1,"t":0,"c":4,"e":-1,"r":0},{"x":2,"y":9,"hp":85,"w":1,"h":1,"t":0,"c":4,"e":-1,"r":0},{"x":4,"y":9,"hp":85,"w":1,"h":1,"t":0,"c":4,"e":-1,"r":0},{"x":5,"y":9,"hp":85,"w":1,"h":1,"t":0,"c":4,"e":-1,"r":0},{"x":2,"y":10,"hp":70,"w":1,"h":1,"t":0,"c":4,"e":-1,"r":0},{"x":2,"y":11,"hp":132,"w":1,"h":1,"t":0,"c":4,"e":-1,"r":0},{"x":3,"y":11,"hp":132,"w":1,"h":1,"t":0,"c":4,"e":-1,"r":0},{"x":5,"y":11,"hp":132,"w":1,"h":1,"t":0,"c":4,"e":-1,"r":0},{"x":2,"y":12,"hp":122,"w":1,"h":1,"t":0,"c":4,"e":-1,"r":0},{"x":4,"y":12,"hp":122,"w":1,"h":1,"t":0,"c":4,"e":-1,"r":0},{"x":1,"y":14,"hp":78,"w":1,"h":1,"t":0,"c":4,"e":-1,"r":0},{"x":3,"y":14,"hp":78,"w":1,"h":1,"t":0,"c":4,"e":-1,"r":0},{"x":4,"y":14,"hp":78,"w":1,"h":1,"t":0,"c":4,"e":-1,"r":0},{"x":5,"y":14,"hp":78,"w":1,"h":1,"t":0,"c":4,"e":-1,"r":0},{"x":2,"y":15,"hp":100,"w":1,"h":1,"t":0,"c":4,"e":-1,"r":0},{"x":3,"y":15,"hp":100,"w":1,"h":1,"t":0,"c":4,"e":-1,"r":0},{"x":5,"y":15,"hp":100,"w":1,"h":1,"t":0,"c":4,"e":-1,"r":0},{"x":4,"y":16,"hp":73,"w":1,"h":1,"t":0,"c":4,"e":-1,"r":0},{"x":5,"y":16,"hp":73,"w":1,"h":1,"t":0,"c":4,"e":-1,"r":0},{"x":2,"y":17,"hp":150,"w":1,"h":1,"t":0,"c":4,"e":-1,"r":0},{"x":3,"y":17,"hp":150,"w":1,"h":1,"t":0,"c":4,"e":-1,"r":0},{"x":4,"y":17,"hp":150,"w":1,"h":1,"t":3,"c":4,"e":-1,"r":0},{"x":5,"y":17,"hp":150,"w":1,"h":1,"t":0,"c":4,"e":-1,"r":0},{"x":2,"y":18,"hp":127,"w":1,"h":1,"t":0,"c":4,"e":-1,"r":0},{"x":3,"y":18,"hp":127,"w":1,"h":1,"t":0,"c":4,"e":-1,"r":0},{"x":4,"y":18,"hp":127,"w":1,"h":1,"t":0,"c":4,"e":-1,"r":0},{"x":5,"y":18,"hp":127,"w":1,"h":1,"t":0,"c":4,"e":-1,"r":0},{"x":0,"y":19,"hp":102,"w":1,"h":1,"t":0,"c":4,"e":-1,"r":0},{"x":2,"y":19,"hp":102,"w":1,"h":1,"t":0,"c":4,"e":-1,"r":0},{"x":4,"y":19,"hp":102,"w":1,"h":1,"t":0,"c":4,"e":-1,"r":0},{"x":5,"y":19,"hp":102,"w":1,"h":1,"t":0,"c":4,"e":-1,"r":0},{"x":1,"y":20,"hp":58,"w":1,"h":1,"t":0,"c":4,"e":-1,"r":0},{"x":3,"y":20,"hp":58,"w":1,"h":1,"t":0,"c":4,"e":-1,"r":0},{"x":4,"y":20,"hp":58,"w":1,"h":1,"t":0,"c":4,"e":-1,"r":0},{"x":5,"y":20,"hp":58,"w":1,"h":1,"t":0,"c":4,"e":-1,"r":0},{"x":4,"y":21,"hp":80,"w":1,"h":1,"t":0,"c":4,"e":7,"r":0},{"x":5,"y":21,"hp":80,"w":1,"h":1,"t":0,"c":4,"e":-1,"r":0},{"x":1,"y":22,"hp":150,"w":1,"h":1,"t":0,"c":4,"e":-1,"r":0},{"x":3,"y":22,"hp":150,"w":1,"h":1,"t":0,"c":4,"e":-1,"r":0},{"x":4,"y":22,"hp":150,"w":1,"h":1,"t":0,"c":4,"e":-1,"r":0},{"x":5,"y":22,"hp":150,"w":1,"h":1,"t":0,"c":4,"e":-1,"r":0},{"x":3,"y":23,"hp":132,"w":1,"h":1,"t":1,"c":4,"e":-1,"r":3},{"x":5,"y":23,"hp":132,"w":1,"h":1,"t":0,"c":4,"e":-1,"r":0},{"x":1,"y":24,"hp":74,"w":1,"h":1,"t":0,"c":4,"e":-1,"r":0},{"x":3,"y":24,"hp":74,"w":1,"h":1,"t":0,"c":4,"e":-1,"r":0},{"x":5,"y":24,"hp":74,"w":1,"h":1,"t":0,"c":4,"e":-1,"r":0},{"x":2,"y":25,"hp":89,"w":1,"h":1,"t":1,"c":4,"e":-1,"r":2},{"x":3,"y":25,"hp":89,"w":1,"h":1,"t":0,"c":4,"e":-1,"r":0},{"x":4,"y":25,"hp":89,"w":1,"h":1,"t":0,"c":4,"e":-1,"r":0},{"x":5,"y":25,"hp":89,"w":1,"h":1,"t":0,"c":4,"e":-1,"r":0},{"x":1,"y":26,"hp":77,"w":1,"h":1,"t":0,"c":4,"e":-1,"r":0},{"x":2,"y":26,"hp":77,"w":1,"h":1,"t":0,"c":4,"e":-1,"r":0},{"x":3,"y":26,"hp":77,"w":1,"h":1,"t":0,"c":4,"e":-1,"r":0},{"x":4,"y":26,"hp":77,"w":1,"h":1,"t":0,"c":4,"e":-1,"r":0},{"x":5,"y":26,"hp":77,"w":1,"h":1,"t":0,"c":4,"e":-1,"r":0},{"x":0,"y":27,"hp":120,"w":1,"h":1,"t":0,"c":4,"e":-1,"r":0},{"x":2,"y":27,"hp":120,"w":1,"h":1,"t":1,"c":4,"e":-1,"r":1},{"x":3,"y":27,"hp":120,"w":1,"h":1,"t":4,"c":4,"e":-1,"r":0},{"x":4,"y":27,"hp":120,"w":1,"h":1,"t":0,"c":4,"e":-1,"r":0},{"x":5,"y":27,"hp":120,"w":1,"h":1,"t":0,"c":4,"e":-1,"r":0},{"x":4,"y":28,"hp":100,"w":1,"h":1,"t":0,"c":4,"e":-1,"r":0},{"x":0,"y":29,"hp":147,"w":1,"h":1,"t":0,"c":4,"e":-1,"r":0},{"x":1,"y":29,"hp":147,"w":1,"h":1,"t":0,"c":4,"e":-1,"r":0},{"x":2,"y":29,"hp":147,"w":1,"h":1,"t":0,"c":4,"e":-1,"r":0},{"x":3,"y":29,"hp":147,"w":1,"h":1,"t":0,"c":4,"e":-1,"r":0},{"x":1,"y":30,"hp":107,"w":1,"h":1,"t":0,"c":4,"e":-1,"r":0},{"x":3,"y":30,"hp":107,"w":1,"h":1,"t":0,"c":4,"e":-1,"r":0},{"x":5,"y":30,"hp":107,"w":1,"h":1,"t":0,"c":4,"e":-1,"r":0},{"x":1,"y":31,"hp":197,"w":1,"h":1,"t":1,"c":4,"e":-1,"r":1},{"x":3,"y":31,"hp":197,"w":1,"h":1,"t":0,"c":4,"e":-1,"r":0},{"x":5,"y":31,"hp":197,"w":1,"h":1,"t":0,"c":4,"e":-1,"r":0},{"x":0,"y":32,"hp":122,"w":1,"h":1,"t":1,"c":4,"e":-1,"r":0},{"x":2,"y":32,"hp":122,"w":1,"h":1,"t":0,"c":4,"e":-1,"r":0},{"x":3,"y":32,"hp":122,"w":1,"h":1,"t":0,"c":4,"e":-1,"r":0},{"x":5,"y":32,"hp":122,"w":1,"h":1,"t":5,"c":4,"e":-1,"r":0},{"x":3,"y":33,"hp":112,"w":1,"h":1,"t":0,"c":4,"e":-1,"r":0},{"x":4,"y":33,"hp":112,"w":1,"h":1,"t":0,"c":4,"e":-1,"r":0},{"x":5,"y":33,"hp":112,"w":1,"h":1,"t":0,"c":4,"e":-1,"r":0},{"x":4,"y":34,"hp":74,"w":1,"h":1,"t":0,"c":4,"e":-1,"r":0},{"x":5,"y":34,"hp":74,"w":1,"h":1,"t":0,"c":4,"e":-1,"r":0},{"x":2,"y":35,"hp":127,"w":1,"h":1,"t":0,"c":4,"e":-1,"r":0},{"x":5,"y":35,"hp":127,"w":1,"h":1,"t":0,"c":4,"e":-1,"r":0},{"x":1,"y":36,"hp":63,"w":1,"h":1,"t":0,"c":4,"e":-1,"r":0},{"x":2,"y":36,"hp":63,"w":1,"h":1,"t":2,"c":4,"e":-1,"r":0},{"x":3,"y":36,"hp":63,"w":1,"h":1,"t":0,"c":4,"e":-1,"r":0},{"x":4,"y":36,"hp":63,"w":1,"h":1,"t":0,"c":4,"e":-1,"r":0},{"x":5,"y":36,"hp":63,"w":1,"h":1,"t":0,"c":4,"e":-1,"r":0},{"x":1,"y":37,"hp":108,"w":1,"h":1,"t":0,"c":4,"e":-1,"r":0},{"x":2,"y":37,"hp":108,"w":1,"h":1,"t":0,"c":4,"e":-1,"r":0},{"x":9,"y":5,"hp":62,"w":1,"h":1,"t":0,"c":2,"e":-1,"r":0},{"x":8,"y":5,"hp":62,"w":1,"h":1,"t":0,"c":2,"e":-1,"r":0},{"x":7,"y":5,"hp":62,"w":1,"h":1,"t":0,"c":2,"e":-1,"r":0},{"x":6,"y":5,"hp":62,"w":1,"h":1,"t":0,"c":2,"e":-1,"r":0},{"x":6,"y":6,"hp":65,"w":1,"h":1,"t":0,"c":3,"e":7,"r":0},{"x":6,"y":7,"hp":51,"w":1,"h":1,"t":0,"c":4,"e":-1,"r":0},{"x":6,"y":8,"hp":71,"w":1,"h":1,"t":0,"c":4,"e":-1,"r":0},{"x":8,"y":9,"hp":85,"w":1,"h":1,"t":0,"c":4,"e":-1,"r":0},{"x":6,"y":9,"hp":85,"w":1,"h":1,"t":0,"c":4,"e":-1,"r":0},{"x":8,"y":10,"hp":70,"w":1,"h":1,"t":0,"c":4,"e":-1,"r":0},{"x":8,"y":11,"hp":132,"w":1,"h":1,"t":0,"c":4,"e":-1,"r":0},{"x":7,"y":11,"hp":132,"w":1,"h":1,"t":0,"c":4,"e":-1,"r":0},{"x":8,"y":12,"hp":122,"w":1,"h":1,"t":0,"c":4,"e":-1,"r":0},{"x":6,"y":12,"hp":122,"w":1,"h":1,"t":0,"c":4,"e":-1,"r":0},{"x":10,"y":14,"hp":78,"w":1,"h":1,"t":0,"c":4,"e":-1,"r":0},{"x":7,"y":14,"hp":78,"w":1,"h":1,"t":0,"c":4,"e":-1,"r":0},{"x":6,"y":14,"hp":78,"w":1,"h":1,"t":0,"c":4,"e":-1,"r":0},{"x":7,"y":15,"hp":100,"w":1,"h":1,"t":0,"c":4,"e":-1,"r":0},{"x":6,"y":16,"hp":73,"w":1,"h":1,"t":0,"c":4,"e":-1,"r":0},{"x":7,"y":17,"hp":150,"w":1,"h":1,"t":0,"c":4,"e":-1,"r":0},{"x":9,"y":19,"hp":102,"w":1,"h":1,"t":0,"c":4,"e":-1,"r":0},{"x":8,"y":19,"hp":102,"w":1,"h":1,"t":0,"c":4,"e":-1,"r":0},{"x":9,"y":20,"hp":58,"w":1,"h":1,"t":0,"c":4,"e":-1,"r":0},{"x":9,"y":21,"hp":80,"w":1,"h":1,"t":0,"c":4,"e":-1,"r":0},{"x":10,"y":22,"hp":150,"w":1,"h":1,"t":0,"c":4,"e":-1,"r":0},{"x":9,"y":22,"hp":150,"w":1,"h":1,"t":0,"c":4,"e":-1,"r":0},{"x":10,"y":23,"hp":132,"w":1,"h":1,"t":0,"c":4,"e":-1,"r":0},{"x":9,"y":23,"hp":132,"w":1,"h":1,"t":0,"c":4,"e":-1,"r":0},{"x":7,"y":24,"hp":74,"w":1,"h":1,"t":0,"c":4,"e":-1,"r":0},{"x":8,"y":25,"hp":89,"w":1,"h":1,"t":1,"c":4,"e":-1,"r":3},{"x":7,"y":25,"hp":89,"w":1,"h":1,"t":0,"c":4,"e":-1,"r":0},{"x":9,"y":26,"hp":77,"w":1,"h":1,"t":0,"c":4,"e":-1,"r":0},{"x":8,"y":26,"hp":77,"w":1,"h":1,"t":0,"c":4,"e":-1,"r":0},{"x":7,"y":26,"hp":77,"w":1,"h":1,"t":0,"c":4,"e":-1,"r":0},{"x":6,"y":26,"hp":77,"w":1,"h":1,"t":0,"c":4,"e":-1,"r":0},{"x":8,"y":27,"hp":120,"w":1,"h":1,"t":1,"c":4,"e":-1,"r":0},{"x":7,"y":27,"hp":120,"w":1,"h":1,"t":4,"c":4,"e":-1,"r":0},{"x":6,"y":27,"hp":120,"w":1,"h":1,"t":0,"c":4,"e":-1,"r":0},{"x":9,"y":28,"hp":100,"w":1,"h":1,"t":4,"c":4,"e":-1,"r":0},{"x":6,"y":28,"hp":100,"w":1,"h":1,"t":0,"c":4,"e":-1,"r":0},{"x":8,"y":29,"hp":147,"w":1,"h":1,"t":0,"c":4,"e":-1,"r":0},{"x":7,"y":29,"hp":147,"w":1,"h":1,"t":0,"c":4,"e":-1,"r":0},{"x":6,"y":29,"hp":147,"w":1,"h":1,"t":0,"c":4,"e":-1,"r":0},{"x":7,"y":30,"hp":107,"w":1,"h":1,"t":0,"c":4,"e":-1,"r":0},{"x":7,"y":31,"hp":197,"w":1,"h":1,"t":0,"c":4,"e":-1,"r":0},{"x":6,"y":31,"hp":197,"w":1,"h":1,"t":0,"c":4,"e":-1,"r":0},{"x":7,"y":32,"hp":122,"w":1,"h":1,"t":0,"c":4,"e":-1,"r":0},{"x":6,"y":33,"hp":112,"w":1,"h":1,"t":0,"c":4,"e":-1,"r":0},{"x":10,"y":34,"hp":74,"w":1,"h":1,"t":0,"c":4,"e":-1,"r":0},{"x":9,"y":34,"hp":74,"w":1,"h":1,"t":0,"c":4,"e":-1,"r":0},{"x":8,"y":34,"hp":74,"w":1,"h":1,"t":0,"c":4,"e":-1,"r":0},{"x":6,"y":34,"hp":74,"w":1,"h":1,"t":0,"c":4,"e":-1,"r":0},{"x":10,"y":35,"hp":127,"w":1,"h":1,"t":5,"c":4,"e":-1,"r":0},{"x":8,"y":35,"hp":127,"w":1,"h":1,"t":0,"c":4,"e":-1,"r":0},{"x":9,"y":36,"hp":63,"w":1,"h":1,"t":0,"c":4,"e":-1,"r":0},{"x":8,"y":36,"hp":63,"w":1,"h":1,"t":2,"c":4,"e":-1,"r":0},{"x":7,"y":36,"hp":63,"w":1,"h":1,"t":0,"c":4,"e":-1,"r":0},{"x":6,"y":36,"hp":63,"w":1,"h":1,"t":0,"c":4,"e":-1,"r":0},{"x":10,"y":37,"hp":108,"w":1,"h":1,"t":0,"c":4,"e":-1,"r":0},{"x":9,"y":37,"hp":108,"w":1,"h":1,"t":0,"c":4,"e":-1,"r":0},{"x":8,"y":37,"hp":108,"w":1,"h":1,"t":0,"c":4,"e":-1,"r":0},{"x":7,"y":37,"hp":108,"w":1,"h":1,"t":0,"c":4,"e":-1,"r":0},{"x":6,"y":37,"hp":108,"w":1,"h":1,"t":0,"c":4,"e":-1,"r":0},{"x":6,"y":18,"hp":127,"w":1,"h":1,"t":0,"c":4,"e":-1,"r":0},{"x":10,"y":16,"hp":73,"w":1,"h":1,"t":0,"c":4,"e":-1,"r":0},{"x":7,"y":16,"hp":73,"w":1,"h":1,"t":0,"c":4,"e":-1,"r":0},{"x":0,"y":12,"hp":122,"w":1,"h":1,"t":2,"c":4,"e":-1,"r":0},{"x":10,"y":12,"hp":122,"w":1,"h":1,"t":2,"c":4,"e":-1,"r":0},{"x":8,"y":8,"hp":70,"w":1,"h":1,"t":3,"c":4,"e":-1,"r":0},{"x":2,"y":8,"hp":70,"w":1,"h":1,"t":3,"c":4,"e":-1,"r":0},{"x":3,"y":9,"hp":70,"w":1,"h":1,"t":4,"c":4,"e":-1,"r":0},{"x":7,"y":9,"hp":70,"w":1,"h":1,"t":4,"c":4,"e":-1,"r":0},{"x":1,"y":17,"hp":150,"w":1,"h":1,"t":5,"c":4,"e":-1,"r":0},{"x":6,"y":22,"hp":150,"w":1,"h":1,"t":0,"c":4,"e":-1,"r":0},{"x":3,"y":6,"hp":65,"w":1,"h":1,"t":0,"c":3,"e":-1,"r":0},{"x":2,"y":6,"hp":65,"w":1,"h":1,"t":0,"c":3,"e":-1,"r":0},{"x":1,"y":6,"hp":65,"w":1,"h":1,"t":0,"c":3,"e":-1,"r":0},{"x":8,"y":6,"hp":65,"w":1,"h":1,"t":0,"c":3,"e":-1,"r":0},{"x":7,"y":6,"hp":65,"w":1,"h":1,"t":0,"c":3,"e":-1,"r":0},{"x":9,"y":6,"hp":65,"w":1,"h":1,"t":0,"c":3,"e":-1,"r":0},{"x":6,"y":15,"hp":100,"w":1,"h":1,"t":0,"c":4,"e":7,"r":0},{"x":4,"y":15,"hp":100,"w":1,"h":1,"t":0,"c":4,"e":-1,"r":0},{"x":6,"y":17,"hp":150,"w":1,"h":1,"t":0,"c":4,"e":-1,"r":0},{"x":8,"y":17,"hp":150,"w":1,"h":1,"t":0,"c":4,"e":-1,"r":0},{"x":0,"y":21,"hp":80,"w":1,"h":1,"t":0,"c":4,"e":-1,"r":0},{"x":1,"y":21,"hp":80,"w":1,"h":1,"t":0,"c":4,"e":-1,"r":0},{"x":2,"y":21,"hp":80,"w":1,"h":1,"t":0,"c":4,"e":-1,"r":0},{"x":3,"y":21,"hp":80,"w":1,"h":1,"t":0,"c":4,"e":-1,"r":0},{"x":10,"y":21,"hp":80,"w":1,"h":1,"t":0,"c":4,"e":-1,"r":0},{"x":4,"y":23,"hp":132,"w":1,"h":1,"t":0,"c":4,"e":-1,"r":0},{"x":8,"y":31,"hp":197,"w":1,"h":1,"t":0,"c":4,"e":-1,"r":0},{"x":2,"y":31,"hp":197,"w":1,"h":1,"t":0,"c":4,"e":-1,"r":0},{"x":9,"y":35,"hp":127,"w":1,"h":1,"t":0,"c":4,"e":-1,"r":0},{"x":4,"y":35,"hp":127,"w":1,"h":1,"t":0,"c":4,"e":-1,"r":0},{"x":3,"y":35,"hp":127,"w":1,"h":1,"t":0,"c":4,"e":-1,"r":0},{"x":1,"y":35,"hp":127,"w":1,"h":1,"t":0,"c":4,"e":-1,"r":0},{"x":10,"y":32,"hp":122,"w":1,"h":1,"t":0,"c":4,"e":-1,"r":0},{"x":6,"y":32,"hp":122,"w":1,"h":1,"t":0,"c":4,"e":-1,"r":0},{"x":6,"y":30,"hp":107,"w":1,"h":1,"t":0,"c":4,"e":-1,"r":0},{"x":2,"y":30,"hp":107,"w":1,"h":1,"t":0,"c":4,"e":-1,"r":0},{"x":3,"y":28,"hp":100,"w":1,"h":1,"t":0,"c":4,"e":-1,"r":0},{"x":2,"y":24,"hp":74,"w":1,"h":1,"t":0,"c":4,"e":-1,"r":0},{"x":4,"y":24,"hp":74,"w":1,"h":1,"t":0,"c":4,"e":-1,"r":0},{"x":8,"y":24,"hp":74,"w":1,"h":1,"t":0,"c":4,"e":-1,"r":0},{"x":2,"y":22,"hp":150,"w":1,"h":1,"t":0,"c":4,"e":-1,"r":0},{"x":2,"y":20,"hp":58,"w":1,"h":1,"t":0,"c":4,"e":-1,"r":0},{"x":8,"y":20,"hp":58,"w":1,"h":1,"t":0,"c":4,"e":-1,"r":0},{"x":3,"y":7,"hp":51,"w":1,"h":1,"t":0,"c":4,"e":-1,"r":0},{"x":5,"y":8,"hp":70,"w":1,"h":1,"t":0,"c":4,"e":-1,"r":0},{"x":7,"y":7,"hp":51,"w":1,"h":1,"t":0,"c":4,"e":-1,"r":0},{"x":5,"y":10,"hp":70,"w":1,"h":1,"t":0,"c":4,"e":-1,"r":0},{"x":5,"y":12,"hp":70,"w":1,"h":1,"t":0,"c":4,"e":-1,"r":0},{"x":4,"y":13,"hp":70,"w":1,"h":1,"t":0,"c":4,"e":-1,"r":0},{"x":5,"y":13,"hp":70,"w":1,"h":1,"t":0,"c":4,"e":-1,"r":0},{"x":6,"y":13,"hp":70,"w":1,"h":1,"t":0,"c":4,"e":-1,"r":0},{"x":7,"y":13,"hp":70,"w":1,"h":1,"t":0,"c":4,"e":-1,"r":0},{"x":3,"y":13,"hp":70,"w":1,"h":1,"t":0,"c":4,"e":-1,"r":0},{"x":2,"y":13,"hp":70,"w":1,"h":1,"t":0,"c":4,"e":-1,"r":0},{"x":10,"y":11,"hp":70,"w":1,"h":1,"t":0,"c":4,"e":-1,"r":0},{"x":0,"y":11,"hp":70,"w":1,"h":1,"t":0,"c":4,"e":-1,"r":0},{"x":10,"y":9,"hp":70,"w":1,"h":1,"t":0,"c":4,"e":-1,"r":0},{"x":10,"y":10,"hp":70,"w":1,"h":1,"t":0,"c":4,"e":-1,"r":0},{"x":0,"y":9,"hp":70,"w":1,"h":1,"t":0,"c":4,"e":-1,"r":0},{"x":0,"y":10,"hp":70,"w":1,"h":1,"t":0,"c":4,"e":-1,"r":0},{"x":0,"y":8,"hp":70,"w":1,"h":1,"t":0,"c":4,"e":-1,"r":0},{"x":10,"y":8,"hp":70,"w":1,"h":1,"t":0,"c":4,"e":-1,"r":0},{"x":6,"y":11,"hp":70,"w":1,"h":1,"t":0,"c":4,"e":-1,"r":0},{"x":6,"y":10,"hp":70,"w":1,"h":1,"t":0,"c":4,"e":-1,"r":0},{"x":4,"y":11,"hp":70,"w":1,"h":1,"t":0,"c":4,"e":-1,"r":0},{"x":3,"y":10,"hp":70,"w":1,"h":1,"t":0,"c":4,"e":-1,"r":0},{"x":5,"y":7,"hp":51,"w":1,"h":1,"t":0,"c":4,"e":-1,"r":0}],"bu":[{"x":9,"y":12,"buff":1},{"x":1,"y":18,"buff":1},{"x":6,"y":20,"buff":1},{"x":8,"y":22,"buff":1},{"x":10,"y":29,"buff":1},{"x":0,"y":31,"buff":1},{"x":7,"y":35,"buff":1},{"x":5,"y":38,"buff":1},{"x":8,"y":38,"buff":0},{"x":9,"y":32,"buff":0},{"x":5,"y":28,"buff":0},{"x":10,"y":27,"buff":0},{"x":9,"y":16,"buff":0},{"x":8,"y":13,"buff":2},{"x":4,"y":29,"buff":2},{"x":1,"y":33,"buff":3},{"x":10,"y":36,"buff":3},{"x":9,"y":18,"buff":1},{"x":1,"y":23,"buff":1},{"x":10,"y":25,"buff":1},{"x":1,"y":9,"buff":10},{"x":1,"y":10,"buff":10},{"x":1,"y":11,"buff":10},{"x":10,"y":7,"buff":10},{"x":9,"y":7,"buff":10},{"x":8,"y":7,"buff":10},{"x":9,"y":8,"buff":10}]}