{"l":147,"h":27,"w":11,"br":[{"x":3,"y":5,"hp":44,"w":1,"h":1,"t":0,"c":2,"e":-1,"r":0},{"x":4,"y":5,"hp":44,"w":1,"h":1,"t":0,"c":2,"e":-1,"r":0},{"x":5,"y":5,"hp":44,"w":1,"h":1,"t":0,"c":2,"e":-1,"r":0},{"x":0,"y":6,"hp":73,"w":1,"h":1,"t":0,"c":3,"e":-1,"r":0},{"x":1,"y":6,"hp":73,"w":1,"h":1,"t":0,"c":3,"e":-1,"r":0},{"x":4,"y":7,"hp":32,"w":1,"h":1,"t":0,"c":4,"e":-1,"r":0},{"x":5,"y":7,"hp":32,"w":1,"h":1,"t":0,"c":4,"e":-1,"r":0},{"x":3,"y":8,"hp":44,"w":1,"h":1,"t":0,"c":4,"e":-1,"r":0},{"x":4,"y":8,"hp":44,"w":1,"h":1,"t":0,"c":4,"e":-1,"r":0},{"x":5,"y":8,"hp":44,"w":1,"h":1,"t":0,"c":4,"e":-1,"r":0},{"x":3,"y":9,"hp":56,"w":1,"h":1,"t":0,"c":4,"e":-1,"r":0},{"x":4,"y":9,"hp":56,"w":1,"h":1,"t":0,"c":4,"e":-1,"r":0},{"x":5,"y":9,"hp":56,"w":1,"h":1,"t":1,"c":4,"e":-1,"r":3},{"x":3,"y":10,"hp":100,"w":1,"h":1,"t":0,"c":4,"e":-1,"r":0},{"x":4,"y":10,"hp":100,"w":1,"h":1,"t":0,"c":4,"e":-1,"r":0},{"x":5,"y":10,"hp":100,"w":1,"h":1,"t":0,"c":4,"e":-1,"r":0},{"x":0,"y":11,"hp":102,"w":1,"h":1,"t":5,"c":2,"e":-1,"r":0},{"x":2,"y":11,"hp":102,"w":1,"h":1,"t":0,"c":2,"e":5,"r":0},{"x":3,"y":11,"hp":102,"w":1,"h":1,"t":0,"c":2,"e":-1,"r":0},{"x":5,"y":11,"hp":102,"w":1,"h":1,"t":2,"c":2,"e":-1,"r":0},{"x":2,"y":12,"hp":50,"w":1,"h":1,"t":0,"c":4,"e":5,"r":0},{"x":3,"y":12,"hp":50,"w":1,"h":1,"t":0,"c":4,"e":-1,"r":0},{"x":4,"y":12,"hp":50,"w":1,"h":1,"t":0,"c":4,"e":-1,"r":0},{"x":5,"y":12,"hp":50,"w":1,"h":1,"t":0,"c":4,"e":-1,"r":0},{"x":0,"y":13,"hp":78,"w":1,"h":1,"t":0,"c":4,"e":-1,"r":0},{"x":3,"y":13,"hp":78,"w":1,"h":1,"t":0,"c":4,"e":5,"r":0},{"x":4,"y":13,"hp":78,"w":1,"h":1,"t":0,"c":4,"e":-1,"r":0},{"x":5,"y":13,"hp":78,"w":1,"h":1,"t":0,"c":4,"e":-1,"r":0},{"x":0,"y":14,"hp":115,"w":1,"h":1,"t":0,"c":4,"e":-1,"r":0},{"x":4,"y":14,"hp":115,"w":1,"h":1,"t":0,"c":4,"e":-1,"r":0},{"x":5,"y":14,"hp":115,"w":1,"h":1,"t":0,"c":4,"e":-1,"r":0},{"x":0,"y":15,"hp":40,"w":1,"h":1,"t":0,"c":4,"e":-1,"r":0},{"x":2,"y":15,"hp":40,"w":1,"h":1,"t":0,"c":4,"e":-1,"r":0},{"x":3,"y":15,"hp":40,"w":1,"h":1,"t":0,"c":4,"e":-1,"r":0},{"x":4,"y":15,"hp":40,"w":1,"h":1,"t":0,"c":4,"e":-1,"r":0},{"x":5,"y":15,"hp":40,"w":1,"h":1,"t":0,"c":4,"e":-1,"r":0},{"x":0,"y":16,"hp":100,"w":1,"h":1,"t":0,"c":4,"e":-1,"r":0},{"x":4,"y":16,"hp":100,"w":1,"h":1,"t":0,"c":4,"e":-1,"r":0},{"x":0,"y":17,"hp":105,"w":1,"h":1,"t":0,"c":4,"e":-1,"r":0},{"x":1,"y":17,"hp":105,"w":1,"h":1,"t":0,"c":4,"e":-1,"r":0},{"x":2,"y":17,"hp":105,"w":1,"h":1,"t":0,"c":4,"e":5,"r":0},{"x":4,"y":17,"hp":105,"w":1,"h":1,"t":0,"c":4,"e":5,"r":0},{"x":5,"y":17,"hp":105,"w":1,"h":1,"t":0,"c":4,"e":-1,"r":0},{"x":0,"y":18,"hp":75,"w":1,"h":1,"t":0,"c":4,"e":-1,"r":0},{"x":1,"y":18,"hp":75,"w":1,"h":1,"t":0,"c":4,"e":-1,"r":0},{"x":2,"y":18,"hp":75,"w":1,"h":1,"t":0,"c":4,"e":-1,"r":0},{"x":4,"y":18,"hp":75,"w":1,"h":1,"t":0,"c":4,"e":-1,"r":0},{"x":5,"y":18,"hp":75,"w":1,"h":1,"t":1,"c":4,"e":-1,"r":0},{"x":0,"y":19,"hp":109,"w":1,"h":1,"t":0,"c":4,"e":-1,"r":0},{"x":1,"y":19,"hp":109,"w":1,"h":1,"t":0,"c":4,"e":-1,"r":0},{"x":2,"y":19,"hp":109,"w":1,"h":1,"t":0,"c":4,"e":-1,"r":0},{"x":0,"y":20,"hp":110,"w":1,"h":1,"t":0,"c":2,"e":-1,"r":0},{"x":2,"y":20,"hp":110,"w":1,"h":1,"t":0,"c":2,"e":-1,"r":0},{"x":3,"y":20,"hp":110,"w":1,"h":1,"t":0,"c":2,"e":-1,"r":0},{"x":5,"y":20,"hp":110,"w":1,"h":1,"t":0,"c":2,"e":-1,"r":0},{"x":1,"y":21,"hp":145,"w":1,"h":1,"t":0,"c":4,"e":-1,"r":0},{"x":3,"y":21,"hp":145,"w":1,"h":1,"t":0,"c":4,"e":-1,"r":0},{"x":5,"y":21,"hp":145,"w":1,"h":1,"t":0,"c":4,"e":-1,"r":0},{"x":3,"y":22,"hp":87,"w":1,"h":1,"t":0,"c":4,"e":-1,"r":0},{"x":5,"y":22,"hp":87,"w":1,"h":1,"t":0,"c":4,"e":-1,"r":0},{"x":4,"y":23,"hp":102,"w":1,"h":1,"t":0,"c":4,"e":-1,"r":0},{"x":5,"y":23,"hp":102,"w":1,"h":1,"t":0,"c":4,"e":-1,"r":0},{"x":3,"y":24,"hp":105,"w":1,"h":1,"t":0,"c":4,"e":-1,"r":0},{"x":5,"y":24,"hp":105,"w":1,"h":1,"t":0,"c":4,"e":-1,"r":0},{"x":2,"y":25,"hp":99,"w":1,"h":1,"t":0,"c":4,"e":-1,"r":0},{"x":4,"y":25,"hp":99,"w":1,"h":1,"t":0,"c":4,"e":-1,"r":0},{"x":5,"y":25,"hp":99,"w":1,"h":1,"t":0,"c":4,"e":-1,"r":0},{"x":0,"y":26,"hp":100,"w":1,"h":1,"t":0,"c":4,"e":-1,"r":0},{"x":2,"y":26,"hp":100,"w":1,"h":1,"t":0,"c":4,"e":-1,"r":0},{"x":3,"y":26,"hp":100,"w":1,"h":1,"t":0,"c":4,"e":-1,"r":0},{"x":4,"y":26,"hp":100,"w":1,"h":1,"t":2,"c":4,"e":-1,"r":1},{"x":5,"y":26,"hp":100,"w":1,"h":1,"t":0,"c":4,"e":-1,"r":0},{"x":7,"y":5,"hp":44,"w":1,"h":1,"t":0,"c":2,"e":-1,"r":0},{"x":6,"y":5,"hp":44,"w":1,"h":1,"t":0,"c":2,"e":-1,"r":0},{"x":10,"y":6,"hp":73,"w":1,"h":1,"t":0,"c":3,"e":-1,"r":0},{"x":9,"y":6,"hp":73,"w":1,"h":1,"t":0,"c":3,"e":-1,"r":0},{"x":6,"y":7,"hp":32,"w":1,"h":1,"t":0,"c":4,"e":-1,"r":0},{"x":7,"y":8,"hp":44,"w":1,"h":1,"t":0,"c":4,"e":5,"r":0},{"x":6,"y":8,"hp":44,"w":1,"h":1,"t":0,"c":4,"e":-1,"r":0},{"x":7,"y":9,"hp":56,"w":1,"h":1,"t":0,"c":4,"e":-1,"r":0},{"x":6,"y":9,"hp":56,"w":1,"h":1,"t":0,"c":4,"e":-1,"r":0},{"x":9,"y":10,"hp":100,"w":1,"h":1,"t":1,"c":4,"e":-1,"r":2},{"x":8,"y":10,"hp":100,"w":1,"h":1,"t":0,"c":4,"e":-1,"r":0},{"x":7,"y":10,"hp":100,"w":1,"h":1,"t":0,"c":4,"e":-1,"r":0},{"x":6,"y":10,"hp":100,"w":1,"h":1,"t":0,"c":4,"e":-1,"r":0},{"x":9,"y":11,"hp":102,"w":1,"h":1,"t":0,"c":2,"e":-1,"r":0},{"x":8,"y":11,"hp":102,"w":1,"h":1,"t":0,"c":2,"e":-1,"r":0},{"x":7,"y":11,"hp":102,"w":1,"h":1,"t":0,"c":2,"e":-1,"r":0},{"x":9,"y":12,"hp":50,"w":1,"h":1,"t":0,"c":4,"e":-1,"r":0},{"x":8,"y":12,"hp":50,"w":1,"h":1,"t":0,"c":4,"e":-1,"r":0},{"x":7,"y":12,"hp":50,"w":1,"h":1,"t":0,"c":4,"e":-1,"r":0},{"x":6,"y":12,"hp":50,"w":1,"h":1,"t":0,"c":4,"e":-1,"r":0},{"x":10,"y":13,"hp":78,"w":1,"h":1,"t":0,"c":4,"e":-1,"r":0},{"x":9,"y":13,"hp":78,"w":1,"h":1,"t":0,"c":4,"e":-1,"r":0},{"x":7,"y":13,"hp":78,"w":1,"h":1,"t":0,"c":4,"e":-1,"r":0},{"x":6,"y":13,"hp":78,"w":1,"h":1,"t":0,"c":4,"e":-1,"r":0},{"x":6,"y":14,"hp":115,"w":1,"h":1,"t":0,"c":4,"e":-1,"r":0},{"x":9,"y":15,"hp":40,"w":1,"h":1,"t":0,"c":4,"e":-1,"r":0},{"x":8,"y":15,"hp":40,"w":1,"h":1,"t":0,"c":4,"e":-1,"r":0},{"x":7,"y":15,"hp":40,"w":1,"h":1,"t":0,"c":4,"e":-1,"r":0},{"x":6,"y":15,"hp":40,"w":1,"h":1,"t":0,"c":4,"e":-1,"r":0},{"x":8,"y":16,"hp":100,"w":1,"h":1,"t":0,"c":4,"e":-1,"r":0},{"x":7,"y":16,"hp":100,"w":1,"h":1,"t":0,"c":4,"e":-1,"r":0},{"x":6,"y":16,"hp":100,"w":1,"h":1,"t":0,"c":4,"e":-1,"r":0},{"x":6,"y":17,"hp":105,"w":1,"h":1,"t":0,"c":4,"e":-1,"r":0},{"x":6,"y":18,"hp":75,"w":1,"h":1,"t":0,"c":4,"e":-1,"r":0},{"x":8,"y":19,"hp":109,"w":1,"h":1,"t":0,"c":4,"e":-1,"r":0},{"x":7,"y":19,"hp":109,"w":1,"h":1,"t":0,"c":4,"e":-1,"r":0},{"x":8,"y":20,"hp":110,"w":1,"h":1,"t":0,"c":2,"e":-1,"r":0},{"x":7,"y":20,"hp":110,"w":1,"h":1,"t":0,"c":2,"e":-1,"r":0},{"x":7,"y":21,"hp":145,"w":1,"h":1,"t":0,"c":4,"e":5,"r":0},{"x":10,"y":22,"hp":87,"w":1,"h":1,"t":0,"c":4,"e":-1,"r":0},{"x":10,"y":23,"hp":102,"w":1,"h":1,"t":0,"c":4,"e":-1,"r":0},{"x":6,"y":23,"hp":102,"w":1,"h":1,"t":0,"c":4,"e":5,"r":0},{"x":10,"y":24,"hp":105,"w":1,"h":1,"t":0,"c":4,"e":-1,"r":0},{"x":7,"y":24,"hp":105,"w":1,"h":1,"t":0,"c":4,"e":-1,"r":0},{"x":8,"y":25,"hp":99,"w":1,"h":1,"t":0,"c":4,"e":5,"r":0},{"x":6,"y":25,"hp":99,"w":1,"h":1,"t":0,"c":4,"e":-1,"r":0},{"x":10,"y":26,"hp":100,"w":1,"h":1,"t":0,"c":4,"e":-1,"r":0},{"x":8,"y":26,"hp":100,"w":1,"h":1,"t":0,"c":4,"e":-1,"r":0},{"x":7,"y":26,"hp":100,"w":1,"h":1,"t":0,"c":4,"e":-1,"r":0},{"x":6,"y":26,"hp":100,"w":1,"h":1,"t":2,"c":4,"e":-1,"r":3},{"x":5,"y":6,"hp":50,"w":1,"h":1,"t":2,"c":3,"e":-1,"r":0},{"x":4,"y":6,"hp":50,"w":1,"h":1,"t":2,"c":3,"e":-1,"r":0},{"x":6,"y":6,"hp":50,"w":1,"h":1,"t":2,"c":3,"e":-1,"r":0},{"x":7,"y":6,"hp":50,"w":1,"h":1,"t":2,"c":3,"e":-1,"r":0},{"x":3,"y":6,"hp":50,"w":1,"h":1,"t":2,"c":3,"e":-1,"r":0},{"x":8,"y":9,"hp":50,"w":1,"h":1,"t":0,"c":4,"e":5,"r":0},{"x":4,"y":20,"hp":110,"w":1,"h":1,"t":0,"c":2,"e":-1,"r":0},{"x":4,"y":21,"hp":50,"w":1,"h":1,"t":0,"c":4,"e":-1,"r":0},{"x":4,"y":22,"hp":50,"w":1,"h":1,"t":0,"c":4,"e":-1,"r":0},{"x":10,"y":21,"hp":50,"w":1,"h":1,"t":0,"c":4,"e":-1,"r":0},{"x":7,"y":25,"hp":50,"w":1,"h":1,"t":0,"c":4,"e":-1,"r":0},{"x":6,"y":24,"hp":105,"w":1,"h":1,"t":0,"c":4,"e":-1,"r":0},{"x":4,"y":24,"hp":105,"w":1,"h":1,"t":0,"c":4,"e":-1,"r":0},{"x":2,"y":24,"hp":105,"w":1,"h":1,"t":0,"c":4,"e":-1,"r":0},{"x":2,"y":23,"hp":102,"w":1,"h":1,"t":0,"c":4,"e":-1,"r":0},{"x":2,"y":21,"hp":50,"w":1,"h":1,"t":0,"c":4,"e":-1,"r":0},{"x":1,"y":20,"hp":110,"w":1,"h":1,"t":0,"c":2,"e":-1,"r":0},{"x":7,"y":14,"hp":50,"w":1,"h":1,"t":0,"c":4,"e":-1,"r":0},{"x":8,"y":13,"hp":78,"w":1,"h":1,"t":0,"c":4,"e":-1,"r":0},{"x":1,"y":24,"hp":105,"w":1,"h":1,"t":0,"c":4,"e":-1,"r":0},{"x":1,"y":26,"hp":50,"w":1,"h":1,"t":0,"c":4,"e":-1,"r":0},{"x":1,"y":23,"hp":102,"w":1,"h":1,"t":0,"c":4,"e":-1,"r":0},{"x":3,"y":23,"hp":102,"w":1,"h":1,"t":0,"c":4,"e":-1,"r":0},{"x":7,"y":23,"hp":102,"w":1,"h":1,"t":0,"c":4,"e":-1,"r":0},{"x":10,"y":20,"hp":110,"w":1,"h":1,"t":0,"c":2,"e":-1,"r":0},{"x":5,"y":16,"hp":50,"w":1,"h":1,"t":0,"c":4,"e":-1,"r":0},{"x":10,"y":18,"hp":50,"w":1,"h":1,"t":0,"c":4,"e":-1,"r":0},{"x":9,"y":18,"hp":50,"w":1,"h":1,"t":0,"c":4,"e":-1,"r":0},{"x":9,"y":17,"hp":50,"w":1,"h":1,"t":0,"c":4,"e":-1,"r":0},{"x":8,"y":17,"hp":50,"w":1,"h":1,"t":0,"c":4,"e":-1,"r":0}],"bu":[{"x":2,"y":13,"buff":1},{"x":8,"y":14,"buff":1},{"x":7,"y":18,"buff":1},{"x":6,"y":21,"buff":1},{"x":3,"y":25,"buff":1},{"x":8,"y":23,"buff":0},{"x":2,"y":22,"buff":0},{"x":1,"y":16,"buff":0},{"x":3,"y":19,"buff":3},{"x":8,"y":22,"buff":4},{"x":10,"y":25,"buff":2},{"x":1,"y":8,"buff":0},{"x":0,"y":8,"buff":0},{"x":0,"y":9,"buff":0},{"x":1,"y":9,"buff":0},{"x":1,"y":10,"buff":0},{"x":0,"y":10,"buff":0},{"x":1,"y":7,"buff":0},{"x":0,"y":7,"buff":0},{"x":9,"y":7,"buff":0},{"x":10,"y":7,"buff":0}]}