{"l":282,"h":29,"w":11,"br":[{"x":1,"y":5,"hp":65,"w":3,"h":1,"t":0,"c":3,"e":-1,"r":0},{"x":0,"y":6,"hp":457,"w":5,"h":1,"t":0,"c":0,"e":-1,"r":0},{"x":2,"y":7,"hp":56,"w":2,"h":1,"t":0,"c":3,"e":-1,"r":0},{"x":0,"y":9,"hp":580,"w":5,"h":1,"t":0,"c":2,"e":-1,"r":0},{"x":3,"y":11,"hp":320,"w":5,"h":1,"t":0,"c":2,"e":-1,"r":0},{"x":0,"y":13,"hp":108,"w":1,"h":1,"t":0,"c":4,"e":-1,"r":0},{"x":2,"y":13,"hp":108,"w":1,"h":1,"t":0,"c":4,"e":-1,"r":0},{"x":3,"y":13,"hp":108,"w":1,"h":1,"t":2,"c":4,"e":-1,"r":0},{"x":4,"y":13,"hp":108,"w":1,"h":1,"t":0,"c":4,"e":-1,"r":0},{"x":5,"y":13,"hp":108,"w":1,"h":1,"t":0,"c":4,"e":-1,"r":0},{"x":3,"y":14,"hp":320,"w":5,"h":1,"t":0,"c":2,"e":-1,"r":0},{"x":0,"y":15,"hp":113,"w":1,"h":1,"t":0,"c":4,"e":7,"r":0},{"x":2,"y":15,"hp":113,"w":1,"h":1,"t":0,"c":4,"e":-1,"r":0},{"x":5,"y":15,"hp":113,"w":1,"h":1,"t":0,"c":4,"e":-1,"r":0},{"x":1,"y":17,"hp":150,"w":1,"h":1,"t":0,"c":4,"e":-1,"r":0},{"x":3,"y":17,"hp":150,"w":1,"h":1,"t":1,"c":4,"e":-1,"r":2},{"x":4,"y":17,"hp":150,"w":1,"h":1,"t":0,"c":4,"e":-1,"r":0},{"x":5,"y":17,"hp":150,"w":1,"h":1,"t":0,"c":4,"e":-1,"r":0},{"x":3,"y":18,"hp":127,"w":1,"h":1,"t":0,"c":4,"e":-1,"r":0},{"x":5,"y":18,"hp":127,"w":1,"h":1,"t":0,"c":4,"e":-1,"r":0},{"x":1,"y":19,"hp":140,"w":1,"h":1,"t":0,"c":4,"e":-1,"r":0},{"x":2,"y":19,"hp":140,"w":1,"h":1,"t":0,"c":4,"e":-1,"r":0},{"x":3,"y":19,"hp":140,"w":1,"h":1,"t":0,"c":4,"e":-1,"r":0},{"x":4,"y":19,"hp":140,"w":1,"h":1,"t":0,"c":4,"e":-1,"r":0},{"x":5,"y":19,"hp":140,"w":1,"h":1,"t":0,"c":4,"e":-1,"r":0},{"x":5,"y":21,"hp":110,"w":1,"h":1,"t":0,"c":4,"e":-1,"r":0},{"x":0,"y":22,"hp":280,"w":4,"h":1,"t":0,"c":4,"e":-1,"r":0},{"x":0,"y":23,"hp":132,"w":1,"h":1,"t":0,"c":4,"e":-1,"r":0},{"x":1,"y":23,"hp":132,"w":1,"h":1,"t":0,"c":4,"e":-1,"r":0},{"x":2,"y":23,"hp":132,"w":1,"h":1,"t":0,"c":4,"e":-1,"r":0},{"x":5,"y":23,"hp":132,"w":1,"h":1,"t":0,"c":4,"e":-1,"r":0},{"x":2,"y":24,"hp":410,"w":6,"h":1,"t":0,"c":4,"e":-1,"r":0},{"x":5,"y":25,"hp":99,"w":1,"h":1,"t":2,"c":4,"e":-1,"r":1},{"x":0,"y":26,"hp":100,"w":1,"h":1,"t":0,"c":4,"e":-1,"r":0},{"x":1,"y":26,"hp":100,"w":1,"h":1,"t":0,"c":4,"e":-1,"r":0},{"x":3,"y":26,"hp":320,"w":5,"h":1,"t":0,"c":4,"e":-1,"r":0},{"x":0,"y":27,"hp":165,"w":1,"h":1,"t":0,"c":4,"e":-1,"r":0},{"x":4,"y":27,"hp":165,"w":3,"h":1,"t":0,"c":4,"e":-1,"r":0},{"x":7,"y":5,"hp":65,"w":3,"h":1,"t":0,"c":3,"e":-1,"r":0},{"x":6,"y":6,"hp":457,"w":5,"h":1,"t":0,"c":0,"e":-1,"r":0},{"x":7,"y":7,"hp":56,"w":2,"h":1,"t":0,"c":3,"e":-1,"r":0},{"x":6,"y":9,"hp":580,"w":5,"h":1,"t":0,"c":2,"e":-1,"r":0},{"x":10,"y":13,"hp":108,"w":1,"h":1,"t":0,"c":4,"e":-1,"r":0},{"x":8,"y":13,"hp":108,"w":1,"h":1,"t":0,"c":4,"e":-1,"r":0},{"x":7,"y":13,"hp":108,"w":1,"h":1,"t":2,"c":4,"e":-1,"r":0},{"x":6,"y":13,"hp":108,"w":1,"h":1,"t":0,"c":4,"e":-1,"r":0},{"x":10,"y":15,"hp":113,"w":1,"h":1,"t":0,"c":4,"e":-1,"r":0},{"x":8,"y":15,"hp":113,"w":1,"h":1,"t":0,"c":4,"e":-1,"r":0},{"x":10,"y":16,"hp":100,"w":1,"h":1,"t":0,"c":4,"e":-1,"r":0},{"x":9,"y":16,"hp":100,"w":1,"h":1,"t":0,"c":4,"e":-1,"r":0},{"x":9,"y":17,"hp":150,"w":1,"h":1,"t":0,"c":4,"e":-1,"r":0},{"x":7,"y":17,"hp":150,"w":1,"h":1,"t":1,"c":4,"e":-1,"r":3},{"x":6,"y":17,"hp":150,"w":1,"h":1,"t":0,"c":4,"e":-1,"r":0},{"x":10,"y":18,"hp":127,"w":1,"h":1,"t":0,"c":4,"e":-1,"r":0},{"x":9,"y":18,"hp":127,"w":1,"h":1,"t":0,"c":4,"e":-1,"r":0},{"x":7,"y":18,"hp":127,"w":1,"h":1,"t":0,"c":4,"e":-1,"r":0},{"x":10,"y":19,"hp":140,"w":1,"h":1,"t":0,"c":4,"e":7,"r":0},{"x":8,"y":19,"hp":140,"w":1,"h":1,"t":0,"c":4,"e":-1,"r":0},{"x":7,"y":19,"hp":140,"w":1,"h":1,"t":0,"c":4,"e":-1,"r":0},{"x":6,"y":19,"hp":140,"w":1,"h":1,"t":0,"c":4,"e":-1,"r":0},{"x":10,"y":20,"hp":100,"w":1,"h":1,"t":0,"c":4,"e":-1,"r":0},{"x":9,"y":20,"hp":100,"w":1,"h":1,"t":0,"c":4,"e":-1,"r":0},{"x":8,"y":21,"hp":110,"w":1,"h":1,"t":0,"c":4,"e":-1,"r":0},{"x":6,"y":21,"hp":110,"w":1,"h":1,"t":0,"c":4,"e":-1,"r":0},{"x":10,"y":22,"hp":100,"w":1,"h":1,"t":0,"c":4,"e":-1,"r":0},{"x":9,"y":22,"hp":100,"w":1,"h":1,"t":0,"c":4,"e":-1,"r":0},{"x":8,"y":22,"hp":100,"w":1,"h":1,"t":0,"c":4,"e":-1,"r":0},{"x":10,"y":23,"hp":132,"w":1,"h":1,"t":0,"c":4,"e":-1,"r":0},{"x":9,"y":23,"hp":132,"w":1,"h":1,"t":0,"c":4,"e":-1,"r":0},{"x":10,"y":24,"hp":100,"w":1,"h":1,"t":0,"c":4,"e":-1,"r":0},{"x":9,"y":24,"hp":100,"w":1,"h":1,"t":0,"c":4,"e":-1,"r":0},{"x":9,"y":25,"hp":99,"w":1,"h":1,"t":5,"c":4,"e":-1,"r":0},{"x":10,"y":27,"hp":165,"w":1,"h":1,"t":0,"c":4,"e":-1,"r":0},{"x":3,"y":25,"hp":99,"w":1,"h":1,"t":0,"c":4,"e":-1,"r":0},{"x":6,"y":25,"hp":99,"w":1,"h":1,"t":0,"c":4,"e":-1,"r":0},{"x":7,"y":25,"hp":99,"w":1,"h":1,"t":0,"c":4,"e":-1,"r":0},{"x":8,"y":25,"hp":99,"w":1,"h":1,"t":0,"c":4,"e":-1,"r":0},{"x":3,"y":20,"hp":410,"w":6,"h":1,"t":0,"c":4,"e":-1,"r":0},{"x":7,"y":22,"hp":100,"w":1,"h":1,"t":0,"c":4,"e":-1,"r":0},{"x":8,"y":16,"hp":100,"w":1,"h":1,"t":0,"c":4,"e":-1,"r":0},{"x":3,"y":16,"hp":280,"w":4,"h":1,"t":0,"c":4,"e":-1,"r":0},{"x":10,"y":12,"hp":172,"w":1,"h":1,"t":0,"c":4,"e":-1,"r":0},{"x":0,"y":12,"hp":172,"w":1,"h":1,"t":0,"c":4,"e":-1,"r":0},{"x":1,"y":12,"hp":172,"w":1,"h":1,"t":0,"c":4,"e":-1,"r":0},{"x":2,"y":12,"hp":172,"w":1,"h":1,"t":0,"c":4,"e":-1,"r":0},{"x":3,"y":12,"hp":172,"w":1,"h":1,"t":0,"c":4,"e":-1,"r":0},{"x":4,"y":12,"hp":172,"w":1,"h":1,"t":0,"c":4,"e":-1,"r":0},{"x":5,"y":12,"hp":172,"w":1,"h":1,"t":0,"c":4,"e":-1,"r":0},{"x":6,"y":12,"hp":172,"w":1,"h":1,"t":0,"c":4,"e":-1,"r":0},{"x":7,"y":12,"hp":172,"w":1,"h":1,"t":0,"c":4,"e":-1,"r":0},{"x":8,"y":12,"hp":172,"w":1,"h":1,"t":0,"c":4,"e":-1,"r":0},{"x":9,"y":12,"hp":172,"w":1,"h":1,"t":0,"c":4,"e":-1,"r":0}],"bu":[{"x":1,"y":14,"buff":1},{"x":2,"y":16,"buff":1},{"x":8,"y":26,"buff":1},{"x":3,"y":28,"buff":1},{"x":10,"y":26,"buff":0},{"x":6,"y":23,"buff":0},{"x":2,"y":21,"buff":0},{"x":9,"y":14,"buff":0},{"x":5,"y":9,"buff":6},{"x":0,"y":21,"buff":3},{"x":8,"y":17,"buff":2},{"x":0,"y":10,"buff":0},{"x":1,"y":10,"buff":0},{"x":2,"y":10,"buff":0},{"x":3,"y":10,"buff":0},{"x":4,"y":10,"buff":0},{"x":6,"y":10,"buff":0},{"x":7,"y":10,"buff":0},{"x":8,"y":10,"buff":0},{"x":9,"y":10,"buff":0},{"x":10,"y":10,"buff":0},{"x":1,"y":7,"buff":0},{"x":0,"y":7,"buff":0},{"x":9,"y":7,"buff":0},{"x":10,"y":7,"buff":0}]}