{"l":16,"h":12,"w":11,"br":[{"x":3,"y":8,"hp":25,"w":1,"h":1,"t":0,"c":3,"e":-1,"r":0},{"x":3,"y":9,"hp":19,"w":1,"h":1,"t":0,"c":3,"e":-1,"r":0},{"x":2,"y":9,"hp":19,"w":1,"h":1,"t":0,"c":3,"e":-1,"r":0},{"x":1,"y":9,"hp":19,"w":1,"h":1,"t":0,"c":3,"e":-1,"r":0},{"x":1,"y":8,"hp":25,"w":1,"h":1,"t":0,"c":3,"e":-1,"r":0},{"x":1,"y":7,"hp":25,"w":1,"h":1,"t":0,"c":3,"e":-1,"r":0},{"x":1,"y":6,"hp":25,"w":1,"h":1,"t":0,"c":3,"e":-1,"r":0},{"x":2,"y":6,"hp":25,"w":1,"h":1,"t":0,"c":3,"e":-1,"r":0},{"x":2,"y":7,"hp":25,"w":1,"h":1,"t":0,"c":3,"e":-1,"r":0},{"x":2,"y":8,"hp":25,"w":1,"h":1,"t":0,"c":3,"e":-1,"r":0},{"x":3,"y":7,"hp":25,"w":1,"h":1,"t":0,"c":3,"e":-1,"r":0},{"x":3,"y":6,"hp":25,"w":1,"h":1,"t":0,"c":3,"e":-1,"r":0},{"x":5,"y":5,"hp":23,"w":1,"h":1,"t":0,"c":6,"e":-1,"r":0},{"x":6,"y":5,"hp":23,"w":1,"h":1,"t":0,"c":6,"e":-1,"r":0},{"x":7,"y":5,"hp":23,"w":1,"h":1,"t":0,"c":6,"e":-1,"r":0},{"x":8,"y":5,"hp":23,"w":1,"h":1,"t":0,"c":6,"e":-1,"r":0},{"x":9,"y":5,"hp":23,"w":1,"h":1,"t":0,"c":6,"e":10,"r":0},{"x":9,"y":6,"hp":15,"w":1,"h":1,"t":0,"c":6,"e":4,"r":0},{"x":9,"y":7,"hp":15,"w":1,"h":1,"t":0,"c":6,"e":4,"r":0},{"x":9,"y":8,"hp":15,"w":1,"h":1,"t":0,"c":6,"e":4,"r":0},{"x":5,"y":11,"hp":15,"w":1,"h":1,"t":0,"c":8,"e":4,"r":0},{"x":5,"y":10,"hp":15,"w":1,"h":1,"t":0,"c":8,"e":4,"r":0},{"x":5,"y":9,"hp":19,"w":1,"h":1,"t":0,"c":8,"e":-1,"r":0},{"x":5,"y":8,"hp":25,"w":1,"h":1,"t":0,"c":8,"e":-1,"r":0},{"x":5,"y":7,"hp":25,"w":1,"h":1,"t":0,"c":8,"e":-1,"r":0},{"x":5,"y":6,"hp":25,"w":1,"h":1,"t":0,"c":8,"e":-1,"r":0},{"x":6,"y":6,"hp":25,"w":1,"h":1,"t":0,"c":8,"e":-1,"r":0},{"x":7,"y":6,"hp":25,"w":1,"h":1,"t":0,"c":8,"e":-1,"r":0},{"x":6,"y":10,"hp":15,"w":1,"h":1,"t":0,"c":8,"e":4,"r":0},{"x":6,"y":9,"hp":19,"w":1,"h":1,"t":0,"c":8,"e":-1,"r":0},{"x":6,"y":8,"hp":25,"w":1,"h":1,"t":0,"c":8,"e":-1,"r":0},{"x":6,"y":7,"hp":25,"w":1,"h":1,"t":0,"c":8,"e":-1,"r":0},{"x":7,"y":7,"hp":25,"w":1,"h":1,"t":0,"c":8,"e":-1,"r":0},{"x":7,"y":8,"hp":25,"w":1,"h":1,"t":0,"c":8,"e":-1,"r":0},{"x":8,"y":8,"hp":25,"w":1,"h":1,"t":0,"c":8,"e":-1,"r":0},{"x":8,"y":7,"hp":25,"w":1,"h":1,"t":0,"c":8,"e":-1,"r":0},{"x":8,"y":6,"hp":25,"w":1,"h":1,"t":0,"c":8,"e":-1,"r":0},{"x":4,"y":6,"hp":25,"w":1,"h":1,"t":0,"c":8,"e":-1,"r":0},{"x":4,"y":7,"hp":25,"w":1,"h":1,"t":0,"c":8,"e":-1,"r":0},{"x":4,"y":8,"hp":25,"w":1,"h":1,"t":0,"c":8,"e":-1,"r":0},{"x":4,"y":9,"hp":19,"w":1,"h":1,"t":1,"c":8,"e":-1,"r":1},{"x":4,"y":5,"hp":23,"w":1,"h":1,"t":1,"c":6,"e":-1,"r":2},{"x":6,"y":11,"hp":15,"w":1,"h":1,"t":1,"c":8,"e":-1,"r":0},{"x":7,"y":9,"hp":19,"w":1,"h":1,"t":1,"c":8,"e":-1,"r":0},{"x":1,"y":5,"hp":23,"w":1,"h":1,"t":0,"c":4,"e":10,"r":0},{"x":2,"y":5,"hp":23,"w":1,"h":1,"t":0,"c":4,"e":-1,"r":0},{"x":3,"y":5,"hp":23,"w":1,"h":1,"t":0,"c":4,"e":-1,"r":0}],"bu":[{"x":1,"y":10,"buff":1},{"x":2,"y":10,"buff":1},{"x":3,"y":10,"buff":1}]}