{"l":38,"h":13,"w":11,"br":[{"x":8,"y":5,"hp":123,"w":1,"h":1,"t":1,"c":1,"e":-1,"r":0},{"x":6,"y":7,"hp":88,"w":1,"h":1,"t":0,"c":3,"e":-1,"r":0},{"x":5,"y":7,"hp":88,"w":1,"h":1,"t":0,"c":3,"e":-1,"r":0},{"x":0,"y":5,"hp":123,"w":1,"h":1,"t":0,"c":1,"e":1,"r":0},{"x":1,"y":5,"hp":123,"w":1,"h":1,"t":0,"c":1,"e":-1,"r":0},{"x":2,"y":5,"hp":123,"w":1,"h":1,"t":0,"c":1,"e":-1,"r":0},{"x":3,"y":5,"hp":123,"w":1,"h":1,"t":0,"c":1,"e":-1,"r":0},{"x":4,"y":5,"hp":123,"w":1,"h":1,"t":0,"c":1,"e":-1,"r":0},{"x":5,"y":5,"hp":123,"w":1,"h":1,"t":0,"c":1,"e":-1,"r":0},{"x":6,"y":5,"hp":123,"w":1,"h":1,"t":0,"c":1,"e":-1,"r":0},{"x":7,"y":5,"hp":123,"w":1,"h":1,"t":0,"c":1,"e":-1,"r":0},{"x":9,"y":7,"hp":88,"w":1,"h":1,"t":0,"c":3,"e":-1,"r":0},{"x":10,"y":7,"hp":88,"w":1,"h":1,"t":0,"c":3,"e":-1,"r":0},{"x":8,"y":7,"hp":88,"w":1,"h":1,"t":0,"c":3,"e":-1,"r":0},{"x":7,"y":7,"hp":88,"w":1,"h":1,"t":0,"c":3,"e":-1,"r":0},{"x":10,"y":6,"hp":61,"w":1,"h":1,"t":0,"c":3,"e":-1,"r":0},{"x":9,"y":6,"hp":97,"w":1,"h":1,"t":1,"c":1,"e":-1,"r":2},{"x":10,"y":5,"hp":97,"w":1,"h":1,"t":1,"c":1,"e":-1,"r":2},{"x":9,"y":12,"hp":65,"w":1,"h":1,"t":0,"c":1,"e":-1,"r":0},{"x":7,"y":12,"hp":65,"w":1,"h":1,"t":0,"c":1,"e":-1,"r":0},{"x":5,"y":12,"hp":65,"w":1,"h":1,"t":0,"c":1,"e":-1,"r":0},{"x":3,"y":12,"hp":65,"w":1,"h":1,"t":0,"c":1,"e":-1,"r":0},{"x":1,"y":12,"hp":65,"w":1,"h":1,"t":0,"c":1,"e":-1,"r":0},{"x":2,"y":12,"hp":65,"w":1,"h":1,"t":0,"c":1,"e":-1,"r":0},{"x":4,"y":12,"hp":65,"w":1,"h":1,"t":0,"c":1,"e":-1,"r":0},{"x":6,"y":12,"hp":65,"w":1,"h":1,"t":0,"c":1,"e":-1,"r":0},{"x":10,"y":12,"hp":65,"w":1,"h":1,"t":0,"c":1,"e":1,"r":0},{"x":0,"y":12,"hp":65,"w":1,"h":1,"t":1,"c":1,"e":-1,"r":0},{"x":8,"y":12,"hp":65,"w":1,"h":1,"t":1,"c":1,"e":-1,"r":0},{"x":4,"y":7,"hp":88,"w":1,"h":1,"t":0,"c":3,"e":-1,"r":0},{"x":6,"y":10,"hp":115,"w":1,"h":1,"t":1,"c":8,"e":-1,"r":0},{"x":10,"y":10,"hp":115,"w":1,"h":1,"t":1,"c":8,"e":-1,"r":0},{"x":9,"y":10,"hp":115,"w":1,"h":1,"t":1,"c":8,"e":-1,"r":1},{"x":5,"y":10,"hp":115,"w":1,"h":1,"t":1,"c":8,"e":-1,"r":1},{"x":5,"y":9,"hp":125,"w":1,"h":1,"t":1,"c":8,"e":-1,"r":2},{"x":9,"y":9,"hp":125,"w":1,"h":1,"t":1,"c":8,"e":-1,"r":2},{"x":10,"y":9,"hp":125,"w":1,"h":1,"t":1,"c":8,"e":-1,"r":3},{"x":6,"y":9,"hp":125,"w":1,"h":1,"t":1,"c":8,"e":-1,"r":3},{"x":8,"y":10,"hp":115,"w":1,"h":1,"t":1,"c":5,"e":-1,"r":0},{"x":4,"y":10,"hp":115,"w":1,"h":1,"t":1,"c":5,"e":-1,"r":0},{"x":7,"y":10,"hp":115,"w":1,"h":1,"t":1,"c":5,"e":-1,"r":1},{"x":3,"y":10,"hp":115,"w":1,"h":1,"t":1,"c":5,"e":-1,"r":1},{"x":7,"y":9,"hp":125,"w":1,"h":1,"t":1,"c":5,"e":-1,"r":2},{"x":3,"y":9,"hp":125,"w":1,"h":1,"t":1,"c":5,"e":-1,"r":2},{"x":4,"y":9,"hp":125,"w":1,"h":1,"t":1,"c":5,"e":-1,"r":3},{"x":8,"y":9,"hp":125,"w":1,"h":1,"t":1,"c":5,"e":-1,"r":3},{"x":2,"y":10,"hp":115,"w":1,"h":1,"t":1,"c":8,"e":-1,"r":0},{"x":1,"y":10,"hp":115,"w":1,"h":1,"t":1,"c":8,"e":-1,"r":1},{"x":1,"y":9,"hp":125,"w":1,"h":1,"t":1,"c":8,"e":-1,"r":2},{"x":2,"y":9,"hp":125,"w":1,"h":1,"t":1,"c":8,"e":-1,"r":3},{"x":1,"y":7,"hp":88,"w":1,"h":1,"t":1,"c":2,"e":-1,"r":1},{"x":2,"y":7,"hp":88,"w":1,"h":1,"t":0,"c":3,"e":-1,"r":0},{"x":3,"y":7,"hp":88,"w":1,"h":1,"t":0,"c":3,"e":-1,"r":0}],"bu":[{"x":3,"y":6,"buff":10},{"x":4,"y":6,"buff":10},{"x":5,"y":6,"buff":10},{"x":6,"y":6,"buff":10},{"x":7,"y":6,"buff":10}]}