{"l":311,"h":20,"w":11,"br":[{"x":3,"y":5,"hp":44,"w":1,"h":1,"t":0,"c":1,"e":-1,"r":0},{"x":4,"y":5,"hp":44,"w":1,"h":1,"t":1,"c":1,"e":-1,"r":3},{"x":5,"y":5,"hp":44,"w":1,"h":1,"t":0,"c":1,"e":0,"r":0},{"x":5,"y":6,"hp":64,"w":1,"h":1,"t":0,"c":1,"e":-1,"r":0},{"x":0,"y":7,"hp":300,"w":3,"h":1,"t":0,"c":0,"e":-1,"r":0},{"x":0,"y":8,"hp":106,"w":1,"h":1,"t":0,"c":1,"e":-1,"r":0},{"x":1,"y":8,"hp":106,"w":1,"h":1,"t":0,"c":1,"e":-1,"r":0},{"x":4,"y":8,"hp":106,"w":1,"h":1,"t":1,"c":1,"e":-1,"r":3},{"x":0,"y":9,"hp":87,"w":1,"h":1,"t":0,"c":1,"e":0,"r":0},{"x":4,"y":9,"hp":87,"w":1,"h":1,"t":0,"c":1,"e":-1,"r":0},{"x":0,"y":10,"hp":107,"w":1,"h":1,"t":0,"c":1,"e":-1,"r":0},{"x":1,"y":10,"hp":107,"w":1,"h":1,"t":0,"c":1,"e":-1,"r":0},{"x":4,"y":10,"hp":107,"w":1,"h":1,"t":0,"c":1,"e":-1,"r":0},{"x":5,"y":10,"hp":107,"w":1,"h":1,"t":0,"c":1,"e":-1,"r":0},{"x":1,"y":11,"hp":157,"w":1,"h":1,"t":0,"c":1,"e":-1,"r":0},{"x":4,"y":11,"hp":157,"w":1,"h":1,"t":0,"c":1,"e":-1,"r":0},{"x":5,"y":11,"hp":157,"w":1,"h":1,"t":0,"c":1,"e":4,"r":0},{"x":0,"y":12,"hp":88,"w":1,"h":1,"t":0,"c":1,"e":-1,"r":0},{"x":4,"y":12,"hp":88,"w":1,"h":1,"t":0,"c":1,"e":-1,"r":0},{"x":5,"y":12,"hp":88,"w":1,"h":1,"t":0,"c":1,"e":-1,"r":0},{"x":0,"y":13,"hp":107,"w":1,"h":1,"t":0,"c":1,"e":-1,"r":0},{"x":1,"y":13,"hp":107,"w":1,"h":1,"t":0,"c":1,"e":-1,"r":0},{"x":4,"y":13,"hp":107,"w":1,"h":1,"t":0,"c":1,"e":-1,"r":0},{"x":5,"y":13,"hp":107,"w":1,"h":1,"t":0,"c":1,"e":-1,"r":0},{"x":2,"y":15,"hp":130,"w":1,"h":1,"t":0,"c":1,"e":-1,"r":0},{"x":3,"y":15,"hp":130,"w":1,"h":1,"t":0,"c":1,"e":-1,"r":0},{"x":5,"y":15,"hp":130,"w":1,"h":1,"t":3,"c":1,"e":-1,"r":0},{"x":3,"y":16,"hp":205,"w":1,"h":1,"t":0,"c":1,"e":-1,"r":0},{"x":4,"y":16,"hp":205,"w":1,"h":1,"t":0,"c":1,"e":-1,"r":0},{"x":5,"y":16,"hp":205,"w":1,"h":1,"t":0,"c":1,"e":-1,"r":0},{"x":1,"y":17,"hp":170,"w":1,"h":1,"t":1,"c":1,"e":-1,"r":2},{"x":3,"y":17,"hp":170,"w":1,"h":1,"t":0,"c":1,"e":-1,"r":0},{"x":5,"y":17,"hp":170,"w":1,"h":1,"t":0,"c":1,"e":-1,"r":0},{"x":0,"y":18,"hp":137,"w":1,"h":1,"t":0,"c":1,"e":-1,"r":0},{"x":1,"y":18,"hp":137,"w":1,"h":1,"t":0,"c":1,"e":-1,"r":0},{"x":2,"y":18,"hp":137,"w":1,"h":1,"t":0,"c":1,"e":-1,"r":0},{"x":5,"y":18,"hp":137,"w":1,"h":1,"t":5,"c":1,"e":-1,"r":0},{"x":7,"y":5,"hp":44,"w":1,"h":1,"t":0,"c":1,"e":-1,"r":0},{"x":6,"y":5,"hp":44,"w":1,"h":1,"t":1,"c":1,"e":-1,"r":2},{"x":8,"y":7,"hp":300,"w":3,"h":1,"t":0,"c":0,"e":-1,"r":0},{"x":10,"y":8,"hp":106,"w":1,"h":1,"t":0,"c":1,"e":-1,"r":0},{"x":9,"y":8,"hp":106,"w":1,"h":1,"t":0,"c":1,"e":-1,"r":0},{"x":6,"y":8,"hp":106,"w":1,"h":1,"t":1,"c":1,"e":-1,"r":2},{"x":10,"y":9,"hp":87,"w":1,"h":1,"t":0,"c":1,"e":0,"r":0},{"x":6,"y":9,"hp":87,"w":1,"h":1,"t":0,"c":1,"e":-1,"r":0},{"x":10,"y":10,"hp":107,"w":1,"h":1,"t":0,"c":1,"e":-1,"r":0},{"x":9,"y":10,"hp":107,"w":1,"h":1,"t":0,"c":1,"e":-1,"r":0},{"x":6,"y":10,"hp":107,"w":1,"h":1,"t":0,"c":1,"e":-1,"r":0},{"x":9,"y":11,"hp":157,"w":1,"h":1,"t":0,"c":1,"e":-1,"r":0},{"x":6,"y":11,"hp":157,"w":1,"h":1,"t":0,"c":1,"e":-1,"r":0},{"x":10,"y":12,"hp":88,"w":1,"h":1,"t":0,"c":1,"e":-1,"r":0},{"x":6,"y":12,"hp":88,"w":1,"h":1,"t":0,"c":1,"e":-1,"r":0},{"x":10,"y":13,"hp":107,"w":1,"h":1,"t":0,"c":1,"e":-1,"r":0},{"x":9,"y":13,"hp":107,"w":1,"h":1,"t":0,"c":1,"e":-1,"r":0},{"x":6,"y":13,"hp":107,"w":1,"h":1,"t":0,"c":1,"e":-1,"r":0},{"x":10,"y":15,"hp":130,"w":1,"h":1,"t":0,"c":1,"e":-1,"r":0},{"x":8,"y":15,"hp":130,"w":1,"h":1,"t":0,"c":1,"e":-1,"r":0},{"x":7,"y":15,"hp":130,"w":1,"h":1,"t":0,"c":1,"e":-1,"r":0},{"x":8,"y":16,"hp":205,"w":1,"h":1,"t":0,"c":1,"e":-1,"r":0},{"x":7,"y":16,"hp":205,"w":1,"h":1,"t":0,"c":1,"e":-1,"r":0},{"x":6,"y":16,"hp":205,"w":1,"h":1,"t":0,"c":1,"e":-1,"r":0},{"x":9,"y":17,"hp":170,"w":1,"h":1,"t":1,"c":1,"e":-1,"r":3},{"x":7,"y":17,"hp":170,"w":1,"h":1,"t":0,"c":1,"e":4,"r":0},{"x":9,"y":18,"hp":137,"w":1,"h":1,"t":0,"c":1,"e":-1,"r":0},{"x":8,"y":18,"hp":137,"w":1,"h":1,"t":0,"c":1,"e":-1,"r":0},{"x":7,"y":18,"hp":137,"w":1,"h":1,"t":0,"c":1,"e":-1,"r":0},{"x":6,"y":18,"hp":137,"w":1,"h":1,"t":0,"c":1,"e":-1,"r":0},{"x":5,"y":7,"hp":300,"w":1,"h":3,"t":0,"c":0,"e":-1,"r":0},{"x":1,"y":14,"hp":168,"w":1,"h":1,"t":0,"c":1,"e":-1,"r":0},{"x":2,"y":14,"hp":168,"w":1,"h":1,"t":0,"c":1,"e":-1,"r":0},{"x":3,"y":14,"hp":168,"w":1,"h":1,"t":0,"c":1,"e":-1,"r":0},{"x":4,"y":14,"hp":168,"w":1,"h":1,"t":0,"c":1,"e":-1,"r":0},{"x":5,"y":14,"hp":168,"w":1,"h":1,"t":0,"c":1,"e":1,"r":0},{"x":6,"y":14,"hp":168,"w":1,"h":1,"t":0,"c":1,"e":-1,"r":0},{"x":7,"y":14,"hp":168,"w":1,"h":1,"t":0,"c":1,"e":-1,"r":0},{"x":10,"y":14,"hp":168,"w":1,"h":1,"t":0,"c":1,"e":-1,"r":0},{"x":8,"y":17,"hp":170,"w":1,"h":1,"t":0,"c":1,"e":-1,"r":0},{"x":6,"y":17,"hp":170,"w":1,"h":1,"t":0,"c":1,"e":-1,"r":0},{"x":4,"y":17,"hp":170,"w":1,"h":1,"t":0,"c":1,"e":-1,"r":0},{"x":2,"y":17,"hp":170,"w":1,"h":1,"t":0,"c":1,"e":-1,"r":0},{"x":9,"y":9,"hp":50,"w":1,"h":1,"t":0,"c":1,"e":-1,"r":0},{"x":1,"y":9,"hp":50,"w":1,"h":1,"t":0,"c":1,"e":-1,"r":0},{"x":3,"y":13,"hp":50,"w":1,"h":1,"t":0,"c":1,"e":-1,"r":0},{"x":7,"y":13,"hp":50,"w":1,"h":1,"t":0,"c":1,"e":-1,"r":0}],"bu":[{"x":8,"y":3,"buff":1},{"x":5,"y":3,"buff":1},{"x":2,"y":3,"buff":1},{"x":7,"y":10,"buff":1},{"x":3,"y":12,"buff":1},{"x":3,"y":10,"buff":1},{"x":10,"y":18,"buff":1},{"x":3,"y":19,"buff":1},{"x":0,"y":16,"buff":1},{"x":8,"y":14,"buff":0},{"x":7,"y":8,"buff":0},{"x":10,"y":16,"buff":2},{"x":1,"y":12,"buff":3},{"x":1,"y":6,"buff":1},{"x":9,"y":6,"buff":1},{"x":6,"y":7,"buff":2},{"x":4,"y":7,"buff":2}]}