{"l":193,"h":23,"w":11,"br":[{"x":2,"y":5,"hp":70,"w":1,"h":1,"t":0,"c":3,"e":-1,"r":0},{"x":4,"y":5,"hp":70,"w":1,"h":1,"t":0,"c":3,"e":-1,"r":0},{"x":1,"y":6,"hp":40,"w":1,"h":1,"t":0,"c":2,"e":-1,"r":0},{"x":2,"y":6,"hp":40,"w":1,"h":1,"t":0,"c":2,"e":-1,"r":0},{"x":3,"y":6,"hp":40,"w":1,"h":1,"t":0,"c":2,"e":-1,"r":0},{"x":4,"y":6,"hp":40,"w":1,"h":1,"t":0,"c":2,"e":-1,"r":0},{"x":5,"y":6,"hp":40,"w":1,"h":1,"t":0,"c":2,"e":-1,"r":0},{"x":1,"y":7,"hp":61,"w":1,"h":1,"t":0,"c":4,"e":-1,"r":0},{"x":2,"y":7,"hp":61,"w":1,"h":1,"t":0,"c":4,"e":-1,"r":0},{"x":3,"y":7,"hp":61,"w":1,"h":1,"t":0,"c":4,"e":-1,"r":0},{"x":4,"y":7,"hp":61,"w":1,"h":1,"t":0,"c":4,"e":-1,"r":0},{"x":5,"y":7,"hp":61,"w":1,"h":1,"t":0,"c":4,"e":-1,"r":0},{"x":1,"y":8,"hp":157,"w":1,"h":1,"t":0,"c":4,"e":-1,"r":0},{"x":3,"y":8,"hp":157,"w":1,"h":1,"t":0,"c":4,"e":-1,"r":0},{"x":4,"y":8,"hp":157,"w":1,"h":1,"t":0,"c":4,"e":-1,"r":0},{"x":5,"y":8,"hp":157,"w":1,"h":1,"t":0,"c":4,"e":-1,"r":0},{"x":1,"y":9,"hp":141,"w":1,"h":1,"t":0,"c":4,"e":-1,"r":0},{"x":5,"y":9,"hp":141,"w":1,"h":1,"t":0,"c":4,"e":-1,"r":0},{"x":2,"y":11,"hp":131,"w":1,"h":1,"t":0,"c":4,"e":-1,"r":0},{"x":3,"y":11,"hp":131,"w":1,"h":1,"t":0,"c":4,"e":-1,"r":0},{"x":5,"y":11,"hp":131,"w":1,"h":1,"t":0,"c":4,"e":-1,"r":0},{"x":1,"y":12,"hp":150,"w":1,"h":1,"t":0,"c":4,"e":-1,"r":0},{"x":2,"y":12,"hp":150,"w":1,"h":1,"t":0,"c":4,"e":-1,"r":0},{"x":3,"y":12,"hp":150,"w":1,"h":1,"t":0,"c":4,"e":-1,"r":0},{"x":5,"y":12,"hp":150,"w":1,"h":1,"t":0,"c":4,"e":-1,"r":0},{"x":0,"y":13,"hp":102,"w":1,"h":1,"t":0,"c":4,"e":-1,"r":0},{"x":1,"y":13,"hp":102,"w":1,"h":1,"t":0,"c":4,"e":-1,"r":0},{"x":2,"y":13,"hp":102,"w":1,"h":1,"t":0,"c":4,"e":-1,"r":0},{"x":5,"y":13,"hp":102,"w":1,"h":1,"t":0,"c":4,"e":-1,"r":0},{"x":0,"y":14,"hp":105,"w":1,"h":1,"t":0,"c":4,"e":-1,"r":0},{"x":1,"y":14,"hp":105,"w":1,"h":1,"t":0,"c":4,"e":-1,"r":0},{"x":2,"y":14,"hp":105,"w":1,"h":1,"t":0,"c":4,"e":0,"r":0},{"x":0,"y":15,"hp":125,"w":1,"h":1,"t":0,"c":4,"e":-1,"r":0},{"x":2,"y":15,"hp":125,"w":1,"h":1,"t":0,"c":4,"e":-1,"r":0},{"x":3,"y":15,"hp":125,"w":1,"h":1,"t":0,"c":4,"e":-1,"r":0},{"x":0,"y":16,"hp":68,"w":1,"h":1,"t":0,"c":4,"e":-1,"r":0},{"x":1,"y":16,"hp":68,"w":1,"h":1,"t":0,"c":4,"e":-1,"r":0},{"x":3,"y":16,"hp":68,"w":1,"h":1,"t":0,"c":4,"e":-1,"r":0},{"x":4,"y":16,"hp":68,"w":1,"h":1,"t":0,"c":4,"e":-1,"r":0},{"x":0,"y":17,"hp":100,"w":1,"h":1,"t":0,"c":4,"e":-1,"r":0},{"x":1,"y":17,"hp":100,"w":1,"h":1,"t":0,"c":4,"e":-1,"r":0},{"x":4,"y":17,"hp":100,"w":1,"h":1,"t":0,"c":4,"e":-1,"r":0},{"x":5,"y":17,"hp":100,"w":1,"h":1,"t":0,"c":4,"e":-1,"r":0},{"x":4,"y":18,"hp":200,"w":1,"h":1,"t":0,"c":4,"e":-1,"r":0},{"x":5,"y":18,"hp":200,"w":1,"h":1,"t":0,"c":4,"e":-1,"r":0},{"x":2,"y":19,"hp":188,"w":1,"h":1,"t":0,"c":4,"e":-1,"r":0},{"x":3,"y":19,"hp":188,"w":1,"h":1,"t":0,"c":4,"e":-1,"r":0},{"x":5,"y":19,"hp":188,"w":1,"h":1,"t":0,"c":4,"e":-1,"r":0},{"x":2,"y":20,"hp":120,"w":1,"h":1,"t":0,"c":4,"e":-1,"r":0},{"x":4,"y":20,"hp":120,"w":1,"h":1,"t":0,"c":4,"e":-1,"r":0},{"x":5,"y":20,"hp":120,"w":1,"h":1,"t":0,"c":4,"e":-1,"r":0},{"x":0,"y":21,"hp":130,"w":1,"h":1,"t":0,"c":4,"e":-1,"r":0},{"x":2,"y":21,"hp":130,"w":1,"h":1,"t":0,"c":4,"e":-1,"r":0},{"x":3,"y":21,"hp":130,"w":1,"h":1,"t":0,"c":4,"e":-1,"r":0},{"x":4,"y":21,"hp":130,"w":1,"h":1,"t":0,"c":4,"e":-1,"r":0},{"x":5,"y":21,"hp":130,"w":1,"h":1,"t":0,"c":4,"e":-1,"r":0},{"x":0,"y":22,"hp":170,"w":1,"h":1,"t":0,"c":4,"e":-1,"r":0},{"x":4,"y":22,"hp":170,"w":1,"h":1,"t":0,"c":4,"e":-1,"r":0},{"x":5,"y":22,"hp":170,"w":1,"h":1,"t":0,"c":4,"e":-1,"r":0},{"x":10,"y":5,"hp":70,"w":1,"h":1,"t":0,"c":3,"e":-1,"r":0},{"x":8,"y":5,"hp":70,"w":1,"h":1,"t":0,"c":3,"e":-1,"r":0},{"x":6,"y":5,"hp":70,"w":1,"h":1,"t":0,"c":3,"e":-1,"r":0},{"x":10,"y":6,"hp":40,"w":1,"h":1,"t":0,"c":2,"e":-1,"r":0},{"x":9,"y":6,"hp":40,"w":1,"h":1,"t":0,"c":2,"e":-1,"r":0},{"x":8,"y":6,"hp":40,"w":1,"h":1,"t":0,"c":2,"e":-1,"r":0},{"x":7,"y":6,"hp":40,"w":1,"h":1,"t":0,"c":2,"e":-1,"r":0},{"x":6,"y":6,"hp":40,"w":1,"h":1,"t":0,"c":2,"e":-1,"r":0},{"x":10,"y":7,"hp":61,"w":1,"h":1,"t":0,"c":4,"e":-1,"r":0},{"x":9,"y":7,"hp":61,"w":1,"h":1,"t":0,"c":4,"e":-1,"r":0},{"x":8,"y":7,"hp":61,"w":1,"h":1,"t":0,"c":4,"e":-1,"r":0},{"x":7,"y":7,"hp":61,"w":1,"h":1,"t":0,"c":4,"e":-1,"r":0},{"x":6,"y":7,"hp":61,"w":1,"h":1,"t":0,"c":4,"e":0,"r":0},{"x":10,"y":8,"hp":157,"w":1,"h":1,"t":0,"c":4,"e":-1,"r":0},{"x":9,"y":8,"hp":157,"w":1,"h":1,"t":0,"c":4,"e":-1,"r":0},{"x":7,"y":8,"hp":157,"w":1,"h":1,"t":0,"c":4,"e":-1,"r":0},{"x":6,"y":8,"hp":157,"w":1,"h":1,"t":0,"c":4,"e":-1,"r":0},{"x":9,"y":9,"hp":141,"w":1,"h":1,"t":0,"c":4,"e":-1,"r":0},{"x":10,"y":11,"hp":131,"w":1,"h":1,"t":0,"c":4,"e":-1,"r":0},{"x":8,"y":11,"hp":131,"w":1,"h":1,"t":0,"c":4,"e":-1,"r":0},{"x":7,"y":11,"hp":131,"w":1,"h":1,"t":0,"c":4,"e":-1,"r":0},{"x":9,"y":12,"hp":150,"w":1,"h":1,"t":0,"c":4,"e":-1,"r":0},{"x":8,"y":12,"hp":150,"w":1,"h":1,"t":0,"c":4,"e":-1,"r":0},{"x":7,"y":12,"hp":150,"w":1,"h":1,"t":0,"c":4,"e":-1,"r":0},{"x":9,"y":13,"hp":102,"w":1,"h":1,"t":0,"c":4,"e":-1,"r":0},{"x":8,"y":13,"hp":102,"w":1,"h":1,"t":0,"c":4,"e":-1,"r":0},{"x":6,"y":13,"hp":102,"w":1,"h":1,"t":0,"c":4,"e":-1,"r":0},{"x":8,"y":14,"hp":105,"w":1,"h":1,"t":0,"c":4,"e":-1,"r":0},{"x":7,"y":14,"hp":105,"w":1,"h":1,"t":0,"c":4,"e":-1,"r":0},{"x":6,"y":14,"hp":105,"w":1,"h":1,"t":0,"c":4,"e":-1,"r":0},{"x":8,"y":15,"hp":125,"w":1,"h":1,"t":0,"c":4,"e":-1,"r":0},{"x":7,"y":15,"hp":125,"w":1,"h":1,"t":0,"c":4,"e":-1,"r":0},{"x":9,"y":16,"hp":68,"w":1,"h":1,"t":0,"c":4,"e":-1,"r":0},{"x":9,"y":17,"hp":100,"w":1,"h":1,"t":0,"c":4,"e":-1,"r":0},{"x":6,"y":18,"hp":200,"w":1,"h":1,"t":0,"c":4,"e":-1,"r":0},{"x":7,"y":19,"hp":188,"w":1,"h":1,"t":0,"c":4,"e":-1,"r":0},{"x":6,"y":20,"hp":120,"w":1,"h":1,"t":0,"c":4,"e":-1,"r":0},{"x":8,"y":21,"hp":130,"w":1,"h":1,"t":0,"c":4,"e":-1,"r":0},{"x":7,"y":21,"hp":130,"w":1,"h":1,"t":0,"c":4,"e":-1,"r":0},{"x":6,"y":22,"hp":170,"w":1,"h":1,"t":0,"c":4,"e":-1,"r":0},{"x":6,"y":19,"hp":188,"w":1,"h":1,"t":0,"c":4,"e":-1,"r":0},{"x":4,"y":19,"hp":188,"w":1,"h":1,"t":0,"c":4,"e":-1,"r":0},{"x":3,"y":20,"hp":120,"w":1,"h":1,"t":0,"c":4,"e":-1,"r":0},{"x":3,"y":22,"hp":170,"w":1,"h":1,"t":0,"c":4,"e":-1,"r":0},{"x":1,"y":22,"hp":170,"w":1,"h":1,"t":0,"c":4,"e":-1,"r":0},{"x":3,"y":14,"hp":60,"w":1,"h":1,"t":1,"c":4,"e":-1,"r":3},{"x":4,"y":15,"hp":60,"w":1,"h":1,"t":1,"c":4,"e":-1,"r":3},{"x":5,"y":16,"hp":60,"w":1,"h":1,"t":1,"c":4,"e":-1,"r":3},{"x":6,"y":17,"hp":100,"w":1,"h":1,"t":1,"c":4,"e":-1,"r":3},{"x":5,"y":14,"hp":60,"w":1,"h":1,"t":1,"c":4,"e":-1,"r":1},{"x":7,"y":16,"hp":60,"w":1,"h":1,"t":1,"c":4,"e":-1,"r":1},{"x":9,"y":18,"hp":200,"w":1,"h":1,"t":1,"c":4,"e":-1,"r":1},{"x":8,"y":19,"hp":188,"w":1,"h":1,"t":1,"c":4,"e":-1,"r":3},{"x":7,"y":18,"hp":200,"w":1,"h":1,"t":1,"c":4,"e":-1,"r":3},{"x":7,"y":9,"hp":141,"w":1,"h":1,"t":0,"c":4,"e":-1,"r":0},{"x":3,"y":9,"hp":141,"w":1,"h":1,"t":0,"c":4,"e":-1,"r":0},{"x":2,"y":8,"hp":157,"w":1,"h":1,"t":0,"c":4,"e":-1,"r":0},{"x":8,"y":8,"hp":157,"w":1,"h":1,"t":0,"c":4,"e":-1,"r":0},{"x":9,"y":11,"hp":131,"w":1,"h":1,"t":0,"c":4,"e":-1,"r":0},{"x":4,"y":11,"hp":131,"w":1,"h":1,"t":0,"c":4,"e":-1,"r":0},{"x":1,"y":11,"hp":131,"w":1,"h":1,"t":0,"c":4,"e":-1,"r":0},{"x":6,"y":11,"hp":131,"w":1,"h":1,"t":0,"c":4,"e":-1,"r":0},{"x":10,"y":20,"hp":120,"w":1,"h":1,"t":0,"c":4,"e":-1,"r":0},{"x":10,"y":21,"hp":130,"w":1,"h":1,"t":0,"c":4,"e":-1,"r":0},{"x":0,"y":6,"hp":77,"w":1,"h":1,"t":7,"c":0,"e":-1,"r":0},{"x":0,"y":7,"hp":77,"w":1,"h":1,"t":7,"c":0,"e":-1,"r":0},{"x":0,"y":8,"hp":77,"w":1,"h":1,"t":7,"c":0,"e":-1,"r":0},{"x":0,"y":9,"hp":77,"w":1,"h":1,"t":7,"c":0,"e":-1,"r":0}],"bu":[{"x":7,"y":13,"buff":0},{"x":2,"y":16,"buff":1},{"x":8,"y":17,"buff":1},{"x":3,"y":18,"buff":0},{"x":8,"y":22,"buff":0},{"x":6,"y":15,"buff":4},{"x":5,"y":10,"buff":2},{"x":1,"y":21,"buff":3},{"x":10,"y":14,"buff":1},{"x":0,"y":18,"buff":1},{"x":2,"y":9,"buff":0},{"x":4,"y":9,"buff":0},{"x":6,"y":9,"buff":0},{"x":8,"y":9,"buff":0},{"x":10,"y":9,"buff":0},{"x":0,"y":5,"buff":3},{"x":3,"y":10,"buff":2},{"x":7,"y":10,"buff":2},{"x":9,"y":10,"buff":2}]}