{"l":98,"h":20,"w":17,"br":[{"x":1,"y":10,"hp":1177,"w":1,"h":1,"t":0,"c":8,"e":-1,"r":0},{"x":1,"y":8,"hp":1177,"w":1,"h":1,"t":0,"c":8,"e":-1,"r":0},{"x":2,"y":5,"hp":1177,"w":1,"h":1,"t":0,"c":8,"e":-1,"r":0},{"x":4,"y":5,"hp":1177,"w":1,"h":1,"t":0,"c":8,"e":-1,"r":0},{"x":6,"y":5,"hp":1177,"w":1,"h":1,"t":0,"c":8,"e":-1,"r":0},{"x":8,"y":5,"hp":1177,"w":1,"h":1,"t":0,"c":8,"e":-1,"r":0},{"x":10,"y":5,"hp":1177,"w":1,"h":1,"t":0,"c":8,"e":-1,"r":0},{"x":12,"y":5,"hp":1177,"w":1,"h":1,"t":0,"c":8,"e":-1,"r":0},{"x":13,"y":19,"hp":1177,"w":1,"h":1,"t":0,"c":8,"e":-1,"r":0},{"x":11,"y":19,"hp":1177,"w":1,"h":1,"t":0,"c":8,"e":-1,"r":0},{"x":9,"y":19,"hp":1177,"w":1,"h":1,"t":0,"c":8,"e":-1,"r":0},{"x":7,"y":19,"hp":1177,"w":1,"h":1,"t":0,"c":8,"e":-1,"r":0},{"x":5,"y":19,"hp":1177,"w":1,"h":1,"t":0,"c":8,"e":-1,"r":0},{"x":3,"y":19,"hp":1177,"w":1,"h":1,"t":0,"c":8,"e":-1,"r":0},{"x":1,"y":19,"hp":1177,"w":1,"h":1,"t":0,"c":8,"e":-1,"r":0},{"x":14,"y":5,"hp":1177,"w":1,"h":1,"t":0,"c":8,"e":-1,"r":0},{"x":15,"y":19,"hp":1177,"w":1,"h":1,"t":0,"c":8,"e":-1,"r":0},{"x":1,"y":6,"hp":1177,"w":1,"h":1,"t":0,"c":8,"e":-1,"r":0},{"x":5,"y":15,"hp":1065,"w":1,"h":1,"t":0,"c":8,"e":-1,"r":0},{"x":7,"y":15,"hp":1065,"w":1,"h":1,"t":0,"c":8,"e":-1,"r":0},{"x":1,"y":12,"hp":1177,"w":1,"h":1,"t":0,"c":8,"e":-1,"r":0},{"x":1,"y":14,"hp":1177,"w":1,"h":1,"t":0,"c":8,"e":-1,"r":0},{"x":9,"y":15,"hp":1065,"w":1,"h":1,"t":0,"c":8,"e":-1,"r":0},{"x":11,"y":15,"hp":1065,"w":1,"h":1,"t":0,"c":8,"e":-1,"r":0},{"x":15,"y":14,"hp":1177,"w":1,"h":1,"t":0,"c":8,"e":-1,"r":0},{"x":15,"y":12,"hp":1177,"w":1,"h":1,"t":0,"c":8,"e":-1,"r":0},{"x":15,"y":10,"hp":1177,"w":1,"h":1,"t":0,"c":8,"e":-1,"r":0},{"x":15,"y":8,"hp":1177,"w":1,"h":1,"t":0,"c":8,"e":-1,"r":0},{"x":15,"y":6,"hp":1177,"w":1,"h":1,"t":0,"c":8,"e":-1,"r":0},{"x":5,"y":8,"hp":1065,"w":1,"h":1,"t":0,"c":8,"e":-1,"r":0},{"x":7,"y":8,"hp":1065,"w":1,"h":1,"t":0,"c":8,"e":-1,"r":0},{"x":9,"y":8,"hp":1065,"w":1,"h":1,"t":0,"c":8,"e":-1,"r":0},{"x":11,"y":8,"hp":1065,"w":1,"h":1,"t":0,"c":8,"e":-1,"r":0},{"x":9,"y":11,"hp":576,"w":2,"h":2,"t":8,"c":0,"e":-1,"r":0},{"x":6,"y":13,"hp":435,"w":1,"h":1,"t":0,"c":8,"e":-1,"r":0},{"x":7,"y":13,"hp":435,"w":1,"h":1,"t":0,"c":8,"e":-1,"r":0},{"x":6,"y":10,"hp":435,"w":1,"h":1,"t":0,"c":8,"e":-1,"r":0},{"x":7,"y":10,"hp":435,"w":1,"h":1,"t":0,"c":8,"e":-1,"r":0},{"x":4,"y":13,"hp":135,"w":1,"h":1,"t":7,"c":0,"e":-1,"r":0},{"x":4,"y":14,"hp":135,"w":1,"h":1,"t":7,"c":0,"e":-1,"r":0},{"x":4,"y":10,"hp":135,"w":1,"h":1,"t":7,"c":0,"e":-1,"r":0},{"x":4,"y":9,"hp":135,"w":1,"h":1,"t":7,"c":0,"e":-1,"r":0},{"x":12,"y":10,"hp":135,"w":1,"h":1,"t":7,"c":0,"e":-1,"r":0},{"x":12,"y":9,"hp":135,"w":1,"h":1,"t":7,"c":0,"e":-1,"r":0},{"x":12,"y":13,"hp":135,"w":1,"h":1,"t":7,"c":0,"e":-1,"r":0},{"x":12,"y":14,"hp":135,"w":1,"h":1,"t":7,"c":0,"e":-1,"r":0},{"x":15,"y":16,"hp":1177,"w":1,"h":1,"t":0,"c":8,"e":-1,"r":0},{"x":1,"y":16,"hp":1177,"w":1,"h":1,"t":0,"c":8,"e":-1,"r":0},{"x":1,"y":5,"hp":1177,"w":1,"h":1,"t":0,"c":4,"e":-1,"r":0},{"x":3,"y":5,"hp":1177,"w":1,"h":1,"t":0,"c":4,"e":-1,"r":0},{"x":5,"y":5,"hp":1177,"w":1,"h":1,"t":0,"c":4,"e":-1,"r":0},{"x":7,"y":5,"hp":1177,"w":1,"h":1,"t":0,"c":4,"e":-1,"r":0},{"x":9,"y":5,"hp":1177,"w":1,"h":1,"t":0,"c":4,"e":-1,"r":0},{"x":11,"y":5,"hp":1177,"w":1,"h":1,"t":0,"c":4,"e":-1,"r":0},{"x":13,"y":5,"hp":1177,"w":1,"h":1,"t":0,"c":4,"e":-1,"r":0},{"x":15,"y":5,"hp":1177,"w":1,"h":1,"t":0,"c":4,"e":-1,"r":0},{"x":15,"y":7,"hp":1177,"w":1,"h":1,"t":0,"c":4,"e":-1,"r":0},{"x":15,"y":9,"hp":1177,"w":1,"h":1,"t":0,"c":4,"e":-1,"r":0},{"x":15,"y":11,"hp":1177,"w":1,"h":1,"t":0,"c":4,"e":-1,"r":0},{"x":15,"y":13,"hp":1177,"w":1,"h":1,"t":0,"c":4,"e":-1,"r":0},{"x":15,"y":15,"hp":1177,"w":1,"h":1,"t":0,"c":4,"e":-1,"r":0},{"x":1,"y":7,"hp":1177,"w":1,"h":1,"t":0,"c":4,"e":-1,"r":0},{"x":1,"y":9,"hp":1177,"w":1,"h":1,"t":0,"c":4,"e":-1,"r":0},{"x":1,"y":11,"hp":1177,"w":1,"h":1,"t":0,"c":4,"e":-1,"r":0},{"x":1,"y":13,"hp":1177,"w":1,"h":1,"t":0,"c":4,"e":-1,"r":0},{"x":1,"y":15,"hp":1177,"w":1,"h":1,"t":0,"c":4,"e":-1,"r":0},{"x":0,"y":19,"hp":1177,"w":1,"h":1,"t":0,"c":4,"e":-1,"r":0},{"x":2,"y":19,"hp":1177,"w":1,"h":1,"t":0,"c":4,"e":-1,"r":0},{"x":4,"y":19,"hp":1177,"w":1,"h":1,"t":0,"c":4,"e":-1,"r":0},{"x":6,"y":19,"hp":1177,"w":1,"h":1,"t":0,"c":4,"e":-1,"r":0},{"x":8,"y":19,"hp":1177,"w":1,"h":1,"t":0,"c":4,"e":-1,"r":0},{"x":10,"y":19,"hp":1177,"w":1,"h":1,"t":0,"c":4,"e":-1,"r":0},{"x":12,"y":19,"hp":1177,"w":1,"h":1,"t":0,"c":4,"e":-1,"r":0},{"x":14,"y":19,"hp":1177,"w":1,"h":1,"t":0,"c":4,"e":-1,"r":0},{"x":16,"y":19,"hp":1177,"w":1,"h":1,"t":0,"c":4,"e":-1,"r":0},{"x":4,"y":15,"hp":1065,"w":1,"h":1,"t":0,"c":4,"e":-1,"r":0},{"x":6,"y":15,"hp":1065,"w":1,"h":1,"t":0,"c":4,"e":-1,"r":0},{"x":8,"y":15,"hp":1065,"w":1,"h":1,"t":0,"c":4,"e":-1,"r":0},{"x":10,"y":15,"hp":1065,"w":1,"h":1,"t":0,"c":4,"e":-1,"r":0},{"x":12,"y":15,"hp":1065,"w":1,"h":1,"t":0,"c":4,"e":-1,"r":0},{"x":4,"y":8,"hp":1065,"w":1,"h":1,"t":0,"c":4,"e":-1,"r":0},{"x":6,"y":8,"hp":1065,"w":1,"h":1,"t":0,"c":4,"e":-1,"r":0},{"x":8,"y":8,"hp":1065,"w":1,"h":1,"t":0,"c":4,"e":-1,"r":0},{"x":10,"y":8,"hp":1065,"w":1,"h":1,"t":0,"c":4,"e":-1,"r":0},{"x":12,"y":8,"hp":1065,"w":1,"h":1,"t":0,"c":4,"e":-1,"r":0}],"bu":[{"x":4,"y":12,"buff":0},{"x":4,"y":11,"buff":0},{"x":12,"y":12,"buff":0},{"x":12,"y":11,"buff":0},{"x":6,"y":12,"buff":0},{"x":6,"y":11,"buff":0},{"x":7,"y":11,"buff":0},{"x":7,"y":12,"buff":0},{"x":0,"y":16,"buff":0},{"x":0,"y":15,"buff":0},{"x":0,"y":14,"buff":0},{"x":0,"y":13,"buff":0},{"x":0,"y":12,"buff":0},{"x":0,"y":11,"buff":0},{"x":0,"y":10,"buff":0},{"x":0,"y":9,"buff":0},{"x":0,"y":8,"buff":0},{"x":0,"y":7,"buff":0},{"x":0,"y":6,"buff":0},{"x":0,"y":5,"buff":0},{"x":16,"y":5,"buff":0},{"x":16,"y":6,"buff":0},{"x":16,"y":7,"buff":0},{"x":16,"y":8,"buff":0},{"x":16,"y":9,"buff":0},{"x":16,"y":10,"buff":0},{"x":16,"y":11,"buff":0},{"x":16,"y":12,"buff":0},{"x":16,"y":13,"buff":0},{"x":16,"y":14,"buff":0},{"x":16,"y":15,"buff":0},{"x":16,"y":16,"buff":0},{"x":3,"y":15,"buff":5},{"x":13,"y":15,"buff":5},{"x":14,"y":15,"buff":5},{"x":2,"y":15,"buff":5}]}