{"l":79,"h":16,"w":11,"br":[{"x":0,"y":5,"hp":41,"w":1,"h":1,"t":0,"c":4,"e":-1,"r":0},{"x":1,"y":5,"hp":41,"w":1,"h":1,"t":0,"c":4,"e":-1,"r":0},{"x":2,"y":5,"hp":41,"w":1,"h":1,"t":0,"c":4,"e":-1,"r":0},{"x":5,"y":5,"hp":41,"w":1,"h":1,"t":0,"c":4,"e":-1,"r":0},{"x":0,"y":7,"hp":78,"w":1,"h":1,"t":0,"c":4,"e":-1,"r":0},{"x":1,"y":7,"hp":78,"w":1,"h":1,"t":0,"c":4,"e":-1,"r":0},{"x":2,"y":7,"hp":78,"w":1,"h":1,"t":0,"c":4,"e":-1,"r":0},{"x":4,"y":7,"hp":78,"w":1,"h":1,"t":0,"c":4,"e":-1,"r":0},{"x":5,"y":7,"hp":78,"w":1,"h":1,"t":0,"c":4,"e":-1,"r":0},{"x":0,"y":9,"hp":36,"w":1,"h":1,"t":0,"c":4,"e":-1,"r":0},{"x":1,"y":9,"hp":36,"w":1,"h":1,"t":0,"c":4,"e":-1,"r":0},{"x":4,"y":9,"hp":36,"w":1,"h":1,"t":0,"c":4,"e":-1,"r":0},{"x":5,"y":9,"hp":36,"w":1,"h":1,"t":0,"c":4,"e":-1,"r":0},{"x":1,"y":11,"hp":78,"w":1,"h":1,"t":0,"c":4,"e":-1,"r":0},{"x":4,"y":11,"hp":78,"w":1,"h":1,"t":0,"c":4,"e":-1,"r":0},{"x":5,"y":11,"hp":78,"w":1,"h":1,"t":0,"c":4,"e":7,"r":0},{"x":1,"y":13,"hp":88,"w":1,"h":1,"t":0,"c":4,"e":-1,"r":0},{"x":2,"y":13,"hp":88,"w":1,"h":1,"t":0,"c":4,"e":-1,"r":0},{"x":5,"y":13,"hp":88,"w":1,"h":1,"t":0,"c":4,"e":-1,"r":0},{"x":4,"y":15,"hp":36,"w":1,"h":1,"t":0,"c":4,"e":-1,"r":0},{"x":5,"y":15,"hp":36,"w":1,"h":1,"t":0,"c":4,"e":-1,"r":0},{"x":10,"y":5,"hp":41,"w":1,"h":1,"t":0,"c":4,"e":-1,"r":0},{"x":9,"y":5,"hp":41,"w":1,"h":1,"t":0,"c":4,"e":-1,"r":0},{"x":8,"y":5,"hp":41,"w":1,"h":1,"t":0,"c":4,"e":-1,"r":0},{"x":10,"y":7,"hp":78,"w":1,"h":1,"t":0,"c":4,"e":-1,"r":0},{"x":9,"y":7,"hp":78,"w":1,"h":1,"t":0,"c":4,"e":-1,"r":0},{"x":8,"y":7,"hp":78,"w":1,"h":1,"t":0,"c":4,"e":-1,"r":0},{"x":6,"y":7,"hp":78,"w":1,"h":1,"t":0,"c":4,"e":-1,"r":0},{"x":10,"y":9,"hp":36,"w":1,"h":1,"t":0,"c":4,"e":-1,"r":0},{"x":9,"y":9,"hp":36,"w":1,"h":1,"t":0,"c":4,"e":-1,"r":0},{"x":6,"y":9,"hp":36,"w":1,"h":1,"t":0,"c":4,"e":-1,"r":0},{"x":9,"y":11,"hp":78,"w":1,"h":1,"t":0,"c":4,"e":-1,"r":0},{"x":6,"y":11,"hp":78,"w":1,"h":1,"t":0,"c":4,"e":-1,"r":0},{"x":9,"y":13,"hp":88,"w":1,"h":1,"t":0,"c":4,"e":-1,"r":0},{"x":8,"y":13,"hp":88,"w":1,"h":1,"t":0,"c":4,"e":-1,"r":0},{"x":9,"y":15,"hp":36,"w":1,"h":1,"t":0,"c":4,"e":-1,"r":0},{"x":6,"y":15,"hp":36,"w":1,"h":1,"t":0,"c":4,"e":-1,"r":0},{"x":4,"y":5,"hp":41,"w":1,"h":1,"t":0,"c":4,"e":-1,"r":0},{"x":6,"y":5,"hp":41,"w":1,"h":1,"t":0,"c":4,"e":-1,"r":0},{"x":2,"y":9,"hp":36,"w":1,"h":1,"t":0,"c":4,"e":-1,"r":0},{"x":0,"y":11,"hp":78,"w":1,"h":1,"t":0,"c":4,"e":-1,"r":0},{"x":2,"y":11,"hp":78,"w":1,"h":1,"t":0,"c":4,"e":-1,"r":0},{"x":10,"y":11,"hp":78,"w":1,"h":1,"t":0,"c":4,"e":-1,"r":0},{"x":8,"y":11,"hp":78,"w":1,"h":1,"t":0,"c":4,"e":-1,"r":0},{"x":8,"y":9,"hp":36,"w":1,"h":1,"t":0,"c":4,"e":-1,"r":0},{"x":8,"y":15,"hp":36,"w":1,"h":1,"t":0,"c":4,"e":-1,"r":0},{"x":2,"y":15,"hp":36,"w":1,"h":1,"t":0,"c":4,"e":-1,"r":0},{"x":4,"y":13,"hp":88,"w":1,"h":1,"t":0,"c":4,"e":-1,"r":0},{"x":1,"y":15,"hp":36,"w":1,"h":1,"t":0,"c":4,"e":-1,"r":0},{"x":10,"y":15,"hp":36,"w":1,"h":1,"t":0,"c":4,"e":-1,"r":0},{"x":0,"y":13,"hp":88,"w":1,"h":1,"t":0,"c":4,"e":-1,"r":0},{"x":0,"y":15,"hp":36,"w":1,"h":1,"t":0,"c":4,"e":-1,"r":0},{"x":6,"y":13,"hp":88,"w":1,"h":1,"t":0,"c":4,"e":-1,"r":0},{"x":10,"y":13,"hp":88,"w":1,"h":1,"t":0,"c":4,"e":-1,"r":0},{"x":1,"y":10,"hp":101,"w":1,"h":1,"t":0,"c":2,"e":-1,"r":0},{"x":9,"y":10,"hp":101,"w":1,"h":1,"t":0,"c":2,"e":-1,"r":0},{"x":5,"y":10,"hp":101,"w":1,"h":1,"t":0,"c":2,"e":-1,"r":0},{"x":1,"y":6,"hp":50,"w":1,"h":1,"t":0,"c":2,"e":-1,"r":0},{"x":5,"y":6,"hp":50,"w":1,"h":1,"t":0,"c":2,"e":-1,"r":0},{"x":9,"y":6,"hp":50,"w":1,"h":1,"t":0,"c":2,"e":-1,"r":0},{"x":1,"y":14,"hp":100,"w":1,"h":1,"t":0,"c":2,"e":-1,"r":0},{"x":5,"y":14,"hp":100,"w":1,"h":1,"t":0,"c":2,"e":-1,"r":0},{"x":9,"y":14,"hp":100,"w":1,"h":1,"t":0,"c":2,"e":-1,"r":0}],"bu":[{"x":5,"y":8,"buff":0},{"x":7,"y":7,"buff":3},{"x":4,"y":8,"buff":0},{"x":6,"y":8,"buff":0},{"x":1,"y":8,"buff":0},{"x":9,"y":8,"buff":0},{"x":1,"y":12,"buff":0},{"x":5,"y":12,"buff":0},{"x":9,"y":12,"buff":0},{"x":3,"y":13,"buff":6},{"x":7,"y":13,"buff":6}]}