{"l":243,"h":22,"w":11,"br":[{"x":0,"y":5,"hp":71,"w":1,"h":1,"t":0,"c":2,"e":-1,"r":0},{"x":1,"y":5,"hp":71,"w":1,"h":1,"t":0,"c":2,"e":-1,"r":0},{"x":0,"y":6,"hp":70,"w":1,"h":1,"t":0,"c":3,"e":-1,"r":0},{"x":1,"y":6,"hp":70,"w":1,"h":1,"t":0,"c":3,"e":-1,"r":0},{"x":0,"y":7,"hp":68,"w":1,"h":1,"t":0,"c":4,"e":-1,"r":0},{"x":3,"y":7,"hp":68,"w":1,"h":1,"t":0,"c":4,"e":-1,"r":0},{"x":5,"y":7,"hp":68,"w":1,"h":1,"t":0,"c":4,"e":-1,"r":0},{"x":4,"y":8,"hp":74,"w":1,"h":1,"t":0,"c":4,"e":-1,"r":0},{"x":5,"y":8,"hp":74,"w":1,"h":1,"t":0,"c":4,"e":-1,"r":0},{"x":4,"y":9,"hp":106,"w":1,"h":1,"t":0,"c":4,"e":-1,"r":0},{"x":5,"y":9,"hp":106,"w":1,"h":1,"t":0,"c":4,"e":-1,"r":0},{"x":1,"y":10,"hp":82,"w":1,"h":1,"t":0,"c":4,"e":-1,"r":0},{"x":2,"y":10,"hp":82,"w":1,"h":1,"t":0,"c":4,"e":-1,"r":0},{"x":4,"y":10,"hp":82,"w":1,"h":1,"t":0,"c":4,"e":-1,"r":0},{"x":5,"y":10,"hp":82,"w":1,"h":1,"t":0,"c":4,"e":-1,"r":0},{"x":2,"y":11,"hp":70,"w":1,"h":1,"t":0,"c":3,"e":-1,"r":0},{"x":3,"y":11,"hp":70,"w":1,"h":1,"t":0,"c":3,"e":-1,"r":0},{"x":5,"y":11,"hp":70,"w":1,"h":1,"t":0,"c":3,"e":-1,"r":0},{"x":2,"y":12,"hp":88,"w":1,"h":1,"t":0,"c":4,"e":-1,"r":0},{"x":3,"y":12,"hp":88,"w":1,"h":1,"t":0,"c":4,"e":-1,"r":0},{"x":4,"y":12,"hp":88,"w":1,"h":1,"t":0,"c":4,"e":-1,"r":0},{"x":5,"y":12,"hp":88,"w":1,"h":1,"t":0,"c":4,"e":-1,"r":0},{"x":0,"y":13,"hp":63,"w":1,"h":1,"t":0,"c":4,"e":-1,"r":0},{"x":2,"y":13,"hp":63,"w":1,"h":1,"t":0,"c":4,"e":-1,"r":0},{"x":4,"y":13,"hp":63,"w":1,"h":1,"t":0,"c":4,"e":-1,"r":0},{"x":5,"y":13,"hp":63,"w":1,"h":1,"t":0,"c":4,"e":-1,"r":0},{"x":2,"y":14,"hp":102,"w":1,"h":1,"t":0,"c":3,"e":-1,"r":0},{"x":3,"y":14,"hp":102,"w":1,"h":1,"t":0,"c":3,"e":-1,"r":0},{"x":4,"y":14,"hp":102,"w":1,"h":1,"t":0,"c":3,"e":-1,"r":0},{"x":5,"y":14,"hp":102,"w":1,"h":1,"t":0,"c":3,"e":-1,"r":0},{"x":2,"y":15,"hp":77,"w":1,"h":1,"t":0,"c":4,"e":-1,"r":0},{"x":3,"y":15,"hp":77,"w":1,"h":1,"t":0,"c":4,"e":-1,"r":0},{"x":4,"y":15,"hp":77,"w":1,"h":1,"t":0,"c":4,"e":-1,"r":0},{"x":5,"y":15,"hp":77,"w":1,"h":1,"t":0,"c":4,"e":-1,"r":0},{"x":1,"y":16,"hp":88,"w":1,"h":1,"t":0,"c":4,"e":-1,"r":0},{"x":3,"y":16,"hp":88,"w":1,"h":1,"t":0,"c":4,"e":-1,"r":0},{"x":5,"y":16,"hp":88,"w":1,"h":1,"t":0,"c":4,"e":-1,"r":0},{"x":1,"y":17,"hp":130,"w":1,"h":1,"t":0,"c":3,"e":-1,"r":0},{"x":2,"y":17,"hp":130,"w":1,"h":1,"t":0,"c":3,"e":-1,"r":0},{"x":3,"y":17,"hp":130,"w":1,"h":1,"t":0,"c":3,"e":-1,"r":0},{"x":5,"y":17,"hp":130,"w":1,"h":1,"t":0,"c":3,"e":-1,"r":0},{"x":0,"y":18,"hp":134,"w":1,"h":1,"t":0,"c":4,"e":-1,"r":0},{"x":1,"y":18,"hp":134,"w":1,"h":1,"t":0,"c":4,"e":-1,"r":0},{"x":2,"y":18,"hp":134,"w":1,"h":1,"t":0,"c":4,"e":-1,"r":0},{"x":4,"y":18,"hp":134,"w":1,"h":1,"t":0,"c":4,"e":-1,"r":0},{"x":5,"y":18,"hp":134,"w":1,"h":1,"t":0,"c":4,"e":-1,"r":0},{"x":0,"y":19,"hp":87,"w":1,"h":1,"t":0,"c":4,"e":-1,"r":0},{"x":2,"y":19,"hp":87,"w":1,"h":1,"t":0,"c":4,"e":-1,"r":0},{"x":3,"y":19,"hp":87,"w":1,"h":1,"t":0,"c":4,"e":-1,"r":0},{"x":5,"y":19,"hp":87,"w":1,"h":1,"t":0,"c":4,"e":-1,"r":0},{"x":0,"y":20,"hp":100,"w":1,"h":1,"t":0,"c":3,"e":-1,"r":0},{"x":1,"y":20,"hp":100,"w":1,"h":1,"t":0,"c":3,"e":-1,"r":0},{"x":4,"y":20,"hp":100,"w":1,"h":1,"t":0,"c":3,"e":-1,"r":0},{"x":5,"y":20,"hp":100,"w":1,"h":1,"t":0,"c":3,"e":-1,"r":0},{"x":10,"y":5,"hp":71,"w":1,"h":1,"t":0,"c":2,"e":-1,"r":0},{"x":9,"y":5,"hp":71,"w":1,"h":1,"t":0,"c":2,"e":-1,"r":0},{"x":10,"y":6,"hp":70,"w":1,"h":1,"t":0,"c":3,"e":-1,"r":0},{"x":9,"y":6,"hp":70,"w":1,"h":1,"t":0,"c":3,"e":-1,"r":0},{"x":10,"y":7,"hp":68,"w":1,"h":1,"t":0,"c":4,"e":-1,"r":0},{"x":7,"y":7,"hp":68,"w":1,"h":1,"t":0,"c":4,"e":-1,"r":0},{"x":6,"y":8,"hp":74,"w":1,"h":1,"t":0,"c":4,"e":-1,"r":0},{"x":6,"y":9,"hp":106,"w":1,"h":1,"t":0,"c":4,"e":-1,"r":0},{"x":9,"y":10,"hp":82,"w":1,"h":1,"t":0,"c":4,"e":-1,"r":0},{"x":8,"y":10,"hp":82,"w":1,"h":1,"t":0,"c":4,"e":-1,"r":0},{"x":6,"y":10,"hp":82,"w":1,"h":1,"t":0,"c":4,"e":-1,"r":0},{"x":8,"y":11,"hp":70,"w":1,"h":1,"t":0,"c":3,"e":-1,"r":0},{"x":7,"y":11,"hp":70,"w":1,"h":1,"t":0,"c":3,"e":-1,"r":0},{"x":8,"y":12,"hp":88,"w":1,"h":1,"t":0,"c":4,"e":-1,"r":0},{"x":7,"y":12,"hp":88,"w":1,"h":1,"t":0,"c":4,"e":-1,"r":0},{"x":6,"y":12,"hp":88,"w":1,"h":1,"t":0,"c":4,"e":-1,"r":0},{"x":10,"y":13,"hp":63,"w":1,"h":1,"t":0,"c":4,"e":-1,"r":0},{"x":9,"y":13,"hp":63,"w":1,"h":1,"t":0,"c":4,"e":-1,"r":0},{"x":8,"y":13,"hp":63,"w":1,"h":1,"t":0,"c":4,"e":-1,"r":0},{"x":6,"y":13,"hp":63,"w":1,"h":1,"t":0,"c":4,"e":-1,"r":0},{"x":10,"y":14,"hp":102,"w":1,"h":1,"t":0,"c":3,"e":-1,"r":0},{"x":8,"y":14,"hp":102,"w":1,"h":1,"t":0,"c":3,"e":-1,"r":0},{"x":6,"y":14,"hp":102,"w":1,"h":1,"t":0,"c":3,"e":-1,"r":0},{"x":10,"y":15,"hp":77,"w":1,"h":1,"t":0,"c":4,"e":-1,"r":0},{"x":8,"y":15,"hp":77,"w":1,"h":1,"t":0,"c":4,"e":-1,"r":0},{"x":6,"y":15,"hp":77,"w":1,"h":1,"t":0,"c":4,"e":-1,"r":0},{"x":7,"y":16,"hp":88,"w":1,"h":1,"t":0,"c":4,"e":-1,"r":0},{"x":8,"y":17,"hp":130,"w":1,"h":1,"t":0,"c":3,"e":-1,"r":0},{"x":7,"y":17,"hp":130,"w":1,"h":1,"t":0,"c":3,"e":-1,"r":0},{"x":10,"y":18,"hp":134,"w":1,"h":1,"t":0,"c":4,"e":-1,"r":0},{"x":8,"y":18,"hp":134,"w":1,"h":1,"t":0,"c":4,"e":-1,"r":0},{"x":8,"y":19,"hp":87,"w":1,"h":1,"t":0,"c":4,"e":-1,"r":0},{"x":7,"y":19,"hp":87,"w":1,"h":1,"t":0,"c":4,"e":-1,"r":0},{"x":9,"y":20,"hp":100,"w":1,"h":1,"t":0,"c":3,"e":-1,"r":0},{"x":6,"y":20,"hp":100,"w":1,"h":1,"t":0,"c":3,"e":-1,"r":0},{"x":4,"y":16,"hp":88,"w":1,"h":1,"t":0,"c":4,"e":-1,"r":0},{"x":2,"y":16,"hp":88,"w":1,"h":1,"t":0,"c":4,"e":-1,"r":0},{"x":10,"y":17,"hp":130,"w":1,"h":1,"t":0,"c":3,"e":-1,"r":0},{"x":3,"y":18,"hp":134,"w":1,"h":1,"t":0,"c":4,"e":-1,"r":0},{"x":9,"y":19,"hp":87,"w":1,"h":1,"t":0,"c":4,"e":-1,"r":0},{"x":1,"y":19,"hp":87,"w":1,"h":1,"t":0,"c":4,"e":-1,"r":0},{"x":7,"y":20,"hp":100,"w":1,"h":1,"t":0,"c":3,"e":-1,"r":0},{"x":7,"y":10,"hp":70,"w":1,"h":1,"t":0,"c":4,"e":-1,"r":0},{"x":7,"y":9,"hp":70,"w":1,"h":1,"t":0,"c":4,"e":-1,"r":0},{"x":8,"y":8,"hp":70,"w":1,"h":1,"t":0,"c":4,"e":-1,"r":0},{"x":3,"y":10,"hp":70,"w":1,"h":1,"t":0,"c":4,"e":-1,"r":0},{"x":3,"y":9,"hp":70,"w":1,"h":1,"t":0,"c":4,"e":-1,"r":0},{"x":3,"y":8,"hp":70,"w":1,"h":1,"t":0,"c":4,"e":-1,"r":0},{"x":2,"y":8,"hp":70,"w":1,"h":1,"t":0,"c":4,"e":-1,"r":0},{"x":1,"y":12,"hp":70,"w":1,"h":1,"t":0,"c":4,"e":-1,"r":0},{"x":9,"y":12,"hp":70,"w":1,"h":1,"t":0,"c":4,"e":-1,"r":0},{"x":10,"y":11,"hp":70,"w":1,"h":1,"t":0,"c":3,"e":-1,"r":0},{"x":0,"y":11,"hp":70,"w":1,"h":1,"t":0,"c":3,"e":-1,"r":0}],"bu":[{"x":0,"y":12,"buff":1},{"x":6,"y":18,"buff":1},{"x":3,"y":20,"buff":1},{"x":8,"y":21,"buff":0},{"x":7,"y":15,"buff":0},{"x":9,"y":7,"buff":0},{"x":0,"y":16,"buff":3},{"x":7,"y":18,"buff":2},{"x":9,"y":9,"buff":4},{"x":2,"y":6,"buff":3},{"x":2,"y":9,"buff":0},{"x":1,"y":9,"buff":0},{"x":0,"y":9,"buff":0},{"x":0,"y":10,"buff":0},{"x":0,"y":8,"buff":0},{"x":1,"y":8,"buff":0}]}