{"l":35,"h":13,"w":11,"br":[{"x":5,"y":5,"hp":3,"w":1,"h":1,"t":0,"c":8,"e":-1,"r":0},{"x":5,"y":6,"hp":5,"w":1,"h":1,"t":0,"c":4,"e":-1,"r":0},{"x":4,"y":7,"hp":50,"w":1,"h":1,"t":0,"c":3,"e":-1,"r":0},{"x":5,"y":7,"hp":50,"w":1,"h":1,"t":0,"c":3,"e":-1,"r":0},{"x":5,"y":9,"hp":65,"w":1,"h":1,"t":0,"c":4,"e":7,"r":0},{"x":5,"y":10,"hp":43,"w":1,"h":1,"t":0,"c":4,"e":-1,"r":0},{"x":4,"y":11,"hp":43,"w":1,"h":1,"t":0,"c":4,"e":5,"r":0},{"x":5,"y":11,"hp":43,"w":1,"h":1,"t":0,"c":4,"e":-1,"r":0},{"x":5,"y":12,"hp":43,"w":1,"h":1,"t":0,"c":4,"e":-1,"r":0},{"x":6,"y":7,"hp":50,"w":1,"h":1,"t":0,"c":3,"e":-1,"r":0},{"x":6,"y":11,"hp":43,"w":1,"h":1,"t":0,"c":4,"e":5,"r":0},{"x":6,"y":6,"hp":5,"w":1,"h":1,"t":0,"c":4,"e":-1,"r":0},{"x":4,"y":6,"hp":5,"w":1,"h":1,"t":0,"c":4,"e":-1,"r":0},{"x":6,"y":12,"hp":43,"w":1,"h":1,"t":1,"c":4,"e":-1,"r":0},{"x":4,"y":12,"hp":43,"w":1,"h":1,"t":1,"c":4,"e":-1,"r":1},{"x":4,"y":9,"hp":43,"w":1,"h":1,"t":1,"c":4,"e":-1,"r":2},{"x":6,"y":9,"hp":43,"w":1,"h":1,"t":1,"c":4,"e":-1,"r":3},{"x":3,"y":7,"hp":50,"w":1,"h":1,"t":1,"c":3,"e":-1,"r":1},{"x":7,"y":7,"hp":50,"w":1,"h":1,"t":1,"c":3,"e":-1,"r":0},{"x":9,"y":6,"hp":5,"w":1,"h":1,"t":0,"c":4,"e":7,"r":0},{"x":9,"y":5,"hp":3,"w":1,"h":1,"t":0,"c":8,"e":-1,"r":0},{"x":1,"y":6,"hp":5,"w":1,"h":1,"t":0,"c":4,"e":7,"r":0},{"x":1,"y":5,"hp":3,"w":1,"h":1,"t":0,"c":8,"e":-1,"r":0},{"x":10,"y":7,"hp":50,"w":1,"h":1,"t":1,"c":3,"e":-1,"r":3},{"x":0,"y":7,"hp":50,"w":1,"h":1,"t":1,"c":3,"e":-1,"r":2},{"x":9,"y":7,"hp":50,"w":1,"h":1,"t":0,"c":3,"e":-1,"r":0},{"x":1,"y":7,"hp":50,"w":1,"h":1,"t":0,"c":3,"e":-1,"r":0},{"x":3,"y":6,"hp":5,"w":1,"h":1,"t":0,"c":4,"e":-1,"r":0},{"x":7,"y":6,"hp":5,"w":1,"h":1,"t":0,"c":4,"e":-1,"r":0},{"x":3,"y":5,"hp":3,"w":1,"h":1,"t":0,"c":8,"e":-1,"r":0},{"x":4,"y":5,"hp":3,"w":1,"h":1,"t":0,"c":8,"e":-1,"r":0},{"x":6,"y":5,"hp":3,"w":1,"h":1,"t":0,"c":8,"e":-1,"r":0},{"x":7,"y":5,"hp":3,"w":1,"h":1,"t":0,"c":8,"e":-1,"r":0},{"x":8,"y":5,"hp":3,"w":1,"h":1,"t":0,"c":8,"e":-1,"r":0},{"x":10,"y":5,"hp":3,"w":1,"h":1,"t":0,"c":8,"e":-1,"r":0},{"x":10,"y":6,"hp":5,"w":1,"h":1,"t":0,"c":4,"e":-1,"r":0},{"x":0,"y":5,"hp":3,"w":1,"h":1,"t":0,"c":8,"e":-1,"r":0},{"x":0,"y":6,"hp":5,"w":1,"h":1,"t":0,"c":4,"e":-1,"r":0},{"x":2,"y":5,"hp":3,"w":1,"h":1,"t":0,"c":8,"e":-1,"r":0},{"x":2,"y":6,"hp":5,"w":1,"h":1,"t":0,"c":4,"e":-1,"r":0},{"x":8,"y":6,"hp":5,"w":1,"h":1,"t":0,"c":4,"e":-1,"r":0},{"x":10,"y":11,"hp":35,"w":1,"h":1,"t":0,"c":6,"e":-1,"r":0},{"x":10,"y":9,"hp":65,"w":1,"h":1,"t":0,"c":6,"e":-1,"r":0},{"x":9,"y":9,"hp":65,"w":1,"h":1,"t":0,"c":6,"e":-1,"r":0},{"x":8,"y":9,"hp":65,"w":1,"h":1,"t":0,"c":6,"e":-1,"r":0},{"x":9,"y":10,"hp":35,"w":1,"h":1,"t":0,"c":6,"e":-1,"r":0},{"x":0,"y":11,"hp":35,"w":1,"h":1,"t":0,"c":6,"e":-1,"r":0},{"x":0,"y":9,"hp":65,"w":1,"h":1,"t":0,"c":6,"e":-1,"r":0},{"x":1,"y":9,"hp":65,"w":1,"h":1,"t":0,"c":6,"e":-1,"r":0},{"x":2,"y":9,"hp":65,"w":1,"h":1,"t":0,"c":6,"e":-1,"r":0},{"x":1,"y":10,"hp":35,"w":1,"h":1,"t":0,"c":6,"e":-1,"r":0},{"x":1,"y":11,"hp":35,"w":1,"h":1,"t":1,"c":6,"e":-1,"r":0},{"x":9,"y":11,"hp":35,"w":1,"h":1,"t":1,"c":6,"e":-1,"r":1},{"x":8,"y":10,"hp":42,"w":1,"h":1,"t":4,"c":6,"e":-1,"r":0},{"x":2,"y":10,"hp":42,"w":1,"h":1,"t":4,"c":6,"e":-1,"r":0},{"x":5,"y":8,"hp":40,"w":1,"h":1,"t":0,"c":4,"e":-1,"r":0},{"x":10,"y":10,"hp":40,"w":1,"h":1,"t":1,"c":6,"e":-1,"r":2},{"x":0,"y":10,"hp":40,"w":1,"h":1,"t":1,"c":6,"e":-1,"r":1}],"bu":[{"x":1,"y":8,"buff":1},{"x":6,"y":10,"buff":1},{"x":4,"y":10,"buff":1},{"x":9,"y":8,"buff":1},{"x":2,"y":7,"buff":3}]}