{"l":301,"h":32,"w":11,"br":[{"x":1,"y":5,"hp":52,"w":1,"h":1,"t":0,"c":0,"e":-1,"r":0},{"x":3,"y":5,"hp":52,"w":1,"h":1,"t":0,"c":0,"e":-1,"r":0},{"x":1,"y":7,"hp":63,"w":1,"h":1,"t":0,"c":0,"e":-1,"r":0},{"x":3,"y":7,"hp":63,"w":1,"h":1,"t":0,"c":0,"e":-1,"r":0},{"x":5,"y":7,"hp":63,"w":1,"h":1,"t":0,"c":0,"e":-1,"r":0},{"x":1,"y":9,"hp":55,"w":1,"h":1,"t":0,"c":0,"e":-1,"r":0},{"x":3,"y":9,"hp":55,"w":1,"h":1,"t":0,"c":0,"e":-1,"r":0},{"x":5,"y":9,"hp":55,"w":1,"h":1,"t":0,"c":0,"e":-1,"r":0},{"x":3,"y":11,"hp":80,"w":1,"h":1,"t":0,"c":0,"e":-1,"r":0},{"x":5,"y":11,"hp":80,"w":1,"h":1,"t":0,"c":0,"e":-1,"r":0},{"x":2,"y":13,"hp":55,"w":1,"h":1,"t":0,"c":1,"e":-1,"r":0},{"x":3,"y":13,"hp":55,"w":1,"h":1,"t":0,"c":1,"e":-1,"r":0},{"x":4,"y":13,"hp":55,"w":1,"h":1,"t":0,"c":1,"e":-1,"r":0},{"x":5,"y":13,"hp":55,"w":1,"h":1,"t":0,"c":1,"e":-1,"r":0},{"x":2,"y":14,"hp":104,"w":1,"h":1,"t":0,"c":1,"e":-1,"r":0},{"x":4,"y":14,"hp":104,"w":1,"h":1,"t":0,"c":1,"e":-1,"r":0},{"x":5,"y":14,"hp":104,"w":1,"h":1,"t":0,"c":1,"e":-1,"r":0},{"x":3,"y":15,"hp":60,"w":1,"h":1,"t":0,"c":1,"e":-1,"r":0},{"x":4,"y":15,"hp":60,"w":1,"h":1,"t":0,"c":1,"e":-1,"r":0},{"x":5,"y":15,"hp":60,"w":1,"h":1,"t":0,"c":1,"e":4,"r":0},{"x":2,"y":16,"hp":68,"w":1,"h":1,"t":0,"c":1,"e":-1,"r":0},{"x":3,"y":16,"hp":68,"w":1,"h":1,"t":0,"c":1,"e":-1,"r":0},{"x":4,"y":16,"hp":68,"w":1,"h":1,"t":0,"c":1,"e":-1,"r":0},{"x":5,"y":16,"hp":68,"w":1,"h":1,"t":0,"c":1,"e":-1,"r":0},{"x":0,"y":17,"hp":93,"w":1,"h":1,"t":0,"c":1,"e":-1,"r":0},{"x":3,"y":17,"hp":93,"w":1,"h":1,"t":0,"c":1,"e":-1,"r":0},{"x":4,"y":17,"hp":93,"w":1,"h":1,"t":0,"c":1,"e":-1,"r":0},{"x":5,"y":17,"hp":93,"w":1,"h":1,"t":0,"c":1,"e":-1,"r":0},{"x":0,"y":18,"hp":107,"w":1,"h":1,"t":0,"c":1,"e":-1,"r":0},{"x":4,"y":18,"hp":107,"w":1,"h":1,"t":0,"c":1,"e":-1,"r":0},{"x":5,"y":18,"hp":107,"w":1,"h":1,"t":0,"c":1,"e":-1,"r":0},{"x":0,"y":19,"hp":79,"w":1,"h":1,"t":0,"c":1,"e":-1,"r":0},{"x":3,"y":19,"hp":79,"w":1,"h":1,"t":0,"c":1,"e":-1,"r":0},{"x":5,"y":19,"hp":79,"w":1,"h":1,"t":0,"c":1,"e":-1,"r":0},{"x":0,"y":20,"hp":100,"w":1,"h":1,"t":0,"c":1,"e":-1,"r":0},{"x":1,"y":20,"hp":100,"w":1,"h":1,"t":0,"c":1,"e":-1,"r":0},{"x":4,"y":20,"hp":100,"w":1,"h":1,"t":0,"c":1,"e":-1,"r":0},{"x":5,"y":20,"hp":100,"w":1,"h":1,"t":0,"c":1,"e":-1,"r":0},{"x":0,"y":21,"hp":115,"w":1,"h":1,"t":0,"c":1,"e":-1,"r":0},{"x":3,"y":21,"hp":115,"w":1,"h":1,"t":0,"c":1,"e":-1,"r":0},{"x":5,"y":21,"hp":115,"w":1,"h":1,"t":0,"c":1,"e":-1,"r":0},{"x":3,"y":22,"hp":88,"w":1,"h":1,"t":0,"c":1,"e":-1,"r":0},{"x":4,"y":22,"hp":88,"w":1,"h":1,"t":0,"c":1,"e":-1,"r":0},{"x":5,"y":22,"hp":88,"w":1,"h":1,"t":0,"c":1,"e":-1,"r":0},{"x":0,"y":23,"hp":154,"w":1,"h":1,"t":0,"c":1,"e":-1,"r":0},{"x":3,"y":23,"hp":154,"w":1,"h":1,"t":0,"c":1,"e":-1,"r":0},{"x":4,"y":23,"hp":154,"w":1,"h":1,"t":0,"c":1,"e":-1,"r":0},{"x":5,"y":23,"hp":154,"w":1,"h":1,"t":0,"c":1,"e":-1,"r":0},{"x":2,"y":24,"hp":94,"w":1,"h":1,"t":0,"c":1,"e":-1,"r":0},{"x":3,"y":24,"hp":94,"w":1,"h":1,"t":0,"c":1,"e":-1,"r":0},{"x":4,"y":24,"hp":94,"w":1,"h":1,"t":0,"c":1,"e":-1,"r":0},{"x":5,"y":24,"hp":94,"w":1,"h":1,"t":0,"c":1,"e":0,"r":0},{"x":2,"y":25,"hp":100,"w":1,"h":1,"t":0,"c":1,"e":-1,"r":0},{"x":4,"y":25,"hp":100,"w":1,"h":1,"t":0,"c":1,"e":-1,"r":0},{"x":5,"y":25,"hp":100,"w":1,"h":1,"t":0,"c":1,"e":-1,"r":0},{"x":1,"y":26,"hp":180,"w":1,"h":1,"t":0,"c":1,"e":-1,"r":0},{"x":2,"y":26,"hp":180,"w":1,"h":1,"t":0,"c":1,"e":-1,"r":0},{"x":4,"y":26,"hp":180,"w":1,"h":1,"t":0,"c":1,"e":-1,"r":0},{"x":5,"y":26,"hp":180,"w":1,"h":1,"t":0,"c":1,"e":-1,"r":0},{"x":0,"y":27,"hp":40,"w":1,"h":1,"t":0,"c":1,"e":-1,"r":0},{"x":3,"y":27,"hp":40,"w":1,"h":1,"t":0,"c":1,"e":-1,"r":0},{"x":4,"y":27,"hp":40,"w":1,"h":1,"t":0,"c":1,"e":-1,"r":0},{"x":5,"y":27,"hp":40,"w":1,"h":1,"t":0,"c":1,"e":-1,"r":0},{"x":2,"y":28,"hp":123,"w":1,"h":1,"t":0,"c":1,"e":-1,"r":0},{"x":3,"y":28,"hp":123,"w":1,"h":1,"t":0,"c":1,"e":-1,"r":0},{"x":5,"y":28,"hp":123,"w":1,"h":1,"t":0,"c":1,"e":-1,"r":0},{"x":0,"y":29,"hp":98,"w":1,"h":1,"t":0,"c":1,"e":-1,"r":0},{"x":1,"y":29,"hp":98,"w":1,"h":1,"t":0,"c":1,"e":-1,"r":0},{"x":2,"y":29,"hp":98,"w":1,"h":1,"t":0,"c":1,"e":-1,"r":0},{"x":4,"y":29,"hp":98,"w":1,"h":1,"t":0,"c":1,"e":-1,"r":0},{"x":5,"y":29,"hp":98,"w":1,"h":1,"t":0,"c":1,"e":-1,"r":0},{"x":0,"y":30,"hp":110,"w":1,"h":1,"t":0,"c":1,"e":-1,"r":0},{"x":2,"y":30,"hp":110,"w":1,"h":1,"t":0,"c":1,"e":-1,"r":0},{"x":4,"y":30,"hp":110,"w":1,"h":1,"t":0,"c":1,"e":-1,"r":0},{"x":10,"y":5,"hp":52,"w":1,"h":1,"t":0,"c":0,"e":-1,"r":0},{"x":9,"y":5,"hp":52,"w":1,"h":1,"t":0,"c":0,"e":-1,"r":0},{"x":8,"y":5,"hp":52,"w":1,"h":1,"t":0,"c":0,"e":-1,"r":0},{"x":7,"y":5,"hp":52,"w":1,"h":1,"t":0,"c":0,"e":-1,"r":0},{"x":10,"y":7,"hp":63,"w":1,"h":1,"t":0,"c":0,"e":-1,"r":0},{"x":9,"y":7,"hp":63,"w":1,"h":1,"t":0,"c":0,"e":-1,"r":0},{"x":8,"y":7,"hp":63,"w":1,"h":1,"t":0,"c":0,"e":-1,"r":0},{"x":10,"y":9,"hp":55,"w":1,"h":1,"t":0,"c":0,"e":-1,"r":0},{"x":9,"y":9,"hp":55,"w":1,"h":1,"t":0,"c":0,"e":-1,"r":0},{"x":8,"y":9,"hp":55,"w":1,"h":1,"t":0,"c":0,"e":-1,"r":0},{"x":7,"y":9,"hp":55,"w":1,"h":1,"t":0,"c":0,"e":-1,"r":0},{"x":10,"y":13,"hp":55,"w":1,"h":1,"t":0,"c":1,"e":-1,"r":0},{"x":8,"y":13,"hp":55,"w":1,"h":1,"t":0,"c":1,"e":-1,"r":0},{"x":7,"y":13,"hp":55,"w":1,"h":1,"t":0,"c":1,"e":-1,"r":0},{"x":6,"y":13,"hp":55,"w":1,"h":1,"t":0,"c":1,"e":-1,"r":0},{"x":10,"y":14,"hp":104,"w":1,"h":1,"t":0,"c":1,"e":-1,"r":0},{"x":9,"y":14,"hp":104,"w":1,"h":1,"t":0,"c":1,"e":-1,"r":0},{"x":8,"y":14,"hp":104,"w":1,"h":1,"t":0,"c":1,"e":7,"r":0},{"x":6,"y":14,"hp":104,"w":1,"h":1,"t":0,"c":1,"e":-1,"r":0},{"x":10,"y":15,"hp":60,"w":1,"h":1,"t":0,"c":1,"e":-1,"r":0},{"x":9,"y":15,"hp":60,"w":1,"h":1,"t":0,"c":1,"e":-1,"r":0},{"x":6,"y":15,"hp":60,"w":1,"h":1,"t":0,"c":1,"e":-1,"r":0},{"x":9,"y":16,"hp":68,"w":1,"h":1,"t":0,"c":1,"e":-1,"r":0},{"x":8,"y":16,"hp":68,"w":1,"h":1,"t":0,"c":1,"e":-1,"r":0},{"x":6,"y":16,"hp":68,"w":1,"h":1,"t":0,"c":1,"e":-1,"r":0},{"x":8,"y":17,"hp":93,"w":1,"h":1,"t":0,"c":1,"e":-1,"r":0},{"x":6,"y":17,"hp":93,"w":1,"h":1,"t":0,"c":1,"e":0,"r":0},{"x":9,"y":18,"hp":107,"w":1,"h":1,"t":0,"c":1,"e":-1,"r":0},{"x":6,"y":18,"hp":107,"w":1,"h":1,"t":0,"c":1,"e":-1,"r":0},{"x":7,"y":19,"hp":79,"w":1,"h":1,"t":0,"c":1,"e":-1,"r":0},{"x":9,"y":20,"hp":100,"w":1,"h":1,"t":0,"c":1,"e":-1,"r":0},{"x":6,"y":20,"hp":100,"w":1,"h":1,"t":0,"c":1,"e":-1,"r":0},{"x":8,"y":21,"hp":115,"w":1,"h":1,"t":0,"c":1,"e":-1,"r":0},{"x":7,"y":21,"hp":115,"w":1,"h":1,"t":0,"c":1,"e":-1,"r":0},{"x":9,"y":22,"hp":88,"w":1,"h":1,"t":0,"c":1,"e":-1,"r":0},{"x":8,"y":22,"hp":88,"w":1,"h":1,"t":0,"c":1,"e":-1,"r":0},{"x":7,"y":22,"hp":88,"w":1,"h":1,"t":0,"c":1,"e":-1,"r":0},{"x":6,"y":22,"hp":88,"w":1,"h":1,"t":0,"c":1,"e":4,"r":0},{"x":10,"y":23,"hp":154,"w":1,"h":1,"t":0,"c":1,"e":-1,"r":0},{"x":9,"y":23,"hp":154,"w":1,"h":1,"t":0,"c":1,"e":-1,"r":0},{"x":7,"y":23,"hp":154,"w":1,"h":1,"t":0,"c":1,"e":-1,"r":0},{"x":6,"y":23,"hp":154,"w":1,"h":1,"t":0,"c":1,"e":-1,"r":0},{"x":10,"y":24,"hp":94,"w":1,"h":1,"t":0,"c":1,"e":-1,"r":0},{"x":9,"y":24,"hp":94,"w":1,"h":1,"t":0,"c":1,"e":-1,"r":0},{"x":6,"y":24,"hp":94,"w":1,"h":1,"t":0,"c":1,"e":-1,"r":0},{"x":8,"y":25,"hp":100,"w":1,"h":1,"t":0,"c":1,"e":-1,"r":0},{"x":6,"y":25,"hp":100,"w":1,"h":1,"t":0,"c":1,"e":-1,"r":0},{"x":8,"y":26,"hp":180,"w":1,"h":1,"t":0,"c":1,"e":-1,"r":0},{"x":6,"y":26,"hp":180,"w":1,"h":1,"t":0,"c":1,"e":-1,"r":0},{"x":8,"y":27,"hp":40,"w":1,"h":1,"t":0,"c":1,"e":-1,"r":0},{"x":6,"y":27,"hp":40,"w":1,"h":1,"t":0,"c":1,"e":-1,"r":0},{"x":9,"y":28,"hp":123,"w":1,"h":1,"t":0,"c":1,"e":-1,"r":0},{"x":8,"y":28,"hp":123,"w":1,"h":1,"t":0,"c":1,"e":-1,"r":0},{"x":10,"y":29,"hp":98,"w":1,"h":1,"t":0,"c":1,"e":-1,"r":0},{"x":9,"y":29,"hp":98,"w":1,"h":1,"t":0,"c":1,"e":-1,"r":0},{"x":8,"y":29,"hp":98,"w":1,"h":1,"t":0,"c":1,"e":-1,"r":0},{"x":6,"y":29,"hp":98,"w":1,"h":1,"t":0,"c":1,"e":-1,"r":0},{"x":10,"y":30,"hp":110,"w":1,"h":1,"t":0,"c":1,"e":-1,"r":0},{"x":8,"y":30,"hp":110,"w":1,"h":1,"t":0,"c":1,"e":-1,"r":0},{"x":5,"y":5,"hp":52,"w":1,"h":1,"t":0,"c":0,"e":-1,"r":0},{"x":1,"y":11,"hp":80,"w":1,"h":1,"t":0,"c":0,"e":-1,"r":0},{"x":7,"y":11,"hp":80,"w":1,"h":1,"t":0,"c":0,"e":7,"r":0},{"x":8,"y":11,"hp":80,"w":1,"h":1,"t":0,"c":0,"e":-1,"r":0},{"x":9,"y":11,"hp":80,"w":1,"h":1,"t":0,"c":0,"e":-1,"r":0},{"x":7,"y":10,"hp":80,"w":1,"h":1,"t":0,"c":1,"e":-1,"r":0},{"x":8,"y":10,"hp":80,"w":1,"h":1,"t":0,"c":1,"e":-1,"r":0},{"x":9,"y":10,"hp":80,"w":1,"h":1,"t":0,"c":1,"e":-1,"r":0},{"x":10,"y":10,"hp":80,"w":1,"h":1,"t":0,"c":1,"e":-1,"r":0},{"x":10,"y":8,"hp":75,"w":1,"h":1,"t":0,"c":1,"e":-1,"r":0},{"x":9,"y":8,"hp":75,"w":1,"h":1,"t":0,"c":1,"e":-1,"r":0},{"x":8,"y":8,"hp":75,"w":1,"h":1,"t":0,"c":1,"e":4,"r":0},{"x":7,"y":8,"hp":75,"w":1,"h":1,"t":0,"c":1,"e":4,"r":0},{"x":7,"y":7,"hp":63,"w":1,"h":1,"t":0,"c":0,"e":-1,"r":0},{"x":7,"y":6,"hp":68,"w":1,"h":1,"t":0,"c":1,"e":-1,"r":0},{"x":8,"y":6,"hp":68,"w":1,"h":1,"t":0,"c":1,"e":-1,"r":0},{"x":9,"y":6,"hp":68,"w":1,"h":1,"t":0,"c":1,"e":0,"r":0},{"x":10,"y":6,"hp":68,"w":1,"h":1,"t":0,"c":1,"e":-1,"r":0},{"x":3,"y":14,"hp":80,"w":1,"h":1,"t":0,"c":1,"e":-1,"r":0},{"x":8,"y":18,"hp":107,"w":1,"h":1,"t":0,"c":1,"e":-1,"r":0},{"x":7,"y":18,"hp":107,"w":1,"h":1,"t":0,"c":1,"e":-1,"r":0},{"x":3,"y":18,"hp":107,"w":1,"h":1,"t":0,"c":1,"e":-1,"r":0},{"x":3,"y":20,"hp":100,"w":1,"h":1,"t":0,"c":1,"e":-1,"r":0},{"x":6,"y":19,"hp":80,"w":1,"h":1,"t":0,"c":1,"e":-1,"r":0},{"x":4,"y":19,"hp":80,"w":1,"h":1,"t":0,"c":1,"e":-1,"r":0},{"x":9,"y":21,"hp":115,"w":1,"h":1,"t":0,"c":1,"e":-1,"r":0},{"x":6,"y":21,"hp":115,"w":1,"h":1,"t":0,"c":1,"e":-1,"r":0},{"x":4,"y":21,"hp":115,"w":1,"h":1,"t":0,"c":1,"e":-1,"r":0},{"x":10,"y":25,"hp":100,"w":1,"h":1,"t":0,"c":1,"e":-1,"r":0},{"x":9,"y":25,"hp":100,"w":1,"h":1,"t":0,"c":1,"e":-1,"r":0},{"x":1,"y":25,"hp":100,"w":1,"h":1,"t":0,"c":1,"e":-1,"r":0},{"x":9,"y":27,"hp":80,"w":1,"h":1,"t":0,"c":1,"e":-1,"r":0},{"x":9,"y":30,"hp":110,"w":1,"h":1,"t":0,"c":1,"e":-1,"r":0},{"x":1,"y":30,"hp":110,"w":1,"h":1,"t":0,"c":1,"e":-1,"r":0},{"x":3,"y":30,"hp":110,"w":1,"h":1,"t":0,"c":1,"e":-1,"r":0},{"x":4,"y":28,"hp":123,"w":1,"h":1,"t":0,"c":1,"e":7,"r":0},{"x":1,"y":28,"hp":123,"w":1,"h":1,"t":0,"c":1,"e":4,"r":0},{"x":0,"y":28,"hp":123,"w":1,"h":1,"t":0,"c":1,"e":-1,"r":0},{"x":10,"y":11,"hp":80,"w":1,"h":1,"t":0,"c":0,"e":-1,"r":0}],"bu":[{"x":2,"y":6,"buff":1},{"x":2,"y":8,"buff":1},{"x":4,"y":8,"buff":1},{"x":4,"y":6,"buff":1},{"x":1,"y":15,"buff":1},{"x":1,"y":18,"buff":1},{"x":8,"y":20,"buff":1},{"x":3,"y":25,"buff":1},{"x":10,"y":26,"buff":1},{"x":7,"y":29,"buff":1},{"x":5,"y":31,"buff":1},{"x":8,"y":23,"buff":0},{"x":1,"y":13,"buff":0},{"x":4,"y":10,"buff":0},{"x":2,"y":10,"buff":0},{"x":0,"y":7,"buff":3},{"x":10,"y":16,"buff":3},{"x":0,"y":9,"buff":3},{"x":7,"y":26,"buff":3},{"x":2,"y":21,"buff":3}]}