{"l":10,"h":20,"w":17,"br":[{"x":8,"y":19,"hp":580,"w":1,"h":1,"t":0,"c":4,"e":-1,"r":0},{"x":10,"y":19,"hp":580,"w":1,"h":1,"t":0,"c":4,"e":-1,"r":0},{"x":4,"y":19,"hp":580,"w":1,"h":1,"t":0,"c":4,"e":-1,"r":0},{"x":6,"y":19,"hp":580,"w":1,"h":1,"t":0,"c":4,"e":-1,"r":0},{"x":12,"y":19,"hp":580,"w":1,"h":1,"t":0,"c":4,"e":-1,"r":0},{"x":1,"y":15,"hp":580,"w":1,"h":1,"t":0,"c":4,"e":-1,"r":0},{"x":1,"y":13,"hp":580,"w":1,"h":1,"t":0,"c":4,"e":-1,"r":0},{"x":1,"y":11,"hp":580,"w":1,"h":1,"t":0,"c":4,"e":-1,"r":0},{"x":15,"y":15,"hp":580,"w":1,"h":1,"t":0,"c":4,"e":-1,"r":0},{"x":15,"y":13,"hp":580,"w":1,"h":1,"t":0,"c":4,"e":-1,"r":0},{"x":15,"y":11,"hp":580,"w":1,"h":1,"t":0,"c":4,"e":-1,"r":0},{"x":8,"y":8,"hp":580,"w":1,"h":1,"t":0,"c":4,"e":-1,"r":0},{"x":10,"y":8,"hp":580,"w":1,"h":1,"t":0,"c":4,"e":-1,"r":0},{"x":10,"y":6,"hp":580,"w":1,"h":1,"t":0,"c":4,"e":-1,"r":0},{"x":8,"y":6,"hp":580,"w":1,"h":1,"t":0,"c":4,"e":-1,"r":0},{"x":6,"y":6,"hp":580,"w":1,"h":1,"t":0,"c":4,"e":-1,"r":0},{"x":13,"y":7,"hp":580,"w":1,"h":1,"t":0,"c":4,"e":-1,"r":0},{"x":15,"y":7,"hp":580,"w":1,"h":1,"t":0,"c":4,"e":-1,"r":0},{"x":15,"y":9,"hp":580,"w":1,"h":1,"t":0,"c":4,"e":-1,"r":0},{"x":1,"y":9,"hp":580,"w":1,"h":1,"t":0,"c":4,"e":-1,"r":0},{"x":1,"y":7,"hp":580,"w":1,"h":1,"t":0,"c":4,"e":-1,"r":0},{"x":3,"y":7,"hp":580,"w":1,"h":1,"t":0,"c":4,"e":-1,"r":0},{"x":4,"y":6,"hp":580,"w":1,"h":1,"t":0,"c":4,"e":-1,"r":0},{"x":12,"y":6,"hp":580,"w":1,"h":1,"t":0,"c":4,"e":-1,"r":0},{"x":3,"y":11,"hp":580,"w":1,"h":1,"t":0,"c":4,"e":-1,"r":0},{"x":3,"y":13,"hp":580,"w":1,"h":1,"t":0,"c":4,"e":-1,"r":0},{"x":13,"y":13,"hp":580,"w":1,"h":1,"t":0,"c":4,"e":-1,"r":0},{"x":13,"y":11,"hp":580,"w":1,"h":1,"t":0,"c":4,"e":-1,"r":0},{"x":3,"y":9,"hp":580,"w":1,"h":1,"t":0,"c":4,"e":-1,"r":0},{"x":13,"y":9,"hp":580,"w":1,"h":1,"t":0,"c":4,"e":-1,"r":0},{"x":12,"y":8,"hp":580,"w":1,"h":1,"t":0,"c":4,"e":-1,"r":0},{"x":8,"y":12,"hp":580,"w":1,"h":1,"t":0,"c":4,"e":-1,"r":0},{"x":10,"y":12,"hp":580,"w":1,"h":1,"t":0,"c":4,"e":-1,"r":0},{"x":12,"y":12,"hp":580,"w":1,"h":1,"t":0,"c":4,"e":-1,"r":0},{"x":4,"y":15,"hp":580,"w":1,"h":1,"t":0,"c":4,"e":-1,"r":0},{"x":12,"y":15,"hp":580,"w":1,"h":1,"t":0,"c":4,"e":-1,"r":0},{"x":2,"y":17,"hp":580,"w":1,"h":1,"t":0,"c":4,"e":-1,"r":0},{"x":14,"y":17,"hp":580,"w":1,"h":1,"t":0,"c":4,"e":-1,"r":0},{"x":9,"y":9,"hp":246,"w":2,"h":2,"t":8,"c":0,"e":-1,"r":0},{"x":1,"y":8,"hp":580,"w":1,"h":1,"t":0,"c":3,"e":-1,"r":0},{"x":1,"y":10,"hp":580,"w":1,"h":1,"t":0,"c":3,"e":-1,"r":0},{"x":1,"y":12,"hp":580,"w":1,"h":1,"t":0,"c":3,"e":-1,"r":0},{"x":1,"y":14,"hp":580,"w":1,"h":1,"t":0,"c":3,"e":-1,"r":0},{"x":1,"y":16,"hp":580,"w":1,"h":1,"t":0,"c":3,"e":-1,"r":0},{"x":15,"y":8,"hp":580,"w":1,"h":1,"t":0,"c":3,"e":-1,"r":0},{"x":15,"y":10,"hp":580,"w":1,"h":1,"t":0,"c":3,"e":-1,"r":0},{"x":15,"y":12,"hp":580,"w":1,"h":1,"t":0,"c":3,"e":-1,"r":0},{"x":15,"y":14,"hp":580,"w":1,"h":1,"t":0,"c":3,"e":-1,"r":0},{"x":15,"y":16,"hp":580,"w":1,"h":1,"t":0,"c":3,"e":-1,"r":0},{"x":13,"y":18,"hp":580,"w":1,"h":1,"t":0,"c":3,"e":-1,"r":0},{"x":11,"y":19,"hp":580,"w":1,"h":1,"t":0,"c":3,"e":-1,"r":0},{"x":3,"y":18,"hp":580,"w":1,"h":1,"t":0,"c":3,"e":-1,"r":0},{"x":5,"y":19,"hp":580,"w":1,"h":1,"t":0,"c":3,"e":-1,"r":0},{"x":7,"y":19,"hp":580,"w":1,"h":1,"t":0,"c":3,"e":-1,"r":0},{"x":9,"y":19,"hp":580,"w":1,"h":1,"t":0,"c":3,"e":-1,"r":0},{"x":3,"y":6,"hp":580,"w":1,"h":1,"t":0,"c":3,"e":-1,"r":0},{"x":13,"y":6,"hp":580,"w":1,"h":1,"t":0,"c":3,"e":-1,"r":0},{"x":5,"y":6,"hp":580,"w":1,"h":1,"t":0,"c":3,"e":-1,"r":0},{"x":7,"y":6,"hp":580,"w":1,"h":1,"t":0,"c":3,"e":-1,"r":0},{"x":9,"y":6,"hp":580,"w":1,"h":1,"t":0,"c":3,"e":-1,"r":0},{"x":11,"y":6,"hp":580,"w":1,"h":1,"t":0,"c":3,"e":-1,"r":0},{"x":13,"y":8,"hp":580,"w":1,"h":1,"t":0,"c":3,"e":-1,"r":0},{"x":13,"y":10,"hp":580,"w":1,"h":1,"t":0,"c":3,"e":-1,"r":0},{"x":13,"y":12,"hp":580,"w":1,"h":1,"t":0,"c":3,"e":-1,"r":0},{"x":13,"y":14,"hp":580,"w":1,"h":1,"t":0,"c":3,"e":-1,"r":0},{"x":3,"y":8,"hp":580,"w":1,"h":1,"t":0,"c":3,"e":-1,"r":0},{"x":3,"y":10,"hp":580,"w":1,"h":1,"t":0,"c":3,"e":-1,"r":0},{"x":3,"y":12,"hp":580,"w":1,"h":1,"t":0,"c":3,"e":-1,"r":0},{"x":3,"y":14,"hp":580,"w":1,"h":1,"t":0,"c":3,"e":-1,"r":0},{"x":5,"y":16,"hp":580,"w":1,"h":1,"t":0,"c":3,"e":-1,"r":0},{"x":11,"y":16,"hp":580,"w":1,"h":1,"t":0,"c":3,"e":-1,"r":0},{"x":11,"y":8,"hp":580,"w":1,"h":1,"t":0,"c":3,"e":-1,"r":0},{"x":9,"y":8,"hp":580,"w":1,"h":1,"t":0,"c":3,"e":-1,"r":0},{"x":11,"y":12,"hp":580,"w":1,"h":1,"t":0,"c":3,"e":-1,"r":0},{"x":9,"y":12,"hp":580,"w":1,"h":1,"t":0,"c":3,"e":-1,"r":0},{"x":10,"y":16,"hp":10,"w":1,"h":1,"t":0,"c":8,"e":-1,"r":0},{"x":9,"y":16,"hp":8,"w":1,"h":1,"t":0,"c":8,"e":-1,"r":0},{"x":8,"y":16,"hp":6,"w":1,"h":1,"t":0,"c":8,"e":-1,"r":0},{"x":6,"y":16,"hp":2,"w":1,"h":1,"t":0,"c":8,"e":-1,"r":0},{"x":7,"y":16,"hp":4,"w":1,"h":1,"t":0,"c":8,"e":-1,"r":0},{"x":1,"y":6,"hp":580,"w":1,"h":1,"t":1,"c":3,"e":-1,"r":2},{"x":15,"y":6,"hp":580,"w":1,"h":1,"t":1,"c":3,"e":-1,"r":3},{"x":7,"y":12,"hp":580,"w":1,"h":1,"t":1,"c":3,"e":-1,"r":1},{"x":7,"y":8,"hp":580,"w":1,"h":1,"t":1,"c":3,"e":-1,"r":1}],"bu":[{"x":14,"y":7,"buff":0},{"x":14,"y":9,"buff":0},{"x":14,"y":11,"buff":0},{"x":14,"y":13,"buff":0},{"x":2,"y":7,"buff":0},{"x":2,"y":9,"buff":0},{"x":2,"y":11,"buff":0},{"x":2,"y":13,"buff":0},{"x":2,"y":15,"buff":0},{"x":3,"y":16,"buff":0},{"x":14,"y":15,"buff":0},{"x":13,"y":16,"buff":0},{"x":5,"y":12,"buff":7},{"x":5,"y":8,"buff":7}]}