{"l":56,"h":14,"w":11,"br":[{"x":2,"y":10,"hp":25,"w":1,"h":1,"t":0,"c":2,"e":7,"r":0},{"x":4,"y":10,"hp":25,"w":1,"h":1,"t":0,"c":2,"e":-1,"r":0},{"x":4,"y":11,"hp":61,"w":1,"h":1,"t":0,"c":2,"e":-1,"r":0},{"x":5,"y":11,"hp":61,"w":1,"h":1,"t":0,"c":2,"e":-1,"r":0},{"x":0,"y":13,"hp":39,"w":1,"h":1,"t":0,"c":2,"e":-1,"r":0},{"x":1,"y":13,"hp":39,"w":1,"h":1,"t":0,"c":2,"e":-1,"r":0},{"x":2,"y":13,"hp":39,"w":1,"h":1,"t":0,"c":2,"e":-1,"r":0},{"x":4,"y":13,"hp":39,"w":1,"h":1,"t":0,"c":2,"e":-1,"r":0},{"x":8,"y":10,"hp":25,"w":1,"h":1,"t":0,"c":2,"e":7,"r":0},{"x":6,"y":10,"hp":25,"w":1,"h":1,"t":0,"c":2,"e":-1,"r":0},{"x":6,"y":11,"hp":61,"w":1,"h":1,"t":0,"c":2,"e":-1,"r":0},{"x":9,"y":13,"hp":39,"w":1,"h":1,"t":0,"c":2,"e":-1,"r":0},{"x":8,"y":13,"hp":39,"w":1,"h":1,"t":0,"c":2,"e":-1,"r":0},{"x":6,"y":13,"hp":39,"w":1,"h":1,"t":0,"c":2,"e":-1,"r":0},{"x":7,"y":13,"hp":39,"w":1,"h":1,"t":0,"c":2,"e":-1,"r":0},{"x":9,"y":11,"hp":61,"w":1,"h":1,"t":1,"c":1,"e":-1,"r":0},{"x":2,"y":11,"hp":61,"w":1,"h":1,"t":1,"c":1,"e":-1,"r":0},{"x":8,"y":11,"hp":61,"w":1,"h":1,"t":1,"c":1,"e":-1,"r":1},{"x":1,"y":11,"hp":61,"w":1,"h":1,"t":1,"c":1,"e":-1,"r":1},{"x":0,"y":8,"hp":74,"w":1,"h":1,"t":0,"c":2,"e":-1,"r":0},{"x":1,"y":5,"hp":25,"w":1,"h":1,"t":0,"c":2,"e":-1,"r":0},{"x":3,"y":5,"hp":25,"w":1,"h":1,"t":0,"c":2,"e":-1,"r":0},{"x":5,"y":5,"hp":25,"w":1,"h":1,"t":0,"c":2,"e":-1,"r":0},{"x":7,"y":5,"hp":25,"w":1,"h":1,"t":0,"c":2,"e":-1,"r":0},{"x":0,"y":6,"hp":35,"w":1,"h":1,"t":0,"c":2,"e":-1,"r":0},{"x":0,"y":10,"hp":25,"w":1,"h":1,"t":0,"c":2,"e":-1,"r":0},{"x":8,"y":6,"hp":35,"w":1,"h":1,"t":0,"c":2,"e":-1,"r":0},{"x":10,"y":6,"hp":35,"w":1,"h":1,"t":0,"c":2,"e":9,"r":0},{"x":10,"y":5,"hp":25,"w":1,"h":1,"t":0,"c":2,"e":-1,"r":0},{"x":8,"y":5,"hp":25,"w":1,"h":1,"t":0,"c":1,"e":-1,"r":0},{"x":6,"y":5,"hp":25,"w":1,"h":1,"t":0,"c":1,"e":-1,"r":0},{"x":4,"y":5,"hp":25,"w":1,"h":1,"t":0,"c":1,"e":-1,"r":0},{"x":2,"y":5,"hp":25,"w":1,"h":1,"t":0,"c":1,"e":-1,"r":0},{"x":0,"y":5,"hp":25,"w":1,"h":1,"t":0,"c":1,"e":3,"r":0},{"x":0,"y":7,"hp":55,"w":1,"h":1,"t":0,"c":1,"e":-1,"r":0},{"x":0,"y":9,"hp":55,"w":1,"h":1,"t":0,"c":1,"e":-1,"r":0},{"x":1,"y":10,"hp":25,"w":1,"h":1,"t":0,"c":1,"e":-1,"r":0},{"x":3,"y":10,"hp":25,"w":1,"h":1,"t":0,"c":1,"e":-1,"r":0},{"x":5,"y":10,"hp":25,"w":1,"h":1,"t":0,"c":1,"e":-1,"r":0},{"x":7,"y":10,"hp":25,"w":1,"h":1,"t":0,"c":1,"e":-1,"r":0},{"x":9,"y":10,"hp":25,"w":1,"h":1,"t":0,"c":1,"e":-1,"r":0},{"x":6,"y":8,"hp":95,"w":1,"h":1,"t":1,"c":5,"e":-1,"r":0},{"x":3,"y":8,"hp":95,"w":1,"h":1,"t":1,"c":5,"e":-1,"r":0},{"x":5,"y":8,"hp":95,"w":1,"h":1,"t":1,"c":5,"e":-1,"r":1},{"x":2,"y":8,"hp":95,"w":1,"h":1,"t":1,"c":5,"e":-1,"r":1},{"x":2,"y":7,"hp":100,"w":1,"h":1,"t":1,"c":5,"e":-1,"r":2},{"x":5,"y":7,"hp":100,"w":1,"h":1,"t":1,"c":5,"e":-1,"r":2},{"x":6,"y":7,"hp":100,"w":1,"h":1,"t":1,"c":5,"e":-1,"r":3},{"x":3,"y":7,"hp":100,"w":1,"h":1,"t":1,"c":5,"e":-1,"r":3},{"x":10,"y":12,"hp":41,"w":1,"h":1,"t":0,"c":2,"e":-1,"r":0},{"x":0,"y":12,"hp":41,"w":1,"h":1,"t":0,"c":2,"e":-1,"r":0},{"x":2,"y":12,"hp":41,"w":1,"h":1,"t":1,"c":2,"e":-1,"r":0},{"x":1,"y":12,"hp":41,"w":1,"h":1,"t":0,"c":2,"e":-1,"r":0},{"x":1,"y":6,"hp":35,"w":1,"h":1,"t":1,"c":1,"e":-1,"r":0},{"x":7,"y":6,"hp":35,"w":1,"h":1,"t":1,"c":1,"e":-1,"r":1},{"x":1,"y":9,"hp":55,"w":1,"h":1,"t":1,"c":1,"e":-1,"r":3},{"x":4,"y":6,"hp":35,"w":1,"h":1,"t":2,"c":1,"e":-1,"r":0},{"x":4,"y":9,"hp":55,"w":1,"h":1,"t":2,"c":1,"e":-1,"r":2}],"bu":[{"x":3,"y":11,"buff":0},{"x":7,"y":11,"buff":0},{"x":1,"y":8,"buff":0},{"x":10,"y":10,"buff":0}]}