{"l":320,"h":23,"w":11,"br":[{"x":0,"y":5,"hp":300,"w":4,"h":1,"t":0,"c":0,"e":-1,"r":0},{"x":5,"y":7,"hp":31,"w":1,"h":1,"t":0,"c":1,"e":-1,"r":0},{"x":3,"y":8,"hp":75,"w":1,"h":1,"t":0,"c":1,"e":-1,"r":0},{"x":4,"y":8,"hp":75,"w":1,"h":1,"t":0,"c":1,"e":-1,"r":0},{"x":5,"y":8,"hp":75,"w":1,"h":1,"t":0,"c":1,"e":-1,"r":0},{"x":2,"y":9,"hp":66,"w":1,"h":1,"t":0,"c":1,"e":-1,"r":0},{"x":3,"y":9,"hp":66,"w":1,"h":1,"t":0,"c":1,"e":-1,"r":0},{"x":4,"y":9,"hp":66,"w":1,"h":1,"t":0,"c":1,"e":-1,"r":0},{"x":5,"y":9,"hp":66,"w":1,"h":1,"t":0,"c":1,"e":-1,"r":0},{"x":4,"y":10,"hp":50,"w":1,"h":1,"t":0,"c":1,"e":-1,"r":0},{"x":5,"y":10,"hp":50,"w":1,"h":1,"t":0,"c":1,"e":-1,"r":0},{"x":2,"y":11,"hp":80,"w":1,"h":1,"t":0,"c":1,"e":-1,"r":0},{"x":3,"y":11,"hp":80,"w":1,"h":1,"t":0,"c":1,"e":-1,"r":0},{"x":4,"y":11,"hp":80,"w":1,"h":1,"t":0,"c":1,"e":-1,"r":0},{"x":5,"y":11,"hp":80,"w":1,"h":1,"t":0,"c":1,"e":5,"r":0},{"x":4,"y":13,"hp":107,"w":1,"h":1,"t":0,"c":1,"e":-1,"r":0},{"x":5,"y":13,"hp":107,"w":1,"h":1,"t":0,"c":1,"e":5,"r":0},{"x":0,"y":14,"hp":114,"w":1,"h":1,"t":0,"c":1,"e":-1,"r":0},{"x":3,"y":14,"hp":114,"w":1,"h":1,"t":0,"c":1,"e":-1,"r":0},{"x":4,"y":14,"hp":114,"w":1,"h":1,"t":0,"c":1,"e":-1,"r":0},{"x":5,"y":14,"hp":114,"w":1,"h":1,"t":0,"c":1,"e":-1,"r":0},{"x":2,"y":15,"hp":178,"w":1,"h":1,"t":0,"c":1,"e":-1,"r":0},{"x":3,"y":15,"hp":178,"w":1,"h":1,"t":0,"c":1,"e":-1,"r":0},{"x":4,"y":15,"hp":178,"w":1,"h":1,"t":0,"c":1,"e":-1,"r":0},{"x":5,"y":15,"hp":178,"w":1,"h":1,"t":0,"c":1,"e":-1,"r":0},{"x":0,"y":16,"hp":158,"w":1,"h":1,"t":0,"c":1,"e":-1,"r":0},{"x":1,"y":16,"hp":158,"w":1,"h":1,"t":0,"c":1,"e":5,"r":0},{"x":4,"y":16,"hp":158,"w":1,"h":1,"t":0,"c":1,"e":-1,"r":0},{"x":5,"y":16,"hp":158,"w":1,"h":1,"t":0,"c":1,"e":-1,"r":0},{"x":0,"y":17,"hp":78,"w":1,"h":1,"t":0,"c":1,"e":-1,"r":0},{"x":1,"y":17,"hp":78,"w":1,"h":1,"t":0,"c":1,"e":-1,"r":0},{"x":2,"y":17,"hp":78,"w":1,"h":1,"t":0,"c":1,"e":-1,"r":0},{"x":3,"y":17,"hp":78,"w":1,"h":1,"t":0,"c":1,"e":-1,"r":0},{"x":4,"y":17,"hp":78,"w":1,"h":1,"t":0,"c":1,"e":-1,"r":0},{"x":0,"y":18,"hp":177,"w":1,"h":1,"t":0,"c":1,"e":-1,"r":0},{"x":3,"y":18,"hp":177,"w":1,"h":1,"t":0,"c":1,"e":-1,"r":0},{"x":5,"y":18,"hp":177,"w":1,"h":1,"t":0,"c":1,"e":-1,"r":0},{"x":5,"y":19,"hp":138,"w":1,"h":1,"t":0,"c":1,"e":-1,"r":0},{"x":0,"y":20,"hp":120,"w":1,"h":1,"t":0,"c":1,"e":-1,"r":0},{"x":1,"y":20,"hp":120,"w":1,"h":1,"t":0,"c":1,"e":-1,"r":0},{"x":3,"y":20,"hp":120,"w":1,"h":1,"t":0,"c":1,"e":-1,"r":0},{"x":4,"y":20,"hp":120,"w":1,"h":1,"t":0,"c":1,"e":-1,"r":0},{"x":5,"y":20,"hp":120,"w":1,"h":1,"t":0,"c":1,"e":-1,"r":0},{"x":0,"y":21,"hp":210,"w":1,"h":1,"t":0,"c":1,"e":-1,"r":0},{"x":3,"y":21,"hp":210,"w":1,"h":1,"t":0,"c":1,"e":-1,"r":0},{"x":4,"y":21,"hp":210,"w":1,"h":1,"t":0,"c":1,"e":-1,"r":0},{"x":7,"y":5,"hp":300,"w":4,"h":1,"t":0,"c":0,"e":-1,"r":0},{"x":9,"y":6,"hp":49,"w":1,"h":1,"t":0,"c":1,"e":-1,"r":0},{"x":10,"y":7,"hp":31,"w":1,"h":1,"t":0,"c":1,"e":-1,"r":0},{"x":9,"y":7,"hp":31,"w":1,"h":1,"t":0,"c":1,"e":-1,"r":0},{"x":8,"y":7,"hp":31,"w":1,"h":1,"t":0,"c":1,"e":5,"r":0},{"x":6,"y":7,"hp":31,"w":1,"h":1,"t":0,"c":1,"e":-1,"r":0},{"x":9,"y":8,"hp":75,"w":1,"h":1,"t":0,"c":1,"e":-1,"r":0},{"x":8,"y":8,"hp":75,"w":1,"h":1,"t":0,"c":1,"e":-1,"r":0},{"x":7,"y":8,"hp":75,"w":1,"h":1,"t":0,"c":1,"e":-1,"r":0},{"x":6,"y":8,"hp":75,"w":1,"h":1,"t":0,"c":1,"e":-1,"r":0},{"x":10,"y":9,"hp":66,"w":1,"h":1,"t":0,"c":1,"e":-1,"r":0},{"x":9,"y":9,"hp":66,"w":1,"h":1,"t":0,"c":1,"e":-1,"r":0},{"x":10,"y":10,"hp":50,"w":1,"h":1,"t":0,"c":1,"e":7,"r":0},{"x":9,"y":10,"hp":50,"w":1,"h":1,"t":0,"c":1,"e":-1,"r":0},{"x":9,"y":11,"hp":80,"w":1,"h":1,"t":0,"c":1,"e":-1,"r":0},{"x":10,"y":12,"hp":88,"w":1,"h":1,"t":0,"c":1,"e":-1,"r":0},{"x":9,"y":12,"hp":88,"w":1,"h":1,"t":0,"c":1,"e":-1,"r":0},{"x":10,"y":13,"hp":107,"w":1,"h":1,"t":0,"c":1,"e":-1,"r":0},{"x":9,"y":13,"hp":107,"w":1,"h":1,"t":0,"c":1,"e":-1,"r":0},{"x":8,"y":13,"hp":107,"w":1,"h":1,"t":0,"c":1,"e":-1,"r":0},{"x":7,"y":13,"hp":107,"w":1,"h":1,"t":0,"c":1,"e":-1,"r":0},{"x":6,"y":13,"hp":107,"w":1,"h":1,"t":0,"c":1,"e":-1,"r":0},{"x":8,"y":14,"hp":114,"w":1,"h":1,"t":0,"c":1,"e":-1,"r":0},{"x":7,"y":14,"hp":114,"w":1,"h":1,"t":0,"c":1,"e":-1,"r":0},{"x":6,"y":14,"hp":114,"w":1,"h":1,"t":0,"c":1,"e":5,"r":0},{"x":9,"y":15,"hp":178,"w":1,"h":1,"t":0,"c":1,"e":-1,"r":0},{"x":8,"y":15,"hp":178,"w":1,"h":1,"t":0,"c":1,"e":-1,"r":0},{"x":7,"y":15,"hp":178,"w":1,"h":1,"t":0,"c":1,"e":-1,"r":0},{"x":6,"y":15,"hp":178,"w":1,"h":1,"t":0,"c":1,"e":-1,"r":0},{"x":6,"y":16,"hp":158,"w":1,"h":1,"t":0,"c":1,"e":-1,"r":0},{"x":7,"y":17,"hp":78,"w":1,"h":1,"t":0,"c":1,"e":-1,"r":0},{"x":7,"y":18,"hp":177,"w":1,"h":1,"t":0,"c":1,"e":-1,"r":0},{"x":6,"y":20,"hp":120,"w":1,"h":1,"t":0,"c":1,"e":-1,"r":0},{"x":6,"y":21,"hp":210,"w":1,"h":1,"t":0,"c":1,"e":-1,"r":0},{"x":6,"y":19,"hp":138,"w":1,"h":1,"t":0,"c":1,"e":-1,"r":0},{"x":7,"y":19,"hp":138,"w":1,"h":1,"t":0,"c":1,"e":-1,"r":0},{"x":8,"y":19,"hp":138,"w":1,"h":1,"t":0,"c":1,"e":-1,"r":0},{"x":9,"y":19,"hp":138,"w":1,"h":1,"t":0,"c":1,"e":5,"r":0},{"x":3,"y":19,"hp":138,"w":1,"h":1,"t":0,"c":1,"e":-1,"r":0},{"x":2,"y":19,"hp":138,"w":1,"h":1,"t":0,"c":1,"e":-1,"r":0},{"x":1,"y":19,"hp":138,"w":1,"h":1,"t":0,"c":1,"e":-1,"r":0},{"x":8,"y":20,"hp":120,"w":1,"h":1,"t":0,"c":1,"e":-1,"r":0},{"x":9,"y":20,"hp":120,"w":1,"h":1,"t":0,"c":1,"e":-1,"r":0},{"x":7,"y":7,"hp":50,"w":1,"h":1,"t":0,"c":1,"e":-1,"r":0},{"x":10,"y":6,"hp":50,"w":1,"h":1,"t":0,"c":1,"e":-1,"r":0},{"x":10,"y":8,"hp":75,"w":1,"h":1,"t":0,"c":1,"e":-1,"r":0},{"x":10,"y":11,"hp":80,"w":1,"h":1,"t":0,"c":1,"e":-1,"r":0},{"x":2,"y":10,"hp":50,"w":1,"h":1,"t":0,"c":1,"e":-1,"r":0},{"x":3,"y":10,"hp":50,"w":1,"h":1,"t":0,"c":1,"e":-1,"r":0},{"x":0,"y":13,"hp":107,"w":1,"h":1,"t":0,"c":1,"e":-1,"r":0},{"x":7,"y":16,"hp":158,"w":1,"h":1,"t":0,"c":1,"e":-1,"r":0},{"x":8,"y":18,"hp":177,"w":1,"h":1,"t":0,"c":1,"e":-1,"r":0},{"x":9,"y":18,"hp":177,"w":1,"h":1,"t":0,"c":1,"e":-1,"r":0},{"x":10,"y":18,"hp":177,"w":1,"h":1,"t":0,"c":1,"e":-1,"r":0},{"x":8,"y":21,"hp":210,"w":1,"h":1,"t":0,"c":1,"e":-1,"r":0},{"x":9,"y":21,"hp":210,"w":1,"h":1,"t":0,"c":1,"e":-1,"r":0},{"x":10,"y":21,"hp":210,"w":1,"h":1,"t":0,"c":1,"e":-1,"r":0},{"x":7,"y":20,"hp":120,"w":1,"h":1,"t":0,"c":1,"e":-1,"r":0},{"x":4,"y":19,"hp":138,"w":1,"h":1,"t":0,"c":1,"e":-1,"r":0},{"x":6,"y":17,"hp":78,"w":1,"h":1,"t":0,"c":1,"e":-1,"r":0},{"x":5,"y":17,"hp":78,"w":1,"h":1,"t":0,"c":1,"e":7,"r":0},{"x":1,"y":11,"hp":80,"w":1,"h":1,"t":1,"c":1,"e":-1,"r":1},{"x":8,"y":12,"hp":88,"w":1,"h":1,"t":1,"c":1,"e":-1,"r":1},{"x":8,"y":9,"hp":66,"w":1,"h":1,"t":1,"c":1,"e":-1,"r":1},{"x":8,"y":11,"hp":80,"w":1,"h":1,"t":1,"c":1,"e":-1,"r":2},{"x":1,"y":10,"hp":50,"w":1,"h":1,"t":1,"c":1,"e":-1,"r":2},{"x":2,"y":8,"hp":75,"w":1,"h":1,"t":1,"c":1,"e":-1,"r":2},{"x":5,"y":6,"hp":50,"w":1,"h":1,"t":1,"c":1,"e":-1,"r":2},{"x":5,"y":12,"hp":50,"w":1,"h":1,"t":0,"c":1,"e":-1,"r":0},{"x":4,"y":12,"hp":50,"w":1,"h":1,"t":0,"c":1,"e":-1,"r":0}],"bu":[{"x":2,"y":7,"buff":1},{"x":0,"y":10,"buff":1},{"x":9,"y":14,"buff":1},{"x":2,"y":18,"buff":1},{"x":2,"y":21,"buff":1},{"x":6,"y":22,"buff":0},{"x":6,"y":9,"buff":0},{"x":1,"y":8,"buff":1},{"x":10,"y":16,"buff":1},{"x":7,"y":10,"buff":5},{"x":7,"y":9,"buff":0},{"x":8,"y":10,"buff":0},{"x":7,"y":11,"buff":0},{"x":6,"y":11,"buff":0},{"x":6,"y":10,"buff":0},{"x":1,"y":9,"buff":0}]}