{"l":313,"h":27,"w":11,"br":[{"x":1,"y":5,"hp":53,"w":1,"h":1,"t":0,"c":1,"e":-1,"r":0},{"x":2,"y":5,"hp":53,"w":1,"h":1,"t":0,"c":1,"e":-1,"r":0},{"x":3,"y":5,"hp":53,"w":1,"h":1,"t":0,"c":1,"e":-1,"r":0},{"x":5,"y":5,"hp":53,"w":1,"h":1,"t":0,"c":1,"e":-1,"r":0},{"x":1,"y":7,"hp":54,"w":1,"h":1,"t":0,"c":1,"e":-1,"r":0},{"x":2,"y":7,"hp":54,"w":1,"h":1,"t":0,"c":1,"e":-1,"r":0},{"x":5,"y":7,"hp":54,"w":1,"h":1,"t":0,"c":1,"e":0,"r":0},{"x":1,"y":8,"hp":106,"w":1,"h":1,"t":0,"c":1,"e":-1,"r":0},{"x":5,"y":8,"hp":106,"w":1,"h":1,"t":0,"c":1,"e":-1,"r":0},{"x":5,"y":9,"hp":87,"w":1,"h":1,"t":0,"c":1,"e":-1,"r":0},{"x":2,"y":10,"hp":107,"w":1,"h":1,"t":0,"c":1,"e":-1,"r":0},{"x":3,"y":10,"hp":107,"w":1,"h":1,"t":0,"c":1,"e":-1,"r":0},{"x":4,"y":10,"hp":107,"w":1,"h":1,"t":0,"c":1,"e":-1,"r":0},{"x":5,"y":10,"hp":107,"w":1,"h":1,"t":0,"c":1,"e":-1,"r":0},{"x":1,"y":11,"hp":77,"w":1,"h":1,"t":0,"c":1,"e":-1,"r":0},{"x":2,"y":11,"hp":77,"w":1,"h":1,"t":0,"c":1,"e":-1,"r":0},{"x":3,"y":11,"hp":77,"w":1,"h":1,"t":1,"c":1,"e":-1,"r":1},{"x":4,"y":11,"hp":77,"w":1,"h":1,"t":0,"c":1,"e":-1,"r":0},{"x":5,"y":11,"hp":77,"w":1,"h":1,"t":0,"c":1,"e":-1,"r":0},{"x":1,"y":12,"hp":88,"w":1,"h":1,"t":0,"c":1,"e":-1,"r":0},{"x":2,"y":12,"hp":88,"w":1,"h":1,"t":5,"c":1,"e":-1,"r":0},{"x":4,"y":12,"hp":88,"w":1,"h":1,"t":0,"c":1,"e":-1,"r":0},{"x":5,"y":12,"hp":88,"w":1,"h":1,"t":0,"c":1,"e":-1,"r":0},{"x":2,"y":13,"hp":107,"w":1,"h":1,"t":0,"c":1,"e":-1,"r":0},{"x":3,"y":13,"hp":107,"w":1,"h":1,"t":0,"c":1,"e":-1,"r":0},{"x":4,"y":13,"hp":107,"w":1,"h":1,"t":0,"c":1,"e":-1,"r":0},{"x":5,"y":13,"hp":107,"w":1,"h":1,"t":0,"c":1,"e":-1,"r":0},{"x":3,"y":14,"hp":80,"w":1,"h":1,"t":1,"c":1,"e":-1,"r":1},{"x":4,"y":14,"hp":80,"w":1,"h":1,"t":0,"c":1,"e":-1,"r":0},{"x":5,"y":14,"hp":80,"w":1,"h":1,"t":0,"c":1,"e":-1,"r":0},{"x":2,"y":15,"hp":130,"w":1,"h":1,"t":0,"c":1,"e":-1,"r":0},{"x":3,"y":15,"hp":130,"w":1,"h":1,"t":0,"c":1,"e":-1,"r":0},{"x":0,"y":17,"hp":115,"w":1,"h":1,"t":0,"c":1,"e":-1,"r":0},{"x":2,"y":17,"hp":115,"w":1,"h":1,"t":0,"c":1,"e":-1,"r":0},{"x":3,"y":17,"hp":115,"w":1,"h":1,"t":0,"c":1,"e":-1,"r":0},{"x":4,"y":17,"hp":115,"w":1,"h":1,"t":0,"c":1,"e":-1,"r":0},{"x":1,"y":18,"hp":137,"w":1,"h":1,"t":0,"c":1,"e":-1,"r":0},{"x":2,"y":18,"hp":137,"w":1,"h":1,"t":0,"c":1,"e":-1,"r":0},{"x":2,"y":20,"hp":100,"w":1,"h":1,"t":0,"c":1,"e":-1,"r":0},{"x":1,"y":21,"hp":154,"w":1,"h":1,"t":0,"c":1,"e":-1,"r":0},{"x":1,"y":22,"hp":130,"w":1,"h":1,"t":0,"c":1,"e":-1,"r":0},{"x":2,"y":23,"hp":154,"w":1,"h":1,"t":0,"c":1,"e":-1,"r":0},{"x":3,"y":23,"hp":154,"w":1,"h":1,"t":0,"c":1,"e":-1,"r":0},{"x":5,"y":23,"hp":154,"w":1,"h":1,"t":0,"c":1,"e":-1,"r":0},{"x":2,"y":24,"hp":91,"w":1,"h":1,"t":0,"c":1,"e":-1,"r":0},{"x":3,"y":24,"hp":91,"w":1,"h":1,"t":2,"c":1,"e":-1,"r":0},{"x":4,"y":24,"hp":91,"w":1,"h":1,"t":0,"c":1,"e":-1,"r":0},{"x":5,"y":24,"hp":91,"w":1,"h":1,"t":0,"c":1,"e":-1,"r":0},{"x":1,"y":25,"hp":100,"w":1,"h":1,"t":0,"c":1,"e":-1,"r":0},{"x":2,"y":25,"hp":100,"w":1,"h":1,"t":0,"c":1,"e":-1,"r":0},{"x":3,"y":25,"hp":100,"w":1,"h":1,"t":0,"c":1,"e":-1,"r":0},{"x":5,"y":25,"hp":100,"w":1,"h":1,"t":0,"c":1,"e":-1,"r":0},{"x":0,"y":26,"hp":170,"w":1,"h":1,"t":0,"c":1,"e":-1,"r":0},{"x":4,"y":26,"hp":170,"w":1,"h":1,"t":0,"c":1,"e":-1,"r":0},{"x":5,"y":26,"hp":170,"w":1,"h":1,"t":0,"c":1,"e":-1,"r":0},{"x":8,"y":5,"hp":53,"w":1,"h":1,"t":0,"c":1,"e":-1,"r":0},{"x":7,"y":5,"hp":53,"w":1,"h":1,"t":0,"c":1,"e":-1,"r":0},{"x":9,"y":7,"hp":54,"w":1,"h":1,"t":0,"c":1,"e":-1,"r":0},{"x":8,"y":7,"hp":54,"w":1,"h":1,"t":0,"c":1,"e":-1,"r":0},{"x":8,"y":10,"hp":107,"w":1,"h":1,"t":0,"c":1,"e":-1,"r":0},{"x":7,"y":10,"hp":107,"w":1,"h":1,"t":0,"c":1,"e":-1,"r":0},{"x":6,"y":10,"hp":107,"w":1,"h":1,"t":0,"c":1,"e":-1,"r":0},{"x":9,"y":11,"hp":77,"w":1,"h":1,"t":0,"c":1,"e":-1,"r":0},{"x":8,"y":11,"hp":77,"w":1,"h":1,"t":0,"c":1,"e":-1,"r":0},{"x":7,"y":11,"hp":77,"w":1,"h":1,"t":1,"c":1,"e":-1,"r":0},{"x":6,"y":11,"hp":77,"w":1,"h":1,"t":0,"c":1,"e":-1,"r":0},{"x":9,"y":12,"hp":88,"w":1,"h":1,"t":0,"c":1,"e":-1,"r":0},{"x":8,"y":12,"hp":88,"w":1,"h":1,"t":5,"c":1,"e":-1,"r":0},{"x":6,"y":12,"hp":88,"w":1,"h":1,"t":0,"c":1,"e":-1,"r":0},{"x":9,"y":13,"hp":107,"w":1,"h":1,"t":0,"c":1,"e":-1,"r":0},{"x":8,"y":13,"hp":107,"w":1,"h":1,"t":0,"c":1,"e":0,"r":0},{"x":7,"y":13,"hp":107,"w":1,"h":1,"t":0,"c":1,"e":-1,"r":0},{"x":6,"y":13,"hp":107,"w":1,"h":1,"t":0,"c":1,"e":-1,"r":0},{"x":7,"y":14,"hp":80,"w":1,"h":1,"t":1,"c":1,"e":-1,"r":0},{"x":6,"y":14,"hp":80,"w":1,"h":1,"t":0,"c":1,"e":-1,"r":0},{"x":9,"y":15,"hp":130,"w":1,"h":1,"t":0,"c":1,"e":-1,"r":0},{"x":8,"y":15,"hp":130,"w":1,"h":1,"t":0,"c":1,"e":-1,"r":0},{"x":7,"y":15,"hp":130,"w":1,"h":1,"t":0,"c":1,"e":-1,"r":0},{"x":6,"y":15,"hp":130,"w":1,"h":1,"t":0,"c":1,"e":-1,"r":0},{"x":9,"y":16,"hp":100,"w":1,"h":1,"t":0,"c":1,"e":-1,"r":0},{"x":8,"y":17,"hp":115,"w":1,"h":1,"t":0,"c":1,"e":-1,"r":0},{"x":7,"y":17,"hp":115,"w":1,"h":1,"t":0,"c":1,"e":-1,"r":0},{"x":9,"y":18,"hp":137,"w":1,"h":1,"t":0,"c":1,"e":-1,"r":0},{"x":8,"y":18,"hp":137,"w":1,"h":1,"t":0,"c":1,"e":0,"r":0},{"x":9,"y":19,"hp":88,"w":1,"h":1,"t":0,"c":1,"e":-1,"r":0},{"x":7,"y":19,"hp":88,"w":1,"h":1,"t":0,"c":1,"e":-1,"r":0},{"x":10,"y":20,"hp":100,"w":1,"h":1,"t":0,"c":1,"e":-1,"r":0},{"x":6,"y":20,"hp":100,"w":1,"h":1,"t":0,"c":1,"e":-1,"r":0},{"x":10,"y":21,"hp":154,"w":1,"h":1,"t":0,"c":1,"e":-1,"r":0},{"x":9,"y":21,"hp":154,"w":1,"h":1,"t":0,"c":1,"e":-1,"r":0},{"x":6,"y":21,"hp":154,"w":1,"h":1,"t":0,"c":1,"e":-1,"r":0},{"x":6,"y":22,"hp":130,"w":1,"h":1,"t":0,"c":1,"e":-1,"r":0},{"x":9,"y":23,"hp":154,"w":1,"h":1,"t":0,"c":1,"e":-1,"r":0},{"x":8,"y":23,"hp":154,"w":1,"h":1,"t":0,"c":1,"e":-1,"r":0},{"x":7,"y":23,"hp":154,"w":1,"h":1,"t":0,"c":1,"e":-1,"r":0},{"x":9,"y":24,"hp":91,"w":1,"h":1,"t":0,"c":1,"e":-1,"r":0},{"x":7,"y":24,"hp":91,"w":1,"h":1,"t":2,"c":1,"e":-1,"r":0},{"x":6,"y":24,"hp":91,"w":1,"h":1,"t":0,"c":1,"e":-1,"r":0},{"x":9,"y":25,"hp":100,"w":1,"h":1,"t":0,"c":1,"e":-1,"r":0},{"x":7,"y":25,"hp":100,"w":1,"h":1,"t":0,"c":1,"e":-1,"r":0},{"x":10,"y":26,"hp":170,"w":1,"h":1,"t":0,"c":1,"e":-1,"r":0},{"x":6,"y":26,"hp":170,"w":1,"h":1,"t":0,"c":1,"e":-1,"r":0},{"x":4,"y":9,"hp":87,"w":1,"h":1,"t":5,"c":1,"e":-1,"r":0},{"x":6,"y":9,"hp":87,"w":1,"h":1,"t":5,"c":1,"e":-1,"r":0},{"x":2,"y":22,"hp":130,"w":1,"h":1,"t":0,"c":1,"e":-1,"r":0},{"x":7,"y":20,"hp":100,"w":1,"h":1,"t":0,"c":1,"e":-1,"r":0},{"x":1,"y":20,"hp":100,"w":1,"h":1,"t":0,"c":1,"e":-1,"r":0},{"x":3,"y":21,"hp":154,"w":1,"h":1,"t":0,"c":1,"e":-1,"r":0},{"x":3,"y":19,"hp":88,"w":1,"h":1,"t":0,"c":1,"e":-1,"r":0},{"x":6,"y":19,"hp":88,"w":1,"h":1,"t":0,"c":1,"e":-1,"r":0},{"x":6,"y":18,"hp":137,"w":1,"h":1,"t":0,"c":1,"e":-1,"r":0},{"x":7,"y":18,"hp":137,"w":1,"h":1,"t":0,"c":1,"e":-1,"r":0},{"x":4,"y":15,"hp":130,"w":1,"h":1,"t":0,"c":1,"e":-1,"r":0},{"x":7,"y":22,"hp":130,"w":1,"h":1,"t":0,"c":1,"e":-1,"r":0},{"x":10,"y":22,"hp":130,"w":1,"h":1,"t":0,"c":1,"e":-1,"r":0},{"x":3,"y":22,"hp":130,"w":1,"h":1,"t":0,"c":1,"e":-1,"r":0},{"x":2,"y":21,"hp":154,"w":1,"h":1,"t":0,"c":1,"e":-1,"r":0},{"x":6,"y":25,"hp":100,"w":1,"h":1,"t":0,"c":1,"e":-1,"r":0},{"x":4,"y":25,"hp":100,"w":1,"h":1,"t":0,"c":1,"e":-1,"r":0},{"x":8,"y":16,"hp":100,"w":1,"h":1,"t":0,"c":1,"e":-1,"r":0},{"x":7,"y":16,"hp":100,"w":1,"h":1,"t":0,"c":1,"e":-1,"r":0},{"x":0,"y":14,"hp":80,"w":1,"h":1,"t":0,"c":1,"e":-1,"r":0},{"x":3,"y":7,"hp":50,"w":1,"h":1,"t":0,"c":1,"e":-1,"r":0},{"x":4,"y":7,"hp":50,"w":1,"h":1,"t":0,"c":1,"e":-1,"r":0},{"x":6,"y":7,"hp":50,"w":1,"h":1,"t":0,"c":1,"e":-1,"r":0},{"x":7,"y":7,"hp":50,"w":1,"h":1,"t":0,"c":1,"e":-1,"r":0},{"x":6,"y":5,"hp":50,"w":1,"h":1,"t":0,"c":1,"e":-1,"r":0},{"x":4,"y":5,"hp":50,"w":1,"h":1,"t":0,"c":1,"e":-1,"r":0},{"x":9,"y":5,"hp":50,"w":1,"h":1,"t":0,"c":1,"e":-1,"r":0},{"x":1,"y":6,"hp":50,"w":1,"h":1,"t":0,"c":1,"e":-1,"r":0},{"x":9,"y":6,"hp":50,"w":1,"h":1,"t":0,"c":1,"e":-1,"r":0},{"x":9,"y":8,"hp":50,"w":1,"h":1,"t":0,"c":1,"e":-1,"r":0}],"bu":[{"x":4,"y":8,"buff":1},{"x":8,"y":21,"buff":1},{"x":0,"y":20,"buff":1},{"x":10,"y":18,"buff":1},{"x":8,"y":24,"buff":1},{"x":3,"y":26,"buff":1},{"x":6,"y":16,"buff":0},{"x":1,"y":15,"buff":3},{"x":7,"y":21,"buff":2},{"x":5,"y":18,"buff":6},{"x":2,"y":9,"buff":4},{"x":10,"y":9,"buff":1},{"x":0,"y":7,"buff":1},{"x":10,"y":15,"buff":1},{"x":4,"y":16,"buff":1},{"x":3,"y":6,"buff":0},{"x":4,"y":6,"buff":0},{"x":5,"y":6,"buff":0},{"x":6,"y":6,"buff":0},{"x":7,"y":6,"buff":0},{"x":0,"y":11,"buff":0},{"x":10,"y":12,"buff":0}]}