{"l":91,"h":19,"w":11,"br":[{"x":2,"y":5,"hp":32,"w":1,"h":1,"t":0,"c":2,"e":-1,"r":0},{"x":4,"y":5,"hp":32,"w":1,"h":1,"t":0,"c":2,"e":-1,"r":0},{"x":1,"y":6,"hp":35,"w":1,"h":1,"t":0,"c":3,"e":-1,"r":0},{"x":3,"y":6,"hp":35,"w":1,"h":1,"t":0,"c":3,"e":-1,"r":0},{"x":0,"y":7,"hp":65,"w":1,"h":1,"t":0,"c":4,"e":-1,"r":0},{"x":1,"y":7,"hp":65,"w":1,"h":1,"t":0,"c":4,"e":-1,"r":0},{"x":2,"y":7,"hp":65,"w":1,"h":1,"t":0,"c":4,"e":7,"r":0},{"x":0,"y":8,"hp":98,"w":1,"h":1,"t":0,"c":4,"e":-1,"r":0},{"x":0,"y":10,"hp":67,"w":1,"h":1,"t":0,"c":4,"e":-1,"r":0},{"x":0,"y":11,"hp":67,"w":1,"h":1,"t":0,"c":4,"e":-1,"r":0},{"x":1,"y":11,"hp":67,"w":1,"h":1,"t":0,"c":4,"e":-1,"r":0},{"x":3,"y":11,"hp":67,"w":1,"h":1,"t":0,"c":4,"e":-1,"r":0},{"x":1,"y":12,"hp":65,"w":1,"h":1,"t":0,"c":4,"e":-1,"r":0},{"x":2,"y":12,"hp":65,"w":1,"h":1,"t":0,"c":4,"e":-1,"r":0},{"x":3,"y":12,"hp":65,"w":1,"h":1,"t":0,"c":4,"e":-1,"r":0},{"x":2,"y":13,"hp":83,"w":1,"h":1,"t":0,"c":3,"e":-1,"r":0},{"x":3,"y":13,"hp":83,"w":1,"h":1,"t":0,"c":3,"e":-1,"r":0},{"x":4,"y":13,"hp":83,"w":1,"h":1,"t":0,"c":3,"e":-1,"r":0},{"x":5,"y":13,"hp":83,"w":1,"h":1,"t":0,"c":3,"e":-1,"r":0},{"x":1,"y":14,"hp":119,"w":1,"h":1,"t":0,"c":4,"e":-1,"r":0},{"x":2,"y":14,"hp":119,"w":1,"h":1,"t":0,"c":4,"e":-1,"r":0},{"x":3,"y":14,"hp":119,"w":1,"h":1,"t":0,"c":4,"e":-1,"r":0},{"x":5,"y":14,"hp":119,"w":1,"h":1,"t":0,"c":4,"e":-1,"r":0},{"x":1,"y":15,"hp":100,"w":1,"h":1,"t":0,"c":3,"e":-1,"r":0},{"x":2,"y":15,"hp":100,"w":1,"h":1,"t":0,"c":3,"e":-1,"r":0},{"x":0,"y":16,"hp":45,"w":1,"h":1,"t":0,"c":4,"e":-1,"r":0},{"x":1,"y":16,"hp":45,"w":1,"h":1,"t":0,"c":4,"e":-1,"r":0},{"x":2,"y":16,"hp":45,"w":1,"h":1,"t":0,"c":4,"e":-1,"r":0},{"x":0,"y":17,"hp":67,"w":1,"h":1,"t":0,"c":3,"e":-1,"r":0},{"x":0,"y":18,"hp":81,"w":1,"h":1,"t":0,"c":4,"e":-1,"r":0},{"x":2,"y":18,"hp":81,"w":1,"h":1,"t":0,"c":4,"e":-1,"r":0},{"x":3,"y":18,"hp":81,"w":1,"h":1,"t":0,"c":4,"e":-1,"r":0},{"x":8,"y":5,"hp":32,"w":1,"h":1,"t":0,"c":2,"e":-1,"r":0},{"x":9,"y":6,"hp":35,"w":1,"h":1,"t":0,"c":3,"e":-1,"r":0},{"x":10,"y":7,"hp":65,"w":1,"h":1,"t":0,"c":4,"e":-1,"r":0},{"x":9,"y":7,"hp":65,"w":1,"h":1,"t":0,"c":4,"e":7,"r":0},{"x":10,"y":8,"hp":98,"w":1,"h":1,"t":0,"c":4,"e":-1,"r":0},{"x":10,"y":10,"hp":67,"w":1,"h":1,"t":0,"c":4,"e":-1,"r":0},{"x":10,"y":11,"hp":67,"w":1,"h":1,"t":0,"c":4,"e":-1,"r":0},{"x":9,"y":11,"hp":67,"w":1,"h":1,"t":0,"c":4,"e":-1,"r":0},{"x":7,"y":11,"hp":67,"w":1,"h":1,"t":0,"c":4,"e":-1,"r":0},{"x":9,"y":12,"hp":65,"w":1,"h":1,"t":0,"c":4,"e":-1,"r":0},{"x":8,"y":12,"hp":65,"w":1,"h":1,"t":0,"c":4,"e":-1,"r":0},{"x":7,"y":12,"hp":65,"w":1,"h":1,"t":0,"c":4,"e":9,"r":0},{"x":10,"y":13,"hp":83,"w":1,"h":1,"t":0,"c":3,"e":-1,"r":0},{"x":8,"y":13,"hp":83,"w":1,"h":1,"t":0,"c":3,"e":-1,"r":0},{"x":7,"y":13,"hp":83,"w":1,"h":1,"t":0,"c":3,"e":-1,"r":0},{"x":8,"y":14,"hp":119,"w":1,"h":1,"t":0,"c":4,"e":-1,"r":0},{"x":7,"y":14,"hp":119,"w":1,"h":1,"t":0,"c":4,"e":-1,"r":0},{"x":7,"y":15,"hp":100,"w":1,"h":1,"t":0,"c":3,"e":-1,"r":0},{"x":9,"y":16,"hp":45,"w":1,"h":1,"t":0,"c":4,"e":-1,"r":0},{"x":8,"y":16,"hp":45,"w":1,"h":1,"t":0,"c":4,"e":-1,"r":0},{"x":7,"y":16,"hp":45,"w":1,"h":1,"t":0,"c":4,"e":-1,"r":0},{"x":8,"y":18,"hp":81,"w":1,"h":1,"t":0,"c":4,"e":-1,"r":0},{"x":7,"y":18,"hp":81,"w":1,"h":1,"t":0,"c":4,"e":-1,"r":0},{"x":2,"y":6,"hp":35,"w":1,"h":1,"t":0,"c":3,"e":-1,"r":0},{"x":8,"y":6,"hp":35,"w":1,"h":1,"t":0,"c":3,"e":-1,"r":0},{"x":5,"y":12,"hp":65,"w":1,"h":1,"t":0,"c":4,"e":-1,"r":0},{"x":5,"y":11,"hp":67,"w":1,"h":1,"t":0,"c":4,"e":-1,"r":0},{"x":5,"y":10,"hp":67,"w":1,"h":1,"t":0,"c":4,"e":-1,"r":0},{"x":4,"y":10,"hp":67,"w":1,"h":1,"t":0,"c":4,"e":3,"r":0},{"x":6,"y":10,"hp":67,"w":1,"h":1,"t":0,"c":4,"e":-1,"r":0},{"x":1,"y":9,"hp":78,"w":1,"h":1,"t":0,"c":4,"e":-1,"r":0},{"x":2,"y":8,"hp":98,"w":1,"h":1,"t":0,"c":4,"e":-1,"r":0},{"x":3,"y":7,"hp":65,"w":1,"h":1,"t":0,"c":4,"e":-1,"r":0},{"x":4,"y":7,"hp":65,"w":1,"h":1,"t":0,"c":4,"e":-1,"r":0},{"x":5,"y":7,"hp":65,"w":1,"h":1,"t":0,"c":4,"e":3,"r":0},{"x":5,"y":6,"hp":40,"w":1,"h":1,"t":0,"c":3,"e":-1,"r":0},{"x":6,"y":16,"hp":45,"w":1,"h":1,"t":0,"c":4,"e":-1,"r":0},{"x":6,"y":18,"hp":81,"w":1,"h":1,"t":0,"c":4,"e":-1,"r":0},{"x":9,"y":18,"hp":81,"w":1,"h":1,"t":0,"c":4,"e":-1,"r":0},{"x":6,"y":17,"hp":67,"w":1,"h":1,"t":0,"c":3,"e":-1,"r":0},{"x":7,"y":17,"hp":67,"w":1,"h":1,"t":0,"c":3,"e":7,"r":0},{"x":8,"y":17,"hp":67,"w":1,"h":1,"t":0,"c":3,"e":-1,"r":0},{"x":9,"y":17,"hp":67,"w":1,"h":1,"t":0,"c":3,"e":-1,"r":0},{"x":8,"y":15,"hp":100,"w":1,"h":1,"t":0,"c":3,"e":-1,"r":0},{"x":9,"y":15,"hp":100,"w":1,"h":1,"t":0,"c":3,"e":-1,"r":0},{"x":9,"y":13,"hp":40,"w":1,"h":1,"t":0,"c":3,"e":-1,"r":0},{"x":4,"y":14,"hp":119,"w":1,"h":1,"t":0,"c":4,"e":-1,"r":0},{"x":2,"y":17,"hp":67,"w":1,"h":1,"t":0,"c":3,"e":-1,"r":0},{"x":1,"y":17,"hp":67,"w":1,"h":1,"t":0,"c":3,"e":-1,"r":0},{"x":1,"y":18,"hp":81,"w":1,"h":1,"t":0,"c":4,"e":-1,"r":0},{"x":3,"y":16,"hp":45,"w":1,"h":1,"t":0,"c":4,"e":-1,"r":0},{"x":5,"y":18,"hp":81,"w":1,"h":1,"t":0,"c":4,"e":-1,"r":0},{"x":5,"y":16,"hp":45,"w":1,"h":1,"t":0,"c":4,"e":-1,"r":0},{"x":9,"y":14,"hp":119,"w":1,"h":1,"t":0,"c":4,"e":-1,"r":0},{"x":3,"y":17,"hp":67,"w":1,"h":1,"t":0,"c":3,"e":-1,"r":0},{"x":3,"y":15,"hp":100,"w":1,"h":1,"t":0,"c":3,"e":3,"r":0},{"x":5,"y":17,"hp":67,"w":1,"h":1,"t":0,"c":3,"e":-1,"r":0},{"x":5,"y":5,"hp":40,"w":1,"h":1,"t":0,"c":2,"e":-1,"r":0},{"x":10,"y":6,"hp":40,"w":1,"h":1,"t":0,"c":3,"e":-1,"r":0},{"x":8,"y":7,"hp":65,"w":1,"h":1,"t":0,"c":4,"e":-1,"r":0},{"x":8,"y":8,"hp":98,"w":1,"h":1,"t":0,"c":4,"e":-1,"r":0},{"x":8,"y":11,"hp":67,"w":1,"h":1,"t":0,"c":4,"e":-1,"r":0},{"x":8,"y":10,"hp":67,"w":1,"h":1,"t":0,"c":4,"e":-1,"r":0},{"x":5,"y":9,"hp":78,"w":1,"h":1,"t":0,"c":4,"e":-1,"r":0}],"bu":[{"x":6,"y":14,"buff":0},{"x":4,"y":16,"buff":0},{"x":7,"y":7,"buff":6},{"x":1,"y":10,"buff":0},{"x":3,"y":10,"buff":0},{"x":2,"y":11,"buff":0},{"x":2,"y":10,"buff":0},{"x":2,"y":9,"buff":0},{"x":3,"y":9,"buff":0},{"x":3,"y":8,"buff":0},{"x":4,"y":8,"buff":0},{"x":4,"y":9,"buff":0}]}