{"l":169,"h":19,"w":11,"br":[{"x":0,"y":5,"hp":63,"w":1,"h":1,"t":0,"c":4,"e":-1,"r":0},{"x":1,"y":5,"hp":63,"w":1,"h":1,"t":0,"c":4,"e":-1,"r":0},{"x":4,"y":5,"hp":63,"w":1,"h":1,"t":0,"c":4,"e":-1,"r":0},{"x":5,"y":5,"hp":63,"w":1,"h":1,"t":0,"c":4,"e":-1,"r":0},{"x":0,"y":6,"hp":42,"w":1,"h":1,"t":0,"c":4,"e":-1,"r":0},{"x":2,"y":6,"hp":42,"w":1,"h":1,"t":0,"c":4,"e":-1,"r":0},{"x":3,"y":6,"hp":42,"w":1,"h":1,"t":0,"c":4,"e":-1,"r":0},{"x":5,"y":6,"hp":42,"w":1,"h":1,"t":0,"c":4,"e":-1,"r":0},{"x":2,"y":10,"hp":60,"w":1,"h":1,"t":0,"c":4,"e":-1,"r":0},{"x":3,"y":10,"hp":60,"w":1,"h":1,"t":0,"c":4,"e":-1,"r":0},{"x":0,"y":11,"hp":87,"w":1,"h":1,"t":0,"c":4,"e":-1,"r":0},{"x":1,"y":11,"hp":87,"w":1,"h":1,"t":0,"c":4,"e":-1,"r":0},{"x":2,"y":11,"hp":87,"w":1,"h":1,"t":0,"c":4,"e":-1,"r":0},{"x":3,"y":11,"hp":87,"w":1,"h":1,"t":2,"c":4,"e":-1,"r":0},{"x":0,"y":12,"hp":104,"w":1,"h":1,"t":0,"c":4,"e":-1,"r":0},{"x":1,"y":12,"hp":104,"w":1,"h":1,"t":0,"c":4,"e":7,"r":0},{"x":2,"y":12,"hp":104,"w":1,"h":1,"t":0,"c":4,"e":-1,"r":0},{"x":3,"y":12,"hp":104,"w":1,"h":1,"t":0,"c":4,"e":-1,"r":0},{"x":1,"y":13,"hp":70,"w":1,"h":1,"t":0,"c":4,"e":-1,"r":0},{"x":2,"y":13,"hp":70,"w":1,"h":1,"t":3,"c":4,"e":-1,"r":0},{"x":0,"y":14,"hp":91,"w":1,"h":1,"t":0,"c":4,"e":-1,"r":0},{"x":2,"y":14,"hp":91,"w":1,"h":1,"t":0,"c":4,"e":-1,"r":0},{"x":0,"y":15,"hp":117,"w":1,"h":1,"t":0,"c":4,"e":-1,"r":0},{"x":1,"y":15,"hp":117,"w":1,"h":1,"t":1,"c":4,"e":-1,"r":0},{"x":5,"y":15,"hp":117,"w":1,"h":1,"t":0,"c":4,"e":-1,"r":0},{"x":2,"y":16,"hp":135,"w":1,"h":1,"t":0,"c":4,"e":-1,"r":0},{"x":3,"y":16,"hp":135,"w":1,"h":1,"t":0,"c":4,"e":-1,"r":0},{"x":4,"y":16,"hp":135,"w":1,"h":1,"t":4,"c":4,"e":-1,"r":0},{"x":5,"y":16,"hp":135,"w":1,"h":1,"t":0,"c":4,"e":-1,"r":0},{"x":1,"y":17,"hp":72,"w":1,"h":1,"t":0,"c":4,"e":-1,"r":0},{"x":2,"y":17,"hp":72,"w":1,"h":1,"t":0,"c":4,"e":-1,"r":0},{"x":3,"y":17,"hp":72,"w":1,"h":1,"t":0,"c":4,"e":-1,"r":0},{"x":5,"y":17,"hp":72,"w":1,"h":1,"t":5,"c":4,"e":-1,"r":0},{"x":3,"y":18,"hp":66,"w":1,"h":1,"t":4,"c":4,"e":-1,"r":0},{"x":4,"y":18,"hp":66,"w":1,"h":1,"t":0,"c":4,"e":-1,"r":0},{"x":5,"y":18,"hp":66,"w":1,"h":1,"t":0,"c":4,"e":-1,"r":0},{"x":6,"y":5,"hp":63,"w":1,"h":1,"t":0,"c":4,"e":-1,"r":0},{"x":9,"y":8,"hp":51,"w":1,"h":1,"t":0,"c":4,"e":-1,"r":0},{"x":9,"y":9,"hp":56,"w":1,"h":1,"t":0,"c":4,"e":-1,"r":0},{"x":8,"y":9,"hp":56,"w":1,"h":1,"t":1,"c":4,"e":-1,"r":2},{"x":8,"y":10,"hp":60,"w":1,"h":1,"t":0,"c":4,"e":-1,"r":0},{"x":7,"y":10,"hp":60,"w":1,"h":1,"t":0,"c":4,"e":-1,"r":0},{"x":10,"y":11,"hp":87,"w":1,"h":1,"t":0,"c":4,"e":-1,"r":0},{"x":9,"y":11,"hp":87,"w":1,"h":1,"t":0,"c":4,"e":-1,"r":0},{"x":8,"y":11,"hp":87,"w":1,"h":1,"t":0,"c":4,"e":-1,"r":0},{"x":7,"y":11,"hp":87,"w":1,"h":1,"t":2,"c":4,"e":-1,"r":0},{"x":6,"y":11,"hp":87,"w":1,"h":1,"t":0,"c":4,"e":-1,"r":0},{"x":10,"y":12,"hp":104,"w":1,"h":1,"t":0,"c":4,"e":7,"r":0},{"x":9,"y":12,"hp":104,"w":1,"h":1,"t":0,"c":4,"e":-1,"r":0},{"x":8,"y":12,"hp":104,"w":1,"h":1,"t":0,"c":4,"e":-1,"r":0},{"x":7,"y":12,"hp":104,"w":1,"h":1,"t":0,"c":4,"e":-1,"r":0},{"x":6,"y":12,"hp":104,"w":1,"h":1,"t":0,"c":4,"e":1,"r":0},{"x":9,"y":13,"hp":70,"w":1,"h":1,"t":0,"c":4,"e":-1,"r":0},{"x":8,"y":13,"hp":70,"w":1,"h":1,"t":3,"c":4,"e":-1,"r":0},{"x":6,"y":13,"hp":70,"w":1,"h":1,"t":0,"c":4,"e":-1,"r":0},{"x":8,"y":14,"hp":91,"w":1,"h":1,"t":0,"c":4,"e":-1,"r":0},{"x":6,"y":14,"hp":91,"w":1,"h":1,"t":0,"c":4,"e":-1,"r":0},{"x":7,"y":15,"hp":117,"w":1,"h":1,"t":0,"c":4,"e":-1,"r":0},{"x":8,"y":16,"hp":135,"w":1,"h":1,"t":0,"c":4,"e":-1,"r":0},{"x":7,"y":16,"hp":135,"w":1,"h":1,"t":0,"c":4,"e":-1,"r":0},{"x":10,"y":17,"hp":72,"w":1,"h":1,"t":0,"c":4,"e":-1,"r":0},{"x":9,"y":17,"hp":72,"w":1,"h":1,"t":0,"c":4,"e":-1,"r":0},{"x":8,"y":17,"hp":72,"w":1,"h":1,"t":0,"c":4,"e":-1,"r":0},{"x":7,"y":17,"hp":72,"w":1,"h":1,"t":0,"c":4,"e":-1,"r":0},{"x":10,"y":18,"hp":66,"w":1,"h":1,"t":0,"c":4,"e":-1,"r":0},{"x":7,"y":18,"hp":66,"w":1,"h":1,"t":4,"c":4,"e":-1,"r":0},{"x":6,"y":18,"hp":66,"w":1,"h":1,"t":0,"c":4,"e":7,"r":0},{"x":0,"y":7,"hp":630,"w":7,"h":2,"t":0,"c":2,"e":-1,"r":0},{"x":7,"y":13,"hp":70,"w":1,"h":1,"t":0,"c":4,"e":-1,"r":0},{"x":7,"y":14,"hp":70,"w":1,"h":1,"t":0,"c":4,"e":-1,"r":0},{"x":8,"y":15,"hp":117,"w":1,"h":1,"t":0,"c":4,"e":-1,"r":0},{"x":2,"y":18,"hp":70,"w":1,"h":1,"t":0,"c":4,"e":-1,"r":0},{"x":1,"y":18,"hp":70,"w":1,"h":1,"t":0,"c":4,"e":-1,"r":0},{"x":3,"y":14,"hp":70,"w":1,"h":1,"t":0,"c":4,"e":-1,"r":0},{"x":1,"y":14,"hp":70,"w":1,"h":1,"t":0,"c":4,"e":-1,"r":0},{"x":6,"y":15,"hp":117,"w":1,"h":1,"t":0,"c":4,"e":-1,"r":0},{"x":1,"y":6,"hp":42,"w":1,"h":1,"t":0,"c":4,"e":-1,"r":0},{"x":8,"y":8,"hp":70,"w":1,"h":1,"t":0,"c":4,"e":-1,"r":0},{"x":2,"y":5,"hp":63,"w":1,"h":1,"t":0,"c":4,"e":-1,"r":0},{"x":3,"y":5,"hp":63,"w":1,"h":1,"t":0,"c":4,"e":-1,"r":0},{"x":9,"y":7,"hp":70,"w":1,"h":1,"t":0,"c":4,"e":-1,"r":0},{"x":9,"y":6,"hp":42,"w":1,"h":1,"t":0,"c":4,"e":-1,"r":0},{"x":9,"y":5,"hp":63,"w":1,"h":1,"t":0,"c":4,"e":-1,"r":0}],"bu":[{"x":10,"y":5,"buff":1},{"x":4,"y":11,"buff":1},{"x":10,"y":9,"buff":0},{"x":5,"y":13,"buff":0},{"x":4,"y":17,"buff":0},{"x":9,"y":18,"buff":0},{"x":4,"y":14,"buff":2},{"x":9,"y":10,"buff":2},{"x":8,"y":7,"buff":1},{"x":1,"y":10,"buff":1},{"x":0,"y":10,"buff":1},{"x":2,"y":15,"buff":1}]}