{"l":348,"h":43,"w":11,"br":[{"x":5,"y":5,"hp":78,"w":1,"h":1,"t":0,"c":5,"e":-1,"r":0},{"x":1,"y":6,"hp":66,"w":1,"h":1,"t":0,"c":5,"e":-1,"r":0},{"x":4,"y":8,"hp":73,"w":1,"h":1,"t":4,"c":5,"e":-1,"r":0},{"x":0,"y":9,"hp":45,"w":1,"h":1,"t":0,"c":5,"e":-1,"r":0},{"x":2,"y":9,"hp":45,"w":1,"h":1,"t":0,"c":5,"e":-1,"r":0},{"x":3,"y":9,"hp":45,"w":1,"h":1,"t":0,"c":5,"e":-1,"r":0},{"x":4,"y":9,"hp":45,"w":1,"h":1,"t":0,"c":5,"e":-1,"r":0},{"x":5,"y":9,"hp":45,"w":1,"h":1,"t":0,"c":5,"e":-1,"r":0},{"x":0,"y":10,"hp":84,"w":1,"h":1,"t":0,"c":5,"e":-1,"r":0},{"x":2,"y":10,"hp":84,"w":1,"h":1,"t":0,"c":5,"e":-1,"r":0},{"x":4,"y":11,"hp":82,"w":1,"h":1,"t":0,"c":5,"e":-1,"r":0},{"x":5,"y":11,"hp":82,"w":1,"h":1,"t":0,"c":5,"e":-1,"r":0},{"x":0,"y":12,"hp":85,"w":1,"h":1,"t":0,"c":5,"e":-1,"r":0},{"x":4,"y":12,"hp":85,"w":1,"h":1,"t":0,"c":5,"e":-1,"r":0},{"x":5,"y":12,"hp":85,"w":1,"h":1,"t":0,"c":5,"e":-1,"r":0},{"x":1,"y":13,"hp":103,"w":1,"h":1,"t":0,"c":5,"e":-1,"r":0},{"x":2,"y":13,"hp":103,"w":1,"h":1,"t":0,"c":5,"e":-1,"r":0},{"x":5,"y":13,"hp":103,"w":1,"h":1,"t":0,"c":5,"e":-1,"r":0},{"x":1,"y":14,"hp":141,"w":1,"h":1,"t":0,"c":5,"e":-1,"r":0},{"x":4,"y":14,"hp":141,"w":1,"h":1,"t":0,"c":5,"e":-1,"r":0},{"x":5,"y":14,"hp":141,"w":1,"h":1,"t":0,"c":5,"e":-1,"r":0},{"x":3,"y":15,"hp":182,"w":1,"h":1,"t":0,"c":5,"e":-1,"r":0},{"x":4,"y":15,"hp":182,"w":1,"h":1,"t":0,"c":5,"e":-1,"r":0},{"x":5,"y":15,"hp":182,"w":1,"h":1,"t":0,"c":5,"e":-1,"r":0},{"x":2,"y":16,"hp":132,"w":1,"h":1,"t":0,"c":5,"e":-1,"r":0},{"x":3,"y":16,"hp":132,"w":1,"h":1,"t":0,"c":5,"e":-1,"r":0},{"x":4,"y":16,"hp":132,"w":1,"h":1,"t":2,"c":5,"e":-1,"r":1},{"x":5,"y":16,"hp":132,"w":1,"h":1,"t":0,"c":5,"e":-1,"r":0},{"x":1,"y":17,"hp":134,"w":1,"h":1,"t":0,"c":5,"e":-1,"r":0},{"x":2,"y":17,"hp":134,"w":1,"h":1,"t":2,"c":5,"e":-1,"r":2},{"x":3,"y":17,"hp":134,"w":1,"h":1,"t":0,"c":5,"e":-1,"r":0},{"x":4,"y":17,"hp":134,"w":1,"h":1,"t":0,"c":5,"e":-1,"r":0},{"x":5,"y":17,"hp":134,"w":1,"h":1,"t":0,"c":5,"e":7,"r":0},{"x":1,"y":18,"hp":263,"w":1,"h":1,"t":0,"c":5,"e":-1,"r":0},{"x":2,"y":18,"hp":263,"w":1,"h":1,"t":0,"c":5,"e":-1,"r":0},{"x":4,"y":18,"hp":263,"w":1,"h":1,"t":0,"c":5,"e":-1,"r":0},{"x":5,"y":18,"hp":263,"w":1,"h":1,"t":0,"c":5,"e":-1,"r":0},{"x":1,"y":19,"hp":138,"w":1,"h":1,"t":0,"c":5,"e":-1,"r":0},{"x":4,"y":19,"hp":138,"w":1,"h":1,"t":0,"c":5,"e":-1,"r":0},{"x":5,"y":19,"hp":138,"w":1,"h":1,"t":0,"c":5,"e":-1,"r":0},{"x":3,"y":20,"hp":261,"w":1,"h":1,"t":2,"c":5,"e":-1,"r":2},{"x":4,"y":20,"hp":261,"w":1,"h":1,"t":0,"c":5,"e":-1,"r":0},{"x":5,"y":20,"hp":261,"w":1,"h":1,"t":0,"c":5,"e":-1,"r":0},{"x":3,"y":21,"hp":200,"w":1,"h":1,"t":0,"c":5,"e":-1,"r":0},{"x":4,"y":21,"hp":200,"w":1,"h":1,"t":3,"c":5,"e":-1,"r":0},{"x":5,"y":21,"hp":200,"w":1,"h":1,"t":0,"c":5,"e":-1,"r":0},{"x":0,"y":22,"hp":130,"w":1,"h":1,"t":0,"c":5,"e":-1,"r":0},{"x":4,"y":22,"hp":130,"w":1,"h":1,"t":0,"c":5,"e":-1,"r":0},{"x":5,"y":22,"hp":130,"w":1,"h":1,"t":0,"c":5,"e":-1,"r":0},{"x":0,"y":23,"hp":243,"w":1,"h":1,"t":0,"c":5,"e":-1,"r":0},{"x":1,"y":23,"hp":243,"w":1,"h":1,"t":0,"c":5,"e":-1,"r":0},{"x":2,"y":23,"hp":243,"w":1,"h":1,"t":0,"c":5,"e":-1,"r":0},{"x":4,"y":23,"hp":243,"w":1,"h":1,"t":0,"c":5,"e":-1,"r":0},{"x":5,"y":23,"hp":243,"w":1,"h":1,"t":0,"c":5,"e":-1,"r":0},{"x":1,"y":24,"hp":175,"w":1,"h":1,"t":0,"c":5,"e":-1,"r":0},{"x":5,"y":24,"hp":175,"w":1,"h":1,"t":0,"c":5,"e":-1,"r":0},{"x":1,"y":25,"hp":154,"w":1,"h":1,"t":1,"c":5,"e":-1,"r":0},{"x":2,"y":25,"hp":154,"w":1,"h":1,"t":0,"c":5,"e":-1,"r":0},{"x":3,"y":25,"hp":154,"w":1,"h":1,"t":0,"c":5,"e":-1,"r":0},{"x":4,"y":25,"hp":154,"w":1,"h":1,"t":0,"c":5,"e":-1,"r":0},{"x":5,"y":25,"hp":154,"w":1,"h":1,"t":0,"c":5,"e":-1,"r":0},{"x":5,"y":26,"hp":173,"w":1,"h":1,"t":0,"c":5,"e":-1,"r":0},{"x":3,"y":27,"hp":117,"w":1,"h":1,"t":0,"c":5,"e":-1,"r":0},{"x":4,"y":27,"hp":117,"w":1,"h":1,"t":0,"c":5,"e":-1,"r":0},{"x":5,"y":27,"hp":117,"w":1,"h":1,"t":0,"c":5,"e":-1,"r":0},{"x":1,"y":28,"hp":168,"w":1,"h":1,"t":0,"c":5,"e":-1,"r":0},{"x":2,"y":28,"hp":168,"w":1,"h":1,"t":0,"c":5,"e":-1,"r":0},{"x":3,"y":28,"hp":168,"w":1,"h":1,"t":0,"c":5,"e":-1,"r":0},{"x":4,"y":28,"hp":168,"w":1,"h":1,"t":0,"c":5,"e":-1,"r":0},{"x":5,"y":28,"hp":168,"w":1,"h":1,"t":0,"c":5,"e":-1,"r":0},{"x":0,"y":29,"hp":271,"w":1,"h":1,"t":0,"c":5,"e":-1,"r":0},{"x":1,"y":29,"hp":271,"w":1,"h":1,"t":0,"c":5,"e":-1,"r":0},{"x":2,"y":29,"hp":271,"w":1,"h":1,"t":0,"c":5,"e":-1,"r":0},{"x":3,"y":29,"hp":271,"w":1,"h":1,"t":1,"c":5,"e":-1,"r":1},{"x":4,"y":29,"hp":271,"w":1,"h":1,"t":0,"c":5,"e":-1,"r":0},{"x":2,"y":30,"hp":110,"w":1,"h":1,"t":0,"c":5,"e":-1,"r":0},{"x":3,"y":30,"hp":110,"w":1,"h":1,"t":0,"c":5,"e":-1,"r":0},{"x":4,"y":30,"hp":110,"w":1,"h":1,"t":4,"c":5,"e":-1,"r":0},{"x":5,"y":30,"hp":110,"w":1,"h":1,"t":0,"c":5,"e":-1,"r":0},{"x":4,"y":31,"hp":105,"w":1,"h":1,"t":1,"c":5,"e":-1,"r":2},{"x":5,"y":31,"hp":105,"w":1,"h":1,"t":0,"c":5,"e":-1,"r":0},{"x":2,"y":33,"hp":175,"w":1,"h":1,"t":0,"c":5,"e":-1,"r":0},{"x":3,"y":33,"hp":175,"w":1,"h":1,"t":0,"c":5,"e":-1,"r":0},{"x":4,"y":33,"hp":175,"w":1,"h":1,"t":0,"c":5,"e":-1,"r":0},{"x":5,"y":33,"hp":175,"w":1,"h":1,"t":0,"c":5,"e":-1,"r":0},{"x":4,"y":34,"hp":114,"w":1,"h":1,"t":0,"c":5,"e":-1,"r":0},{"x":5,"y":34,"hp":114,"w":1,"h":1,"t":0,"c":5,"e":-1,"r":0},{"x":4,"y":35,"hp":150,"w":1,"h":1,"t":2,"c":5,"e":-1,"r":1},{"x":5,"y":35,"hp":150,"w":1,"h":1,"t":0,"c":5,"e":-1,"r":0},{"x":2,"y":36,"hp":100,"w":1,"h":1,"t":0,"c":5,"e":-1,"r":0},{"x":4,"y":36,"hp":100,"w":1,"h":1,"t":5,"c":5,"e":-1,"r":0},{"x":5,"y":36,"hp":100,"w":1,"h":1,"t":0,"c":5,"e":-1,"r":0},{"x":3,"y":37,"hp":209,"w":1,"h":1,"t":0,"c":5,"e":-1,"r":0},{"x":4,"y":37,"hp":209,"w":1,"h":1,"t":0,"c":5,"e":-1,"r":0},{"x":5,"y":37,"hp":209,"w":1,"h":1,"t":0,"c":5,"e":-1,"r":0},{"x":1,"y":38,"hp":110,"w":1,"h":1,"t":0,"c":5,"e":-1,"r":0},{"x":2,"y":38,"hp":110,"w":1,"h":1,"t":0,"c":5,"e":-1,"r":0},{"x":3,"y":38,"hp":110,"w":1,"h":1,"t":0,"c":5,"e":-1,"r":0},{"x":4,"y":38,"hp":110,"w":1,"h":1,"t":0,"c":5,"e":-1,"r":0},{"x":1,"y":39,"hp":135,"w":1,"h":1,"t":0,"c":5,"e":-1,"r":0},{"x":2,"y":39,"hp":135,"w":1,"h":1,"t":0,"c":5,"e":-1,"r":0},{"x":5,"y":39,"hp":135,"w":1,"h":1,"t":0,"c":5,"e":-1,"r":0},{"x":1,"y":40,"hp":105,"w":1,"h":1,"t":0,"c":5,"e":-1,"r":0},{"x":2,"y":40,"hp":105,"w":1,"h":1,"t":0,"c":5,"e":-1,"r":0},{"x":3,"y":40,"hp":105,"w":1,"h":1,"t":0,"c":5,"e":-1,"r":0},{"x":4,"y":40,"hp":105,"w":1,"h":1,"t":0,"c":5,"e":-1,"r":0},{"x":5,"y":40,"hp":105,"w":1,"h":1,"t":0,"c":5,"e":-1,"r":0},{"x":0,"y":41,"hp":240,"w":1,"h":1,"t":0,"c":5,"e":-1,"r":0},{"x":3,"y":41,"hp":240,"w":1,"h":1,"t":0,"c":5,"e":-1,"r":0},{"x":5,"y":41,"hp":240,"w":1,"h":1,"t":0,"c":5,"e":-1,"r":0},{"x":10,"y":5,"hp":78,"w":1,"h":1,"t":0,"c":5,"e":7,"r":0},{"x":8,"y":5,"hp":78,"w":1,"h":1,"t":0,"c":5,"e":-1,"r":0},{"x":7,"y":5,"hp":78,"w":1,"h":1,"t":0,"c":5,"e":-1,"r":0},{"x":6,"y":8,"hp":73,"w":1,"h":1,"t":4,"c":5,"e":-1,"r":0},{"x":10,"y":9,"hp":45,"w":1,"h":1,"t":0,"c":5,"e":-1,"r":0},{"x":8,"y":9,"hp":45,"w":1,"h":1,"t":0,"c":5,"e":-1,"r":0},{"x":7,"y":9,"hp":45,"w":1,"h":1,"t":0,"c":5,"e":-1,"r":0},{"x":6,"y":9,"hp":45,"w":1,"h":1,"t":0,"c":5,"e":-1,"r":0},{"x":10,"y":10,"hp":84,"w":1,"h":1,"t":0,"c":5,"e":-1,"r":0},{"x":7,"y":11,"hp":82,"w":1,"h":1,"t":0,"c":5,"e":-1,"r":0},{"x":6,"y":11,"hp":82,"w":1,"h":1,"t":0,"c":5,"e":-1,"r":0},{"x":10,"y":12,"hp":85,"w":1,"h":1,"t":0,"c":5,"e":-1,"r":0},{"x":8,"y":12,"hp":85,"w":1,"h":1,"t":0,"c":5,"e":-1,"r":0},{"x":7,"y":12,"hp":85,"w":1,"h":1,"t":0,"c":5,"e":-1,"r":0},{"x":6,"y":12,"hp":85,"w":1,"h":1,"t":0,"c":5,"e":-1,"r":0},{"x":9,"y":13,"hp":103,"w":1,"h":1,"t":0,"c":5,"e":-1,"r":0},{"x":8,"y":13,"hp":103,"w":1,"h":1,"t":0,"c":5,"e":-1,"r":0},{"x":7,"y":13,"hp":103,"w":1,"h":1,"t":0,"c":5,"e":-1,"r":0},{"x":9,"y":14,"hp":141,"w":1,"h":1,"t":0,"c":5,"e":-1,"r":0},{"x":8,"y":14,"hp":141,"w":1,"h":1,"t":4,"c":5,"e":-1,"r":0},{"x":6,"y":14,"hp":141,"w":1,"h":1,"t":0,"c":5,"e":-1,"r":0},{"x":7,"y":15,"hp":182,"w":1,"h":1,"t":0,"c":5,"e":-1,"r":0},{"x":6,"y":15,"hp":182,"w":1,"h":1,"t":0,"c":5,"e":-1,"r":0},{"x":7,"y":16,"hp":132,"w":1,"h":1,"t":0,"c":5,"e":-1,"r":0},{"x":6,"y":16,"hp":132,"w":1,"h":1,"t":2,"c":5,"e":-1,"r":3},{"x":9,"y":17,"hp":134,"w":1,"h":1,"t":0,"c":5,"e":-1,"r":0},{"x":8,"y":17,"hp":134,"w":1,"h":1,"t":2,"c":5,"e":-1,"r":2},{"x":7,"y":17,"hp":134,"w":1,"h":1,"t":0,"c":5,"e":-1,"r":0},{"x":8,"y":18,"hp":263,"w":1,"h":1,"t":0,"c":5,"e":-1,"r":0},{"x":8,"y":19,"hp":138,"w":1,"h":1,"t":0,"c":5,"e":-1,"r":0},{"x":8,"y":20,"hp":261,"w":1,"h":1,"t":0,"c":5,"e":-1,"r":0},{"x":9,"y":23,"hp":243,"w":1,"h":1,"t":0,"c":5,"e":-1,"r":0},{"x":8,"y":23,"hp":243,"w":1,"h":1,"t":0,"c":5,"e":-1,"r":0},{"x":6,"y":23,"hp":243,"w":1,"h":1,"t":0,"c":5,"e":7,"r":0},{"x":8,"y":25,"hp":154,"w":1,"h":1,"t":0,"c":5,"e":-1,"r":0},{"x":7,"y":25,"hp":154,"w":1,"h":1,"t":0,"c":5,"e":-1,"r":0},{"x":7,"y":26,"hp":173,"w":1,"h":1,"t":0,"c":5,"e":-1,"r":0},{"x":10,"y":27,"hp":117,"w":1,"h":1,"t":0,"c":5,"e":-1,"r":0},{"x":7,"y":27,"hp":117,"w":1,"h":1,"t":0,"c":5,"e":-1,"r":0},{"x":8,"y":28,"hp":168,"w":1,"h":1,"t":0,"c":5,"e":-1,"r":0},{"x":7,"y":28,"hp":168,"w":1,"h":1,"t":0,"c":5,"e":-1,"r":0},{"x":6,"y":28,"hp":168,"w":1,"h":1,"t":0,"c":5,"e":-1,"r":0},{"x":9,"y":29,"hp":271,"w":1,"h":1,"t":0,"c":5,"e":-1,"r":0},{"x":8,"y":29,"hp":271,"w":1,"h":1,"t":0,"c":5,"e":-1,"r":0},{"x":8,"y":30,"hp":110,"w":1,"h":1,"t":0,"c":5,"e":-1,"r":0},{"x":7,"y":30,"hp":110,"w":1,"h":1,"t":0,"c":5,"e":-1,"r":0},{"x":6,"y":30,"hp":110,"w":1,"h":1,"t":4,"c":5,"e":-1,"r":0},{"x":10,"y":31,"hp":105,"w":1,"h":1,"t":0,"c":5,"e":-1,"r":0},{"x":6,"y":31,"hp":105,"w":1,"h":1,"t":1,"c":5,"e":-1,"r":3},{"x":10,"y":32,"hp":153,"w":1,"h":1,"t":0,"c":5,"e":-1,"r":0},{"x":8,"y":32,"hp":153,"w":1,"h":1,"t":0,"c":5,"e":-1,"r":0},{"x":7,"y":32,"hp":153,"w":1,"h":1,"t":0,"c":5,"e":-1,"r":0},{"x":8,"y":33,"hp":175,"w":1,"h":1,"t":0,"c":5,"e":-1,"r":0},{"x":7,"y":33,"hp":175,"w":1,"h":1,"t":0,"c":5,"e":-1,"r":0},{"x":6,"y":33,"hp":175,"w":1,"h":1,"t":0,"c":5,"e":-1,"r":0},{"x":8,"y":34,"hp":114,"w":1,"h":1,"t":0,"c":5,"e":-1,"r":0},{"x":6,"y":34,"hp":114,"w":1,"h":1,"t":0,"c":5,"e":-1,"r":0},{"x":8,"y":35,"hp":150,"w":1,"h":1,"t":0,"c":5,"e":-1,"r":0},{"x":6,"y":35,"hp":150,"w":1,"h":1,"t":2,"c":5,"e":-1,"r":3},{"x":8,"y":36,"hp":100,"w":1,"h":1,"t":0,"c":5,"e":-1,"r":0},{"x":7,"y":36,"hp":100,"w":1,"h":1,"t":0,"c":5,"e":-1,"r":0},{"x":6,"y":36,"hp":100,"w":1,"h":1,"t":5,"c":5,"e":-1,"r":0},{"x":10,"y":37,"hp":209,"w":1,"h":1,"t":0,"c":5,"e":-1,"r":0},{"x":8,"y":37,"hp":209,"w":1,"h":1,"t":0,"c":5,"e":-1,"r":0},{"x":7,"y":37,"hp":209,"w":1,"h":1,"t":0,"c":5,"e":-1,"r":0},{"x":6,"y":37,"hp":209,"w":1,"h":1,"t":0,"c":5,"e":-1,"r":0},{"x":9,"y":38,"hp":110,"w":1,"h":1,"t":0,"c":5,"e":-1,"r":0},{"x":8,"y":38,"hp":110,"w":1,"h":1,"t":0,"c":5,"e":-1,"r":0},{"x":7,"y":38,"hp":110,"w":1,"h":1,"t":0,"c":5,"e":-1,"r":0},{"x":6,"y":38,"hp":110,"w":1,"h":1,"t":0,"c":5,"e":-1,"r":0},{"x":9,"y":39,"hp":135,"w":1,"h":1,"t":0,"c":5,"e":-1,"r":0},{"x":8,"y":39,"hp":135,"w":1,"h":1,"t":0,"c":5,"e":-1,"r":0},{"x":7,"y":39,"hp":135,"w":1,"h":1,"t":0,"c":5,"e":-1,"r":0},{"x":6,"y":39,"hp":135,"w":1,"h":1,"t":0,"c":5,"e":-1,"r":0},{"x":9,"y":40,"hp":105,"w":1,"h":1,"t":0,"c":5,"e":-1,"r":0},{"x":8,"y":40,"hp":105,"w":1,"h":1,"t":0,"c":5,"e":-1,"r":0},{"x":6,"y":40,"hp":105,"w":1,"h":1,"t":0,"c":5,"e":-1,"r":0},{"x":10,"y":41,"hp":240,"w":1,"h":1,"t":0,"c":5,"e":-1,"r":0},{"x":8,"y":41,"hp":240,"w":1,"h":1,"t":0,"c":5,"e":-1,"r":0},{"x":7,"y":35,"hp":150,"w":1,"h":1,"t":0,"c":5,"e":-1,"r":0},{"x":7,"y":7,"hp":200,"w":2,"h":2,"t":0,"c":4,"e":-1,"r":0},{"x":5,"y":8,"hp":80,"w":1,"h":1,"t":0,"c":5,"e":-1,"r":0},{"x":0,"y":8,"hp":80,"w":1,"h":1,"t":0,"c":5,"e":-1,"r":0},{"x":0,"y":7,"hp":77,"w":1,"h":1,"t":0,"c":4,"e":-1,"r":0},{"x":1,"y":7,"hp":77,"w":1,"h":1,"t":0,"c":4,"e":-1,"r":0},{"x":4,"y":7,"hp":77,"w":1,"h":1,"t":0,"c":4,"e":-1,"r":0},{"x":5,"y":7,"hp":77,"w":1,"h":1,"t":0,"c":4,"e":-1,"r":0},{"x":6,"y":7,"hp":77,"w":1,"h":1,"t":0,"c":4,"e":-1,"r":0},{"x":9,"y":7,"hp":77,"w":1,"h":1,"t":0,"c":4,"e":-1,"r":0},{"x":10,"y":7,"hp":77,"w":1,"h":1,"t":0,"c":4,"e":-1,"r":0},{"x":10,"y":8,"hp":80,"w":1,"h":1,"t":0,"c":5,"e":-1,"r":0},{"x":3,"y":19,"hp":138,"w":1,"h":1,"t":0,"c":5,"e":-1,"r":0},{"x":3,"y":18,"hp":263,"w":1,"h":1,"t":0,"c":5,"e":-1,"r":0},{"x":9,"y":22,"hp":130,"w":1,"h":1,"t":0,"c":5,"e":-1,"r":0},{"x":2,"y":21,"hp":200,"w":1,"h":1,"t":0,"c":5,"e":-1,"r":0},{"x":6,"y":24,"hp":175,"w":1,"h":1,"t":0,"c":5,"e":-1,"r":0},{"x":4,"y":24,"hp":175,"w":1,"h":1,"t":0,"c":5,"e":-1,"r":0},{"x":3,"y":24,"hp":175,"w":1,"h":1,"t":0,"c":5,"e":-1,"r":0},{"x":2,"y":24,"hp":175,"w":1,"h":1,"t":0,"c":5,"e":-1,"r":0},{"x":7,"y":23,"hp":243,"w":1,"h":1,"t":0,"c":5,"e":-1,"r":0},{"x":8,"y":26,"hp":173,"w":1,"h":1,"t":0,"c":5,"e":-1,"r":0},{"x":5,"y":29,"hp":271,"w":1,"h":1,"t":0,"c":5,"e":-1,"r":0},{"x":8,"y":31,"hp":105,"w":1,"h":1,"t":0,"c":5,"e":-1,"r":0},{"x":7,"y":31,"hp":105,"w":1,"h":1,"t":0,"c":5,"e":-1,"r":0},{"x":3,"y":31,"hp":105,"w":1,"h":1,"t":0,"c":5,"e":-1,"r":0},{"x":2,"y":31,"hp":105,"w":1,"h":1,"t":0,"c":5,"e":-1,"r":0},{"x":3,"y":34,"hp":114,"w":1,"h":1,"t":0,"c":5,"e":-1,"r":0},{"x":2,"y":34,"hp":114,"w":1,"h":1,"t":0,"c":5,"e":-1,"r":0},{"x":1,"y":34,"hp":114,"w":1,"h":1,"t":0,"c":5,"e":-1,"r":0},{"x":6,"y":41,"hp":240,"w":1,"h":1,"t":0,"c":5,"e":-1,"r":0},{"x":4,"y":41,"hp":240,"w":1,"h":1,"t":0,"c":5,"e":-1,"r":0},{"x":4,"y":5,"hp":78,"w":1,"h":1,"t":0,"c":5,"e":-1,"r":0},{"x":6,"y":5,"hp":78,"w":1,"h":1,"t":0,"c":5,"e":-1,"r":0},{"x":9,"y":5,"hp":78,"w":1,"h":1,"t":0,"c":5,"e":-1,"r":0},{"x":1,"y":5,"hp":78,"w":1,"h":1,"t":0,"c":5,"e":-1,"r":0},{"x":0,"y":11,"hp":80,"w":1,"h":1,"t":0,"c":5,"e":-1,"r":0}],"bu":[{"x":1,"y":10,"buff":1},{"x":8,"y":11,"buff":1},{"x":10,"y":15,"buff":1},{"x":2,"y":19,"buff":1},{"x":8,"y":21,"buff":1},{"x":10,"y":23,"buff":1},{"x":10,"y":25,"buff":1},{"x":1,"y":27,"buff":1},{"x":0,"y":30,"buff":1},{"x":9,"y":30,"buff":1},{"x":10,"y":36,"buff":1},{"x":0,"y":39,"buff":1},{"x":2,"y":42,"buff":1},{"x":7,"y":42,"buff":1},{"x":2,"y":8,"buff":0},{"x":10,"y":14,"buff":0},{"x":7,"y":18,"buff":0},{"x":6,"y":26,"buff":0},{"x":6,"y":29,"buff":0},{"x":10,"y":39,"buff":0},{"x":3,"y":35,"buff":0},{"x":3,"y":23,"buff":5},{"x":10,"y":34,"buff":3},{"x":3,"y":39,"buff":3},{"x":2,"y":3,"buff":1},{"x":4,"y":3,"buff":1},{"x":3,"y":12,"buff":1},{"x":3,"y":5,"buff":3}]}