{"l":395,"h":49,"w":11,"br":[{"x":0,"y":5,"hp":97,"w":1,"h":1,"t":0,"c":3,"e":-1,"r":0},{"x":1,"y":5,"hp":97,"w":1,"h":1,"t":0,"c":3,"e":-1,"r":0},{"x":2,"y":5,"hp":97,"w":1,"h":1,"t":0,"c":3,"e":-1,"r":0},{"x":5,"y":5,"hp":97,"w":1,"h":1,"t":0,"c":3,"e":-1,"r":0},{"x":4,"y":6,"hp":49,"w":1,"h":1,"t":0,"c":5,"e":-1,"r":0},{"x":5,"y":6,"hp":49,"w":1,"h":1,"t":0,"c":5,"e":-1,"r":0},{"x":2,"y":7,"hp":88,"w":1,"h":1,"t":0,"c":5,"e":-1,"r":0},{"x":3,"y":7,"hp":88,"w":1,"h":1,"t":0,"c":5,"e":-1,"r":0},{"x":4,"y":7,"hp":88,"w":1,"h":1,"t":0,"c":5,"e":-1,"r":0},{"x":5,"y":7,"hp":88,"w":1,"h":1,"t":0,"c":5,"e":-1,"r":0},{"x":1,"y":8,"hp":104,"w":1,"h":1,"t":0,"c":5,"e":-1,"r":0},{"x":2,"y":8,"hp":104,"w":1,"h":1,"t":0,"c":5,"e":-1,"r":0},{"x":5,"y":8,"hp":104,"w":1,"h":1,"t":0,"c":5,"e":-1,"r":0},{"x":1,"y":9,"hp":121,"w":1,"h":1,"t":0,"c":5,"e":-1,"r":0},{"x":2,"y":9,"hp":121,"w":1,"h":1,"t":0,"c":5,"e":-1,"r":0},{"x":3,"y":9,"hp":121,"w":1,"h":1,"t":0,"c":5,"e":-1,"r":0},{"x":5,"y":9,"hp":121,"w":1,"h":1,"t":0,"c":5,"e":-1,"r":0},{"x":2,"y":10,"hp":101,"w":1,"h":1,"t":0,"c":5,"e":-1,"r":0},{"x":3,"y":10,"hp":101,"w":1,"h":1,"t":0,"c":5,"e":-1,"r":0},{"x":5,"y":10,"hp":101,"w":1,"h":1,"t":0,"c":5,"e":-1,"r":0},{"x":5,"y":11,"hp":132,"w":1,"h":1,"t":0,"c":5,"e":-1,"r":0},{"x":1,"y":12,"hp":137,"w":1,"h":1,"t":0,"c":5,"e":-1,"r":0},{"x":2,"y":12,"hp":137,"w":1,"h":1,"t":0,"c":5,"e":-1,"r":0},{"x":3,"y":12,"hp":137,"w":1,"h":1,"t":0,"c":5,"e":-1,"r":0},{"x":4,"y":12,"hp":137,"w":1,"h":1,"t":0,"c":5,"e":-1,"r":0},{"x":5,"y":12,"hp":137,"w":1,"h":1,"t":0,"c":5,"e":-1,"r":0},{"x":1,"y":13,"hp":103,"w":1,"h":1,"t":0,"c":5,"e":-1,"r":0},{"x":2,"y":13,"hp":103,"w":1,"h":1,"t":0,"c":5,"e":-1,"r":0},{"x":4,"y":13,"hp":103,"w":1,"h":1,"t":0,"c":5,"e":-1,"r":0},{"x":5,"y":13,"hp":103,"w":1,"h":1,"t":0,"c":5,"e":7,"r":0},{"x":3,"y":14,"hp":114,"w":1,"h":1,"t":0,"c":5,"e":-1,"r":0},{"x":5,"y":14,"hp":114,"w":1,"h":1,"t":0,"c":5,"e":-1,"r":0},{"x":2,"y":15,"hp":135,"w":1,"h":1,"t":0,"c":5,"e":-1,"r":0},{"x":4,"y":15,"hp":135,"w":1,"h":1,"t":0,"c":5,"e":-1,"r":0},{"x":5,"y":15,"hp":135,"w":1,"h":1,"t":0,"c":5,"e":-1,"r":0},{"x":1,"y":16,"hp":137,"w":1,"h":1,"t":0,"c":5,"e":-1,"r":0},{"x":2,"y":16,"hp":137,"w":1,"h":1,"t":0,"c":5,"e":-1,"r":0},{"x":5,"y":17,"hp":241,"w":1,"h":1,"t":0,"c":5,"e":-1,"r":0},{"x":3,"y":18,"hp":90,"w":1,"h":1,"t":0,"c":5,"e":-1,"r":0},{"x":4,"y":18,"hp":90,"w":1,"h":1,"t":0,"c":5,"e":-1,"r":0},{"x":5,"y":18,"hp":90,"w":1,"h":1,"t":0,"c":5,"e":-1,"r":0},{"x":1,"y":19,"hp":105,"w":1,"h":1,"t":0,"c":5,"e":-1,"r":0},{"x":2,"y":19,"hp":105,"w":1,"h":1,"t":0,"c":5,"e":-1,"r":0},{"x":3,"y":19,"hp":105,"w":1,"h":1,"t":0,"c":5,"e":-1,"r":0},{"x":4,"y":19,"hp":105,"w":1,"h":1,"t":0,"c":5,"e":-1,"r":0},{"x":5,"y":19,"hp":105,"w":1,"h":1,"t":0,"c":5,"e":-1,"r":0},{"x":5,"y":20,"hp":280,"w":1,"h":1,"t":0,"c":5,"e":-1,"r":0},{"x":1,"y":21,"hp":287,"w":1,"h":1,"t":0,"c":5,"e":-1,"r":0},{"x":2,"y":21,"hp":287,"w":1,"h":1,"t":0,"c":5,"e":-1,"r":0},{"x":3,"y":21,"hp":287,"w":1,"h":1,"t":0,"c":5,"e":-1,"r":0},{"x":5,"y":21,"hp":287,"w":1,"h":1,"t":0,"c":5,"e":-1,"r":0},{"x":2,"y":22,"hp":186,"w":1,"h":1,"t":0,"c":5,"e":-1,"r":0},{"x":3,"y":22,"hp":186,"w":1,"h":1,"t":0,"c":5,"e":-1,"r":0},{"x":5,"y":22,"hp":186,"w":1,"h":1,"t":0,"c":5,"e":-1,"r":0},{"x":2,"y":23,"hp":133,"w":1,"h":1,"t":0,"c":5,"e":-1,"r":0},{"x":4,"y":23,"hp":133,"w":1,"h":1,"t":0,"c":5,"e":-1,"r":0},{"x":5,"y":23,"hp":133,"w":1,"h":1,"t":0,"c":5,"e":-1,"r":0},{"x":0,"y":24,"hp":171,"w":1,"h":1,"t":0,"c":5,"e":-1,"r":0},{"x":2,"y":24,"hp":171,"w":1,"h":1,"t":0,"c":5,"e":-1,"r":0},{"x":3,"y":24,"hp":171,"w":1,"h":1,"t":0,"c":5,"e":-1,"r":0},{"x":5,"y":24,"hp":171,"w":1,"h":1,"t":0,"c":5,"e":-1,"r":0},{"x":4,"y":25,"hp":87,"w":1,"h":1,"t":0,"c":5,"e":-1,"r":0},{"x":5,"y":25,"hp":87,"w":1,"h":1,"t":0,"c":5,"e":-1,"r":0},{"x":0,"y":26,"hp":118,"w":1,"h":1,"t":0,"c":5,"e":-1,"r":0},{"x":4,"y":26,"hp":118,"w":1,"h":1,"t":0,"c":5,"e":-1,"r":0},{"x":5,"y":26,"hp":118,"w":1,"h":1,"t":0,"c":5,"e":-1,"r":0},{"x":3,"y":27,"hp":201,"w":1,"h":1,"t":0,"c":5,"e":-1,"r":0},{"x":4,"y":27,"hp":201,"w":1,"h":1,"t":0,"c":5,"e":-1,"r":0},{"x":5,"y":27,"hp":201,"w":1,"h":1,"t":0,"c":5,"e":-1,"r":0},{"x":3,"y":28,"hp":89,"w":1,"h":1,"t":0,"c":5,"e":-1,"r":0},{"x":4,"y":28,"hp":89,"w":1,"h":1,"t":0,"c":5,"e":-1,"r":0},{"x":5,"y":28,"hp":89,"w":1,"h":1,"t":0,"c":5,"e":-1,"r":0},{"x":5,"y":29,"hp":81,"w":1,"h":1,"t":0,"c":5,"e":-1,"r":0},{"x":3,"y":30,"hp":124,"w":1,"h":1,"t":0,"c":5,"e":-1,"r":0},{"x":5,"y":30,"hp":124,"w":1,"h":1,"t":0,"c":5,"e":-1,"r":0},{"x":2,"y":31,"hp":154,"w":1,"h":1,"t":0,"c":5,"e":-1,"r":0},{"x":3,"y":31,"hp":154,"w":1,"h":1,"t":0,"c":5,"e":-1,"r":0},{"x":5,"y":31,"hp":154,"w":1,"h":1,"t":0,"c":5,"e":-1,"r":0},{"x":2,"y":32,"hp":108,"w":1,"h":1,"t":0,"c":5,"e":-1,"r":0},{"x":4,"y":32,"hp":108,"w":1,"h":1,"t":0,"c":5,"e":-1,"r":0},{"x":5,"y":32,"hp":108,"w":1,"h":1,"t":0,"c":5,"e":-1,"r":0},{"x":1,"y":33,"hp":114,"w":1,"h":1,"t":0,"c":5,"e":-1,"r":0},{"x":2,"y":33,"hp":114,"w":1,"h":1,"t":0,"c":5,"e":-1,"r":0},{"x":3,"y":33,"hp":114,"w":1,"h":1,"t":0,"c":5,"e":-1,"r":0},{"x":4,"y":33,"hp":114,"w":1,"h":1,"t":0,"c":5,"e":-1,"r":0},{"x":5,"y":33,"hp":114,"w":1,"h":1,"t":0,"c":5,"e":-1,"r":0},{"x":0,"y":34,"hp":165,"w":1,"h":1,"t":0,"c":5,"e":-1,"r":0},{"x":1,"y":34,"hp":165,"w":1,"h":1,"t":0,"c":5,"e":-1,"r":0},{"x":2,"y":34,"hp":165,"w":1,"h":1,"t":0,"c":5,"e":-1,"r":0},{"x":3,"y":34,"hp":165,"w":1,"h":1,"t":0,"c":5,"e":-1,"r":0},{"x":0,"y":35,"hp":97,"w":1,"h":1,"t":0,"c":5,"e":-1,"r":0},{"x":1,"y":35,"hp":97,"w":1,"h":1,"t":0,"c":5,"e":-1,"r":0},{"x":3,"y":35,"hp":97,"w":1,"h":1,"t":0,"c":5,"e":-1,"r":0},{"x":4,"y":35,"hp":97,"w":1,"h":1,"t":0,"c":5,"e":-1,"r":0},{"x":5,"y":35,"hp":97,"w":1,"h":1,"t":0,"c":5,"e":-1,"r":0},{"x":2,"y":36,"hp":128,"w":1,"h":1,"t":0,"c":5,"e":-1,"r":0},{"x":3,"y":36,"hp":128,"w":1,"h":1,"t":0,"c":5,"e":-1,"r":0},{"x":4,"y":36,"hp":128,"w":1,"h":1,"t":0,"c":5,"e":-1,"r":0},{"x":3,"y":37,"hp":187,"w":1,"h":1,"t":0,"c":5,"e":-1,"r":0},{"x":4,"y":37,"hp":187,"w":1,"h":1,"t":0,"c":5,"e":-1,"r":0},{"x":5,"y":37,"hp":187,"w":1,"h":1,"t":0,"c":5,"e":-1,"r":0},{"x":0,"y":38,"hp":270,"w":1,"h":1,"t":0,"c":5,"e":-1,"r":0},{"x":1,"y":38,"hp":270,"w":1,"h":1,"t":0,"c":5,"e":-1,"r":0},{"x":3,"y":38,"hp":270,"w":1,"h":1,"t":0,"c":5,"e":-1,"r":0},{"x":5,"y":38,"hp":270,"w":1,"h":1,"t":0,"c":5,"e":-1,"r":0},{"x":5,"y":39,"hp":240,"w":1,"h":1,"t":0,"c":5,"e":-1,"r":0},{"x":3,"y":40,"hp":187,"w":1,"h":1,"t":0,"c":5,"e":-1,"r":0},{"x":4,"y":40,"hp":187,"w":1,"h":1,"t":0,"c":5,"e":-1,"r":0},{"x":5,"y":40,"hp":187,"w":1,"h":1,"t":0,"c":5,"e":-1,"r":0},{"x":2,"y":41,"hp":103,"w":1,"h":1,"t":0,"c":5,"e":-1,"r":0},{"x":3,"y":41,"hp":103,"w":1,"h":1,"t":0,"c":5,"e":-1,"r":0},{"x":4,"y":41,"hp":103,"w":1,"h":1,"t":0,"c":5,"e":-1,"r":0},{"x":5,"y":41,"hp":103,"w":1,"h":1,"t":0,"c":5,"e":-1,"r":0},{"x":4,"y":42,"hp":135,"w":1,"h":1,"t":0,"c":5,"e":-1,"r":0},{"x":5,"y":42,"hp":135,"w":1,"h":1,"t":0,"c":5,"e":-1,"r":0},{"x":2,"y":43,"hp":150,"w":1,"h":1,"t":0,"c":5,"e":-1,"r":0},{"x":3,"y":43,"hp":150,"w":1,"h":1,"t":0,"c":5,"e":-1,"r":0},{"x":4,"y":43,"hp":150,"w":1,"h":1,"t":0,"c":5,"e":-1,"r":0},{"x":5,"y":43,"hp":150,"w":1,"h":1,"t":0,"c":5,"e":-1,"r":0},{"x":2,"y":44,"hp":174,"w":1,"h":1,"t":0,"c":5,"e":-1,"r":0},{"x":3,"y":44,"hp":174,"w":1,"h":1,"t":0,"c":5,"e":-1,"r":0},{"x":3,"y":45,"hp":250,"w":1,"h":1,"t":0,"c":5,"e":-1,"r":0},{"x":4,"y":45,"hp":250,"w":1,"h":1,"t":0,"c":5,"e":-1,"r":0},{"x":5,"y":45,"hp":250,"w":1,"h":1,"t":0,"c":5,"e":-1,"r":0},{"x":0,"y":46,"hp":170,"w":1,"h":1,"t":0,"c":5,"e":-1,"r":0},{"x":1,"y":46,"hp":170,"w":1,"h":1,"t":0,"c":5,"e":-1,"r":0},{"x":2,"y":46,"hp":170,"w":1,"h":1,"t":0,"c":5,"e":-1,"r":0},{"x":3,"y":46,"hp":170,"w":1,"h":1,"t":0,"c":5,"e":-1,"r":0},{"x":4,"y":46,"hp":170,"w":1,"h":1,"t":0,"c":5,"e":-1,"r":0},{"x":2,"y":47,"hp":104,"w":1,"h":1,"t":0,"c":5,"e":-1,"r":0},{"x":3,"y":47,"hp":104,"w":1,"h":1,"t":0,"c":5,"e":-1,"r":0},{"x":5,"y":47,"hp":104,"w":1,"h":1,"t":0,"c":5,"e":-1,"r":0},{"x":10,"y":5,"hp":97,"w":1,"h":1,"t":0,"c":3,"e":-1,"r":0},{"x":9,"y":5,"hp":97,"w":1,"h":1,"t":0,"c":3,"e":-1,"r":0},{"x":8,"y":5,"hp":97,"w":1,"h":1,"t":0,"c":3,"e":-1,"r":0},{"x":6,"y":6,"hp":49,"w":1,"h":1,"t":0,"c":5,"e":-1,"r":0},{"x":8,"y":7,"hp":88,"w":1,"h":1,"t":0,"c":5,"e":-1,"r":0},{"x":7,"y":7,"hp":88,"w":1,"h":1,"t":0,"c":5,"e":-1,"r":0},{"x":6,"y":7,"hp":88,"w":1,"h":1,"t":0,"c":5,"e":7,"r":0},{"x":9,"y":8,"hp":104,"w":1,"h":1,"t":0,"c":5,"e":-1,"r":0},{"x":8,"y":8,"hp":104,"w":1,"h":1,"t":0,"c":5,"e":-1,"r":0},{"x":8,"y":9,"hp":121,"w":1,"h":1,"t":0,"c":5,"e":-1,"r":0},{"x":7,"y":9,"hp":121,"w":1,"h":1,"t":0,"c":5,"e":-1,"r":0},{"x":9,"y":10,"hp":101,"w":1,"h":1,"t":0,"c":5,"e":-1,"r":0},{"x":8,"y":10,"hp":101,"w":1,"h":1,"t":0,"c":5,"e":-1,"r":0},{"x":7,"y":10,"hp":101,"w":1,"h":1,"t":0,"c":5,"e":-1,"r":0},{"x":6,"y":10,"hp":101,"w":1,"h":1,"t":0,"c":5,"e":-1,"r":0},{"x":8,"y":11,"hp":132,"w":1,"h":1,"t":0,"c":5,"e":-1,"r":0},{"x":7,"y":11,"hp":132,"w":1,"h":1,"t":0,"c":5,"e":-1,"r":0},{"x":6,"y":11,"hp":132,"w":1,"h":1,"t":0,"c":5,"e":-1,"r":0},{"x":9,"y":12,"hp":137,"w":1,"h":1,"t":0,"c":5,"e":-1,"r":0},{"x":8,"y":12,"hp":137,"w":1,"h":1,"t":0,"c":5,"e":-1,"r":0},{"x":9,"y":13,"hp":103,"w":1,"h":1,"t":0,"c":5,"e":-1,"r":0},{"x":8,"y":13,"hp":103,"w":1,"h":1,"t":0,"c":5,"e":-1,"r":0},{"x":6,"y":13,"hp":103,"w":1,"h":1,"t":0,"c":5,"e":-1,"r":0},{"x":10,"y":14,"hp":114,"w":1,"h":1,"t":0,"c":5,"e":-1,"r":0},{"x":7,"y":14,"hp":114,"w":1,"h":1,"t":0,"c":5,"e":-1,"r":0},{"x":8,"y":15,"hp":135,"w":1,"h":1,"t":0,"c":5,"e":-1,"r":0},{"x":6,"y":15,"hp":135,"w":1,"h":1,"t":0,"c":5,"e":-1,"r":0},{"x":7,"y":16,"hp":137,"w":1,"h":1,"t":0,"c":5,"e":-1,"r":0},{"x":6,"y":16,"hp":137,"w":1,"h":1,"t":0,"c":5,"e":-1,"r":0},{"x":9,"y":17,"hp":241,"w":1,"h":1,"t":0,"c":5,"e":-1,"r":0},{"x":9,"y":18,"hp":90,"w":1,"h":1,"t":0,"c":5,"e":-1,"r":0},{"x":7,"y":18,"hp":90,"w":1,"h":1,"t":0,"c":5,"e":-1,"r":0},{"x":6,"y":18,"hp":90,"w":1,"h":1,"t":0,"c":5,"e":-1,"r":0},{"x":9,"y":19,"hp":105,"w":1,"h":1,"t":0,"c":5,"e":-1,"r":0},{"x":8,"y":19,"hp":105,"w":1,"h":1,"t":0,"c":5,"e":-1,"r":0},{"x":7,"y":19,"hp":105,"w":1,"h":1,"t":0,"c":5,"e":-1,"r":0},{"x":6,"y":19,"hp":105,"w":1,"h":1,"t":0,"c":5,"e":-1,"r":0},{"x":7,"y":20,"hp":280,"w":1,"h":1,"t":0,"c":5,"e":-1,"r":0},{"x":6,"y":20,"hp":280,"w":1,"h":1,"t":0,"c":5,"e":-1,"r":0},{"x":9,"y":21,"hp":287,"w":1,"h":1,"t":0,"c":5,"e":-1,"r":0},{"x":8,"y":21,"hp":287,"w":1,"h":1,"t":0,"c":5,"e":-1,"r":0},{"x":7,"y":21,"hp":287,"w":1,"h":1,"t":0,"c":5,"e":-1,"r":0},{"x":8,"y":22,"hp":186,"w":1,"h":1,"t":0,"c":5,"e":-1,"r":0},{"x":7,"y":22,"hp":186,"w":1,"h":1,"t":0,"c":5,"e":-1,"r":0},{"x":6,"y":23,"hp":133,"w":1,"h":1,"t":0,"c":5,"e":-1,"r":0},{"x":8,"y":24,"hp":171,"w":1,"h":1,"t":0,"c":5,"e":-1,"r":0},{"x":7,"y":24,"hp":171,"w":1,"h":1,"t":0,"c":5,"e":-1,"r":0},{"x":6,"y":25,"hp":87,"w":1,"h":1,"t":0,"c":5,"e":-1,"r":0},{"x":6,"y":26,"hp":118,"w":1,"h":1,"t":0,"c":5,"e":-1,"r":0},{"x":9,"y":27,"hp":201,"w":1,"h":1,"t":0,"c":5,"e":-1,"r":0},{"x":7,"y":27,"hp":201,"w":1,"h":1,"t":0,"c":5,"e":-1,"r":0},{"x":6,"y":27,"hp":201,"w":1,"h":1,"t":0,"c":5,"e":-1,"r":0},{"x":7,"y":28,"hp":89,"w":1,"h":1,"t":0,"c":5,"e":-1,"r":0},{"x":6,"y":28,"hp":89,"w":1,"h":1,"t":0,"c":5,"e":-1,"r":0},{"x":10,"y":29,"hp":81,"w":1,"h":1,"t":0,"c":5,"e":-1,"r":0},{"x":9,"y":29,"hp":81,"w":1,"h":1,"t":0,"c":5,"e":-1,"r":0},{"x":8,"y":29,"hp":81,"w":1,"h":1,"t":0,"c":5,"e":-1,"r":0},{"x":8,"y":30,"hp":124,"w":1,"h":1,"t":0,"c":5,"e":-1,"r":0},{"x":7,"y":30,"hp":124,"w":1,"h":1,"t":0,"c":5,"e":-1,"r":0},{"x":10,"y":31,"hp":154,"w":1,"h":1,"t":0,"c":5,"e":-1,"r":0},{"x":9,"y":31,"hp":154,"w":1,"h":1,"t":0,"c":5,"e":-1,"r":0},{"x":8,"y":31,"hp":154,"w":1,"h":1,"t":0,"c":5,"e":-1,"r":0},{"x":7,"y":31,"hp":154,"w":1,"h":1,"t":0,"c":5,"e":-1,"r":0},{"x":10,"y":32,"hp":108,"w":1,"h":1,"t":0,"c":5,"e":-1,"r":0},{"x":8,"y":32,"hp":108,"w":1,"h":1,"t":0,"c":5,"e":-1,"r":0},{"x":6,"y":32,"hp":108,"w":1,"h":1,"t":0,"c":5,"e":-1,"r":0},{"x":6,"y":33,"hp":114,"w":1,"h":1,"t":0,"c":5,"e":-1,"r":0},{"x":6,"y":35,"hp":97,"w":1,"h":1,"t":0,"c":5,"e":-1,"r":0},{"x":9,"y":37,"hp":187,"w":1,"h":1,"t":0,"c":5,"e":-1,"r":0},{"x":6,"y":37,"hp":187,"w":1,"h":1,"t":0,"c":5,"e":-1,"r":0},{"x":9,"y":38,"hp":270,"w":1,"h":1,"t":0,"c":5,"e":-1,"r":0},{"x":8,"y":38,"hp":270,"w":1,"h":1,"t":0,"c":5,"e":-1,"r":0},{"x":7,"y":38,"hp":270,"w":1,"h":1,"t":0,"c":5,"e":-1,"r":0},{"x":8,"y":39,"hp":240,"w":1,"h":1,"t":0,"c":5,"e":-1,"r":0},{"x":8,"y":40,"hp":187,"w":1,"h":1,"t":0,"c":5,"e":-1,"r":0},{"x":7,"y":40,"hp":187,"w":1,"h":1,"t":0,"c":5,"e":-1,"r":0},{"x":7,"y":41,"hp":103,"w":1,"h":1,"t":0,"c":5,"e":-1,"r":0},{"x":6,"y":41,"hp":103,"w":1,"h":1,"t":0,"c":5,"e":-1,"r":0},{"x":8,"y":42,"hp":135,"w":1,"h":1,"t":0,"c":5,"e":-1,"r":0},{"x":6,"y":42,"hp":135,"w":1,"h":1,"t":0,"c":5,"e":-1,"r":0},{"x":8,"y":43,"hp":150,"w":1,"h":1,"t":0,"c":5,"e":-1,"r":0},{"x":7,"y":43,"hp":150,"w":1,"h":1,"t":0,"c":5,"e":-1,"r":0},{"x":6,"y":43,"hp":150,"w":1,"h":1,"t":0,"c":5,"e":-1,"r":0},{"x":9,"y":44,"hp":174,"w":1,"h":1,"t":0,"c":5,"e":-1,"r":0},{"x":8,"y":44,"hp":174,"w":1,"h":1,"t":0,"c":5,"e":-1,"r":0},{"x":7,"y":44,"hp":174,"w":1,"h":1,"t":0,"c":5,"e":-1,"r":0},{"x":8,"y":45,"hp":250,"w":1,"h":1,"t":0,"c":5,"e":-1,"r":0},{"x":7,"y":45,"hp":250,"w":1,"h":1,"t":0,"c":5,"e":-1,"r":0},{"x":6,"y":45,"hp":250,"w":1,"h":1,"t":0,"c":5,"e":-1,"r":0},{"x":9,"y":46,"hp":170,"w":1,"h":1,"t":0,"c":5,"e":-1,"r":0},{"x":8,"y":46,"hp":170,"w":1,"h":1,"t":0,"c":5,"e":-1,"r":0},{"x":9,"y":47,"hp":104,"w":1,"h":1,"t":0,"c":5,"e":-1,"r":0},{"x":8,"y":47,"hp":104,"w":1,"h":1,"t":0,"c":5,"e":-1,"r":0},{"x":7,"y":47,"hp":104,"w":1,"h":1,"t":0,"c":5,"e":-1,"r":0},{"x":6,"y":9,"hp":121,"w":1,"h":1,"t":0,"c":5,"e":-1,"r":0},{"x":6,"y":8,"hp":104,"w":1,"h":1,"t":0,"c":5,"e":-1,"r":0},{"x":3,"y":17,"hp":241,"w":1,"h":1,"t":0,"c":5,"e":-1,"r":0},{"x":4,"y":17,"hp":241,"w":1,"h":1,"t":0,"c":5,"e":-1,"r":0},{"x":9,"y":26,"hp":118,"w":1,"h":1,"t":0,"c":5,"e":-1,"r":0},{"x":1,"y":25,"hp":87,"w":1,"h":1,"t":0,"c":5,"e":-1,"r":0},{"x":0,"y":25,"hp":87,"w":1,"h":1,"t":0,"c":5,"e":-1,"r":0},{"x":2,"y":25,"hp":87,"w":1,"h":1,"t":0,"c":5,"e":-1,"r":0},{"x":1,"y":41,"hp":90,"w":1,"h":1,"t":0,"c":5,"e":-1,"r":0},{"x":8,"y":28,"hp":89,"w":1,"h":1,"t":0,"c":5,"e":-1,"r":0},{"x":7,"y":17,"hp":241,"w":1,"h":1,"t":0,"c":5,"e":-1,"r":0},{"x":6,"y":12,"hp":137,"w":1,"h":1,"t":0,"c":5,"e":-1,"r":0},{"x":3,"y":13,"hp":103,"w":1,"h":1,"t":0,"c":5,"e":-1,"r":0},{"x":4,"y":14,"hp":114,"w":1,"h":1,"t":0,"c":5,"e":-1,"r":0},{"x":6,"y":14,"hp":114,"w":1,"h":1,"t":0,"c":5,"e":-1,"r":0},{"x":7,"y":15,"hp":135,"w":1,"h":1,"t":0,"c":5,"e":-1,"r":0},{"x":3,"y":15,"hp":135,"w":1,"h":1,"t":0,"c":5,"e":-1,"r":0},{"x":8,"y":16,"hp":137,"w":1,"h":1,"t":0,"c":5,"e":-1,"r":0},{"x":9,"y":16,"hp":137,"w":1,"h":1,"t":0,"c":5,"e":-1,"r":0},{"x":9,"y":20,"hp":280,"w":1,"h":1,"t":0,"c":5,"e":7,"r":0},{"x":8,"y":20,"hp":280,"w":1,"h":1,"t":0,"c":5,"e":-1,"r":0},{"x":6,"y":17,"hp":241,"w":1,"h":1,"t":0,"c":5,"e":-1,"r":0},{"x":6,"y":21,"hp":287,"w":1,"h":1,"t":0,"c":5,"e":-1,"r":0},{"x":6,"y":22,"hp":186,"w":1,"h":1,"t":0,"c":5,"e":-1,"r":0},{"x":4,"y":22,"hp":186,"w":1,"h":1,"t":0,"c":5,"e":-1,"r":0},{"x":3,"y":23,"hp":90,"w":1,"h":1,"t":0,"c":5,"e":-1,"r":0},{"x":6,"y":24,"hp":171,"w":1,"h":1,"t":0,"c":5,"e":-1,"r":0},{"x":4,"y":24,"hp":171,"w":1,"h":1,"t":0,"c":5,"e":-1,"r":0},{"x":7,"y":26,"hp":118,"w":1,"h":1,"t":0,"c":5,"e":-1,"r":0},{"x":7,"y":25,"hp":87,"w":1,"h":1,"t":0,"c":5,"e":-1,"r":0},{"x":8,"y":25,"hp":87,"w":1,"h":1,"t":0,"c":5,"e":-1,"r":0},{"x":9,"y":25,"hp":87,"w":1,"h":1,"t":0,"c":5,"e":-1,"r":0},{"x":4,"y":31,"hp":154,"w":1,"h":1,"t":0,"c":5,"e":-1,"r":0},{"x":4,"y":30,"hp":124,"w":1,"h":1,"t":0,"c":5,"e":-1,"r":0},{"x":4,"y":29,"hp":90,"w":1,"h":1,"t":0,"c":5,"e":7,"r":0},{"x":3,"y":29,"hp":90,"w":1,"h":1,"t":0,"c":5,"e":-1,"r":0},{"x":1,"y":31,"hp":154,"w":1,"h":1,"t":0,"c":5,"e":-1,"r":0},{"x":1,"y":32,"hp":108,"w":1,"h":1,"t":0,"c":5,"e":-1,"r":0},{"x":9,"y":32,"hp":108,"w":1,"h":1,"t":0,"c":5,"e":-1,"r":0},{"x":9,"y":39,"hp":240,"w":1,"h":1,"t":0,"c":5,"e":-1,"r":0},{"x":1,"y":39,"hp":240,"w":1,"h":1,"t":0,"c":5,"e":-1,"r":0},{"x":0,"y":39,"hp":240,"w":1,"h":1,"t":0,"c":5,"e":-1,"r":0},{"x":6,"y":44,"hp":174,"w":1,"h":1,"t":0,"c":5,"e":-1,"r":0},{"x":1,"y":44,"hp":174,"w":1,"h":1,"t":0,"c":5,"e":-1,"r":0},{"x":2,"y":45,"hp":250,"w":1,"h":1,"t":0,"c":5,"e":-1,"r":0},{"x":1,"y":47,"hp":90,"w":1,"h":1,"t":0,"c":5,"e":-1,"r":0},{"x":0,"y":47,"hp":90,"w":1,"h":1,"t":0,"c":5,"e":-1,"r":0},{"x":6,"y":47,"hp":90,"w":1,"h":1,"t":0,"c":5,"e":-1,"r":0},{"x":9,"y":42,"hp":135,"w":1,"h":1,"t":0,"c":5,"e":-1,"r":0},{"x":5,"y":36,"hp":90,"w":1,"h":1,"t":0,"c":5,"e":-1,"r":0},{"x":6,"y":36,"hp":90,"w":1,"h":1,"t":0,"c":5,"e":-1,"r":0},{"x":4,"y":34,"hp":90,"w":1,"h":1,"t":0,"c":5,"e":-1,"r":0},{"x":5,"y":34,"hp":90,"w":1,"h":1,"t":0,"c":5,"e":-1,"r":0},{"x":6,"y":34,"hp":90,"w":1,"h":1,"t":0,"c":5,"e":-1,"r":0},{"x":6,"y":38,"hp":90,"w":1,"h":1,"t":0,"c":5,"e":-1,"r":0},{"x":4,"y":38,"hp":90,"w":1,"h":1,"t":0,"c":5,"e":-1,"r":0},{"x":4,"y":39,"hp":90,"w":1,"h":1,"t":0,"c":5,"e":-1,"r":0},{"x":3,"y":39,"hp":90,"w":1,"h":1,"t":0,"c":5,"e":-1,"r":0},{"x":6,"y":40,"hp":90,"w":1,"h":1,"t":0,"c":5,"e":-1,"r":0}],"bu":[{"x":0,"y":8,"buff":1},{"x":2,"y":11,"buff":1},{"x":9,"y":14,"buff":1},{"x":10,"y":18,"buff":1},{"x":0,"y":22,"buff":1},{"x":7,"y":29,"buff":1},{"x":0,"y":31,"buff":1},{"x":0,"y":37,"buff":1},{"x":9,"y":41,"buff":1},{"x":0,"y":44,"buff":1},{"x":7,"y":46,"buff":1},{"x":10,"y":48,"buff":1},{"x":6,"y":39,"buff":0},{"x":10,"y":33,"buff":0},{"x":3,"y":26,"buff":0},{"x":10,"y":20,"buff":0},{"x":4,"y":5,"buff":0},{"x":3,"y":5,"buff":3},{"x":10,"y":8,"buff":3},{"x":1,"y":14,"buff":1},{"x":0,"y":19,"buff":1},{"x":8,"y":6,"buff":10},{"x":9,"y":6,"buff":10},{"x":10,"y":6,"buff":10},{"x":2,"y":6,"buff":10},{"x":1,"y":6,"buff":10},{"x":0,"y":6,"buff":10},{"x":1,"y":7,"buff":10}]}