{"l":28,"h":20,"w":17,"br":[{"x":2,"y":5,"hp":950,"w":1,"h":1,"t":0,"c":8,"e":-1,"r":0},{"x":3,"y":5,"hp":950,"w":1,"h":1,"t":0,"c":8,"e":-1,"r":0},{"x":4,"y":5,"hp":950,"w":1,"h":1,"t":0,"c":8,"e":-1,"r":0},{"x":5,"y":5,"hp":950,"w":1,"h":1,"t":0,"c":8,"e":-1,"r":0},{"x":6,"y":5,"hp":950,"w":1,"h":1,"t":0,"c":8,"e":-1,"r":0},{"x":7,"y":5,"hp":950,"w":1,"h":1,"t":0,"c":8,"e":-1,"r":0},{"x":8,"y":5,"hp":950,"w":1,"h":1,"t":0,"c":8,"e":-1,"r":0},{"x":9,"y":5,"hp":950,"w":1,"h":1,"t":0,"c":8,"e":-1,"r":0},{"x":10,"y":5,"hp":950,"w":1,"h":1,"t":0,"c":8,"e":-1,"r":0},{"x":11,"y":5,"hp":950,"w":1,"h":1,"t":0,"c":8,"e":-1,"r":0},{"x":12,"y":5,"hp":950,"w":1,"h":1,"t":0,"c":8,"e":-1,"r":0},{"x":13,"y":5,"hp":950,"w":1,"h":1,"t":0,"c":8,"e":-1,"r":0},{"x":14,"y":5,"hp":950,"w":1,"h":1,"t":0,"c":8,"e":-1,"r":0},{"x":9,"y":19,"hp":950,"w":1,"h":1,"t":0,"c":8,"e":-1,"r":0},{"x":8,"y":19,"hp":950,"w":1,"h":1,"t":0,"c":8,"e":-1,"r":0},{"x":7,"y":19,"hp":950,"w":1,"h":1,"t":0,"c":8,"e":-1,"r":0},{"x":15,"y":15,"hp":950,"w":1,"h":1,"t":1,"c":8,"e":-1,"r":0},{"x":1,"y":15,"hp":950,"w":1,"h":1,"t":1,"c":8,"e":-1,"r":1},{"x":4,"y":18,"hp":950,"w":1,"h":1,"t":1,"c":8,"e":-1,"r":1},{"x":5,"y":19,"hp":950,"w":1,"h":1,"t":1,"c":8,"e":-1,"r":1},{"x":14,"y":16,"hp":950,"w":1,"h":1,"t":1,"c":8,"e":-1,"r":0},{"x":13,"y":17,"hp":950,"w":1,"h":1,"t":1,"c":8,"e":-1,"r":0},{"x":12,"y":18,"hp":950,"w":1,"h":1,"t":1,"c":8,"e":-1,"r":0},{"x":11,"y":19,"hp":950,"w":1,"h":1,"t":1,"c":8,"e":-1,"r":0},{"x":2,"y":10,"hp":950,"w":1,"h":1,"t":0,"c":8,"e":-1,"r":0},{"x":2,"y":9,"hp":950,"w":1,"h":1,"t":0,"c":8,"e":-1,"r":0},{"x":2,"y":8,"hp":950,"w":1,"h":1,"t":0,"c":8,"e":-1,"r":0},{"x":2,"y":7,"hp":950,"w":1,"h":1,"t":0,"c":8,"e":-1,"r":0},{"x":2,"y":6,"hp":950,"w":1,"h":1,"t":0,"c":8,"e":-1,"r":0},{"x":14,"y":6,"hp":950,"w":1,"h":1,"t":0,"c":8,"e":-1,"r":0},{"x":14,"y":7,"hp":950,"w":1,"h":1,"t":0,"c":8,"e":-1,"r":0},{"x":14,"y":8,"hp":950,"w":1,"h":1,"t":0,"c":8,"e":-1,"r":0},{"x":14,"y":9,"hp":950,"w":1,"h":1,"t":0,"c":8,"e":-1,"r":0},{"x":14,"y":10,"hp":950,"w":1,"h":1,"t":0,"c":8,"e":-1,"r":0},{"x":1,"y":14,"hp":880,"w":1,"h":1,"t":0,"c":5,"e":-1,"r":0},{"x":2,"y":15,"hp":880,"w":1,"h":1,"t":0,"c":5,"e":-1,"r":0},{"x":3,"y":16,"hp":880,"w":1,"h":1,"t":0,"c":5,"e":-1,"r":0},{"x":4,"y":17,"hp":880,"w":1,"h":1,"t":0,"c":5,"e":-1,"r":0},{"x":5,"y":18,"hp":880,"w":1,"h":1,"t":0,"c":5,"e":-1,"r":0},{"x":11,"y":18,"hp":880,"w":1,"h":1,"t":0,"c":5,"e":-1,"r":0},{"x":12,"y":17,"hp":880,"w":1,"h":1,"t":0,"c":5,"e":-1,"r":0},{"x":13,"y":16,"hp":880,"w":1,"h":1,"t":0,"c":5,"e":-1,"r":0},{"x":14,"y":15,"hp":880,"w":1,"h":1,"t":0,"c":5,"e":-1,"r":0},{"x":15,"y":14,"hp":880,"w":1,"h":1,"t":0,"c":5,"e":-1,"r":0},{"x":13,"y":11,"hp":880,"w":1,"h":1,"t":0,"c":5,"e":-1,"r":0},{"x":13,"y":10,"hp":880,"w":1,"h":1,"t":0,"c":5,"e":-1,"r":0},{"x":13,"y":9,"hp":880,"w":1,"h":1,"t":0,"c":5,"e":-1,"r":0},{"x":13,"y":8,"hp":880,"w":1,"h":1,"t":0,"c":5,"e":-1,"r":0},{"x":13,"y":7,"hp":880,"w":1,"h":1,"t":0,"c":5,"e":-1,"r":0},{"x":13,"y":6,"hp":880,"w":1,"h":1,"t":0,"c":5,"e":-1,"r":0},{"x":3,"y":11,"hp":880,"w":1,"h":1,"t":0,"c":5,"e":-1,"r":0},{"x":3,"y":10,"hp":880,"w":1,"h":1,"t":0,"c":5,"e":-1,"r":0},{"x":3,"y":9,"hp":880,"w":1,"h":1,"t":0,"c":5,"e":-1,"r":0},{"x":3,"y":8,"hp":880,"w":1,"h":1,"t":0,"c":5,"e":-1,"r":0},{"x":3,"y":7,"hp":880,"w":1,"h":1,"t":0,"c":5,"e":-1,"r":0},{"x":3,"y":6,"hp":880,"w":1,"h":1,"t":0,"c":5,"e":-1,"r":0},{"x":2,"y":11,"hp":950,"w":1,"h":1,"t":1,"c":8,"e":-1,"r":1},{"x":3,"y":12,"hp":950,"w":1,"h":1,"t":1,"c":8,"e":-1,"r":1},{"x":14,"y":11,"hp":950,"w":1,"h":1,"t":1,"c":8,"e":-1,"r":0},{"x":13,"y":12,"hp":950,"w":1,"h":1,"t":1,"c":8,"e":-1,"r":0},{"x":10,"y":6,"hp":377,"w":2,"h":2,"t":8,"c":0,"e":-1,"r":0},{"x":6,"y":11,"hp":88,"w":1,"h":1,"t":0,"c":0,"e":-1,"r":0},{"x":7,"y":10,"hp":88,"w":1,"h":1,"t":0,"c":0,"e":-1,"r":0},{"x":6,"y":9,"hp":88,"w":1,"h":1,"t":0,"c":0,"e":-1,"r":0},{"x":5,"y":10,"hp":88,"w":1,"h":1,"t":0,"c":0,"e":-1,"r":0},{"x":9,"y":10,"hp":88,"w":1,"h":1,"t":0,"c":0,"e":-1,"r":0},{"x":10,"y":9,"hp":88,"w":1,"h":1,"t":0,"c":0,"e":-1,"r":0},{"x":11,"y":10,"hp":88,"w":1,"h":1,"t":0,"c":0,"e":-1,"r":0},{"x":10,"y":11,"hp":88,"w":1,"h":1,"t":0,"c":0,"e":-1,"r":0},{"x":7,"y":16,"hp":88,"w":1,"h":1,"t":0,"c":0,"e":-1,"r":0},{"x":8,"y":15,"hp":88,"w":1,"h":1,"t":0,"c":0,"e":-1,"r":0},{"x":9,"y":16,"hp":88,"w":1,"h":1,"t":0,"c":0,"e":-1,"r":0},{"x":8,"y":17,"hp":88,"w":1,"h":1,"t":0,"c":0,"e":-1,"r":0},{"x":9,"y":17,"hp":88,"w":1,"h":1,"t":1,"c":0,"e":-1,"r":0},{"x":7,"y":17,"hp":88,"w":1,"h":1,"t":1,"c":0,"e":-1,"r":1},{"x":7,"y":15,"hp":88,"w":1,"h":1,"t":1,"c":0,"e":-1,"r":2},{"x":9,"y":15,"hp":88,"w":1,"h":1,"t":1,"c":0,"e":-1,"r":3},{"x":11,"y":11,"hp":88,"w":1,"h":1,"t":1,"c":0,"e":-1,"r":0},{"x":7,"y":11,"hp":88,"w":1,"h":1,"t":1,"c":0,"e":-1,"r":0},{"x":5,"y":11,"hp":88,"w":1,"h":1,"t":1,"c":0,"e":-1,"r":1},{"x":9,"y":11,"hp":88,"w":1,"h":1,"t":1,"c":0,"e":-1,"r":1},{"x":11,"y":9,"hp":88,"w":1,"h":1,"t":1,"c":0,"e":-1,"r":3},{"x":7,"y":9,"hp":88,"w":1,"h":1,"t":1,"c":0,"e":-1,"r":3},{"x":9,"y":9,"hp":88,"w":1,"h":1,"t":1,"c":0,"e":-1,"r":2},{"x":5,"y":9,"hp":88,"w":1,"h":1,"t":1,"c":0,"e":-1,"r":2},{"x":10,"y":10,"hp":201,"w":1,"h":1,"t":0,"c":4,"e":-1,"r":0},{"x":6,"y":10,"hp":201,"w":1,"h":1,"t":0,"c":4,"e":-1,"r":0},{"x":8,"y":16,"hp":201,"w":1,"h":1,"t":0,"c":4,"e":-1,"r":0},{"x":2,"y":18,"hp":950,"w":1,"h":1,"t":0,"c":8,"e":-1,"r":0},{"x":2,"y":17,"hp":950,"w":1,"h":1,"t":0,"c":8,"e":-1,"r":0},{"x":3,"y":18,"hp":950,"w":1,"h":1,"t":0,"c":8,"e":-1,"r":0},{"x":3,"y":19,"hp":950,"w":1,"h":1,"t":0,"c":8,"e":-1,"r":0},{"x":2,"y":19,"hp":950,"w":1,"h":1,"t":0,"c":8,"e":-1,"r":0},{"x":3,"y":17,"hp":950,"w":1,"h":1,"t":0,"c":8,"e":-1,"r":0},{"x":2,"y":16,"hp":950,"w":1,"h":1,"t":0,"c":8,"e":-1,"r":0},{"x":14,"y":14,"hp":880,"w":1,"h":1,"t":1,"c":5,"e":-1,"r":2},{"x":13,"y":15,"hp":880,"w":1,"h":1,"t":1,"c":5,"e":-1,"r":2},{"x":12,"y":16,"hp":880,"w":1,"h":1,"t":1,"c":5,"e":-1,"r":2},{"x":11,"y":17,"hp":880,"w":1,"h":1,"t":1,"c":5,"e":-1,"r":2},{"x":10,"y":18,"hp":880,"w":1,"h":1,"t":1,"c":5,"e":-1,"r":2},{"x":2,"y":14,"hp":880,"w":1,"h":1,"t":1,"c":5,"e":-1,"r":3},{"x":3,"y":15,"hp":880,"w":1,"h":1,"t":1,"c":5,"e":-1,"r":3},{"x":4,"y":16,"hp":880,"w":1,"h":1,"t":1,"c":5,"e":-1,"r":3},{"x":5,"y":17,"hp":880,"w":1,"h":1,"t":1,"c":5,"e":-1,"r":3},{"x":6,"y":18,"hp":880,"w":1,"h":1,"t":1,"c":5,"e":-1,"r":3},{"x":6,"y":19,"hp":950,"w":1,"h":1,"t":0,"c":8,"e":-1,"r":0},{"x":10,"y":19,"hp":950,"w":1,"h":1,"t":0,"c":8,"e":-1,"r":0}],"bu":[{"x":5,"y":14,"buff":0},{"x":5,"y":13,"buff":0},{"x":6,"y":13,"buff":0},{"x":7,"y":13,"buff":0},{"x":8,"y":13,"buff":0},{"x":10,"y":13,"buff":0},{"x":11,"y":13,"buff":0},{"x":11,"y":14,"buff":0},{"x":10,"y":14,"buff":0},{"x":9,"y":14,"buff":0},{"x":8,"y":14,"buff":0},{"x":7,"y":14,"buff":0},{"x":6,"y":14,"buff":0},{"x":9,"y":13,"buff":0},{"x":5,"y":12,"buff":0},{"x":6,"y":12,"buff":0},{"x":7,"y":12,"buff":0},{"x":8,"y":12,"buff":0},{"x":9,"y":12,"buff":0},{"x":10,"y":12,"buff":0},{"x":11,"y":12,"buff":0}]}