{"l":256,"h":19,"w":17,"br":[{"x":5,"y":14,"hp":80,"w":2,"h":2,"t":8,"c":0,"e":-1,"r":0},{"x":12,"y":16,"hp":80,"w":1,"h":1,"t":0,"c":3,"e":-1,"r":0},{"x":11,"y":16,"hp":80,"w":1,"h":1,"t":0,"c":3,"e":-1,"r":0},{"x":11,"y":15,"hp":80,"w":1,"h":1,"t":0,"c":3,"e":-1,"r":0},{"x":12,"y":15,"hp":80,"w":1,"h":1,"t":0,"c":3,"e":-1,"r":0},{"x":3,"y":5,"hp":1146,"w":1,"h":1,"t":0,"c":4,"e":-1,"r":0},{"x":5,"y":5,"hp":1146,"w":1,"h":1,"t":0,"c":4,"e":-1,"r":0},{"x":7,"y":5,"hp":1146,"w":1,"h":1,"t":0,"c":4,"e":-1,"r":0},{"x":9,"y":5,"hp":1146,"w":1,"h":1,"t":0,"c":4,"e":-1,"r":0},{"x":11,"y":5,"hp":1146,"w":1,"h":1,"t":0,"c":4,"e":-1,"r":0},{"x":13,"y":5,"hp":1146,"w":1,"h":1,"t":0,"c":4,"e":-1,"r":0},{"x":14,"y":16,"hp":80,"w":1,"h":1,"t":0,"c":3,"e":-1,"r":0},{"x":14,"y":15,"hp":80,"w":1,"h":1,"t":0,"c":3,"e":-1,"r":0},{"x":13,"y":14,"hp":80,"w":1,"h":1,"t":0,"c":3,"e":-1,"r":0},{"x":12,"y":13,"hp":80,"w":1,"h":1,"t":0,"c":3,"e":-1,"r":0},{"x":12,"y":12,"hp":80,"w":1,"h":1,"t":0,"c":3,"e":-1,"r":0},{"x":10,"y":10,"hp":80,"w":1,"h":1,"t":0,"c":3,"e":-1,"r":0},{"x":8,"y":9,"hp":80,"w":1,"h":1,"t":0,"c":3,"e":-1,"r":0},{"x":6,"y":8,"hp":80,"w":1,"h":1,"t":0,"c":3,"e":-1,"r":0},{"x":5,"y":8,"hp":80,"w":1,"h":1,"t":0,"c":3,"e":-1,"r":0},{"x":4,"y":8,"hp":80,"w":1,"h":1,"t":0,"c":3,"e":-1,"r":0},{"x":2,"y":8,"hp":80,"w":1,"h":1,"t":0,"c":3,"e":-1,"r":0},{"x":3,"y":8,"hp":80,"w":1,"h":1,"t":0,"c":3,"e":-1,"r":0},{"x":3,"y":10,"hp":80,"w":1,"h":1,"t":0,"c":3,"e":-1,"r":0},{"x":3,"y":11,"hp":80,"w":1,"h":1,"t":0,"c":3,"e":-1,"r":0},{"x":2,"y":14,"hp":80,"w":1,"h":1,"t":0,"c":3,"e":-1,"r":0},{"x":1,"y":16,"hp":80,"w":1,"h":1,"t":0,"c":3,"e":-1,"r":0},{"x":4,"y":14,"hp":80,"w":1,"h":1,"t":0,"c":3,"e":-1,"r":0},{"x":5,"y":13,"hp":80,"w":1,"h":1,"t":0,"c":3,"e":-1,"r":0},{"x":6,"y":13,"hp":80,"w":1,"h":1,"t":0,"c":3,"e":-1,"r":0},{"x":7,"y":14,"hp":80,"w":1,"h":1,"t":0,"c":3,"e":-1,"r":0},{"x":8,"y":14,"hp":80,"w":1,"h":1,"t":0,"c":3,"e":-1,"r":0},{"x":9,"y":15,"hp":80,"w":1,"h":1,"t":0,"c":3,"e":-1,"r":0},{"x":9,"y":16,"hp":80,"w":1,"h":1,"t":0,"c":3,"e":-1,"r":0},{"x":10,"y":17,"hp":80,"w":1,"h":1,"t":0,"c":3,"e":-1,"r":0},{"x":11,"y":18,"hp":80,"w":1,"h":1,"t":0,"c":3,"e":-1,"r":0},{"x":12,"y":18,"hp":80,"w":1,"h":1,"t":0,"c":3,"e":-1,"r":0},{"x":14,"y":17,"hp":80,"w":1,"h":1,"t":0,"c":3,"e":-1,"r":0},{"x":13,"y":18,"hp":80,"w":1,"h":1,"t":0,"c":3,"e":-1,"r":0},{"x":2,"y":15,"hp":80,"w":1,"h":1,"t":0,"c":2,"e":-1,"r":0},{"x":3,"y":14,"hp":80,"w":1,"h":1,"t":0,"c":2,"e":-1,"r":0},{"x":2,"y":13,"hp":80,"w":1,"h":1,"t":0,"c":2,"e":-1,"r":0},{"x":3,"y":13,"hp":80,"w":1,"h":1,"t":0,"c":2,"e":-1,"r":0},{"x":4,"y":13,"hp":80,"w":1,"h":1,"t":0,"c":2,"e":-1,"r":0},{"x":3,"y":12,"hp":80,"w":1,"h":1,"t":0,"c":2,"e":-1,"r":0},{"x":4,"y":11,"hp":80,"w":1,"h":1,"t":0,"c":2,"e":-1,"r":0},{"x":4,"y":10,"hp":80,"w":1,"h":1,"t":0,"c":2,"e":-1,"r":0},{"x":3,"y":9,"hp":80,"w":1,"h":1,"t":0,"c":2,"e":-1,"r":0},{"x":4,"y":9,"hp":80,"w":1,"h":1,"t":0,"c":2,"e":-1,"r":0},{"x":5,"y":9,"hp":80,"w":1,"h":1,"t":0,"c":2,"e":-1,"r":0},{"x":6,"y":9,"hp":80,"w":1,"h":1,"t":0,"c":2,"e":-1,"r":0},{"x":7,"y":9,"hp":80,"w":1,"h":1,"t":0,"c":2,"e":-1,"r":0},{"x":8,"y":10,"hp":80,"w":1,"h":1,"t":0,"c":2,"e":-1,"r":0},{"x":9,"y":10,"hp":80,"w":1,"h":1,"t":0,"c":2,"e":-1,"r":0},{"x":10,"y":11,"hp":80,"w":1,"h":1,"t":0,"c":2,"e":-1,"r":0},{"x":11,"y":11,"hp":80,"w":1,"h":1,"t":0,"c":2,"e":-1,"r":0},{"x":11,"y":12,"hp":80,"w":1,"h":1,"t":0,"c":2,"e":-1,"r":0},{"x":11,"y":13,"hp":80,"w":1,"h":1,"t":0,"c":2,"e":-1,"r":0},{"x":12,"y":14,"hp":80,"w":1,"h":1,"t":0,"c":2,"e":-1,"r":0},{"x":13,"y":15,"hp":80,"w":1,"h":1,"t":0,"c":2,"e":-1,"r":0},{"x":13,"y":16,"hp":80,"w":1,"h":1,"t":0,"c":2,"e":-1,"r":0},{"x":13,"y":17,"hp":80,"w":1,"h":1,"t":0,"c":2,"e":-1,"r":0},{"x":12,"y":17,"hp":80,"w":1,"h":1,"t":0,"c":2,"e":-1,"r":0},{"x":11,"y":17,"hp":80,"w":1,"h":1,"t":0,"c":2,"e":-1,"r":0},{"x":10,"y":16,"hp":80,"w":1,"h":1,"t":0,"c":2,"e":-1,"r":0},{"x":10,"y":15,"hp":80,"w":1,"h":1,"t":0,"c":2,"e":-1,"r":0},{"x":9,"y":14,"hp":80,"w":1,"h":1,"t":0,"c":2,"e":-1,"r":0},{"x":8,"y":13,"hp":80,"w":1,"h":1,"t":0,"c":2,"e":-1,"r":0},{"x":7,"y":13,"hp":80,"w":1,"h":1,"t":0,"c":2,"e":-1,"r":0},{"x":6,"y":12,"hp":80,"w":1,"h":1,"t":0,"c":2,"e":-1,"r":0},{"x":5,"y":12,"hp":80,"w":1,"h":1,"t":0,"c":2,"e":-1,"r":0},{"x":4,"y":12,"hp":80,"w":1,"h":1,"t":0,"c":2,"e":-1,"r":0},{"x":11,"y":14,"hp":80,"w":1,"h":1,"t":0,"c":8,"e":-1,"r":0},{"x":10,"y":14,"hp":80,"w":1,"h":1,"t":0,"c":8,"e":-1,"r":0},{"x":10,"y":13,"hp":80,"w":1,"h":1,"t":0,"c":8,"e":-1,"r":0},{"x":10,"y":12,"hp":80,"w":1,"h":1,"t":0,"c":8,"e":-1,"r":0},{"x":9,"y":13,"hp":80,"w":1,"h":1,"t":0,"c":8,"e":-1,"r":0},{"x":9,"y":12,"hp":80,"w":1,"h":1,"t":0,"c":8,"e":-1,"r":0},{"x":9,"y":11,"hp":80,"w":1,"h":1,"t":0,"c":8,"e":-1,"r":0},{"x":8,"y":11,"hp":80,"w":1,"h":1,"t":0,"c":8,"e":-1,"r":0},{"x":8,"y":12,"hp":80,"w":1,"h":1,"t":0,"c":8,"e":-1,"r":0},{"x":7,"y":12,"hp":80,"w":1,"h":1,"t":0,"c":8,"e":-1,"r":0},{"x":7,"y":11,"hp":80,"w":1,"h":1,"t":0,"c":8,"e":-1,"r":0},{"x":6,"y":11,"hp":80,"w":1,"h":1,"t":0,"c":8,"e":-1,"r":0},{"x":5,"y":11,"hp":80,"w":1,"h":1,"t":0,"c":8,"e":-1,"r":0},{"x":5,"y":10,"hp":80,"w":1,"h":1,"t":0,"c":8,"e":-1,"r":0},{"x":6,"y":10,"hp":80,"w":1,"h":1,"t":0,"c":8,"e":-1,"r":0},{"x":7,"y":10,"hp":80,"w":1,"h":1,"t":0,"c":8,"e":-1,"r":0},{"x":11,"y":10,"hp":80,"w":1,"h":1,"t":1,"c":3,"e":-1,"r":3},{"x":12,"y":11,"hp":80,"w":1,"h":1,"t":1,"c":3,"e":-1,"r":3},{"x":7,"y":8,"hp":80,"w":1,"h":1,"t":1,"c":3,"e":-1,"r":3},{"x":9,"y":9,"hp":80,"w":1,"h":1,"t":1,"c":3,"e":-1,"r":3},{"x":1,"y":8,"hp":80,"w":1,"h":1,"t":1,"c":3,"e":-1,"r":1},{"x":2,"y":9,"hp":80,"w":1,"h":1,"t":1,"c":3,"e":-1,"r":1},{"x":2,"y":12,"hp":80,"w":1,"h":1,"t":1,"c":3,"e":-1,"r":2},{"x":1,"y":13,"hp":80,"w":1,"h":1,"t":1,"c":3,"e":-1,"r":2},{"x":1,"y":15,"hp":80,"w":1,"h":1,"t":1,"c":3,"e":-1,"r":2},{"x":1,"y":17,"hp":80,"w":1,"h":1,"t":1,"c":3,"e":-1,"r":0},{"x":2,"y":16,"hp":80,"w":1,"h":1,"t":1,"c":3,"e":-1,"r":0},{"x":3,"y":15,"hp":80,"w":1,"h":1,"t":1,"c":3,"e":-1,"r":0},{"x":15,"y":17,"hp":80,"w":1,"h":1,"t":1,"c":3,"e":-1,"r":3},{"x":14,"y":14,"hp":80,"w":1,"h":1,"t":1,"c":3,"e":-1,"r":3},{"x":2,"y":5,"hp":1146,"w":1,"h":1,"t":0,"c":5,"e":-1,"r":0},{"x":4,"y":5,"hp":1146,"w":1,"h":1,"t":0,"c":5,"e":-1,"r":0},{"x":6,"y":5,"hp":1146,"w":1,"h":1,"t":0,"c":5,"e":-1,"r":0},{"x":10,"y":5,"hp":1146,"w":1,"h":1,"t":0,"c":5,"e":-1,"r":0},{"x":12,"y":5,"hp":1146,"w":1,"h":1,"t":0,"c":5,"e":-1,"r":0},{"x":14,"y":5,"hp":1146,"w":1,"h":1,"t":0,"c":5,"e":-1,"r":0}],"bu":[{"x":2,"y":6,"buff":1},{"x":3,"y":6,"buff":1},{"x":4,"y":6,"buff":1},{"x":5,"y":6,"buff":1},{"x":6,"y":6,"buff":1},{"x":7,"y":6,"buff":1},{"x":9,"y":6,"buff":1},{"x":10,"y":6,"buff":1},{"x":11,"y":6,"buff":1},{"x":12,"y":6,"buff":1},{"x":13,"y":6,"buff":1},{"x":14,"y":6,"buff":1}]}