{"l":306,"h":21,"w":11,"br":[{"x":3,"y":6,"hp":36,"w":1,"h":1,"t":0,"c":1,"e":-1,"r":0},{"x":4,"y":6,"hp":36,"w":1,"h":1,"t":0,"c":1,"e":-1,"r":0},{"x":5,"y":6,"hp":36,"w":1,"h":1,"t":0,"c":1,"e":-1,"r":0},{"x":2,"y":8,"hp":44,"w":1,"h":1,"t":0,"c":2,"e":-1,"r":0},{"x":3,"y":8,"hp":44,"w":1,"h":1,"t":0,"c":2,"e":-1,"r":0},{"x":4,"y":8,"hp":44,"w":1,"h":1,"t":0,"c":2,"e":-1,"r":0},{"x":5,"y":8,"hp":44,"w":1,"h":1,"t":0,"c":2,"e":-1,"r":0},{"x":2,"y":9,"hp":87,"w":1,"h":1,"t":0,"c":1,"e":9,"r":0},{"x":3,"y":9,"hp":87,"w":1,"h":1,"t":0,"c":1,"e":-1,"r":0},{"x":5,"y":9,"hp":87,"w":1,"h":1,"t":0,"c":1,"e":-1,"r":0},{"x":4,"y":10,"hp":66,"w":1,"h":1,"t":0,"c":1,"e":-1,"r":0},{"x":1,"y":11,"hp":98,"w":1,"h":1,"t":0,"c":1,"e":-1,"r":0},{"x":3,"y":11,"hp":98,"w":1,"h":1,"t":0,"c":1,"e":-1,"r":0},{"x":4,"y":11,"hp":98,"w":1,"h":1,"t":0,"c":1,"e":-1,"r":0},{"x":1,"y":12,"hp":122,"w":1,"h":1,"t":0,"c":1,"e":-1,"r":0},{"x":2,"y":12,"hp":122,"w":1,"h":1,"t":0,"c":1,"e":-1,"r":0},{"x":3,"y":12,"hp":122,"w":1,"h":1,"t":0,"c":1,"e":-1,"r":0},{"x":4,"y":13,"hp":100,"w":1,"h":1,"t":0,"c":1,"e":-1,"r":0},{"x":5,"y":13,"hp":100,"w":1,"h":1,"t":0,"c":1,"e":-1,"r":0},{"x":3,"y":14,"hp":200,"w":1,"h":1,"t":0,"c":1,"e":-1,"r":0},{"x":4,"y":14,"hp":200,"w":1,"h":1,"t":0,"c":1,"e":-1,"r":0},{"x":5,"y":14,"hp":200,"w":1,"h":1,"t":0,"c":1,"e":-1,"r":0},{"x":0,"y":15,"hp":130,"w":1,"h":1,"t":0,"c":1,"e":-1,"r":0},{"x":4,"y":15,"hp":130,"w":1,"h":1,"t":0,"c":1,"e":-1,"r":0},{"x":5,"y":15,"hp":130,"w":1,"h":1,"t":3,"c":1,"e":-1,"r":0},{"x":0,"y":17,"hp":115,"w":1,"h":1,"t":0,"c":1,"e":-1,"r":0},{"x":3,"y":17,"hp":115,"w":1,"h":1,"t":0,"c":1,"e":-1,"r":0},{"x":4,"y":17,"hp":115,"w":1,"h":1,"t":0,"c":1,"e":-1,"r":0},{"x":5,"y":17,"hp":115,"w":1,"h":1,"t":0,"c":1,"e":2,"r":0},{"x":1,"y":19,"hp":138,"w":1,"h":1,"t":0,"c":1,"e":-1,"r":0},{"x":2,"y":19,"hp":138,"w":1,"h":1,"t":0,"c":1,"e":-1,"r":0},{"x":5,"y":19,"hp":138,"w":1,"h":1,"t":0,"c":1,"e":-1,"r":0},{"x":7,"y":6,"hp":36,"w":1,"h":1,"t":0,"c":1,"e":-1,"r":0},{"x":6,"y":6,"hp":36,"w":1,"h":1,"t":0,"c":1,"e":-1,"r":0},{"x":8,"y":8,"hp":44,"w":1,"h":1,"t":0,"c":2,"e":-1,"r":0},{"x":7,"y":8,"hp":44,"w":1,"h":1,"t":0,"c":2,"e":-1,"r":0},{"x":6,"y":8,"hp":44,"w":1,"h":1,"t":0,"c":2,"e":-1,"r":0},{"x":9,"y":9,"hp":87,"w":1,"h":1,"t":4,"c":1,"e":-1,"r":0},{"x":8,"y":9,"hp":87,"w":1,"h":1,"t":0,"c":1,"e":-1,"r":0},{"x":7,"y":9,"hp":87,"w":1,"h":1,"t":0,"c":1,"e":-1,"r":0},{"x":6,"y":10,"hp":66,"w":1,"h":1,"t":0,"c":1,"e":-1,"r":0},{"x":9,"y":11,"hp":98,"w":1,"h":1,"t":0,"c":1,"e":-1,"r":0},{"x":7,"y":11,"hp":98,"w":1,"h":1,"t":0,"c":1,"e":-1,"r":0},{"x":6,"y":11,"hp":98,"w":1,"h":1,"t":0,"c":1,"e":-1,"r":0},{"x":9,"y":12,"hp":122,"w":1,"h":1,"t":0,"c":1,"e":-1,"r":0},{"x":8,"y":12,"hp":122,"w":1,"h":1,"t":0,"c":1,"e":-1,"r":0},{"x":7,"y":12,"hp":122,"w":1,"h":1,"t":0,"c":1,"e":-1,"r":0},{"x":9,"y":13,"hp":100,"w":1,"h":1,"t":0,"c":1,"e":-1,"r":0},{"x":6,"y":13,"hp":100,"w":1,"h":1,"t":0,"c":1,"e":3,"r":0},{"x":7,"y":14,"hp":200,"w":1,"h":1,"t":0,"c":1,"e":-1,"r":0},{"x":6,"y":14,"hp":200,"w":1,"h":1,"t":0,"c":1,"e":-1,"r":0},{"x":10,"y":15,"hp":130,"w":1,"h":1,"t":0,"c":1,"e":-1,"r":0},{"x":8,"y":15,"hp":130,"w":1,"h":1,"t":0,"c":1,"e":-1,"r":0},{"x":7,"y":15,"hp":130,"w":1,"h":1,"t":3,"c":1,"e":-1,"r":0},{"x":6,"y":15,"hp":130,"w":1,"h":1,"t":0,"c":1,"e":-1,"r":0},{"x":7,"y":17,"hp":115,"w":1,"h":1,"t":0,"c":1,"e":-1,"r":0},{"x":6,"y":17,"hp":115,"w":1,"h":1,"t":0,"c":1,"e":-1,"r":0},{"x":9,"y":18,"hp":107,"w":1,"h":1,"t":0,"c":1,"e":-1,"r":0},{"x":10,"y":19,"hp":138,"w":1,"h":1,"t":5,"c":1,"e":-1,"r":0},{"x":9,"y":19,"hp":138,"w":1,"h":1,"t":0,"c":1,"e":-1,"r":0},{"x":8,"y":19,"hp":138,"w":1,"h":1,"t":0,"c":1,"e":-1,"r":0},{"x":6,"y":19,"hp":138,"w":1,"h":1,"t":0,"c":1,"e":-1,"r":0},{"x":1,"y":18,"hp":107,"w":1,"h":1,"t":0,"c":1,"e":-1,"r":0},{"x":2,"y":18,"hp":107,"w":1,"h":1,"t":0,"c":1,"e":-1,"r":0},{"x":4,"y":18,"hp":107,"w":1,"h":1,"t":0,"c":1,"e":-1,"r":0},{"x":5,"y":18,"hp":107,"w":1,"h":1,"t":0,"c":1,"e":-1,"r":0},{"x":6,"y":18,"hp":107,"w":1,"h":1,"t":0,"c":1,"e":-1,"r":0},{"x":7,"y":18,"hp":107,"w":1,"h":1,"t":0,"c":1,"e":-1,"r":0},{"x":3,"y":13,"hp":100,"w":1,"h":1,"t":0,"c":1,"e":-1,"r":0},{"x":2,"y":13,"hp":100,"w":1,"h":1,"t":0,"c":1,"e":-1,"r":0},{"x":3,"y":19,"hp":138,"w":1,"h":1,"t":0,"c":1,"e":-1,"r":0},{"x":2,"y":6,"hp":36,"w":1,"h":1,"t":0,"c":1,"e":-1,"r":0},{"x":8,"y":6,"hp":36,"w":1,"h":1,"t":0,"c":1,"e":-1,"r":0},{"x":1,"y":5,"hp":80,"w":1,"h":1,"t":0,"c":2,"e":-1,"r":0},{"x":2,"y":5,"hp":80,"w":1,"h":1,"t":0,"c":2,"e":-1,"r":0},{"x":3,"y":5,"hp":80,"w":1,"h":1,"t":0,"c":2,"e":-1,"r":0},{"x":4,"y":5,"hp":80,"w":1,"h":1,"t":0,"c":2,"e":-1,"r":0},{"x":5,"y":5,"hp":80,"w":1,"h":1,"t":0,"c":2,"e":-1,"r":0},{"x":6,"y":5,"hp":80,"w":1,"h":1,"t":0,"c":2,"e":-1,"r":0},{"x":7,"y":5,"hp":80,"w":1,"h":1,"t":0,"c":2,"e":-1,"r":0},{"x":8,"y":5,"hp":80,"w":1,"h":1,"t":0,"c":2,"e":-1,"r":0},{"x":9,"y":5,"hp":80,"w":1,"h":1,"t":0,"c":2,"e":-1,"r":0},{"x":0,"y":6,"hp":80,"w":1,"h":1,"t":0,"c":7,"e":-1,"r":0},{"x":1,"y":6,"hp":80,"w":1,"h":1,"t":0,"c":7,"e":-1,"r":0},{"x":10,"y":7,"hp":80,"w":1,"h":1,"t":0,"c":7,"e":-1,"r":0},{"x":9,"y":7,"hp":80,"w":1,"h":1,"t":0,"c":7,"e":-1,"r":0},{"x":1,"y":9,"hp":80,"w":1,"h":1,"t":0,"c":2,"e":-1,"r":0},{"x":0,"y":9,"hp":80,"w":1,"h":1,"t":0,"c":2,"e":-1,"r":0},{"x":1,"y":7,"hp":80,"w":1,"h":1,"t":0,"c":2,"e":-1,"r":0},{"x":10,"y":12,"hp":80,"w":1,"h":1,"t":0,"c":1,"e":-1,"r":0},{"x":0,"y":13,"hp":80,"w":1,"h":1,"t":0,"c":1,"e":-1,"r":0},{"x":0,"y":16,"hp":214,"w":1,"h":1,"t":0,"c":1,"e":-1,"r":0},{"x":1,"y":16,"hp":214,"w":1,"h":1,"t":0,"c":1,"e":-1,"r":0},{"x":3,"y":16,"hp":214,"w":1,"h":1,"t":0,"c":1,"e":-1,"r":0},{"x":4,"y":16,"hp":214,"w":1,"h":1,"t":0,"c":1,"e":-1,"r":0},{"x":5,"y":16,"hp":214,"w":1,"h":1,"t":0,"c":1,"e":-1,"r":0},{"x":6,"y":16,"hp":214,"w":1,"h":1,"t":0,"c":1,"e":-1,"r":0},{"x":7,"y":16,"hp":214,"w":1,"h":1,"t":0,"c":1,"e":-1,"r":0},{"x":9,"y":16,"hp":214,"w":1,"h":1,"t":0,"c":1,"e":-1,"r":0}],"bu":[{"x":4,"y":20,"buff":1},{"x":0,"y":14,"buff":1},{"x":0,"y":11,"buff":1},{"x":7,"y":10,"buff":1},{"x":2,"y":16,"buff":0},{"x":8,"y":17,"buff":5},{"x":3,"y":7,"buff":0},{"x":4,"y":7,"buff":0},{"x":5,"y":7,"buff":0},{"x":6,"y":7,"buff":0},{"x":7,"y":7,"buff":0}]}