{"l":386,"h":41,"w":11,"br":[{"x":1,"y":5,"hp":63,"w":1,"h":1,"t":0,"c":2,"e":-1,"r":0},{"x":2,"y":5,"hp":63,"w":1,"h":1,"t":0,"c":2,"e":-1,"r":0},{"x":4,"y":5,"hp":63,"w":1,"h":1,"t":0,"c":2,"e":-1,"r":0},{"x":5,"y":5,"hp":63,"w":1,"h":1,"t":3,"c":2,"e":-1,"r":0},{"x":2,"y":6,"hp":104,"w":1,"h":1,"t":0,"c":5,"e":-1,"r":0},{"x":3,"y":6,"hp":104,"w":1,"h":1,"t":0,"c":5,"e":-1,"r":0},{"x":4,"y":6,"hp":104,"w":1,"h":1,"t":0,"c":5,"e":-1,"r":0},{"x":5,"y":6,"hp":104,"w":1,"h":1,"t":0,"c":5,"e":9,"r":0},{"x":0,"y":7,"hp":78,"w":1,"h":1,"t":0,"c":5,"e":-1,"r":0},{"x":1,"y":7,"hp":78,"w":1,"h":1,"t":0,"c":5,"e":-1,"r":0},{"x":2,"y":8,"hp":106,"w":1,"h":1,"t":0,"c":5,"e":-1,"r":0},{"x":3,"y":8,"hp":106,"w":1,"h":1,"t":0,"c":5,"e":-1,"r":0},{"x":4,"y":8,"hp":106,"w":1,"h":1,"t":0,"c":5,"e":-1,"r":0},{"x":5,"y":8,"hp":106,"w":1,"h":1,"t":0,"c":5,"e":-1,"r":0},{"x":0,"y":9,"hp":87,"w":1,"h":1,"t":0,"c":5,"e":-1,"r":0},{"x":1,"y":9,"hp":87,"w":1,"h":1,"t":4,"c":5,"e":-1,"r":0},{"x":2,"y":9,"hp":87,"w":1,"h":1,"t":0,"c":5,"e":-1,"r":0},{"x":4,"y":9,"hp":87,"w":1,"h":1,"t":0,"c":5,"e":-1,"r":0},{"x":5,"y":9,"hp":87,"w":1,"h":1,"t":2,"c":5,"e":-1,"r":2},{"x":0,"y":10,"hp":107,"w":1,"h":1,"t":0,"c":5,"e":-1,"r":0},{"x":1,"y":10,"hp":107,"w":1,"h":1,"t":0,"c":5,"e":-1,"r":0},{"x":3,"y":10,"hp":107,"w":1,"h":1,"t":0,"c":5,"e":-1,"r":0},{"x":4,"y":10,"hp":107,"w":1,"h":1,"t":0,"c":5,"e":-1,"r":0},{"x":5,"y":10,"hp":107,"w":1,"h":1,"t":0,"c":5,"e":-1,"r":0},{"x":2,"y":11,"hp":84,"w":1,"h":1,"t":0,"c":5,"e":-1,"r":0},{"x":4,"y":11,"hp":84,"w":1,"h":1,"t":0,"c":5,"e":-1,"r":0},{"x":5,"y":11,"hp":84,"w":1,"h":1,"t":0,"c":5,"e":-1,"r":0},{"x":1,"y":12,"hp":82,"w":1,"h":1,"t":0,"c":5,"e":-1,"r":0},{"x":2,"y":12,"hp":82,"w":1,"h":1,"t":0,"c":5,"e":-1,"r":0},{"x":3,"y":12,"hp":82,"w":1,"h":1,"t":0,"c":5,"e":-1,"r":0},{"x":4,"y":12,"hp":82,"w":1,"h":1,"t":0,"c":5,"e":-1,"r":0},{"x":3,"y":13,"hp":120,"w":1,"h":1,"t":0,"c":5,"e":-1,"r":0},{"x":4,"y":13,"hp":120,"w":1,"h":1,"t":0,"c":5,"e":-1,"r":0},{"x":5,"y":13,"hp":120,"w":1,"h":1,"t":0,"c":5,"e":-1,"r":0},{"x":3,"y":15,"hp":105,"w":1,"h":1,"t":0,"c":5,"e":-1,"r":0},{"x":2,"y":16,"hp":137,"w":1,"h":1,"t":1,"c":5,"e":-1,"r":3},{"x":3,"y":16,"hp":137,"w":1,"h":1,"t":0,"c":5,"e":-1,"r":0},{"x":5,"y":16,"hp":137,"w":1,"h":1,"t":0,"c":5,"e":-1,"r":0},{"x":1,"y":17,"hp":177,"w":1,"h":1,"t":0,"c":5,"e":-1,"r":0},{"x":2,"y":17,"hp":177,"w":1,"h":1,"t":0,"c":5,"e":-1,"r":0},{"x":3,"y":17,"hp":177,"w":1,"h":1,"t":0,"c":5,"e":-1,"r":0},{"x":4,"y":17,"hp":177,"w":1,"h":1,"t":0,"c":5,"e":-1,"r":0},{"x":5,"y":17,"hp":177,"w":1,"h":1,"t":0,"c":5,"e":-1,"r":0},{"x":5,"y":18,"hp":109,"w":1,"h":1,"t":0,"c":5,"e":-1,"r":0},{"x":0,"y":19,"hp":105,"w":1,"h":1,"t":0,"c":5,"e":-1,"r":0},{"x":1,"y":19,"hp":105,"w":1,"h":1,"t":0,"c":5,"e":-1,"r":0},{"x":2,"y":19,"hp":105,"w":1,"h":1,"t":0,"c":5,"e":-1,"r":0},{"x":4,"y":19,"hp":105,"w":1,"h":1,"t":0,"c":5,"e":-1,"r":0},{"x":5,"y":19,"hp":105,"w":1,"h":1,"t":0,"c":5,"e":-1,"r":0},{"x":1,"y":20,"hp":280,"w":1,"h":1,"t":0,"c":5,"e":-1,"r":0},{"x":5,"y":20,"hp":280,"w":1,"h":1,"t":0,"c":5,"e":-1,"r":0},{"x":1,"y":21,"hp":105,"w":1,"h":1,"t":3,"c":5,"e":-1,"r":0},{"x":2,"y":21,"hp":105,"w":1,"h":1,"t":0,"c":5,"e":-1,"r":0},{"x":4,"y":21,"hp":105,"w":1,"h":1,"t":0,"c":5,"e":-1,"r":0},{"x":5,"y":21,"hp":105,"w":1,"h":1,"t":0,"c":5,"e":-1,"r":0},{"x":0,"y":22,"hp":132,"w":1,"h":1,"t":0,"c":5,"e":-1,"r":0},{"x":1,"y":22,"hp":132,"w":1,"h":1,"t":0,"c":5,"e":-1,"r":0},{"x":2,"y":22,"hp":132,"w":1,"h":1,"t":0,"c":5,"e":-1,"r":0},{"x":4,"y":22,"hp":132,"w":1,"h":1,"t":0,"c":5,"e":-1,"r":0},{"x":5,"y":22,"hp":132,"w":1,"h":1,"t":0,"c":5,"e":-1,"r":0},{"x":4,"y":23,"hp":118,"w":1,"h":1,"t":0,"c":5,"e":-1,"r":0},{"x":5,"y":23,"hp":118,"w":1,"h":1,"t":0,"c":5,"e":-1,"r":0},{"x":3,"y":24,"hp":171,"w":1,"h":1,"t":3,"c":5,"e":-1,"r":0},{"x":4,"y":24,"hp":171,"w":1,"h":1,"t":0,"c":5,"e":-1,"r":0},{"x":5,"y":24,"hp":171,"w":1,"h":1,"t":0,"c":5,"e":-1,"r":0},{"x":0,"y":25,"hp":82,"w":1,"h":1,"t":0,"c":5,"e":-1,"r":0},{"x":2,"y":25,"hp":82,"w":1,"h":1,"t":0,"c":5,"e":-1,"r":0},{"x":3,"y":25,"hp":82,"w":1,"h":1,"t":0,"c":5,"e":-1,"r":0},{"x":4,"y":25,"hp":82,"w":1,"h":1,"t":3,"c":5,"e":-1,"r":0},{"x":3,"y":26,"hp":118,"w":1,"h":1,"t":0,"c":5,"e":-1,"r":0},{"x":4,"y":26,"hp":118,"w":1,"h":1,"t":0,"c":5,"e":-1,"r":0},{"x":5,"y":26,"hp":118,"w":1,"h":1,"t":0,"c":5,"e":-1,"r":0},{"x":1,"y":27,"hp":201,"w":1,"h":1,"t":0,"c":5,"e":-1,"r":0},{"x":2,"y":27,"hp":201,"w":1,"h":1,"t":0,"c":5,"e":-1,"r":0},{"x":4,"y":27,"hp":201,"w":1,"h":1,"t":0,"c":5,"e":-1,"r":0},{"x":5,"y":28,"hp":89,"w":1,"h":1,"t":0,"c":5,"e":-1,"r":0},{"x":2,"y":29,"hp":122,"w":1,"h":1,"t":0,"c":5,"e":-1,"r":0},{"x":5,"y":29,"hp":122,"w":1,"h":1,"t":0,"c":5,"e":-1,"r":0},{"x":1,"y":30,"hp":124,"w":1,"h":1,"t":0,"c":5,"e":-1,"r":0},{"x":2,"y":30,"hp":124,"w":1,"h":1,"t":0,"c":5,"e":-1,"r":0},{"x":5,"y":30,"hp":124,"w":1,"h":1,"t":0,"c":5,"e":-1,"r":0},{"x":0,"y":31,"hp":154,"w":1,"h":1,"t":0,"c":5,"e":-1,"r":0},{"x":1,"y":31,"hp":154,"w":1,"h":1,"t":0,"c":5,"e":-1,"r":0},{"x":4,"y":32,"hp":102,"w":1,"h":1,"t":0,"c":5,"e":-1,"r":0},{"x":5,"y":32,"hp":102,"w":1,"h":1,"t":0,"c":5,"e":7,"r":0},{"x":2,"y":33,"hp":114,"w":1,"h":1,"t":0,"c":5,"e":-1,"r":0},{"x":4,"y":33,"hp":114,"w":1,"h":1,"t":0,"c":5,"e":-1,"r":0},{"x":5,"y":33,"hp":114,"w":1,"h":1,"t":0,"c":5,"e":-1,"r":0},{"x":2,"y":34,"hp":165,"w":1,"h":1,"t":0,"c":5,"e":-1,"r":0},{"x":3,"y":34,"hp":165,"w":1,"h":1,"t":0,"c":5,"e":-1,"r":0},{"x":4,"y":34,"hp":165,"w":1,"h":1,"t":0,"c":5,"e":-1,"r":0},{"x":5,"y":34,"hp":165,"w":1,"h":1,"t":0,"c":5,"e":-1,"r":0},{"x":2,"y":35,"hp":170,"w":1,"h":1,"t":0,"c":5,"e":-1,"r":0},{"x":4,"y":35,"hp":170,"w":1,"h":1,"t":0,"c":5,"e":-1,"r":0},{"x":5,"y":35,"hp":170,"w":1,"h":1,"t":0,"c":5,"e":-1,"r":0},{"x":4,"y":36,"hp":128,"w":1,"h":1,"t":0,"c":5,"e":-1,"r":0},{"x":5,"y":36,"hp":128,"w":1,"h":1,"t":0,"c":5,"e":-1,"r":0},{"x":2,"y":37,"hp":187,"w":1,"h":1,"t":0,"c":5,"e":-1,"r":0},{"x":3,"y":37,"hp":187,"w":1,"h":1,"t":0,"c":5,"e":-1,"r":0},{"x":5,"y":37,"hp":187,"w":1,"h":1,"t":0,"c":5,"e":-1,"r":0},{"x":2,"y":38,"hp":200,"w":1,"h":1,"t":0,"c":5,"e":-1,"r":0},{"x":3,"y":38,"hp":200,"w":1,"h":1,"t":0,"c":5,"e":-1,"r":0},{"x":4,"y":38,"hp":200,"w":1,"h":1,"t":0,"c":5,"e":-1,"r":0},{"x":5,"y":38,"hp":200,"w":1,"h":1,"t":0,"c":5,"e":-1,"r":0},{"x":0,"y":39,"hp":240,"w":1,"h":1,"t":0,"c":5,"e":-1,"r":0},{"x":1,"y":39,"hp":240,"w":1,"h":1,"t":0,"c":5,"e":-1,"r":0},{"x":2,"y":39,"hp":240,"w":1,"h":1,"t":0,"c":5,"e":-1,"r":0},{"x":3,"y":39,"hp":240,"w":1,"h":1,"t":0,"c":5,"e":-1,"r":0},{"x":5,"y":39,"hp":240,"w":1,"h":1,"t":0,"c":5,"e":-1,"r":0},{"x":8,"y":5,"hp":63,"w":1,"h":1,"t":0,"c":2,"e":-1,"r":0},{"x":6,"y":5,"hp":63,"w":1,"h":1,"t":0,"c":2,"e":-1,"r":0},{"x":8,"y":6,"hp":104,"w":1,"h":1,"t":0,"c":5,"e":-1,"r":0},{"x":7,"y":6,"hp":104,"w":1,"h":1,"t":0,"c":5,"e":-1,"r":0},{"x":6,"y":6,"hp":104,"w":1,"h":1,"t":0,"c":5,"e":-1,"r":0},{"x":7,"y":8,"hp":106,"w":1,"h":1,"t":0,"c":5,"e":-1,"r":0},{"x":6,"y":8,"hp":106,"w":1,"h":1,"t":0,"c":5,"e":-1,"r":0},{"x":10,"y":9,"hp":87,"w":1,"h":1,"t":0,"c":5,"e":-1,"r":0},{"x":9,"y":9,"hp":87,"w":1,"h":1,"t":4,"c":5,"e":-1,"r":0},{"x":6,"y":9,"hp":87,"w":1,"h":1,"t":0,"c":5,"e":-1,"r":0},{"x":9,"y":10,"hp":107,"w":1,"h":1,"t":0,"c":5,"e":-1,"r":0},{"x":10,"y":11,"hp":84,"w":1,"h":1,"t":0,"c":5,"e":-1,"r":0},{"x":8,"y":11,"hp":84,"w":1,"h":1,"t":0,"c":5,"e":-1,"r":0},{"x":9,"y":12,"hp":82,"w":1,"h":1,"t":0,"c":5,"e":-1,"r":0},{"x":8,"y":12,"hp":82,"w":1,"h":1,"t":0,"c":5,"e":-1,"r":0},{"x":7,"y":12,"hp":82,"w":1,"h":1,"t":0,"c":5,"e":-1,"r":0},{"x":7,"y":13,"hp":120,"w":1,"h":1,"t":0,"c":5,"e":-1,"r":0},{"x":6,"y":13,"hp":120,"w":1,"h":1,"t":0,"c":5,"e":-1,"r":0},{"x":7,"y":15,"hp":105,"w":1,"h":1,"t":0,"c":5,"e":-1,"r":0},{"x":7,"y":16,"hp":137,"w":1,"h":1,"t":0,"c":5,"e":-1,"r":0},{"x":7,"y":17,"hp":177,"w":1,"h":1,"t":0,"c":5,"e":-1,"r":0},{"x":6,"y":17,"hp":177,"w":1,"h":1,"t":0,"c":5,"e":-1,"r":0},{"x":10,"y":18,"hp":109,"w":1,"h":1,"t":0,"c":5,"e":-1,"r":0},{"x":9,"y":18,"hp":109,"w":1,"h":1,"t":0,"c":5,"e":-1,"r":0},{"x":7,"y":18,"hp":109,"w":1,"h":1,"t":0,"c":5,"e":-1,"r":0},{"x":9,"y":20,"hp":280,"w":1,"h":1,"t":0,"c":5,"e":-1,"r":0},{"x":9,"y":21,"hp":105,"w":1,"h":1,"t":3,"c":5,"e":-1,"r":0},{"x":8,"y":21,"hp":105,"w":1,"h":1,"t":0,"c":5,"e":-1,"r":0},{"x":6,"y":21,"hp":105,"w":1,"h":1,"t":0,"c":5,"e":-1,"r":0},{"x":6,"y":22,"hp":132,"w":1,"h":1,"t":0,"c":5,"e":-1,"r":0},{"x":9,"y":23,"hp":118,"w":1,"h":1,"t":0,"c":5,"e":-1,"r":0},{"x":8,"y":23,"hp":118,"w":1,"h":1,"t":0,"c":5,"e":-1,"r":0},{"x":6,"y":23,"hp":118,"w":1,"h":1,"t":0,"c":5,"e":-1,"r":0},{"x":10,"y":24,"hp":171,"w":1,"h":1,"t":0,"c":5,"e":-1,"r":0},{"x":9,"y":24,"hp":171,"w":1,"h":1,"t":0,"c":5,"e":-1,"r":0},{"x":7,"y":24,"hp":171,"w":1,"h":1,"t":3,"c":5,"e":-1,"r":0},{"x":6,"y":24,"hp":171,"w":1,"h":1,"t":0,"c":5,"e":-1,"r":0},{"x":6,"y":25,"hp":82,"w":1,"h":1,"t":3,"c":5,"e":-1,"r":0},{"x":10,"y":26,"hp":118,"w":1,"h":1,"t":0,"c":5,"e":-1,"r":0},{"x":7,"y":26,"hp":118,"w":1,"h":1,"t":0,"c":5,"e":-1,"r":0},{"x":6,"y":26,"hp":118,"w":1,"h":1,"t":0,"c":5,"e":-1,"r":0},{"x":8,"y":27,"hp":201,"w":1,"h":1,"t":0,"c":5,"e":-1,"r":0},{"x":7,"y":27,"hp":201,"w":1,"h":1,"t":0,"c":5,"e":-1,"r":0},{"x":7,"y":28,"hp":89,"w":1,"h":1,"t":4,"c":5,"e":-1,"r":0},{"x":6,"y":28,"hp":89,"w":1,"h":1,"t":0,"c":5,"e":-1,"r":0},{"x":8,"y":29,"hp":122,"w":1,"h":1,"t":0,"c":5,"e":-1,"r":0},{"x":9,"y":30,"hp":124,"w":1,"h":1,"t":0,"c":5,"e":-1,"r":0},{"x":8,"y":30,"hp":124,"w":1,"h":1,"t":0,"c":5,"e":-1,"r":0},{"x":7,"y":30,"hp":124,"w":1,"h":1,"t":0,"c":5,"e":-1,"r":0},{"x":8,"y":31,"hp":154,"w":1,"h":1,"t":0,"c":5,"e":-1,"r":0},{"x":7,"y":31,"hp":154,"w":1,"h":1,"t":0,"c":5,"e":-1,"r":0},{"x":6,"y":31,"hp":154,"w":1,"h":1,"t":0,"c":5,"e":-1,"r":0},{"x":7,"y":32,"hp":102,"w":1,"h":1,"t":5,"c":5,"e":-1,"r":0},{"x":6,"y":32,"hp":102,"w":1,"h":1,"t":0,"c":5,"e":-1,"r":0},{"x":9,"y":33,"hp":114,"w":1,"h":1,"t":0,"c":5,"e":-1,"r":0},{"x":8,"y":33,"hp":114,"w":1,"h":1,"t":0,"c":5,"e":-1,"r":0},{"x":6,"y":33,"hp":114,"w":1,"h":1,"t":0,"c":5,"e":-1,"r":0},{"x":8,"y":34,"hp":165,"w":1,"h":1,"t":0,"c":5,"e":-1,"r":0},{"x":7,"y":34,"hp":165,"w":1,"h":1,"t":0,"c":5,"e":-1,"r":0},{"x":6,"y":34,"hp":165,"w":1,"h":1,"t":0,"c":5,"e":-1,"r":0},{"x":6,"y":35,"hp":170,"w":1,"h":1,"t":0,"c":5,"e":-1,"r":0},{"x":10,"y":36,"hp":128,"w":1,"h":1,"t":0,"c":5,"e":-1,"r":0},{"x":9,"y":36,"hp":128,"w":1,"h":1,"t":0,"c":5,"e":-1,"r":0},{"x":8,"y":37,"hp":187,"w":1,"h":1,"t":0,"c":5,"e":-1,"r":0},{"x":7,"y":37,"hp":187,"w":1,"h":1,"t":0,"c":5,"e":-1,"r":0},{"x":8,"y":38,"hp":200,"w":1,"h":1,"t":0,"c":5,"e":-1,"r":0},{"x":7,"y":38,"hp":200,"w":1,"h":1,"t":0,"c":5,"e":-1,"r":0},{"x":6,"y":38,"hp":200,"w":1,"h":1,"t":0,"c":5,"e":-1,"r":0},{"x":7,"y":39,"hp":240,"w":1,"h":1,"t":0,"c":5,"e":-1,"r":0},{"x":2,"y":14,"hp":114,"w":1,"h":1,"t":0,"c":5,"e":-1,"r":0},{"x":3,"y":14,"hp":114,"w":1,"h":1,"t":0,"c":5,"e":-1,"r":0},{"x":4,"y":14,"hp":114,"w":1,"h":1,"t":0,"c":5,"e":-1,"r":0},{"x":5,"y":14,"hp":114,"w":1,"h":1,"t":0,"c":5,"e":-1,"r":0},{"x":6,"y":14,"hp":114,"w":1,"h":1,"t":0,"c":5,"e":-1,"r":0},{"x":8,"y":14,"hp":114,"w":1,"h":1,"t":0,"c":5,"e":-1,"r":0},{"x":4,"y":15,"hp":105,"w":1,"h":1,"t":0,"c":5,"e":-1,"r":0},{"x":5,"y":15,"hp":105,"w":1,"h":1,"t":0,"c":5,"e":-1,"r":0},{"x":6,"y":15,"hp":105,"w":1,"h":1,"t":0,"c":5,"e":-1,"r":0},{"x":6,"y":18,"hp":109,"w":1,"h":1,"t":0,"c":5,"e":7,"r":0},{"x":4,"y":18,"hp":109,"w":1,"h":1,"t":0,"c":5,"e":-1,"r":0},{"x":0,"y":28,"hp":89,"w":1,"h":1,"t":0,"c":5,"e":-1,"r":0},{"x":1,"y":28,"hp":89,"w":1,"h":1,"t":0,"c":5,"e":-1,"r":0},{"x":2,"y":28,"hp":89,"w":1,"h":1,"t":0,"c":5,"e":-1,"r":0},{"x":1,"y":29,"hp":80,"w":1,"h":1,"t":0,"c":5,"e":-1,"r":0},{"x":8,"y":35,"hp":170,"w":1,"h":1,"t":0,"c":5,"e":-1,"r":0},{"x":9,"y":35,"hp":170,"w":1,"h":1,"t":0,"c":5,"e":-1,"r":0},{"x":1,"y":37,"hp":187,"w":1,"h":1,"t":0,"c":5,"e":-1,"r":0},{"x":2,"y":24,"hp":171,"w":1,"h":1,"t":0,"c":5,"e":-1,"r":0},{"x":2,"y":13,"hp":120,"w":1,"h":1,"t":0,"c":5,"e":-1,"r":0},{"x":1,"y":13,"hp":120,"w":1,"h":1,"t":0,"c":5,"e":-1,"r":0},{"x":8,"y":15,"hp":105,"w":1,"h":1,"t":0,"c":5,"e":-1,"r":0},{"x":6,"y":16,"hp":137,"w":1,"h":1,"t":0,"c":5,"e":-1,"r":0},{"x":4,"y":16,"hp":137,"w":1,"h":1,"t":0,"c":5,"e":-1,"r":0},{"x":7,"y":19,"hp":105,"w":1,"h":1,"t":0,"c":5,"e":-1,"r":0},{"x":8,"y":19,"hp":105,"w":1,"h":1,"t":0,"c":5,"e":-1,"r":0},{"x":9,"y":19,"hp":105,"w":1,"h":1,"t":0,"c":5,"e":-1,"r":0},{"x":10,"y":19,"hp":105,"w":1,"h":1,"t":0,"c":5,"e":-1,"r":0},{"x":4,"y":20,"hp":280,"w":1,"h":1,"t":0,"c":5,"e":-1,"r":0},{"x":8,"y":20,"hp":280,"w":1,"h":1,"t":0,"c":5,"e":-1,"r":0},{"x":2,"y":20,"hp":280,"w":1,"h":1,"t":0,"c":5,"e":-1,"r":0},{"x":7,"y":22,"hp":132,"w":1,"h":1,"t":0,"c":5,"e":-1,"r":0},{"x":8,"y":22,"hp":132,"w":1,"h":1,"t":0,"c":5,"e":-1,"r":0},{"x":7,"y":25,"hp":80,"w":1,"h":1,"t":0,"c":5,"e":-1,"r":0},{"x":10,"y":25,"hp":80,"w":1,"h":1,"t":0,"c":5,"e":-1,"r":0},{"x":6,"y":27,"hp":201,"w":1,"h":1,"t":0,"c":5,"e":-1,"r":0},{"x":5,"y":27,"hp":201,"w":1,"h":1,"t":0,"c":5,"e":-1,"r":0},{"x":4,"y":28,"hp":89,"w":1,"h":1,"t":0,"c":5,"e":-1,"r":0},{"x":6,"y":29,"hp":80,"w":1,"h":1,"t":0,"c":5,"e":-1,"r":0},{"x":7,"y":29,"hp":80,"w":1,"h":1,"t":0,"c":5,"e":-1,"r":0},{"x":5,"y":31,"hp":154,"w":1,"h":1,"t":0,"c":5,"e":-1,"r":0},{"x":4,"y":31,"hp":154,"w":1,"h":1,"t":0,"c":5,"e":-1,"r":0},{"x":4,"y":30,"hp":124,"w":1,"h":1,"t":0,"c":5,"e":-1,"r":0},{"x":3,"y":35,"hp":170,"w":1,"h":1,"t":0,"c":5,"e":-1,"r":0},{"x":3,"y":36,"hp":128,"w":1,"h":1,"t":0,"c":5,"e":-1,"r":0},{"x":2,"y":36,"hp":128,"w":1,"h":1,"t":0,"c":5,"e":-1,"r":0},{"x":4,"y":37,"hp":187,"w":1,"h":1,"t":0,"c":5,"e":-1,"r":0},{"x":6,"y":37,"hp":187,"w":1,"h":1,"t":0,"c":5,"e":-1,"r":0},{"x":6,"y":39,"hp":240,"w":1,"h":1,"t":0,"c":5,"e":-1,"r":0},{"x":8,"y":39,"hp":240,"w":1,"h":1,"t":0,"c":5,"e":-1,"r":0},{"x":9,"y":39,"hp":240,"w":1,"h":1,"t":0,"c":5,"e":-1,"r":0},{"x":9,"y":37,"hp":187,"w":1,"h":1,"t":0,"c":5,"e":-1,"r":0},{"x":2,"y":10,"hp":80,"w":1,"h":1,"t":0,"c":5,"e":-1,"r":0}],"bu":[{"x":1,"y":6,"buff":1},{"x":7,"y":5,"buff":1},{"x":10,"y":14,"buff":1},{"x":10,"y":20,"buff":1},{"x":0,"y":24,"buff":1},{"x":0,"y":27,"buff":1},{"x":10,"y":29,"buff":1},{"x":0,"y":32,"buff":1},{"x":10,"y":35,"buff":1},{"x":0,"y":37,"buff":1},{"x":8,"y":40,"buff":1},{"x":6,"y":36,"buff":1},{"x":3,"y":5,"buff":0},{"x":7,"y":9,"buff":0},{"x":0,"y":17,"buff":0},{"x":7,"y":21,"buff":0},{"x":8,"y":36,"buff":4},{"x":2,"y":26,"buff":3},{"x":8,"y":13,"buff":3},{"x":10,"y":6,"buff":3},{"x":8,"y":8,"buff":0},{"x":6,"y":10,"buff":0},{"x":6,"y":11,"buff":0},{"x":5,"y":12,"buff":0}]}