{"l":101,"h":14,"w":11,"br":[{"x":4,"y":5,"hp":48,"w":1,"h":1,"t":0,"c":2,"e":-1,"r":0},{"x":5,"y":5,"hp":48,"w":1,"h":1,"t":3,"c":2,"e":-1,"r":0},{"x":1,"y":6,"hp":60,"w":1,"h":1,"t":6,"c":2,"e":-1,"r":0},{"x":4,"y":6,"hp":60,"w":1,"h":1,"t":0,"c":2,"e":-1,"r":0},{"x":5,"y":6,"hp":60,"w":1,"h":1,"t":0,"c":2,"e":-1,"r":0},{"x":0,"y":7,"hp":5,"w":1,"h":1,"t":0,"c":0,"e":-1,"r":0},{"x":5,"y":7,"hp":56,"w":1,"h":1,"t":0,"c":0,"e":-1,"r":0},{"x":0,"y":8,"hp":10,"w":1,"h":1,"t":0,"c":0,"e":1,"r":0},{"x":4,"y":8,"hp":56,"w":1,"h":1,"t":0,"c":0,"e":5,"r":0},{"x":5,"y":8,"hp":56,"w":1,"h":1,"t":0,"c":0,"e":-1,"r":0},{"x":3,"y":9,"hp":65,"w":1,"h":1,"t":0,"c":0,"e":-1,"r":0},{"x":4,"y":9,"hp":65,"w":1,"h":1,"t":2,"c":0,"e":-1,"r":1},{"x":5,"y":9,"hp":65,"w":1,"h":1,"t":0,"c":0,"e":-1,"r":0},{"x":3,"y":10,"hp":76,"w":1,"h":1,"t":0,"c":0,"e":-1,"r":0},{"x":5,"y":10,"hp":76,"w":1,"h":1,"t":0,"c":0,"e":-1,"r":0},{"x":4,"y":11,"hp":85,"w":1,"h":1,"t":0,"c":0,"e":-1,"r":0},{"x":3,"y":12,"hp":68,"w":1,"h":1,"t":0,"c":0,"e":-1,"r":0},{"x":5,"y":12,"hp":68,"w":1,"h":1,"t":0,"c":0,"e":7,"r":0},{"x":6,"y":5,"hp":48,"w":1,"h":1,"t":0,"c":2,"e":-1,"r":0},{"x":9,"y":6,"hp":60,"w":1,"h":1,"t":6,"c":2,"e":-1,"r":0},{"x":8,"y":6,"hp":60,"w":1,"h":1,"t":0,"c":2,"e":-1,"r":0},{"x":6,"y":6,"hp":60,"w":1,"h":1,"t":0,"c":2,"e":-1,"r":0},{"x":10,"y":7,"hp":5,"w":1,"h":1,"t":0,"c":0,"e":-1,"r":0},{"x":9,"y":7,"hp":10,"w":1,"h":1,"t":0,"c":0,"e":1,"r":0},{"x":10,"y":8,"hp":10,"w":1,"h":1,"t":0,"c":0,"e":-1,"r":0},{"x":9,"y":8,"hp":56,"w":1,"h":1,"t":1,"c":0,"e":-1,"r":2},{"x":6,"y":8,"hp":56,"w":1,"h":1,"t":0,"c":0,"e":5,"r":0},{"x":10,"y":9,"hp":65,"w":1,"h":1,"t":0,"c":0,"e":-1,"r":0},{"x":7,"y":9,"hp":65,"w":1,"h":1,"t":0,"c":0,"e":-1,"r":0},{"x":6,"y":9,"hp":65,"w":1,"h":1,"t":2,"c":0,"e":-1,"r":3},{"x":10,"y":10,"hp":56,"w":1,"h":1,"t":1,"c":0,"e":-1,"r":2},{"x":7,"y":10,"hp":76,"w":1,"h":1,"t":0,"c":0,"e":-1,"r":0},{"x":6,"y":11,"hp":85,"w":1,"h":1,"t":0,"c":0,"e":-1,"r":0},{"x":7,"y":12,"hp":68,"w":1,"h":1,"t":0,"c":0,"e":-1,"r":0},{"x":0,"y":10,"hp":133,"w":1,"h":2,"t":0,"c":0,"e":-1,"r":0},{"x":2,"y":11,"hp":85,"w":1,"h":1,"t":0,"c":0,"e":-1,"r":0},{"x":10,"y":11,"hp":85,"w":1,"h":1,"t":0,"c":0,"e":-1,"r":0},{"x":10,"y":13,"hp":91,"w":1,"h":1,"t":0,"c":0,"e":-1,"r":0},{"x":8,"y":13,"hp":91,"w":1,"h":1,"t":0,"c":0,"e":-1,"r":0},{"x":6,"y":13,"hp":91,"w":1,"h":1,"t":0,"c":0,"e":-1,"r":0},{"x":4,"y":13,"hp":91,"w":1,"h":1,"t":0,"c":0,"e":-1,"r":0},{"x":2,"y":13,"hp":91,"w":1,"h":1,"t":0,"c":0,"e":-1,"r":0},{"x":7,"y":6,"hp":60,"w":1,"h":1,"t":0,"c":2,"e":-1,"r":0},{"x":2,"y":6,"hp":60,"w":1,"h":1,"t":0,"c":2,"e":-1,"r":0},{"x":3,"y":6,"hp":60,"w":1,"h":1,"t":0,"c":2,"e":-1,"r":0},{"x":8,"y":5,"hp":50,"w":1,"h":1,"t":0,"c":2,"e":-1,"r":0},{"x":2,"y":5,"hp":50,"w":1,"h":1,"t":0,"c":2,"e":-1,"r":0},{"x":2,"y":10,"hp":76,"w":1,"h":1,"t":0,"c":8,"e":-1,"r":0},{"x":4,"y":10,"hp":76,"w":1,"h":1,"t":0,"c":8,"e":-1,"r":0},{"x":6,"y":10,"hp":76,"w":1,"h":1,"t":0,"c":8,"e":-1,"r":0},{"x":8,"y":10,"hp":76,"w":1,"h":1,"t":0,"c":8,"e":-1,"r":0},{"x":3,"y":11,"hp":85,"w":1,"h":1,"t":0,"c":8,"e":-1,"r":0},{"x":5,"y":11,"hp":85,"w":1,"h":1,"t":0,"c":8,"e":-1,"r":0},{"x":7,"y":11,"hp":85,"w":1,"h":1,"t":0,"c":8,"e":-1,"r":0},{"x":6,"y":12,"hp":68,"w":1,"h":1,"t":0,"c":8,"e":-1,"r":0},{"x":4,"y":12,"hp":68,"w":1,"h":1,"t":0,"c":8,"e":-1,"r":0},{"x":2,"y":12,"hp":68,"w":1,"h":1,"t":0,"c":8,"e":-1,"r":0},{"x":8,"y":12,"hp":68,"w":1,"h":1,"t":0,"c":8,"e":-1,"r":0},{"x":7,"y":13,"hp":91,"w":1,"h":1,"t":0,"c":8,"e":-1,"r":0},{"x":5,"y":13,"hp":91,"w":1,"h":1,"t":0,"c":8,"e":-1,"r":0},{"x":3,"y":13,"hp":91,"w":1,"h":1,"t":0,"c":8,"e":-1,"r":0},{"x":1,"y":13,"hp":91,"w":1,"h":1,"t":0,"c":8,"e":-1,"r":0},{"x":10,"y":12,"hp":68,"w":1,"h":1,"t":0,"c":8,"e":-1,"r":0},{"x":9,"y":9,"hp":50,"w":1,"h":1,"t":0,"c":0,"e":-1,"r":0},{"x":1,"y":7,"hp":50,"w":1,"h":1,"t":0,"c":0,"e":-1,"r":0}],"bu":[{"x":2,"y":9,"buff":0},{"x":9,"y":12,"buff":0},{"x":2,"y":7,"buff":0},{"x":3,"y":7,"buff":0},{"x":4,"y":7,"buff":0},{"x":6,"y":7,"buff":0},{"x":7,"y":7,"buff":0},{"x":8,"y":7,"buff":0}]}