{"l":368,"h":21,"w":17,"br":[{"x":7,"y":6,"hp":1156,"w":1,"h":1,"t":0,"c":3,"e":-1,"r":0},{"x":8,"y":6,"hp":1156,"w":1,"h":1,"t":0,"c":3,"e":-1,"r":0},{"x":10,"y":6,"hp":1156,"w":1,"h":1,"t":0,"c":3,"e":-1,"r":0},{"x":11,"y":6,"hp":1156,"w":1,"h":1,"t":0,"c":3,"e":-1,"r":0},{"x":12,"y":6,"hp":1156,"w":1,"h":1,"t":0,"c":3,"e":-1,"r":0},{"x":1,"y":6,"hp":1156,"w":1,"h":1,"t":0,"c":3,"e":-1,"r":0},{"x":2,"y":6,"hp":1156,"w":1,"h":1,"t":0,"c":3,"e":-1,"r":0},{"x":3,"y":6,"hp":1156,"w":1,"h":1,"t":0,"c":3,"e":-1,"r":0},{"x":4,"y":6,"hp":1156,"w":1,"h":1,"t":0,"c":3,"e":-1,"r":0},{"x":5,"y":6,"hp":1156,"w":1,"h":1,"t":0,"c":3,"e":-1,"r":0},{"x":6,"y":6,"hp":1156,"w":1,"h":1,"t":0,"c":3,"e":-1,"r":0},{"x":9,"y":6,"hp":1156,"w":1,"h":1,"t":0,"c":3,"e":-1,"r":0},{"x":13,"y":6,"hp":1156,"w":1,"h":1,"t":0,"c":3,"e":-1,"r":0},{"x":14,"y":6,"hp":1156,"w":1,"h":1,"t":0,"c":3,"e":-1,"r":0},{"x":15,"y":6,"hp":1156,"w":1,"h":1,"t":0,"c":3,"e":-1,"r":0},{"x":4,"y":8,"hp":550,"w":1,"h":1,"t":0,"c":3,"e":-1,"r":0},{"x":4,"y":7,"hp":550,"w":1,"h":1,"t":0,"c":3,"e":-1,"r":0},{"x":12,"y":8,"hp":550,"w":1,"h":1,"t":0,"c":3,"e":-1,"r":0},{"x":12,"y":7,"hp":550,"w":1,"h":1,"t":0,"c":3,"e":-1,"r":0},{"x":12,"y":9,"hp":216,"w":1,"h":1,"t":0,"c":3,"e":-1,"r":0},{"x":7,"y":9,"hp":216,"w":1,"h":1,"t":0,"c":3,"e":-1,"r":0},{"x":5,"y":9,"hp":216,"w":1,"h":1,"t":0,"c":3,"e":-1,"r":0},{"x":2,"y":9,"hp":216,"w":1,"h":1,"t":0,"c":3,"e":-1,"r":0},{"x":3,"y":9,"hp":216,"w":1,"h":1,"t":0,"c":3,"e":-1,"r":0},{"x":4,"y":9,"hp":216,"w":1,"h":1,"t":0,"c":3,"e":-1,"r":0},{"x":6,"y":9,"hp":216,"w":1,"h":1,"t":0,"c":3,"e":-1,"r":0},{"x":8,"y":9,"hp":216,"w":1,"h":1,"t":0,"c":3,"e":-1,"r":0},{"x":9,"y":9,"hp":216,"w":1,"h":1,"t":0,"c":3,"e":-1,"r":0},{"x":10,"y":9,"hp":216,"w":1,"h":1,"t":0,"c":3,"e":-1,"r":0},{"x":11,"y":9,"hp":216,"w":1,"h":1,"t":0,"c":3,"e":-1,"r":0},{"x":13,"y":9,"hp":216,"w":1,"h":1,"t":0,"c":3,"e":-1,"r":0},{"x":14,"y":9,"hp":216,"w":1,"h":1,"t":0,"c":3,"e":-1,"r":0},{"x":14,"y":14,"hp":216,"w":1,"h":1,"t":0,"c":3,"e":-1,"r":0},{"x":13,"y":14,"hp":216,"w":1,"h":1,"t":0,"c":3,"e":-1,"r":0},{"x":12,"y":14,"hp":216,"w":1,"h":1,"t":0,"c":3,"e":-1,"r":0},{"x":8,"y":14,"hp":216,"w":1,"h":1,"t":0,"c":3,"e":-1,"r":0},{"x":6,"y":14,"hp":216,"w":1,"h":1,"t":0,"c":3,"e":-1,"r":0},{"x":2,"y":14,"hp":216,"w":1,"h":1,"t":0,"c":3,"e":-1,"r":0},{"x":3,"y":14,"hp":216,"w":1,"h":1,"t":0,"c":3,"e":-1,"r":0},{"x":4,"y":14,"hp":216,"w":1,"h":1,"t":0,"c":3,"e":-1,"r":0},{"x":5,"y":14,"hp":216,"w":1,"h":1,"t":0,"c":3,"e":-1,"r":0},{"x":7,"y":14,"hp":216,"w":1,"h":1,"t":0,"c":3,"e":-1,"r":0},{"x":9,"y":14,"hp":216,"w":1,"h":1,"t":0,"c":3,"e":-1,"r":0},{"x":11,"y":14,"hp":216,"w":1,"h":1,"t":0,"c":3,"e":-1,"r":0},{"x":10,"y":14,"hp":216,"w":1,"h":1,"t":0,"c":3,"e":-1,"r":0},{"x":2,"y":13,"hp":100,"w":1,"h":1,"t":0,"c":3,"e":-1,"r":0},{"x":2,"y":12,"hp":100,"w":1,"h":1,"t":0,"c":3,"e":-1,"r":0},{"x":2,"y":11,"hp":100,"w":1,"h":1,"t":0,"c":3,"e":-1,"r":0},{"x":2,"y":10,"hp":100,"w":1,"h":1,"t":0,"c":3,"e":-1,"r":0},{"x":5,"y":8,"hp":550,"w":1,"h":1,"t":0,"c":3,"e":-1,"r":0},{"x":5,"y":7,"hp":550,"w":1,"h":1,"t":0,"c":3,"e":-1,"r":0},{"x":3,"y":15,"hp":100,"w":1,"h":1,"t":0,"c":3,"e":-1,"r":0},{"x":3,"y":16,"hp":100,"w":1,"h":1,"t":0,"c":3,"e":-1,"r":0},{"x":4,"y":18,"hp":216,"w":1,"h":1,"t":0,"c":3,"e":-1,"r":0},{"x":3,"y":17,"hp":100,"w":1,"h":1,"t":0,"c":3,"e":-1,"r":0},{"x":3,"y":18,"hp":216,"w":1,"h":1,"t":1,"c":3,"e":-1,"r":1},{"x":2,"y":15,"hp":100,"w":1,"h":1,"t":1,"c":3,"e":-1,"r":1},{"x":4,"y":17,"hp":60,"w":1,"h":1,"t":0,"c":3,"e":-1,"r":0},{"x":13,"y":17,"hp":100,"w":1,"h":1,"t":0,"c":3,"e":-1,"r":0},{"x":12,"y":18,"hp":216,"w":1,"h":1,"t":0,"c":3,"e":-1,"r":0},{"x":11,"y":18,"hp":216,"w":1,"h":1,"t":0,"c":3,"e":-1,"r":0},{"x":9,"y":18,"hp":216,"w":1,"h":1,"t":0,"c":3,"e":-1,"r":0},{"x":8,"y":18,"hp":216,"w":1,"h":1,"t":0,"c":3,"e":-1,"r":0},{"x":7,"y":18,"hp":216,"w":1,"h":1,"t":0,"c":3,"e":-1,"r":0},{"x":5,"y":18,"hp":216,"w":1,"h":1,"t":0,"c":3,"e":-1,"r":0},{"x":6,"y":18,"hp":216,"w":1,"h":1,"t":0,"c":3,"e":-1,"r":0},{"x":10,"y":18,"hp":216,"w":1,"h":1,"t":0,"c":3,"e":-1,"r":0},{"x":11,"y":8,"hp":550,"w":1,"h":1,"t":0,"c":3,"e":-1,"r":0},{"x":11,"y":7,"hp":550,"w":1,"h":1,"t":0,"c":3,"e":-1,"r":0},{"x":14,"y":10,"hp":100,"w":1,"h":1,"t":0,"c":3,"e":-1,"r":0},{"x":14,"y":11,"hp":100,"w":1,"h":1,"t":0,"c":3,"e":-1,"r":0},{"x":14,"y":12,"hp":100,"w":1,"h":1,"t":0,"c":3,"e":-1,"r":0},{"x":14,"y":13,"hp":100,"w":1,"h":1,"t":0,"c":3,"e":-1,"r":0},{"x":13,"y":15,"hp":100,"w":1,"h":1,"t":0,"c":3,"e":-1,"r":0},{"x":13,"y":16,"hp":100,"w":1,"h":1,"t":0,"c":3,"e":-1,"r":0},{"x":12,"y":17,"hp":100,"w":1,"h":1,"t":0,"c":3,"e":-1,"r":0},{"x":13,"y":18,"hp":216,"w":1,"h":1,"t":1,"c":3,"e":-1,"r":0},{"x":14,"y":15,"hp":100,"w":1,"h":1,"t":1,"c":3,"e":-1,"r":0},{"x":5,"y":12,"hp":50,"w":1,"h":1,"t":0,"c":5,"e":-1,"r":0},{"x":5,"y":11,"hp":50,"w":1,"h":1,"t":0,"c":5,"e":-1,"r":0},{"x":6,"y":11,"hp":50,"w":1,"h":1,"t":0,"c":5,"e":-1,"r":0},{"x":6,"y":12,"hp":50,"w":1,"h":1,"t":0,"c":5,"e":-1,"r":0},{"x":10,"y":12,"hp":50,"w":1,"h":1,"t":0,"c":5,"e":-1,"r":0},{"x":10,"y":11,"hp":50,"w":1,"h":1,"t":0,"c":5,"e":-1,"r":0},{"x":11,"y":11,"hp":50,"w":1,"h":1,"t":0,"c":5,"e":-1,"r":0},{"x":11,"y":12,"hp":50,"w":1,"h":1,"t":0,"c":5,"e":-1,"r":0},{"x":3,"y":13,"hp":35,"w":1,"h":1,"t":0,"c":8,"e":-1,"r":0},{"x":4,"y":13,"hp":35,"w":1,"h":1,"t":0,"c":8,"e":-1,"r":0},{"x":5,"y":13,"hp":35,"w":1,"h":1,"t":0,"c":8,"e":-1,"r":0},{"x":6,"y":13,"hp":35,"w":1,"h":1,"t":0,"c":8,"e":-1,"r":0},{"x":7,"y":13,"hp":35,"w":1,"h":1,"t":0,"c":8,"e":-1,"r":0},{"x":8,"y":13,"hp":35,"w":1,"h":1,"t":0,"c":8,"e":-1,"r":0},{"x":9,"y":13,"hp":35,"w":1,"h":1,"t":0,"c":8,"e":-1,"r":0},{"x":10,"y":13,"hp":35,"w":1,"h":1,"t":0,"c":8,"e":-1,"r":0},{"x":11,"y":13,"hp":35,"w":1,"h":1,"t":0,"c":8,"e":-1,"r":0},{"x":12,"y":13,"hp":35,"w":1,"h":1,"t":0,"c":8,"e":-1,"r":0},{"x":13,"y":13,"hp":35,"w":1,"h":1,"t":0,"c":8,"e":-1,"r":0},{"x":13,"y":12,"hp":35,"w":1,"h":1,"t":0,"c":8,"e":-1,"r":0},{"x":13,"y":11,"hp":35,"w":1,"h":1,"t":0,"c":8,"e":-1,"r":0},{"x":13,"y":10,"hp":35,"w":1,"h":1,"t":0,"c":8,"e":-1,"r":0},{"x":12,"y":10,"hp":35,"w":1,"h":1,"t":0,"c":8,"e":-1,"r":0},{"x":11,"y":10,"hp":35,"w":1,"h":1,"t":0,"c":8,"e":-1,"r":0},{"x":10,"y":10,"hp":35,"w":1,"h":1,"t":0,"c":8,"e":-1,"r":0},{"x":9,"y":10,"hp":35,"w":1,"h":1,"t":0,"c":8,"e":-1,"r":0},{"x":8,"y":10,"hp":35,"w":1,"h":1,"t":0,"c":8,"e":-1,"r":0},{"x":7,"y":10,"hp":35,"w":1,"h":1,"t":0,"c":8,"e":-1,"r":0},{"x":6,"y":10,"hp":35,"w":1,"h":1,"t":0,"c":8,"e":-1,"r":0},{"x":5,"y":10,"hp":35,"w":1,"h":1,"t":0,"c":8,"e":-1,"r":0},{"x":4,"y":10,"hp":35,"w":1,"h":1,"t":0,"c":8,"e":-1,"r":0},{"x":3,"y":10,"hp":35,"w":1,"h":1,"t":0,"c":8,"e":-1,"r":0},{"x":3,"y":11,"hp":35,"w":1,"h":1,"t":0,"c":8,"e":-1,"r":0},{"x":3,"y":12,"hp":35,"w":1,"h":1,"t":0,"c":8,"e":-1,"r":0},{"x":4,"y":12,"hp":35,"w":1,"h":1,"t":0,"c":8,"e":-1,"r":0},{"x":4,"y":11,"hp":35,"w":1,"h":1,"t":0,"c":8,"e":-1,"r":0},{"x":7,"y":11,"hp":35,"w":1,"h":1,"t":0,"c":8,"e":-1,"r":0},{"x":7,"y":12,"hp":35,"w":1,"h":1,"t":0,"c":8,"e":-1,"r":0},{"x":8,"y":12,"hp":35,"w":1,"h":1,"t":0,"c":8,"e":-1,"r":0},{"x":8,"y":11,"hp":35,"w":1,"h":1,"t":0,"c":8,"e":-1,"r":0},{"x":9,"y":11,"hp":35,"w":1,"h":1,"t":0,"c":8,"e":-1,"r":0},{"x":9,"y":12,"hp":35,"w":1,"h":1,"t":0,"c":8,"e":-1,"r":0},{"x":12,"y":12,"hp":35,"w":1,"h":1,"t":0,"c":8,"e":-1,"r":0},{"x":12,"y":11,"hp":35,"w":1,"h":1,"t":0,"c":8,"e":-1,"r":0},{"x":4,"y":16,"hp":29,"w":1,"h":1,"t":0,"c":7,"e":-1,"r":0},{"x":4,"y":15,"hp":29,"w":1,"h":1,"t":0,"c":7,"e":-1,"r":0},{"x":5,"y":15,"hp":29,"w":1,"h":1,"t":0,"c":7,"e":-1,"r":0},{"x":6,"y":15,"hp":29,"w":1,"h":1,"t":0,"c":7,"e":-1,"r":0},{"x":7,"y":15,"hp":29,"w":1,"h":1,"t":0,"c":7,"e":-1,"r":0},{"x":8,"y":15,"hp":29,"w":1,"h":1,"t":0,"c":7,"e":-1,"r":0},{"x":9,"y":15,"hp":29,"w":1,"h":1,"t":0,"c":7,"e":-1,"r":0},{"x":10,"y":15,"hp":29,"w":1,"h":1,"t":0,"c":7,"e":-1,"r":0},{"x":11,"y":15,"hp":29,"w":1,"h":1,"t":0,"c":7,"e":-1,"r":0},{"x":12,"y":15,"hp":29,"w":1,"h":1,"t":0,"c":7,"e":-1,"r":0},{"x":12,"y":16,"hp":29,"w":1,"h":1,"t":0,"c":7,"e":-1,"r":0},{"x":11,"y":16,"hp":29,"w":1,"h":1,"t":0,"c":7,"e":-1,"r":0},{"x":10,"y":16,"hp":29,"w":1,"h":1,"t":0,"c":7,"e":-1,"r":0},{"x":9,"y":16,"hp":29,"w":1,"h":1,"t":0,"c":7,"e":-1,"r":0},{"x":8,"y":16,"hp":29,"w":1,"h":1,"t":0,"c":7,"e":-1,"r":0},{"x":7,"y":16,"hp":29,"w":1,"h":1,"t":0,"c":7,"e":-1,"r":0},{"x":6,"y":16,"hp":29,"w":1,"h":1,"t":0,"c":7,"e":-1,"r":0},{"x":5,"y":16,"hp":29,"w":1,"h":1,"t":0,"c":7,"e":-1,"r":0},{"x":5,"y":17,"hp":29,"w":1,"h":1,"t":0,"c":7,"e":-1,"r":0},{"x":6,"y":17,"hp":29,"w":1,"h":1,"t":0,"c":7,"e":-1,"r":0},{"x":7,"y":17,"hp":29,"w":1,"h":1,"t":0,"c":7,"e":-1,"r":0},{"x":10,"y":17,"hp":29,"w":1,"h":1,"t":0,"c":7,"e":-1,"r":0},{"x":11,"y":17,"hp":29,"w":1,"h":1,"t":0,"c":7,"e":-1,"r":0},{"x":9,"y":17,"hp":29,"w":1,"h":1,"t":0,"c":7,"e":-1,"r":0},{"x":8,"y":17,"hp":29,"w":1,"h":1,"t":0,"c":7,"e":-1,"r":0},{"x":8,"y":7,"hp":507,"w":2,"h":2,"t":8,"c":0,"e":-1,"r":0},{"x":11,"y":19,"hp":100,"w":1,"h":1,"t":0,"c":3,"e":-1,"r":0},{"x":5,"y":19,"hp":100,"w":1,"h":1,"t":0,"c":3,"e":-1,"r":0},{"x":1,"y":11,"hp":100,"w":1,"h":1,"t":0,"c":3,"e":-1,"r":0},{"x":1,"y":10,"hp":100,"w":1,"h":1,"t":0,"c":3,"e":-1,"r":0},{"x":15,"y":11,"hp":100,"w":1,"h":1,"t":0,"c":3,"e":-1,"r":0},{"x":15,"y":10,"hp":100,"w":1,"h":1,"t":0,"c":3,"e":-1,"r":0}],"bu":[{"x":16,"y":9,"buff":3},{"x":16,"y":14,"buff":3},{"x":15,"y":18,"buff":3},{"x":0,"y":9,"buff":3},{"x":0,"y":14,"buff":3},{"x":1,"y":18,"buff":3},{"x":5,"y":20,"buff":1},{"x":6,"y":19,"buff":1},{"x":7,"y":19,"buff":1},{"x":8,"y":19,"buff":1},{"x":9,"y":19,"buff":1},{"x":10,"y":19,"buff":1},{"x":11,"y":20,"buff":1},{"x":2,"y":8,"buff":1},{"x":2,"y":7,"buff":1},{"x":3,"y":7,"buff":1},{"x":3,"y":8,"buff":1},{"x":13,"y":8,"buff":1},{"x":13,"y":7,"buff":1},{"x":14,"y":7,"buff":1},{"x":14,"y":8,"buff":1}]}