{"l":224,"h":21,"w":11,"br":[{"x":2,"y":5,"hp":52,"w":1,"h":1,"t":0,"c":5,"e":-1,"r":0},{"x":3,"y":5,"hp":52,"w":1,"h":1,"t":1,"c":5,"e":-1,"r":0},{"x":4,"y":5,"hp":52,"w":1,"h":1,"t":0,"c":5,"e":-1,"r":0},{"x":5,"y":5,"hp":52,"w":1,"h":1,"t":0,"c":5,"e":-1,"r":0},{"x":3,"y":6,"hp":45,"w":1,"h":1,"t":0,"c":4,"e":-1,"r":0},{"x":4,"y":6,"hp":45,"w":1,"h":1,"t":0,"c":4,"e":-1,"r":0},{"x":5,"y":6,"hp":45,"w":1,"h":1,"t":0,"c":4,"e":-1,"r":0},{"x":3,"y":7,"hp":68,"w":1,"h":1,"t":0,"c":3,"e":-1,"r":0},{"x":4,"y":7,"hp":68,"w":1,"h":1,"t":0,"c":3,"e":-1,"r":0},{"x":5,"y":7,"hp":68,"w":1,"h":1,"t":5,"c":3,"e":-1,"r":0},{"x":4,"y":8,"hp":66,"w":1,"h":1,"t":1,"c":5,"e":-1,"r":0},{"x":5,"y":8,"hp":66,"w":1,"h":1,"t":0,"c":5,"e":-1,"r":0},{"x":1,"y":9,"hp":138,"w":1,"h":1,"t":0,"c":5,"e":-1,"r":0},{"x":2,"y":9,"hp":138,"w":1,"h":1,"t":0,"c":5,"e":-1,"r":0},{"x":4,"y":9,"hp":138,"w":1,"h":1,"t":0,"c":5,"e":-1,"r":0},{"x":5,"y":9,"hp":138,"w":1,"h":1,"t":0,"c":5,"e":-1,"r":0},{"x":0,"y":10,"hp":77,"w":1,"h":1,"t":0,"c":5,"e":-1,"r":0},{"x":1,"y":10,"hp":77,"w":1,"h":1,"t":0,"c":5,"e":-1,"r":0},{"x":2,"y":10,"hp":77,"w":1,"h":1,"t":0,"c":5,"e":-1,"r":0},{"x":4,"y":10,"hp":77,"w":1,"h":1,"t":0,"c":5,"e":-1,"r":0},{"x":5,"y":10,"hp":77,"w":1,"h":1,"t":0,"c":5,"e":-1,"r":0},{"x":0,"y":11,"hp":51,"w":1,"h":1,"t":1,"c":5,"e":-1,"r":2},{"x":3,"y":11,"hp":51,"w":1,"h":1,"t":0,"c":5,"e":-1,"r":0},{"x":4,"y":11,"hp":51,"w":1,"h":1,"t":0,"c":5,"e":-1,"r":0},{"x":5,"y":11,"hp":51,"w":1,"h":1,"t":0,"c":5,"e":-1,"r":0},{"x":0,"y":12,"hp":70,"w":1,"h":1,"t":0,"c":5,"e":7,"r":0},{"x":1,"y":12,"hp":70,"w":1,"h":1,"t":0,"c":5,"e":-1,"r":0},{"x":2,"y":12,"hp":70,"w":1,"h":1,"t":0,"c":5,"e":-1,"r":0},{"x":3,"y":12,"hp":70,"w":1,"h":1,"t":0,"c":5,"e":-1,"r":0},{"x":4,"y":12,"hp":70,"w":1,"h":1,"t":0,"c":5,"e":-1,"r":0},{"x":5,"y":12,"hp":70,"w":1,"h":1,"t":5,"c":5,"e":-1,"r":0},{"x":1,"y":13,"hp":89,"w":1,"h":1,"t":0,"c":5,"e":-1,"r":0},{"x":5,"y":13,"hp":89,"w":1,"h":1,"t":0,"c":5,"e":-1,"r":0},{"x":1,"y":14,"hp":58,"w":1,"h":1,"t":3,"c":5,"e":-1,"r":0},{"x":4,"y":14,"hp":58,"w":1,"h":1,"t":2,"c":5,"e":-1,"r":2},{"x":5,"y":14,"hp":58,"w":1,"h":1,"t":0,"c":5,"e":-1,"r":0},{"x":0,"y":15,"hp":125,"w":1,"h":1,"t":0,"c":5,"e":-1,"r":0},{"x":0,"y":16,"hp":80,"w":1,"h":1,"t":0,"c":5,"e":-1,"r":0},{"x":5,"y":16,"hp":80,"w":1,"h":1,"t":0,"c":5,"e":-1,"r":0},{"x":2,"y":17,"hp":140,"w":1,"h":1,"t":0,"c":5,"e":0,"r":0},{"x":4,"y":17,"hp":140,"w":1,"h":1,"t":0,"c":5,"e":-1,"r":0},{"x":5,"y":17,"hp":140,"w":1,"h":1,"t":0,"c":5,"e":-1,"r":0},{"x":0,"y":18,"hp":70,"w":1,"h":1,"t":0,"c":5,"e":-1,"r":0},{"x":2,"y":18,"hp":70,"w":1,"h":1,"t":0,"c":5,"e":-1,"r":0},{"x":3,"y":18,"hp":70,"w":1,"h":1,"t":2,"c":5,"e":-1,"r":1},{"x":5,"y":18,"hp":70,"w":1,"h":1,"t":1,"c":5,"e":-1,"r":3},{"x":2,"y":19,"hp":120,"w":1,"h":1,"t":0,"c":5,"e":-1,"r":0},{"x":3,"y":19,"hp":120,"w":1,"h":1,"t":0,"c":5,"e":-1,"r":0},{"x":4,"y":19,"hp":120,"w":1,"h":1,"t":0,"c":5,"e":-1,"r":0},{"x":5,"y":19,"hp":120,"w":1,"h":1,"t":0,"c":5,"e":-1,"r":0},{"x":8,"y":5,"hp":52,"w":1,"h":1,"t":0,"c":5,"e":-1,"r":0},{"x":7,"y":5,"hp":52,"w":1,"h":1,"t":1,"c":5,"e":-1,"r":1},{"x":6,"y":5,"hp":52,"w":1,"h":1,"t":0,"c":5,"e":-1,"r":0},{"x":9,"y":6,"hp":45,"w":1,"h":1,"t":0,"c":4,"e":-1,"r":0},{"x":9,"y":7,"hp":68,"w":1,"h":1,"t":0,"c":3,"e":-1,"r":0},{"x":8,"y":7,"hp":68,"w":1,"h":1,"t":0,"c":3,"e":-1,"r":0},{"x":7,"y":7,"hp":68,"w":1,"h":1,"t":0,"c":3,"e":-1,"r":0},{"x":6,"y":7,"hp":68,"w":1,"h":1,"t":0,"c":3,"e":-1,"r":0},{"x":6,"y":8,"hp":66,"w":1,"h":1,"t":1,"c":5,"e":-1,"r":1},{"x":9,"y":9,"hp":138,"w":1,"h":1,"t":0,"c":5,"e":-1,"r":0},{"x":8,"y":9,"hp":138,"w":1,"h":1,"t":0,"c":5,"e":-1,"r":0},{"x":6,"y":9,"hp":138,"w":1,"h":1,"t":0,"c":5,"e":-1,"r":0},{"x":10,"y":10,"hp":77,"w":1,"h":1,"t":0,"c":5,"e":-1,"r":0},{"x":9,"y":10,"hp":77,"w":1,"h":1,"t":0,"c":5,"e":-1,"r":0},{"x":8,"y":10,"hp":77,"w":1,"h":1,"t":0,"c":5,"e":-1,"r":0},{"x":6,"y":10,"hp":77,"w":1,"h":1,"t":0,"c":5,"e":-1,"r":0},{"x":10,"y":11,"hp":51,"w":1,"h":1,"t":1,"c":5,"e":-1,"r":3},{"x":6,"y":11,"hp":51,"w":1,"h":1,"t":0,"c":5,"e":-1,"r":0},{"x":10,"y":12,"hp":70,"w":1,"h":1,"t":0,"c":5,"e":7,"r":0},{"x":9,"y":12,"hp":70,"w":1,"h":1,"t":0,"c":5,"e":-1,"r":0},{"x":6,"y":12,"hp":70,"w":1,"h":1,"t":0,"c":5,"e":-1,"r":0},{"x":9,"y":13,"hp":89,"w":1,"h":1,"t":0,"c":5,"e":-1,"r":0},{"x":6,"y":14,"hp":58,"w":1,"h":1,"t":2,"c":5,"e":-1,"r":2},{"x":8,"y":15,"hp":125,"w":1,"h":1,"t":0,"c":5,"e":-1,"r":0},{"x":7,"y":15,"hp":125,"w":1,"h":1,"t":0,"c":5,"e":-1,"r":0},{"x":9,"y":16,"hp":80,"w":1,"h":1,"t":0,"c":5,"e":-1,"r":0},{"x":8,"y":16,"hp":80,"w":1,"h":1,"t":0,"c":5,"e":-1,"r":0},{"x":8,"y":17,"hp":140,"w":1,"h":1,"t":0,"c":5,"e":-1,"r":0},{"x":6,"y":17,"hp":140,"w":1,"h":1,"t":0,"c":5,"e":-1,"r":0},{"x":10,"y":18,"hp":70,"w":1,"h":1,"t":0,"c":5,"e":-1,"r":0},{"x":9,"y":18,"hp":70,"w":1,"h":1,"t":0,"c":5,"e":-1,"r":0},{"x":8,"y":18,"hp":70,"w":1,"h":1,"t":0,"c":5,"e":-1,"r":0},{"x":7,"y":18,"hp":70,"w":1,"h":1,"t":2,"c":5,"e":-1,"r":3},{"x":10,"y":19,"hp":120,"w":1,"h":1,"t":0,"c":5,"e":-1,"r":0},{"x":8,"y":19,"hp":120,"w":1,"h":1,"t":0,"c":5,"e":-1,"r":0},{"x":7,"y":19,"hp":120,"w":1,"h":1,"t":0,"c":5,"e":-1,"r":0},{"x":6,"y":19,"hp":120,"w":1,"h":1,"t":0,"c":5,"e":-1,"r":0},{"x":6,"y":6,"hp":150,"w":2,"h":1,"t":0,"c":4,"e":-1,"r":0},{"x":10,"y":13,"hp":89,"w":1,"h":1,"t":0,"c":5,"e":-1,"r":0},{"x":6,"y":13,"hp":89,"w":1,"h":1,"t":0,"c":5,"e":-1,"r":0},{"x":8,"y":13,"hp":89,"w":1,"h":1,"t":0,"c":5,"e":-1,"r":0},{"x":4,"y":13,"hp":89,"w":1,"h":1,"t":0,"c":5,"e":0,"r":0},{"x":0,"y":14,"hp":58,"w":1,"h":1,"t":0,"c":5,"e":-1,"r":0},{"x":7,"y":16,"hp":80,"w":1,"h":1,"t":0,"c":5,"e":-1,"r":0},{"x":7,"y":17,"hp":140,"w":1,"h":1,"t":0,"c":5,"e":-1,"r":0},{"x":0,"y":17,"hp":140,"w":1,"h":1,"t":0,"c":5,"e":-1,"r":0},{"x":6,"y":15,"hp":50,"w":1,"h":1,"t":0,"c":5,"e":-1,"r":0},{"x":5,"y":15,"hp":50,"w":1,"h":1,"t":0,"c":5,"e":-1,"r":0},{"x":9,"y":15,"hp":50,"w":1,"h":1,"t":0,"c":5,"e":-1,"r":0},{"x":4,"y":15,"hp":50,"w":1,"h":1,"t":0,"c":5,"e":-1,"r":0},{"x":4,"y":18,"hp":50,"w":1,"h":1,"t":0,"c":5,"e":-1,"r":0},{"x":6,"y":18,"hp":50,"w":1,"h":1,"t":0,"c":5,"e":-1,"r":0},{"x":3,"y":17,"hp":50,"w":1,"h":1,"t":0,"c":5,"e":-1,"r":0},{"x":2,"y":13,"hp":50,"w":1,"h":1,"t":0,"c":5,"e":-1,"r":0},{"x":4,"y":16,"hp":80,"w":1,"h":1,"t":0,"c":5,"e":-1,"r":0},{"x":6,"y":16,"hp":80,"w":1,"h":1,"t":0,"c":5,"e":-1,"r":0},{"x":2,"y":7,"hp":50,"w":1,"h":1,"t":0,"c":3,"e":-1,"r":0},{"x":1,"y":7,"hp":50,"w":1,"h":1,"t":0,"c":3,"e":-1,"r":0},{"x":3,"y":10,"hp":77,"w":1,"h":1,"t":0,"c":5,"e":-1,"r":0}],"bu":[{"x":1,"y":5,"buff":0},{"x":3,"y":16,"buff":0},{"x":9,"y":17,"buff":0},{"x":7,"y":10,"buff":0},{"x":7,"y":12,"buff":1},{"x":2,"y":8,"buff":1},{"x":10,"y":8,"buff":1},{"x":10,"y":5,"buff":1},{"x":0,"y":19,"buff":1},{"x":3,"y":20,"buff":1},{"x":7,"y":14,"buff":3},{"x":10,"y":16,"buff":3},{"x":7,"y":9,"buff":4}]}