{"l":217,"h":22,"w":11,"br":[{"x":4,"y":5,"hp":55,"w":1,"h":1,"t":0,"c":6,"e":-1,"r":0},{"x":5,"y":5,"hp":55,"w":1,"h":1,"t":0,"c":6,"e":-1,"r":0},{"x":2,"y":6,"hp":28,"w":1,"h":1,"t":0,"c":5,"e":-1,"r":0},{"x":3,"y":6,"hp":28,"w":1,"h":1,"t":0,"c":5,"e":1,"r":0},{"x":5,"y":6,"hp":28,"w":1,"h":1,"t":0,"c":5,"e":-1,"r":0},{"x":2,"y":7,"hp":57,"w":1,"h":1,"t":4,"c":5,"e":-1,"r":0},{"x":4,"y":7,"hp":57,"w":1,"h":1,"t":0,"c":5,"e":-1,"r":0},{"x":5,"y":7,"hp":57,"w":1,"h":1,"t":0,"c":5,"e":-1,"r":0},{"x":2,"y":8,"hp":66,"w":1,"h":1,"t":5,"c":5,"e":-1,"r":0},{"x":2,"y":9,"hp":82,"w":1,"h":1,"t":0,"c":5,"e":-1,"r":0},{"x":3,"y":9,"hp":82,"w":1,"h":1,"t":0,"c":5,"e":-1,"r":0},{"x":4,"y":9,"hp":82,"w":1,"h":1,"t":0,"c":5,"e":-1,"r":0},{"x":5,"y":9,"hp":82,"w":1,"h":1,"t":0,"c":5,"e":-1,"r":0},{"x":2,"y":13,"hp":93,"w":1,"h":1,"t":0,"c":5,"e":-1,"r":0},{"x":3,"y":13,"hp":93,"w":1,"h":1,"t":0,"c":5,"e":-1,"r":0},{"x":4,"y":13,"hp":93,"w":1,"h":1,"t":0,"c":5,"e":7,"r":0},{"x":5,"y":13,"hp":93,"w":1,"h":1,"t":0,"c":5,"e":-1,"r":0},{"x":0,"y":14,"hp":47,"w":1,"h":1,"t":0,"c":5,"e":-1,"r":0},{"x":2,"y":14,"hp":47,"w":1,"h":1,"t":0,"c":5,"e":-1,"r":0},{"x":4,"y":14,"hp":47,"w":1,"h":1,"t":3,"c":5,"e":-1,"r":0},{"x":5,"y":14,"hp":47,"w":1,"h":1,"t":0,"c":5,"e":-1,"r":0},{"x":0,"y":15,"hp":125,"w":1,"h":1,"t":0,"c":5,"e":-1,"r":0},{"x":2,"y":15,"hp":125,"w":1,"h":1,"t":0,"c":5,"e":-1,"r":0},{"x":3,"y":15,"hp":125,"w":1,"h":1,"t":0,"c":5,"e":-1,"r":0},{"x":5,"y":15,"hp":125,"w":1,"h":1,"t":0,"c":5,"e":-1,"r":0},{"x":3,"y":16,"hp":150,"w":1,"h":1,"t":0,"c":5,"e":-1,"r":0},{"x":4,"y":16,"hp":150,"w":1,"h":1,"t":0,"c":5,"e":-1,"r":0},{"x":5,"y":16,"hp":150,"w":1,"h":1,"t":0,"c":5,"e":-1,"r":0},{"x":2,"y":17,"hp":87,"w":1,"h":1,"t":0,"c":6,"e":-1,"r":0},{"x":3,"y":17,"hp":87,"w":1,"h":1,"t":0,"c":6,"e":2,"r":0},{"x":4,"y":17,"hp":87,"w":1,"h":1,"t":0,"c":6,"e":-1,"r":0},{"x":5,"y":17,"hp":87,"w":1,"h":1,"t":3,"c":6,"e":-1,"r":0},{"x":1,"y":18,"hp":49,"w":1,"h":1,"t":3,"c":5,"e":-1,"r":0},{"x":2,"y":18,"hp":49,"w":1,"h":1,"t":0,"c":5,"e":-1,"r":0},{"x":3,"y":18,"hp":49,"w":1,"h":1,"t":0,"c":5,"e":-1,"r":0},{"x":4,"y":18,"hp":49,"w":1,"h":1,"t":0,"c":5,"e":-1,"r":0},{"x":5,"y":18,"hp":49,"w":1,"h":1,"t":0,"c":5,"e":-1,"r":0},{"x":1,"y":19,"hp":91,"w":1,"h":1,"t":0,"c":5,"e":-1,"r":0},{"x":3,"y":19,"hp":91,"w":1,"h":1,"t":0,"c":5,"e":-1,"r":0},{"x":5,"y":19,"hp":91,"w":1,"h":1,"t":0,"c":5,"e":-1,"r":0},{"x":2,"y":20,"hp":100,"w":1,"h":1,"t":0,"c":5,"e":-1,"r":0},{"x":3,"y":20,"hp":100,"w":1,"h":1,"t":0,"c":5,"e":-1,"r":0},{"x":5,"y":20,"hp":100,"w":1,"h":1,"t":0,"c":5,"e":-1,"r":0},{"x":0,"y":21,"hp":75,"w":1,"h":1,"t":0,"c":5,"e":-1,"r":0},{"x":5,"y":21,"hp":75,"w":1,"h":1,"t":0,"c":5,"e":-1,"r":0},{"x":6,"y":5,"hp":55,"w":1,"h":1,"t":0,"c":6,"e":-1,"r":0},{"x":7,"y":6,"hp":28,"w":1,"h":1,"t":0,"c":5,"e":-1,"r":0},{"x":10,"y":7,"hp":57,"w":1,"h":1,"t":0,"c":5,"e":7,"r":0},{"x":8,"y":7,"hp":57,"w":1,"h":1,"t":4,"c":5,"e":-1,"r":0},{"x":6,"y":7,"hp":57,"w":1,"h":1,"t":0,"c":5,"e":-1,"r":0},{"x":8,"y":8,"hp":66,"w":1,"h":1,"t":5,"c":5,"e":-1,"r":0},{"x":8,"y":9,"hp":82,"w":1,"h":1,"t":0,"c":5,"e":-1,"r":0},{"x":7,"y":9,"hp":82,"w":1,"h":1,"t":0,"c":5,"e":-1,"r":0},{"x":6,"y":9,"hp":82,"w":1,"h":1,"t":0,"c":5,"e":-1,"r":0},{"x":10,"y":13,"hp":93,"w":1,"h":1,"t":0,"c":5,"e":-1,"r":0},{"x":8,"y":13,"hp":93,"w":1,"h":1,"t":0,"c":5,"e":-1,"r":0},{"x":7,"y":13,"hp":93,"w":1,"h":1,"t":0,"c":5,"e":3,"r":0},{"x":6,"y":13,"hp":93,"w":1,"h":1,"t":0,"c":5,"e":-1,"r":0},{"x":10,"y":14,"hp":47,"w":1,"h":1,"t":0,"c":5,"e":-1,"r":0},{"x":8,"y":14,"hp":47,"w":1,"h":1,"t":0,"c":5,"e":-1,"r":0},{"x":6,"y":14,"hp":47,"w":1,"h":1,"t":3,"c":5,"e":-1,"r":0},{"x":10,"y":15,"hp":125,"w":1,"h":1,"t":0,"c":5,"e":-1,"r":0},{"x":8,"y":15,"hp":125,"w":1,"h":1,"t":0,"c":5,"e":7,"r":0},{"x":6,"y":16,"hp":150,"w":1,"h":1,"t":0,"c":5,"e":-1,"r":0},{"x":8,"y":17,"hp":87,"w":1,"h":1,"t":0,"c":6,"e":-1,"r":0},{"x":6,"y":17,"hp":87,"w":1,"h":1,"t":0,"c":6,"e":-1,"r":0},{"x":8,"y":18,"hp":49,"w":1,"h":1,"t":0,"c":5,"e":-1,"r":0},{"x":7,"y":18,"hp":49,"w":1,"h":1,"t":0,"c":5,"e":-1,"r":0},{"x":6,"y":18,"hp":49,"w":1,"h":1,"t":0,"c":5,"e":-1,"r":0},{"x":10,"y":19,"hp":91,"w":1,"h":1,"t":0,"c":5,"e":-1,"r":0},{"x":9,"y":19,"hp":91,"w":1,"h":1,"t":0,"c":5,"e":-1,"r":0},{"x":7,"y":19,"hp":91,"w":1,"h":1,"t":0,"c":5,"e":-1,"r":0},{"x":10,"y":20,"hp":100,"w":1,"h":1,"t":0,"c":5,"e":-1,"r":0},{"x":7,"y":20,"hp":100,"w":1,"h":1,"t":0,"c":5,"e":-1,"r":0},{"x":10,"y":21,"hp":75,"w":1,"h":1,"t":0,"c":5,"e":-1,"r":0},{"x":4,"y":10,"hp":200,"w":3,"h":1,"t":0,"c":6,"e":-1,"r":0},{"x":2,"y":12,"hp":80,"w":1,"h":1,"t":4,"c":5,"e":-1,"r":0},{"x":5,"y":12,"hp":80,"w":1,"h":1,"t":4,"c":5,"e":-1,"r":0},{"x":8,"y":12,"hp":80,"w":1,"h":1,"t":4,"c":5,"e":-1,"r":0},{"x":10,"y":12,"hp":80,"w":1,"h":1,"t":4,"c":5,"e":-1,"r":0},{"x":7,"y":8,"hp":66,"w":1,"h":1,"t":0,"c":5,"e":-1,"r":0},{"x":3,"y":8,"hp":66,"w":1,"h":1,"t":0,"c":5,"e":-1,"r":0},{"x":2,"y":11,"hp":78,"w":1,"h":1,"t":4,"c":5,"e":-1,"r":0},{"x":3,"y":11,"hp":78,"w":1,"h":1,"t":4,"c":5,"e":-1,"r":0},{"x":4,"y":11,"hp":78,"w":1,"h":1,"t":4,"c":5,"e":-1,"r":0},{"x":5,"y":11,"hp":78,"w":1,"h":1,"t":4,"c":5,"e":-1,"r":0},{"x":6,"y":11,"hp":78,"w":1,"h":1,"t":4,"c":5,"e":-1,"r":0},{"x":7,"y":11,"hp":78,"w":1,"h":1,"t":4,"c":5,"e":-1,"r":0},{"x":8,"y":11,"hp":78,"w":1,"h":1,"t":4,"c":5,"e":-1,"r":0},{"x":9,"y":11,"hp":78,"w":1,"h":1,"t":4,"c":5,"e":-1,"r":0},{"x":10,"y":11,"hp":78,"w":1,"h":1,"t":4,"c":5,"e":-1,"r":0},{"x":4,"y":8,"hp":66,"w":1,"h":1,"t":4,"c":5,"e":-1,"r":0},{"x":5,"y":8,"hp":66,"w":1,"h":1,"t":4,"c":5,"e":-1,"r":0},{"x":6,"y":8,"hp":66,"w":1,"h":1,"t":4,"c":5,"e":-1,"r":0},{"x":7,"y":14,"hp":47,"w":1,"h":1,"t":0,"c":5,"e":-1,"r":0},{"x":3,"y":14,"hp":47,"w":1,"h":1,"t":0,"c":5,"e":-1,"r":0},{"x":6,"y":19,"hp":91,"w":1,"h":1,"t":0,"c":5,"e":-1,"r":0},{"x":4,"y":19,"hp":91,"w":1,"h":1,"t":0,"c":5,"e":-1,"r":0},{"x":9,"y":20,"hp":100,"w":1,"h":1,"t":0,"c":5,"e":-1,"r":0},{"x":6,"y":20,"hp":100,"w":1,"h":1,"t":0,"c":5,"e":-1,"r":0},{"x":1,"y":20,"hp":100,"w":1,"h":1,"t":0,"c":5,"e":-1,"r":0},{"x":4,"y":21,"hp":75,"w":1,"h":1,"t":0,"c":5,"e":-1,"r":0},{"x":3,"y":21,"hp":75,"w":1,"h":1,"t":0,"c":5,"e":-1,"r":0},{"x":2,"y":21,"hp":75,"w":1,"h":1,"t":0,"c":5,"e":-1,"r":0},{"x":1,"y":21,"hp":75,"w":1,"h":1,"t":0,"c":5,"e":-1,"r":0},{"x":7,"y":21,"hp":75,"w":1,"h":1,"t":0,"c":5,"e":-1,"r":0},{"x":8,"y":21,"hp":75,"w":1,"h":1,"t":0,"c":5,"e":-1,"r":0},{"x":9,"y":21,"hp":75,"w":1,"h":1,"t":0,"c":5,"e":-1,"r":0},{"x":4,"y":6,"hp":28,"w":1,"h":1,"t":0,"c":5,"e":-1,"r":0},{"x":6,"y":6,"hp":28,"w":1,"h":1,"t":0,"c":5,"e":-1,"r":0},{"x":7,"y":17,"hp":80,"w":1,"h":1,"t":0,"c":6,"e":-1,"r":0},{"x":3,"y":5,"hp":55,"w":1,"h":1,"t":0,"c":6,"e":-1,"r":0},{"x":7,"y":5,"hp":55,"w":1,"h":1,"t":0,"c":6,"e":-1,"r":0},{"x":8,"y":5,"hp":55,"w":1,"h":1,"t":0,"c":6,"e":-1,"r":0},{"x":9,"y":5,"hp":55,"w":1,"h":1,"t":0,"c":6,"e":-1,"r":0},{"x":2,"y":5,"hp":55,"w":1,"h":1,"t":0,"c":6,"e":-1,"r":0},{"x":1,"y":5,"hp":55,"w":1,"h":1,"t":0,"c":6,"e":-1,"r":0},{"x":9,"y":9,"hp":80,"w":1,"h":1,"t":0,"c":5,"e":-1,"r":0},{"x":1,"y":8,"hp":66,"w":1,"h":1,"t":0,"c":5,"e":-1,"r":0},{"x":1,"y":9,"hp":80,"w":1,"h":1,"t":0,"c":5,"e":-1,"r":0},{"x":9,"y":8,"hp":66,"w":1,"h":1,"t":0,"c":5,"e":-1,"r":0}],"bu":[{"x":9,"y":12,"buff":0},{"x":9,"y":15,"buff":0},{"x":0,"y":19,"buff":0},{"x":9,"y":18,"buff":1},{"x":2,"y":16,"buff":1},{"x":2,"y":10,"buff":1},{"x":9,"y":6,"buff":1},{"x":7,"y":10,"buff":2},{"x":0,"y":18,"buff":3},{"x":8,"y":20,"buff":2},{"x":3,"y":10,"buff":2},{"x":10,"y":9,"buff":1},{"x":0,"y":9,"buff":1},{"x":0,"y":12,"buff":1},{"x":1,"y":14,"buff":1},{"x":0,"y":6,"buff":1}]}