{"l":140,"h":19,"w":17,"br":[{"x":15,"y":12,"hp":518,"w":1,"h":1,"t":0,"c":0,"e":-1,"r":0},{"x":15,"y":11,"hp":518,"w":1,"h":1,"t":0,"c":0,"e":-1,"r":0},{"x":15,"y":10,"hp":518,"w":1,"h":1,"t":0,"c":0,"e":-1,"r":0},{"x":1,"y":12,"hp":518,"w":1,"h":1,"t":0,"c":0,"e":-1,"r":0},{"x":1,"y":11,"hp":518,"w":1,"h":1,"t":0,"c":0,"e":-1,"r":0},{"x":1,"y":10,"hp":518,"w":1,"h":1,"t":0,"c":0,"e":-1,"r":0},{"x":3,"y":8,"hp":518,"w":1,"h":1,"t":0,"c":0,"e":-1,"r":0},{"x":4,"y":8,"hp":518,"w":1,"h":1,"t":0,"c":0,"e":-1,"r":0},{"x":5,"y":8,"hp":518,"w":1,"h":1,"t":0,"c":0,"e":-1,"r":0},{"x":11,"y":8,"hp":518,"w":1,"h":1,"t":0,"c":0,"e":-1,"r":0},{"x":12,"y":8,"hp":518,"w":1,"h":1,"t":0,"c":0,"e":-1,"r":0},{"x":13,"y":8,"hp":518,"w":1,"h":1,"t":0,"c":0,"e":-1,"r":0},{"x":1,"y":13,"hp":518,"w":1,"h":1,"t":0,"c":0,"e":-1,"r":0},{"x":1,"y":14,"hp":518,"w":1,"h":1,"t":0,"c":0,"e":-1,"r":0},{"x":3,"y":16,"hp":518,"w":1,"h":1,"t":0,"c":0,"e":-1,"r":0},{"x":4,"y":16,"hp":518,"w":1,"h":1,"t":0,"c":0,"e":-1,"r":0},{"x":5,"y":16,"hp":518,"w":1,"h":1,"t":0,"c":0,"e":-1,"r":0},{"x":11,"y":16,"hp":518,"w":1,"h":1,"t":0,"c":0,"e":-1,"r":0},{"x":12,"y":16,"hp":518,"w":1,"h":1,"t":0,"c":0,"e":-1,"r":0},{"x":15,"y":14,"hp":518,"w":1,"h":1,"t":0,"c":0,"e":-1,"r":0},{"x":15,"y":13,"hp":518,"w":1,"h":1,"t":0,"c":0,"e":-1,"r":0},{"x":2,"y":15,"hp":518,"w":1,"h":1,"t":0,"c":0,"e":-1,"r":0},{"x":2,"y":9,"hp":518,"w":1,"h":1,"t":0,"c":0,"e":-1,"r":0},{"x":14,"y":9,"hp":518,"w":1,"h":1,"t":0,"c":0,"e":-1,"r":0},{"x":14,"y":15,"hp":518,"w":1,"h":1,"t":0,"c":0,"e":-1,"r":0},{"x":13,"y":16,"hp":518,"w":1,"h":1,"t":0,"c":0,"e":-1,"r":0},{"x":6,"y":15,"hp":518,"w":1,"h":1,"t":0,"c":0,"e":-1,"r":0},{"x":10,"y":15,"hp":518,"w":1,"h":1,"t":0,"c":0,"e":-1,"r":0},{"x":6,"y":9,"hp":518,"w":1,"h":1,"t":0,"c":0,"e":-1,"r":0},{"x":8,"y":9,"hp":518,"w":1,"h":1,"t":0,"c":0,"e":-1,"r":0},{"x":9,"y":9,"hp":518,"w":1,"h":1,"t":0,"c":0,"e":-1,"r":0},{"x":10,"y":9,"hp":518,"w":1,"h":1,"t":0,"c":0,"e":-1,"r":0},{"x":7,"y":9,"hp":518,"w":1,"h":1,"t":0,"c":0,"e":-1,"r":0},{"x":5,"y":14,"hp":518,"w":1,"h":1,"t":0,"c":0,"e":-1,"r":0},{"x":4,"y":13,"hp":518,"w":1,"h":1,"t":0,"c":0,"e":-1,"r":0},{"x":4,"y":12,"hp":518,"w":1,"h":1,"t":0,"c":0,"e":-1,"r":0},{"x":4,"y":11,"hp":518,"w":1,"h":1,"t":0,"c":0,"e":-1,"r":0},{"x":5,"y":10,"hp":518,"w":1,"h":1,"t":0,"c":0,"e":-1,"r":0},{"x":11,"y":14,"hp":518,"w":1,"h":1,"t":0,"c":0,"e":-1,"r":0},{"x":12,"y":13,"hp":518,"w":1,"h":1,"t":0,"c":0,"e":-1,"r":0},{"x":12,"y":12,"hp":518,"w":1,"h":1,"t":0,"c":0,"e":-1,"r":0},{"x":12,"y":11,"hp":518,"w":1,"h":1,"t":0,"c":0,"e":-1,"r":0},{"x":11,"y":10,"hp":518,"w":1,"h":1,"t":0,"c":0,"e":-1,"r":0},{"x":8,"y":10,"hp":626,"w":2,"h":2,"t":8,"c":0,"e":-1,"r":0},{"x":9,"y":15,"hp":5,"w":1,"h":1,"t":0,"c":8,"e":-1,"r":0},{"x":8,"y":15,"hp":5,"w":1,"h":1,"t":0,"c":8,"e":-1,"r":0},{"x":7,"y":15,"hp":5,"w":1,"h":1,"t":0,"c":8,"e":-1,"r":0},{"x":6,"y":14,"hp":5,"w":1,"h":1,"t":0,"c":8,"e":-1,"r":0},{"x":6,"y":13,"hp":5,"w":1,"h":1,"t":0,"c":8,"e":-1,"r":0},{"x":5,"y":13,"hp":5,"w":1,"h":1,"t":0,"c":8,"e":-1,"r":0},{"x":5,"y":12,"hp":5,"w":1,"h":1,"t":0,"c":8,"e":-1,"r":0},{"x":5,"y":11,"hp":5,"w":1,"h":1,"t":0,"c":8,"e":-1,"r":0},{"x":6,"y":10,"hp":5,"w":1,"h":1,"t":0,"c":8,"e":-1,"r":0},{"x":6,"y":11,"hp":5,"w":1,"h":1,"t":0,"c":8,"e":-1,"r":0},{"x":7,"y":11,"hp":5,"w":1,"h":1,"t":0,"c":8,"e":-1,"r":0},{"x":7,"y":10,"hp":5,"w":1,"h":1,"t":0,"c":8,"e":-1,"r":0},{"x":10,"y":10,"hp":5,"w":1,"h":1,"t":0,"c":8,"e":-1,"r":0},{"x":10,"y":11,"hp":5,"w":1,"h":1,"t":0,"c":8,"e":-1,"r":0},{"x":11,"y":11,"hp":5,"w":1,"h":1,"t":0,"c":8,"e":-1,"r":0},{"x":11,"y":12,"hp":5,"w":1,"h":1,"t":0,"c":8,"e":-1,"r":0},{"x":11,"y":13,"hp":5,"w":1,"h":1,"t":0,"c":8,"e":-1,"r":0},{"x":10,"y":13,"hp":5,"w":1,"h":1,"t":0,"c":8,"e":-1,"r":0},{"x":9,"y":13,"hp":5,"w":1,"h":1,"t":0,"c":8,"e":-1,"r":0},{"x":8,"y":13,"hp":5,"w":1,"h":1,"t":0,"c":8,"e":-1,"r":0},{"x":7,"y":13,"hp":5,"w":1,"h":1,"t":0,"c":8,"e":-1,"r":0},{"x":7,"y":14,"hp":5,"w":1,"h":1,"t":0,"c":8,"e":-1,"r":0},{"x":8,"y":14,"hp":5,"w":1,"h":1,"t":0,"c":8,"e":-1,"r":0},{"x":9,"y":14,"hp":5,"w":1,"h":1,"t":0,"c":8,"e":-1,"r":0},{"x":10,"y":14,"hp":5,"w":1,"h":1,"t":0,"c":8,"e":-1,"r":0},{"x":10,"y":12,"hp":5,"w":1,"h":1,"t":0,"c":8,"e":-1,"r":0},{"x":9,"y":12,"hp":5,"w":1,"h":1,"t":0,"c":8,"e":-1,"r":0},{"x":8,"y":12,"hp":5,"w":1,"h":1,"t":0,"c":8,"e":-1,"r":0},{"x":7,"y":12,"hp":5,"w":1,"h":1,"t":0,"c":8,"e":-1,"r":0},{"x":6,"y":12,"hp":5,"w":1,"h":1,"t":0,"c":8,"e":-1,"r":0},{"x":2,"y":6,"hp":957,"w":1,"h":1,"t":0,"c":3,"e":-1,"r":0},{"x":4,"y":6,"hp":957,"w":1,"h":1,"t":0,"c":3,"e":-1,"r":0},{"x":6,"y":6,"hp":957,"w":1,"h":1,"t":0,"c":3,"e":-1,"r":0},{"x":8,"y":6,"hp":957,"w":1,"h":1,"t":0,"c":3,"e":-1,"r":0},{"x":10,"y":6,"hp":957,"w":1,"h":1,"t":0,"c":3,"e":-1,"r":0},{"x":12,"y":6,"hp":957,"w":1,"h":1,"t":0,"c":3,"e":-1,"r":0},{"x":14,"y":6,"hp":957,"w":1,"h":1,"t":0,"c":3,"e":-1,"r":0},{"x":1,"y":6,"hp":957,"w":1,"h":1,"t":0,"c":0,"e":-1,"r":0},{"x":3,"y":6,"hp":957,"w":1,"h":1,"t":0,"c":0,"e":-1,"r":0},{"x":5,"y":6,"hp":957,"w":1,"h":1,"t":0,"c":0,"e":-1,"r":0},{"x":7,"y":6,"hp":957,"w":1,"h":1,"t":0,"c":0,"e":-1,"r":0},{"x":9,"y":6,"hp":957,"w":1,"h":1,"t":0,"c":0,"e":-1,"r":0},{"x":11,"y":6,"hp":957,"w":1,"h":1,"t":0,"c":0,"e":-1,"r":0},{"x":13,"y":6,"hp":957,"w":1,"h":1,"t":0,"c":0,"e":-1,"r":0},{"x":15,"y":6,"hp":957,"w":1,"h":1,"t":0,"c":0,"e":-1,"r":0},{"x":3,"y":18,"hp":518,"w":1,"h":1,"t":0,"c":0,"e":-1,"r":0},{"x":4,"y":18,"hp":518,"w":1,"h":1,"t":0,"c":0,"e":-1,"r":0},{"x":5,"y":18,"hp":518,"w":1,"h":1,"t":0,"c":0,"e":-1,"r":0},{"x":5,"y":17,"hp":518,"w":1,"h":1,"t":0,"c":0,"e":-1,"r":0},{"x":11,"y":17,"hp":518,"w":1,"h":1,"t":0,"c":0,"e":-1,"r":0},{"x":11,"y":18,"hp":518,"w":1,"h":1,"t":0,"c":0,"e":-1,"r":0},{"x":12,"y":18,"hp":518,"w":1,"h":1,"t":0,"c":0,"e":-1,"r":0},{"x":13,"y":18,"hp":518,"w":1,"h":1,"t":0,"c":0,"e":-1,"r":0}],"bu":[{"x":6,"y":18,"buff":0},{"x":6,"y":17,"buff":0},{"x":6,"y":16,"buff":0},{"x":7,"y":16,"buff":0},{"x":8,"y":16,"buff":0},{"x":9,"y":16,"buff":0},{"x":10,"y":16,"buff":0},{"x":10,"y":17,"buff":0},{"x":10,"y":18,"buff":0},{"x":9,"y":18,"buff":0},{"x":8,"y":18,"buff":0},{"x":7,"y":18,"buff":0},{"x":7,"y":17,"buff":0},{"x":8,"y":17,"buff":0},{"x":9,"y":17,"buff":0}]}