{"l":19,"h":13,"w":11,"br":[{"x":3,"y":4,"hp":33,"w":1,"h":1,"t":0,"c":3,"e":-1,"r":0},{"x":2,"y":4,"hp":33,"w":1,"h":1,"t":0,"c":3,"e":-1,"r":0},{"x":2,"y":5,"hp":50,"w":1,"h":1,"t":0,"c":3,"e":-1,"r":0},{"x":2,"y":6,"hp":35,"w":1,"h":1,"t":0,"c":3,"e":-1,"r":0},{"x":2,"y":7,"hp":35,"w":1,"h":1,"t":0,"c":3,"e":-1,"r":0},{"x":2,"y":8,"hp":35,"w":1,"h":1,"t":0,"c":3,"e":-1,"r":0},{"x":4,"y":12,"hp":35,"w":1,"h":1,"t":0,"c":3,"e":-1,"r":0},{"x":4,"y":5,"hp":50,"w":1,"h":1,"t":0,"c":3,"e":-1,"r":0},{"x":3,"y":5,"hp":50,"w":1,"h":1,"t":0,"c":3,"e":-1,"r":0},{"x":3,"y":6,"hp":35,"w":1,"h":1,"t":0,"c":3,"e":-1,"r":0},{"x":3,"y":7,"hp":40,"w":1,"h":1,"t":0,"c":3,"e":-1,"r":0},{"x":3,"y":8,"hp":40,"w":1,"h":1,"t":0,"c":3,"e":-1,"r":0},{"x":3,"y":9,"hp":45,"w":1,"h":1,"t":0,"c":3,"e":-1,"r":0},{"x":3,"y":10,"hp":50,"w":1,"h":1,"t":0,"c":3,"e":-1,"r":0},{"x":3,"y":11,"hp":35,"w":1,"h":1,"t":0,"c":3,"e":-1,"r":0},{"x":6,"y":10,"hp":50,"w":1,"h":1,"t":0,"c":3,"e":-1,"r":0},{"x":4,"y":6,"hp":35,"w":1,"h":1,"t":0,"c":3,"e":-1,"r":0},{"x":4,"y":7,"hp":40,"w":1,"h":1,"t":0,"c":3,"e":-1,"r":0},{"x":4,"y":8,"hp":40,"w":1,"h":1,"t":0,"c":3,"e":-1,"r":0},{"x":4,"y":9,"hp":45,"w":1,"h":1,"t":0,"c":3,"e":-1,"r":0},{"x":5,"y":9,"hp":45,"w":1,"h":1,"t":0,"c":3,"e":-1,"r":0},{"x":10,"y":10,"hp":28,"w":1,"h":1,"t":0,"c":0,"e":-1,"r":0},{"x":9,"y":9,"hp":28,"w":1,"h":1,"t":0,"c":0,"e":-1,"r":0},{"x":10,"y":8,"hp":28,"w":1,"h":1,"t":0,"c":0,"e":-1,"r":0},{"x":9,"y":7,"hp":28,"w":1,"h":1,"t":0,"c":0,"e":-1,"r":0},{"x":10,"y":6,"hp":25,"w":1,"h":1,"t":0,"c":0,"e":-1,"r":0},{"x":9,"y":5,"hp":25,"w":1,"h":1,"t":0,"c":0,"e":-1,"r":0},{"x":10,"y":4,"hp":25,"w":1,"h":1,"t":0,"c":0,"e":-1,"r":0},{"x":4,"y":11,"hp":45,"w":1,"h":1,"t":0,"c":8,"e":-1,"r":0},{"x":4,"y":10,"hp":50,"w":1,"h":1,"t":0,"c":8,"e":-1,"r":0},{"x":5,"y":10,"hp":50,"w":1,"h":1,"t":0,"c":8,"e":-1,"r":0},{"x":5,"y":11,"hp":45,"w":1,"h":1,"t":1,"c":8,"e":-1,"r":0},{"x":5,"y":12,"hp":35,"w":1,"h":1,"t":1,"c":3,"e":-1,"r":0},{"x":6,"y":11,"hp":35,"w":1,"h":1,"t":1,"c":3,"e":-1,"r":0},{"x":7,"y":10,"hp":35,"w":1,"h":1,"t":1,"c":3,"e":-1,"r":0},{"x":3,"y":12,"hp":35,"w":1,"h":1,"t":1,"c":3,"e":-1,"r":1},{"x":2,"y":10,"hp":35,"w":1,"h":1,"t":1,"c":3,"e":-1,"r":1},{"x":2,"y":9,"hp":35,"w":1,"h":1,"t":0,"c":3,"e":-1,"r":0},{"x":1,"y":4,"hp":33,"w":1,"h":1,"t":1,"c":3,"e":-1,"r":1},{"x":6,"y":9,"hp":35,"w":1,"h":1,"t":0,"c":2,"e":-1,"r":0},{"x":6,"y":8,"hp":40,"w":1,"h":1,"t":0,"c":2,"e":-1,"r":0},{"x":6,"y":7,"hp":40,"w":1,"h":1,"t":0,"c":2,"e":-1,"r":0},{"x":6,"y":6,"hp":35,"w":1,"h":1,"t":0,"c":2,"e":-1,"r":0},{"x":6,"y":5,"hp":50,"w":1,"h":1,"t":0,"c":2,"e":-1,"r":0},{"x":5,"y":5,"hp":50,"w":1,"h":1,"t":0,"c":2,"e":-1,"r":0},{"x":5,"y":6,"hp":35,"w":1,"h":1,"t":0,"c":2,"e":-1,"r":0},{"x":5,"y":7,"hp":40,"w":1,"h":1,"t":0,"c":2,"e":-1,"r":0},{"x":5,"y":8,"hp":40,"w":1,"h":1,"t":0,"c":2,"e":-1,"r":0},{"x":4,"y":4,"hp":33,"w":1,"h":1,"t":0,"c":2,"e":-1,"r":0},{"x":6,"y":4,"hp":33,"w":1,"h":1,"t":0,"c":2,"e":-1,"r":0},{"x":7,"y":6,"hp":35,"w":1,"h":1,"t":0,"c":2,"e":10,"r":0},{"x":7,"y":7,"hp":35,"w":1,"h":1,"t":0,"c":2,"e":-1,"r":0},{"x":7,"y":8,"hp":35,"w":1,"h":1,"t":0,"c":2,"e":-1,"r":0},{"x":7,"y":4,"hp":33,"w":1,"h":1,"t":1,"c":2,"e":-1,"r":0},{"x":7,"y":5,"hp":35,"w":1,"h":1,"t":1,"c":2,"e":-1,"r":3}],"bu":[{"x":9,"y":8,"buff":0},{"x":9,"y":6,"buff":0},{"x":10,"y":7,"buff":0},{"x":10,"y":9,"buff":0},{"x":10,"y":5,"buff":0},{"x":0,"y":10,"buff":3},{"x":0,"y":5,"buff":3}]}