{"l":336,"h":30,"w":11,"br":[{"x":5,"y":5,"hp":47,"w":1,"h":1,"t":0,"c":3,"e":-1,"r":0},{"x":5,"y":6,"hp":70,"w":1,"h":1,"t":0,"c":3,"e":-1,"r":0},{"x":1,"y":7,"hp":80,"w":1,"h":1,"t":0,"c":3,"e":-1,"r":0},{"x":3,"y":7,"hp":80,"w":1,"h":1,"t":0,"c":3,"e":-1,"r":0},{"x":5,"y":7,"hp":80,"w":1,"h":1,"t":0,"c":3,"e":-1,"r":0},{"x":1,"y":8,"hp":87,"w":1,"h":1,"t":0,"c":3,"e":-1,"r":0},{"x":3,"y":8,"hp":87,"w":1,"h":1,"t":0,"c":3,"e":-1,"r":0},{"x":4,"y":8,"hp":87,"w":1,"h":1,"t":0,"c":3,"e":-1,"r":0},{"x":5,"y":8,"hp":87,"w":1,"h":1,"t":0,"c":3,"e":-1,"r":0},{"x":4,"y":9,"hp":154,"w":1,"h":1,"t":0,"c":3,"e":-1,"r":0},{"x":5,"y":9,"hp":154,"w":1,"h":1,"t":0,"c":3,"e":-1,"r":0},{"x":2,"y":10,"hp":95,"w":1,"h":1,"t":0,"c":3,"e":-1,"r":0},{"x":3,"y":10,"hp":95,"w":1,"h":1,"t":0,"c":3,"e":-1,"r":0},{"x":4,"y":10,"hp":95,"w":1,"h":1,"t":0,"c":3,"e":-1,"r":0},{"x":5,"y":10,"hp":95,"w":1,"h":1,"t":0,"c":3,"e":-1,"r":0},{"x":1,"y":11,"hp":87,"w":1,"h":1,"t":0,"c":3,"e":-1,"r":0},{"x":3,"y":11,"hp":87,"w":1,"h":1,"t":0,"c":3,"e":-1,"r":0},{"x":5,"y":11,"hp":87,"w":1,"h":1,"t":0,"c":3,"e":-1,"r":0},{"x":1,"y":12,"hp":105,"w":1,"h":1,"t":0,"c":3,"e":-1,"r":0},{"x":2,"y":12,"hp":105,"w":1,"h":1,"t":0,"c":3,"e":-1,"r":0},{"x":3,"y":12,"hp":105,"w":1,"h":1,"t":0,"c":3,"e":-1,"r":0},{"x":4,"y":12,"hp":105,"w":1,"h":1,"t":0,"c":3,"e":-1,"r":0},{"x":5,"y":12,"hp":105,"w":1,"h":1,"t":0,"c":3,"e":-1,"r":0},{"x":2,"y":13,"hp":64,"w":1,"h":1,"t":0,"c":3,"e":-1,"r":0},{"x":3,"y":13,"hp":64,"w":1,"h":1,"t":0,"c":3,"e":-1,"r":0},{"x":4,"y":13,"hp":64,"w":1,"h":1,"t":0,"c":3,"e":-1,"r":0},{"x":5,"y":13,"hp":64,"w":1,"h":1,"t":0,"c":3,"e":-1,"r":0},{"x":5,"y":14,"hp":141,"w":1,"h":1,"t":0,"c":3,"e":-1,"r":0},{"x":1,"y":15,"hp":80,"w":1,"h":1,"t":0,"c":3,"e":-1,"r":0},{"x":2,"y":15,"hp":80,"w":1,"h":1,"t":0,"c":3,"e":-1,"r":0},{"x":4,"y":15,"hp":80,"w":1,"h":1,"t":0,"c":3,"e":-1,"r":0},{"x":5,"y":15,"hp":80,"w":1,"h":1,"t":0,"c":3,"e":-1,"r":0},{"x":1,"y":16,"hp":132,"w":1,"h":1,"t":0,"c":3,"e":-1,"r":0},{"x":3,"y":16,"hp":132,"w":1,"h":1,"t":0,"c":3,"e":-1,"r":0},{"x":4,"y":16,"hp":132,"w":1,"h":1,"t":0,"c":3,"e":-1,"r":0},{"x":1,"y":17,"hp":78,"w":1,"h":1,"t":0,"c":3,"e":-1,"r":0},{"x":2,"y":17,"hp":78,"w":1,"h":1,"t":0,"c":3,"e":-1,"r":0},{"x":4,"y":17,"hp":78,"w":1,"h":1,"t":0,"c":3,"e":-1,"r":0},{"x":5,"y":17,"hp":78,"w":1,"h":1,"t":0,"c":3,"e":-1,"r":0},{"x":5,"y":18,"hp":120,"w":1,"h":1,"t":0,"c":3,"e":-1,"r":0},{"x":0,"y":19,"hp":138,"w":1,"h":1,"t":0,"c":3,"e":-1,"r":0},{"x":4,"y":19,"hp":138,"w":1,"h":1,"t":0,"c":3,"e":-1,"r":0},{"x":5,"y":19,"hp":138,"w":1,"h":1,"t":0,"c":3,"e":-1,"r":0},{"x":0,"y":20,"hp":154,"w":1,"h":1,"t":0,"c":3,"e":-1,"r":0},{"x":4,"y":20,"hp":154,"w":1,"h":1,"t":0,"c":3,"e":-1,"r":0},{"x":5,"y":20,"hp":154,"w":1,"h":1,"t":0,"c":3,"e":-1,"r":0},{"x":0,"y":21,"hp":120,"w":1,"h":1,"t":0,"c":3,"e":-1,"r":0},{"x":1,"y":21,"hp":120,"w":1,"h":1,"t":0,"c":3,"e":-1,"r":0},{"x":2,"y":21,"hp":120,"w":1,"h":1,"t":0,"c":3,"e":-1,"r":0},{"x":5,"y":21,"hp":120,"w":1,"h":1,"t":0,"c":3,"e":-1,"r":0},{"x":1,"y":22,"hp":130,"w":1,"h":1,"t":0,"c":3,"e":-1,"r":0},{"x":2,"y":22,"hp":130,"w":1,"h":1,"t":0,"c":3,"e":-1,"r":0},{"x":4,"y":22,"hp":130,"w":1,"h":1,"t":0,"c":3,"e":-1,"r":0},{"x":5,"y":22,"hp":130,"w":1,"h":1,"t":0,"c":3,"e":-1,"r":0},{"x":1,"y":23,"hp":60,"w":1,"h":1,"t":0,"c":3,"e":-1,"r":0},{"x":2,"y":23,"hp":60,"w":1,"h":1,"t":0,"c":3,"e":-1,"r":0},{"x":4,"y":23,"hp":60,"w":1,"h":1,"t":0,"c":3,"e":-1,"r":0},{"x":5,"y":23,"hp":60,"w":1,"h":1,"t":0,"c":3,"e":-1,"r":0},{"x":4,"y":24,"hp":199,"w":1,"h":1,"t":0,"c":3,"e":-1,"r":0},{"x":5,"y":24,"hp":199,"w":1,"h":1,"t":0,"c":3,"e":-1,"r":0},{"x":4,"y":25,"hp":154,"w":1,"h":1,"t":0,"c":3,"e":-1,"r":0},{"x":1,"y":26,"hp":173,"w":1,"h":1,"t":0,"c":3,"e":-1,"r":0},{"x":2,"y":26,"hp":173,"w":1,"h":1,"t":0,"c":3,"e":-1,"r":0},{"x":0,"y":27,"hp":117,"w":1,"h":1,"t":0,"c":3,"e":-1,"r":0},{"x":1,"y":27,"hp":117,"w":1,"h":1,"t":0,"c":3,"e":-1,"r":0},{"x":3,"y":27,"hp":117,"w":1,"h":1,"t":0,"c":3,"e":-1,"r":0},{"x":4,"y":27,"hp":117,"w":1,"h":1,"t":0,"c":3,"e":-1,"r":0},{"x":0,"y":28,"hp":168,"w":1,"h":1,"t":0,"c":3,"e":-1,"r":0},{"x":1,"y":28,"hp":168,"w":1,"h":1,"t":0,"c":3,"e":-1,"r":0},{"x":2,"y":28,"hp":168,"w":1,"h":1,"t":0,"c":3,"e":-1,"r":0},{"x":3,"y":28,"hp":168,"w":1,"h":1,"t":0,"c":3,"e":-1,"r":0},{"x":9,"y":7,"hp":80,"w":1,"h":1,"t":0,"c":3,"e":-1,"r":0},{"x":7,"y":7,"hp":80,"w":1,"h":1,"t":0,"c":3,"e":-1,"r":0},{"x":9,"y":8,"hp":87,"w":1,"h":1,"t":0,"c":3,"e":-1,"r":0},{"x":7,"y":8,"hp":87,"w":1,"h":1,"t":0,"c":3,"e":-1,"r":0},{"x":6,"y":8,"hp":87,"w":1,"h":1,"t":0,"c":3,"e":-1,"r":0},{"x":6,"y":9,"hp":154,"w":1,"h":1,"t":0,"c":3,"e":-1,"r":0},{"x":7,"y":10,"hp":95,"w":1,"h":1,"t":0,"c":3,"e":-1,"r":0},{"x":6,"y":10,"hp":95,"w":1,"h":1,"t":0,"c":3,"e":-1,"r":0},{"x":7,"y":11,"hp":87,"w":1,"h":1,"t":0,"c":3,"e":-1,"r":0},{"x":7,"y":12,"hp":105,"w":1,"h":1,"t":0,"c":3,"e":-1,"r":0},{"x":6,"y":12,"hp":105,"w":1,"h":1,"t":0,"c":3,"e":-1,"r":0},{"x":8,"y":13,"hp":64,"w":1,"h":1,"t":0,"c":3,"e":-1,"r":0},{"x":7,"y":13,"hp":64,"w":1,"h":1,"t":0,"c":3,"e":-1,"r":0},{"x":6,"y":13,"hp":64,"w":1,"h":1,"t":0,"c":3,"e":-1,"r":0},{"x":6,"y":14,"hp":141,"w":1,"h":1,"t":0,"c":3,"e":-1,"r":0},{"x":10,"y":15,"hp":80,"w":1,"h":1,"t":0,"c":3,"e":-1,"r":0},{"x":9,"y":15,"hp":80,"w":1,"h":1,"t":0,"c":3,"e":-1,"r":0},{"x":6,"y":15,"hp":80,"w":1,"h":1,"t":0,"c":3,"e":-1,"r":0},{"x":10,"y":16,"hp":132,"w":1,"h":1,"t":0,"c":3,"e":-1,"r":0},{"x":9,"y":16,"hp":132,"w":1,"h":1,"t":0,"c":3,"e":-1,"r":0},{"x":6,"y":16,"hp":132,"w":1,"h":1,"t":0,"c":3,"e":-1,"r":0},{"x":7,"y":17,"hp":78,"w":1,"h":1,"t":0,"c":3,"e":-1,"r":0},{"x":6,"y":17,"hp":78,"w":1,"h":1,"t":0,"c":3,"e":-1,"r":0},{"x":7,"y":18,"hp":120,"w":1,"h":1,"t":0,"c":3,"e":-1,"r":0},{"x":9,"y":19,"hp":138,"w":1,"h":1,"t":0,"c":3,"e":-1,"r":0},{"x":7,"y":19,"hp":138,"w":1,"h":1,"t":0,"c":3,"e":-1,"r":0},{"x":6,"y":19,"hp":138,"w":1,"h":1,"t":0,"c":3,"e":-1,"r":0},{"x":9,"y":20,"hp":154,"w":1,"h":1,"t":0,"c":3,"e":-1,"r":0},{"x":7,"y":20,"hp":154,"w":1,"h":1,"t":0,"c":3,"e":-1,"r":0},{"x":6,"y":20,"hp":154,"w":1,"h":1,"t":0,"c":3,"e":-1,"r":0},{"x":9,"y":21,"hp":120,"w":1,"h":1,"t":0,"c":3,"e":-1,"r":0},{"x":8,"y":21,"hp":120,"w":1,"h":1,"t":0,"c":3,"e":-1,"r":0},{"x":7,"y":22,"hp":130,"w":1,"h":1,"t":0,"c":3,"e":-1,"r":0},{"x":6,"y":22,"hp":130,"w":1,"h":1,"t":0,"c":3,"e":-1,"r":0},{"x":9,"y":23,"hp":60,"w":1,"h":1,"t":0,"c":3,"e":-1,"r":0},{"x":8,"y":23,"hp":60,"w":1,"h":1,"t":0,"c":3,"e":-1,"r":0},{"x":7,"y":23,"hp":60,"w":1,"h":1,"t":0,"c":3,"e":-1,"r":0},{"x":6,"y":23,"hp":60,"w":1,"h":1,"t":0,"c":3,"e":-1,"r":0},{"x":6,"y":24,"hp":199,"w":1,"h":1,"t":0,"c":3,"e":-1,"r":0},{"x":6,"y":25,"hp":154,"w":1,"h":1,"t":0,"c":3,"e":-1,"r":0},{"x":9,"y":27,"hp":117,"w":1,"h":1,"t":0,"c":3,"e":-1,"r":0},{"x":7,"y":27,"hp":117,"w":1,"h":1,"t":0,"c":3,"e":-1,"r":0},{"x":6,"y":27,"hp":117,"w":1,"h":1,"t":0,"c":3,"e":-1,"r":0},{"x":9,"y":28,"hp":168,"w":1,"h":1,"t":0,"c":3,"e":-1,"r":0},{"x":8,"y":28,"hp":168,"w":1,"h":1,"t":0,"c":3,"e":-1,"r":0},{"x":7,"y":28,"hp":168,"w":1,"h":1,"t":0,"c":3,"e":-1,"r":0},{"x":6,"y":28,"hp":168,"w":1,"h":1,"t":0,"c":3,"e":-1,"r":0},{"x":3,"y":26,"hp":173,"w":1,"h":1,"t":0,"c":3,"e":-1,"r":0},{"x":4,"y":26,"hp":173,"w":1,"h":1,"t":0,"c":3,"e":-1,"r":0},{"x":6,"y":26,"hp":173,"w":1,"h":1,"t":0,"c":3,"e":-1,"r":0},{"x":7,"y":26,"hp":173,"w":1,"h":1,"t":0,"c":3,"e":-1,"r":0},{"x":7,"y":25,"hp":154,"w":1,"h":1,"t":0,"c":3,"e":-1,"r":0},{"x":9,"y":25,"hp":154,"w":1,"h":1,"t":0,"c":3,"e":-1,"r":0},{"x":9,"y":24,"hp":199,"w":1,"h":1,"t":0,"c":3,"e":-1,"r":0},{"x":8,"y":24,"hp":199,"w":1,"h":1,"t":0,"c":3,"e":-1,"r":0},{"x":7,"y":24,"hp":199,"w":1,"h":1,"t":0,"c":3,"e":-1,"r":0},{"x":3,"y":25,"hp":154,"w":1,"h":1,"t":0,"c":3,"e":-1,"r":0},{"x":2,"y":25,"hp":154,"w":1,"h":1,"t":0,"c":3,"e":-1,"r":0},{"x":6,"y":21,"hp":120,"w":1,"h":1,"t":0,"c":3,"e":-1,"r":0},{"x":7,"y":21,"hp":120,"w":1,"h":1,"t":0,"c":3,"e":-1,"r":0},{"x":8,"y":18,"hp":120,"w":1,"h":1,"t":0,"c":3,"e":-1,"r":0},{"x":6,"y":18,"hp":120,"w":1,"h":1,"t":0,"c":3,"e":-1,"r":0},{"x":4,"y":18,"hp":120,"w":1,"h":1,"t":0,"c":3,"e":-1,"r":0},{"x":2,"y":14,"hp":141,"w":1,"h":1,"t":0,"c":3,"e":-1,"r":0},{"x":1,"y":14,"hp":141,"w":1,"h":1,"t":0,"c":3,"e":-1,"r":0},{"x":4,"y":14,"hp":141,"w":1,"h":1,"t":0,"c":3,"e":-1,"r":0},{"x":3,"y":14,"hp":141,"w":1,"h":1,"t":0,"c":3,"e":-1,"r":0},{"x":8,"y":19,"hp":138,"w":1,"h":1,"t":0,"c":3,"e":-1,"r":0},{"x":5,"y":25,"hp":70,"w":1,"h":1,"t":0,"c":3,"e":-1,"r":0},{"x":5,"y":26,"hp":70,"w":1,"h":1,"t":0,"c":3,"e":-1,"r":0},{"x":5,"y":27,"hp":70,"w":1,"h":1,"t":0,"c":3,"e":-1,"r":0},{"x":8,"y":25,"hp":70,"w":1,"h":1,"t":0,"c":3,"e":-1,"r":0},{"x":4,"y":7,"hp":70,"w":1,"h":1,"t":0,"c":3,"e":-1,"r":0},{"x":6,"y":7,"hp":70,"w":1,"h":1,"t":0,"c":3,"e":-1,"r":0},{"x":6,"y":6,"hp":70,"w":1,"h":1,"t":0,"c":3,"e":-1,"r":0},{"x":4,"y":6,"hp":70,"w":1,"h":1,"t":0,"c":3,"e":-1,"r":0},{"x":9,"y":11,"hp":70,"w":1,"h":1,"t":0,"c":3,"e":-1,"r":0},{"x":9,"y":12,"hp":105,"w":1,"h":1,"t":0,"c":3,"e":-1,"r":0},{"x":8,"y":12,"hp":105,"w":1,"h":1,"t":0,"c":3,"e":-1,"r":0},{"x":4,"y":21,"hp":120,"w":1,"h":1,"t":0,"c":3,"e":-1,"r":0},{"x":5,"y":16,"hp":70,"w":1,"h":1,"t":0,"c":3,"e":-1,"r":0},{"x":8,"y":10,"hp":95,"w":1,"h":1,"t":0,"c":3,"e":-1,"r":0}],"bu":[{"x":7,"y":14,"buff":1},{"x":3,"y":19,"buff":1},{"x":9,"y":22,"buff":1},{"x":8,"y":26,"buff":1},{"x":7,"y":29,"buff":1},{"x":3,"y":29,"buff":1},{"x":0,"y":23,"buff":1},{"x":9,"y":17,"buff":0},{"x":0,"y":26,"buff":2},{"x":10,"y":8,"buff":6},{"x":0,"y":8,"buff":6},{"x":10,"y":18,"buff":1},{"x":1,"y":18,"buff":1},{"x":2,"y":24,"buff":1},{"x":2,"y":8,"buff":0},{"x":2,"y":7,"buff":0},{"x":8,"y":8,"buff":0},{"x":8,"y":7,"buff":0},{"x":10,"y":11,"buff":0},{"x":10,"y":12,"buff":0},{"x":0,"y":12,"buff":0},{"x":0,"y":11,"buff":0}]}