{"l":207,"h":25,"w":11,"br":[{"x":0,"y":5,"hp":55,"w":1,"h":1,"t":4,"c":5,"e":-1,"r":0},{"x":1,"y":5,"hp":55,"w":1,"h":1,"t":0,"c":5,"e":-1,"r":0},{"x":3,"y":5,"hp":55,"w":1,"h":1,"t":0,"c":5,"e":-1,"r":0},{"x":4,"y":5,"hp":55,"w":1,"h":1,"t":3,"c":5,"e":-1,"r":0},{"x":5,"y":5,"hp":55,"w":1,"h":1,"t":0,"c":5,"e":-1,"r":0},{"x":0,"y":6,"hp":55,"w":1,"h":1,"t":0,"c":5,"e":-1,"r":0},{"x":3,"y":6,"hp":55,"w":1,"h":1,"t":0,"c":5,"e":-1,"r":0},{"x":4,"y":6,"hp":55,"w":1,"h":1,"t":0,"c":5,"e":-1,"r":0},{"x":5,"y":6,"hp":55,"w":1,"h":1,"t":0,"c":5,"e":-1,"r":0},{"x":0,"y":7,"hp":58,"w":1,"h":1,"t":0,"c":3,"e":-1,"r":0},{"x":3,"y":7,"hp":58,"w":1,"h":1,"t":0,"c":3,"e":-1,"r":0},{"x":5,"y":7,"hp":58,"w":1,"h":1,"t":0,"c":3,"e":-1,"r":0},{"x":0,"y":8,"hp":84,"w":1,"h":1,"t":0,"c":2,"e":-1,"r":0},{"x":2,"y":8,"hp":84,"w":1,"h":1,"t":0,"c":2,"e":2,"r":0},{"x":0,"y":10,"hp":57,"w":1,"h":1,"t":1,"c":5,"e":-1,"r":0},{"x":1,"y":10,"hp":57,"w":1,"h":1,"t":0,"c":5,"e":-1,"r":0},{"x":2,"y":10,"hp":57,"w":1,"h":1,"t":0,"c":5,"e":-1,"r":0},{"x":3,"y":10,"hp":57,"w":1,"h":1,"t":0,"c":5,"e":-1,"r":0},{"x":4,"y":10,"hp":57,"w":1,"h":1,"t":0,"c":5,"e":-1,"r":0},{"x":5,"y":10,"hp":57,"w":1,"h":1,"t":0,"c":5,"e":-1,"r":0},{"x":0,"y":11,"hp":54,"w":1,"h":1,"t":0,"c":5,"e":-1,"r":0},{"x":3,"y":11,"hp":54,"w":1,"h":1,"t":0,"c":5,"e":-1,"r":0},{"x":5,"y":11,"hp":54,"w":1,"h":1,"t":0,"c":5,"e":-1,"r":0},{"x":0,"y":12,"hp":56,"w":1,"h":1,"t":0,"c":5,"e":-1,"r":0},{"x":1,"y":12,"hp":56,"w":1,"h":1,"t":0,"c":5,"e":-1,"r":0},{"x":5,"y":12,"hp":56,"w":1,"h":1,"t":0,"c":5,"e":-1,"r":0},{"x":0,"y":13,"hp":73,"w":1,"h":1,"t":0,"c":5,"e":-1,"r":0},{"x":4,"y":13,"hp":73,"w":1,"h":1,"t":0,"c":5,"e":-1,"r":0},{"x":0,"y":14,"hp":106,"w":1,"h":1,"t":0,"c":2,"e":-1,"r":0},{"x":2,"y":14,"hp":106,"w":1,"h":1,"t":0,"c":2,"e":-1,"r":0},{"x":3,"y":14,"hp":106,"w":1,"h":1,"t":0,"c":2,"e":-1,"r":0},{"x":2,"y":15,"hp":77,"w":1,"h":1,"t":0,"c":5,"e":-1,"r":0},{"x":3,"y":15,"hp":77,"w":1,"h":1,"t":0,"c":5,"e":-1,"r":0},{"x":4,"y":15,"hp":77,"w":1,"h":1,"t":0,"c":5,"e":-1,"r":0},{"x":1,"y":16,"hp":55,"w":1,"h":1,"t":0,"c":5,"e":-1,"r":0},{"x":2,"y":16,"hp":55,"w":1,"h":1,"t":0,"c":5,"e":-1,"r":0},{"x":4,"y":16,"hp":55,"w":1,"h":1,"t":0,"c":5,"e":-1,"r":0},{"x":2,"y":17,"hp":91,"w":1,"h":1,"t":0,"c":5,"e":-1,"r":0},{"x":4,"y":17,"hp":91,"w":1,"h":1,"t":0,"c":5,"e":-1,"r":0},{"x":1,"y":18,"hp":117,"w":1,"h":1,"t":0,"c":2,"e":-1,"r":0},{"x":3,"y":18,"hp":117,"w":1,"h":1,"t":0,"c":2,"e":-1,"r":0},{"x":4,"y":18,"hp":117,"w":1,"h":1,"t":0,"c":2,"e":-1,"r":0},{"x":5,"y":18,"hp":117,"w":1,"h":1,"t":4,"c":2,"e":-1,"r":0},{"x":1,"y":19,"hp":58,"w":1,"h":1,"t":0,"c":5,"e":-1,"r":0},{"x":2,"y":19,"hp":58,"w":1,"h":1,"t":2,"c":5,"e":-1,"r":0},{"x":3,"y":19,"hp":58,"w":1,"h":1,"t":0,"c":5,"e":-1,"r":0},{"x":4,"y":19,"hp":58,"w":1,"h":1,"t":5,"c":5,"e":-1,"r":0},{"x":5,"y":19,"hp":58,"w":1,"h":1,"t":0,"c":5,"e":-1,"r":0},{"x":1,"y":20,"hp":70,"w":1,"h":1,"t":5,"c":5,"e":-1,"r":0},{"x":2,"y":20,"hp":70,"w":1,"h":1,"t":0,"c":5,"e":-1,"r":0},{"x":4,"y":20,"hp":70,"w":1,"h":1,"t":0,"c":5,"e":7,"r":0},{"x":5,"y":20,"hp":70,"w":1,"h":1,"t":0,"c":5,"e":-1,"r":0},{"x":2,"y":21,"hp":110,"w":1,"h":1,"t":3,"c":2,"e":-1,"r":0},{"x":3,"y":21,"hp":110,"w":1,"h":1,"t":5,"c":2,"e":-1,"r":0},{"x":4,"y":21,"hp":110,"w":1,"h":1,"t":0,"c":2,"e":-1,"r":0},{"x":2,"y":22,"hp":65,"w":1,"h":1,"t":0,"c":5,"e":-1,"r":0},{"x":3,"y":22,"hp":65,"w":1,"h":1,"t":0,"c":5,"e":-1,"r":0},{"x":4,"y":22,"hp":65,"w":1,"h":1,"t":0,"c":5,"e":-1,"r":0},{"x":2,"y":23,"hp":78,"w":1,"h":1,"t":5,"c":5,"e":-1,"r":0},{"x":3,"y":23,"hp":78,"w":1,"h":1,"t":0,"c":5,"e":-1,"r":0},{"x":4,"y":23,"hp":78,"w":1,"h":1,"t":4,"c":5,"e":-1,"r":0},{"x":1,"y":24,"hp":120,"w":1,"h":1,"t":0,"c":5,"e":-1,"r":0},{"x":2,"y":24,"hp":120,"w":1,"h":1,"t":0,"c":5,"e":-1,"r":0},{"x":3,"y":24,"hp":120,"w":1,"h":1,"t":0,"c":5,"e":-1,"r":0},{"x":4,"y":24,"hp":120,"w":1,"h":1,"t":0,"c":5,"e":-1,"r":0},{"x":5,"y":24,"hp":120,"w":1,"h":1,"t":1,"c":5,"e":-1,"r":1},{"x":10,"y":5,"hp":55,"w":1,"h":1,"t":4,"c":5,"e":-1,"r":0},{"x":9,"y":5,"hp":55,"w":1,"h":1,"t":0,"c":5,"e":1,"r":0},{"x":7,"y":5,"hp":55,"w":1,"h":1,"t":0,"c":5,"e":-1,"r":0},{"x":6,"y":5,"hp":55,"w":1,"h":1,"t":3,"c":5,"e":-1,"r":0},{"x":10,"y":6,"hp":55,"w":1,"h":1,"t":0,"c":5,"e":-1,"r":0},{"x":7,"y":6,"hp":55,"w":1,"h":1,"t":0,"c":5,"e":-1,"r":0},{"x":6,"y":6,"hp":55,"w":1,"h":1,"t":0,"c":5,"e":-1,"r":0},{"x":10,"y":7,"hp":58,"w":1,"h":1,"t":0,"c":3,"e":-1,"r":0},{"x":7,"y":7,"hp":58,"w":1,"h":1,"t":0,"c":3,"e":-1,"r":0},{"x":10,"y":8,"hp":84,"w":1,"h":1,"t":0,"c":2,"e":-1,"r":0},{"x":8,"y":8,"hp":84,"w":1,"h":1,"t":0,"c":2,"e":-1,"r":0},{"x":10,"y":10,"hp":57,"w":1,"h":1,"t":1,"c":5,"e":-1,"r":1},{"x":9,"y":10,"hp":57,"w":1,"h":1,"t":0,"c":5,"e":-1,"r":0},{"x":8,"y":10,"hp":57,"w":1,"h":1,"t":0,"c":5,"e":-1,"r":0},{"x":7,"y":10,"hp":57,"w":1,"h":1,"t":0,"c":5,"e":7,"r":0},{"x":6,"y":10,"hp":57,"w":1,"h":1,"t":0,"c":5,"e":1,"r":0},{"x":10,"y":11,"hp":54,"w":1,"h":1,"t":0,"c":5,"e":-1,"r":0},{"x":7,"y":11,"hp":54,"w":1,"h":1,"t":0,"c":5,"e":-1,"r":0},{"x":10,"y":12,"hp":56,"w":1,"h":1,"t":0,"c":5,"e":-1,"r":0},{"x":9,"y":12,"hp":56,"w":1,"h":1,"t":0,"c":5,"e":-1,"r":0},{"x":10,"y":13,"hp":73,"w":1,"h":1,"t":0,"c":5,"e":-1,"r":0},{"x":8,"y":13,"hp":73,"w":1,"h":1,"t":0,"c":5,"e":-1,"r":0},{"x":10,"y":14,"hp":106,"w":1,"h":1,"t":0,"c":2,"e":-1,"r":0},{"x":8,"y":14,"hp":106,"w":1,"h":1,"t":0,"c":2,"e":-1,"r":0},{"x":7,"y":14,"hp":106,"w":1,"h":1,"t":0,"c":2,"e":-1,"r":0},{"x":8,"y":15,"hp":77,"w":1,"h":1,"t":0,"c":5,"e":-1,"r":0},{"x":7,"y":15,"hp":77,"w":1,"h":1,"t":0,"c":5,"e":-1,"r":0},{"x":7,"y":18,"hp":117,"w":1,"h":1,"t":0,"c":2,"e":-1,"r":0},{"x":6,"y":18,"hp":117,"w":1,"h":1,"t":0,"c":2,"e":-1,"r":0},{"x":8,"y":19,"hp":58,"w":1,"h":1,"t":2,"c":5,"e":-1,"r":0},{"x":7,"y":19,"hp":58,"w":1,"h":1,"t":0,"c":5,"e":-1,"r":0},{"x":6,"y":19,"hp":58,"w":1,"h":1,"t":5,"c":5,"e":-1,"r":0},{"x":8,"y":20,"hp":70,"w":1,"h":1,"t":0,"c":5,"e":-1,"r":0},{"x":6,"y":20,"hp":70,"w":1,"h":1,"t":0,"c":5,"e":-1,"r":0},{"x":8,"y":21,"hp":110,"w":1,"h":1,"t":3,"c":2,"e":-1,"r":0},{"x":7,"y":21,"hp":110,"w":1,"h":1,"t":5,"c":2,"e":-1,"r":0},{"x":6,"y":21,"hp":110,"w":1,"h":1,"t":0,"c":2,"e":-1,"r":0},{"x":10,"y":22,"hp":65,"w":1,"h":1,"t":0,"c":5,"e":-1,"r":0},{"x":8,"y":22,"hp":65,"w":1,"h":1,"t":0,"c":5,"e":-1,"r":0},{"x":7,"y":22,"hp":65,"w":1,"h":1,"t":0,"c":5,"e":-1,"r":0},{"x":6,"y":22,"hp":65,"w":1,"h":1,"t":0,"c":5,"e":-1,"r":0},{"x":10,"y":23,"hp":78,"w":1,"h":1,"t":0,"c":5,"e":-1,"r":0},{"x":8,"y":23,"hp":78,"w":1,"h":1,"t":5,"c":5,"e":-1,"r":0},{"x":7,"y":23,"hp":78,"w":1,"h":1,"t":0,"c":5,"e":-1,"r":0},{"x":10,"y":24,"hp":120,"w":1,"h":1,"t":0,"c":5,"e":-1,"r":0},{"x":9,"y":24,"hp":120,"w":1,"h":1,"t":0,"c":5,"e":-1,"r":0},{"x":8,"y":24,"hp":120,"w":1,"h":1,"t":0,"c":5,"e":-1,"r":0},{"x":5,"y":15,"hp":70,"w":1,"h":1,"t":0,"c":5,"e":-1,"r":0},{"x":6,"y":15,"hp":70,"w":1,"h":1,"t":0,"c":5,"e":-1,"r":0},{"x":5,"y":17,"hp":70,"w":1,"h":1,"t":0,"c":5,"e":-1,"r":0},{"x":6,"y":17,"hp":70,"w":1,"h":1,"t":0,"c":5,"e":-1,"r":0},{"x":7,"y":17,"hp":70,"w":1,"h":1,"t":0,"c":5,"e":-1,"r":0},{"x":6,"y":16,"hp":55,"w":1,"h":1,"t":0,"c":5,"e":-1,"r":0},{"x":4,"y":14,"hp":70,"w":1,"h":1,"t":0,"c":2,"e":-1,"r":0},{"x":5,"y":14,"hp":70,"w":1,"h":1,"t":0,"c":2,"e":-1,"r":0},{"x":5,"y":13,"hp":70,"w":1,"h":1,"t":0,"c":5,"e":-1,"r":0},{"x":6,"y":13,"hp":70,"w":1,"h":1,"t":0,"c":5,"e":-1,"r":0},{"x":9,"y":13,"hp":70,"w":1,"h":1,"t":0,"c":5,"e":1,"r":0},{"x":9,"y":14,"hp":70,"w":1,"h":1,"t":0,"c":2,"e":-1,"r":0},{"x":5,"y":16,"hp":55,"w":1,"h":1,"t":0,"c":5,"e":1,"r":0},{"x":7,"y":20,"hp":70,"w":1,"h":1,"t":0,"c":5,"e":1,"r":0},{"x":3,"y":20,"hp":70,"w":1,"h":1,"t":0,"c":5,"e":-1,"r":0},{"x":7,"y":13,"hp":70,"w":1,"h":1,"t":0,"c":5,"e":-1,"r":0},{"x":6,"y":14,"hp":70,"w":1,"h":1,"t":0,"c":2,"e":-1,"r":0},{"x":7,"y":16,"hp":70,"w":1,"h":1,"t":0,"c":5,"e":-1,"r":0},{"x":3,"y":16,"hp":70,"w":1,"h":1,"t":0,"c":5,"e":-1,"r":0},{"x":3,"y":17,"hp":70,"w":1,"h":1,"t":0,"c":5,"e":-1,"r":0},{"x":2,"y":18,"hp":70,"w":1,"h":1,"t":0,"c":2,"e":-1,"r":0},{"x":5,"y":21,"hp":70,"w":1,"h":1,"t":0,"c":2,"e":-1,"r":0},{"x":5,"y":22,"hp":70,"w":1,"h":1,"t":0,"c":5,"e":-1,"r":0},{"x":7,"y":24,"hp":70,"w":1,"h":1,"t":0,"c":5,"e":-1,"r":0},{"x":6,"y":23,"hp":70,"w":1,"h":1,"t":0,"c":5,"e":-1,"r":0},{"x":7,"y":8,"hp":70,"w":1,"h":1,"t":0,"c":2,"e":-1,"r":0},{"x":3,"y":8,"hp":70,"w":1,"h":1,"t":0,"c":2,"e":-1,"r":0},{"x":4,"y":7,"hp":58,"w":1,"h":1,"t":0,"c":3,"e":-1,"r":0},{"x":6,"y":7,"hp":58,"w":1,"h":1,"t":0,"c":3,"e":-1,"r":0},{"x":1,"y":6,"hp":70,"w":1,"h":1,"t":0,"c":5,"e":-1,"r":0}],"bu":[{"x":9,"y":19,"buff":0},{"x":0,"y":21,"buff":0},{"x":9,"y":21,"buff":1},{"x":9,"y":16,"buff":1},{"x":3,"y":13,"buff":1},{"x":4,"y":8,"buff":1},{"x":9,"y":7,"buff":1},{"x":1,"y":22,"buff":3},{"x":1,"y":17,"buff":1},{"x":1,"y":14,"buff":1},{"x":2,"y":5,"buff":1},{"x":8,"y":5,"buff":1},{"x":8,"y":9,"buff":1},{"x":2,"y":9,"buff":1},{"x":7,"y":12,"buff":1},{"x":8,"y":17,"buff":3}]}