{"l":359,"h":32,"w":11,"br":[{"x":2,"y":5,"hp":51,"w":1,"h":1,"t":0,"c":3,"e":-1,"r":0},{"x":3,"y":5,"hp":51,"w":1,"h":1,"t":0,"c":3,"e":-1,"r":0},{"x":4,"y":5,"hp":51,"w":1,"h":1,"t":4,"c":3,"e":-1,"r":0},{"x":5,"y":5,"hp":51,"w":1,"h":1,"t":0,"c":3,"e":-1,"r":0},{"x":3,"y":6,"hp":87,"w":1,"h":1,"t":0,"c":5,"e":4,"r":0},{"x":4,"y":6,"hp":87,"w":1,"h":1,"t":0,"c":5,"e":4,"r":0},{"x":5,"y":6,"hp":87,"w":1,"h":1,"t":3,"c":5,"e":-1,"r":0},{"x":0,"y":7,"hp":77,"w":1,"h":1,"t":0,"c":5,"e":-1,"r":0},{"x":1,"y":7,"hp":77,"w":1,"h":1,"t":5,"c":5,"e":-1,"r":0},{"x":5,"y":7,"hp":77,"w":1,"h":1,"t":0,"c":5,"e":-1,"r":0},{"x":0,"y":8,"hp":63,"w":1,"h":1,"t":0,"c":5,"e":-1,"r":0},{"x":4,"y":8,"hp":63,"w":1,"h":1,"t":0,"c":5,"e":-1,"r":0},{"x":5,"y":8,"hp":63,"w":1,"h":1,"t":0,"c":5,"e":-1,"r":0},{"x":2,"y":9,"hp":63,"w":1,"h":1,"t":0,"c":5,"e":-1,"r":0},{"x":3,"y":9,"hp":63,"w":1,"h":1,"t":0,"c":5,"e":-1,"r":0},{"x":4,"y":9,"hp":63,"w":1,"h":1,"t":5,"c":5,"e":-1,"r":0},{"x":5,"y":9,"hp":63,"w":1,"h":1,"t":4,"c":5,"e":-1,"r":0},{"x":2,"y":10,"hp":115,"w":1,"h":1,"t":0,"c":5,"e":-1,"r":0},{"x":3,"y":10,"hp":115,"w":1,"h":1,"t":0,"c":5,"e":-1,"r":0},{"x":5,"y":10,"hp":115,"w":1,"h":1,"t":0,"c":5,"e":-1,"r":0},{"x":0,"y":11,"hp":98,"w":1,"h":1,"t":0,"c":5,"e":-1,"r":0},{"x":3,"y":11,"hp":98,"w":1,"h":1,"t":3,"c":5,"e":-1,"r":0},{"x":4,"y":11,"hp":98,"w":1,"h":1,"t":0,"c":5,"e":-1,"r":0},{"x":5,"y":11,"hp":98,"w":1,"h":1,"t":0,"c":5,"e":-1,"r":0},{"x":0,"y":12,"hp":88,"w":1,"h":1,"t":0,"c":5,"e":-1,"r":0},{"x":3,"y":12,"hp":88,"w":1,"h":1,"t":0,"c":5,"e":-1,"r":0},{"x":4,"y":12,"hp":88,"w":1,"h":1,"t":2,"c":5,"e":-1,"r":0},{"x":5,"y":12,"hp":88,"w":1,"h":1,"t":0,"c":5,"e":-1,"r":0},{"x":2,"y":14,"hp":141,"w":1,"h":1,"t":0,"c":5,"e":-1,"r":0},{"x":4,"y":14,"hp":141,"w":1,"h":1,"t":0,"c":5,"e":-1,"r":0},{"x":5,"y":14,"hp":141,"w":1,"h":1,"t":0,"c":5,"e":-1,"r":0},{"x":2,"y":15,"hp":182,"w":1,"h":1,"t":5,"c":5,"e":-1,"r":0},{"x":4,"y":15,"hp":182,"w":1,"h":1,"t":0,"c":5,"e":-1,"r":0},{"x":5,"y":15,"hp":182,"w":1,"h":1,"t":0,"c":5,"e":-1,"r":0},{"x":2,"y":16,"hp":207,"w":1,"h":1,"t":0,"c":5,"e":-1,"r":0},{"x":4,"y":16,"hp":207,"w":1,"h":1,"t":0,"c":5,"e":-1,"r":0},{"x":5,"y":16,"hp":207,"w":1,"h":1,"t":5,"c":5,"e":-1,"r":0},{"x":1,"y":17,"hp":135,"w":1,"h":1,"t":0,"c":5,"e":-1,"r":0},{"x":3,"y":17,"hp":135,"w":1,"h":1,"t":0,"c":5,"e":-1,"r":0},{"x":4,"y":17,"hp":135,"w":1,"h":1,"t":0,"c":5,"e":-1,"r":0},{"x":5,"y":17,"hp":135,"w":1,"h":1,"t":0,"c":5,"e":-1,"r":0},{"x":2,"y":18,"hp":100,"w":1,"h":1,"t":1,"c":5,"e":-1,"r":3},{"x":3,"y":18,"hp":100,"w":1,"h":1,"t":0,"c":5,"e":-1,"r":0},{"x":5,"y":18,"hp":100,"w":1,"h":1,"t":0,"c":5,"e":-1,"r":0},{"x":1,"y":19,"hp":138,"w":1,"h":1,"t":0,"c":5,"e":-1,"r":0},{"x":4,"y":19,"hp":138,"w":1,"h":1,"t":0,"c":5,"e":-1,"r":0},{"x":3,"y":20,"hp":261,"w":1,"h":1,"t":0,"c":5,"e":-1,"r":0},{"x":4,"y":20,"hp":261,"w":1,"h":1,"t":0,"c":5,"e":-1,"r":0},{"x":2,"y":21,"hp":115,"w":1,"h":1,"t":2,"c":5,"e":-1,"r":1},{"x":4,"y":21,"hp":115,"w":1,"h":1,"t":0,"c":5,"e":-1,"r":0},{"x":5,"y":21,"hp":115,"w":1,"h":1,"t":0,"c":5,"e":-1,"r":0},{"x":2,"y":22,"hp":130,"w":1,"h":1,"t":0,"c":5,"e":-1,"r":0},{"x":3,"y":22,"hp":130,"w":1,"h":1,"t":2,"c":5,"e":-1,"r":1},{"x":4,"y":22,"hp":130,"w":1,"h":1,"t":0,"c":5,"e":-1,"r":0},{"x":5,"y":22,"hp":130,"w":1,"h":1,"t":0,"c":5,"e":-1,"r":0},{"x":3,"y":23,"hp":60,"w":1,"h":1,"t":0,"c":5,"e":-1,"r":0},{"x":4,"y":23,"hp":60,"w":1,"h":1,"t":0,"c":5,"e":-1,"r":0},{"x":5,"y":23,"hp":60,"w":1,"h":1,"t":0,"c":5,"e":-1,"r":0},{"x":0,"y":24,"hp":175,"w":1,"h":1,"t":0,"c":5,"e":-1,"r":0},{"x":3,"y":24,"hp":175,"w":1,"h":1,"t":0,"c":5,"e":-1,"r":0},{"x":4,"y":24,"hp":175,"w":1,"h":1,"t":0,"c":5,"e":-1,"r":0},{"x":5,"y":24,"hp":175,"w":1,"h":1,"t":0,"c":5,"e":-1,"r":0},{"x":0,"y":25,"hp":192,"w":1,"h":1,"t":0,"c":5,"e":-1,"r":0},{"x":3,"y":26,"hp":173,"w":1,"h":1,"t":0,"c":5,"e":-1,"r":0},{"x":4,"y":26,"hp":173,"w":1,"h":1,"t":0,"c":5,"e":-1,"r":0},{"x":5,"y":26,"hp":173,"w":1,"h":1,"t":0,"c":5,"e":-1,"r":0},{"x":2,"y":27,"hp":117,"w":1,"h":1,"t":3,"c":5,"e":-1,"r":0},{"x":3,"y":27,"hp":117,"w":1,"h":1,"t":0,"c":5,"e":-1,"r":0},{"x":5,"y":27,"hp":117,"w":1,"h":1,"t":0,"c":5,"e":-1,"r":0},{"x":2,"y":28,"hp":168,"w":1,"h":1,"t":0,"c":5,"e":-1,"r":0},{"x":4,"y":28,"hp":168,"w":1,"h":1,"t":0,"c":5,"e":-1,"r":0},{"x":5,"y":28,"hp":168,"w":1,"h":1,"t":0,"c":5,"e":-1,"r":0},{"x":0,"y":29,"hp":271,"w":1,"h":1,"t":0,"c":5,"e":-1,"r":0},{"x":4,"y":29,"hp":271,"w":1,"h":1,"t":0,"c":5,"e":-1,"r":0},{"x":5,"y":29,"hp":271,"w":1,"h":1,"t":0,"c":5,"e":-1,"r":0},{"x":0,"y":30,"hp":154,"w":1,"h":1,"t":0,"c":5,"e":-1,"r":0},{"x":1,"y":30,"hp":154,"w":1,"h":1,"t":0,"c":5,"e":-1,"r":0},{"x":4,"y":30,"hp":154,"w":1,"h":1,"t":0,"c":5,"e":-1,"r":0},{"x":5,"y":30,"hp":154,"w":1,"h":1,"t":0,"c":5,"e":-1,"r":0},{"x":8,"y":5,"hp":51,"w":1,"h":1,"t":0,"c":3,"e":-1,"r":0},{"x":7,"y":5,"hp":51,"w":1,"h":1,"t":0,"c":3,"e":-1,"r":0},{"x":6,"y":5,"hp":51,"w":1,"h":1,"t":4,"c":3,"e":-1,"r":0},{"x":7,"y":6,"hp":87,"w":1,"h":1,"t":0,"c":5,"e":4,"r":0},{"x":6,"y":6,"hp":87,"w":1,"h":1,"t":0,"c":5,"e":4,"r":0},{"x":10,"y":7,"hp":77,"w":1,"h":1,"t":0,"c":5,"e":-1,"r":0},{"x":9,"y":7,"hp":77,"w":1,"h":1,"t":5,"c":5,"e":-1,"r":0},{"x":10,"y":8,"hp":63,"w":1,"h":1,"t":0,"c":5,"e":-1,"r":0},{"x":8,"y":8,"hp":63,"w":1,"h":1,"t":0,"c":5,"e":-1,"r":0},{"x":6,"y":8,"hp":63,"w":1,"h":1,"t":0,"c":5,"e":-1,"r":0},{"x":9,"y":9,"hp":63,"w":1,"h":1,"t":0,"c":5,"e":-1,"r":0},{"x":8,"y":9,"hp":63,"w":1,"h":1,"t":0,"c":5,"e":-1,"r":0},{"x":7,"y":9,"hp":63,"w":1,"h":1,"t":0,"c":5,"e":-1,"r":0},{"x":6,"y":9,"hp":63,"w":1,"h":1,"t":5,"c":5,"e":-1,"r":0},{"x":9,"y":10,"hp":115,"w":1,"h":1,"t":2,"c":5,"e":-1,"r":0},{"x":8,"y":10,"hp":115,"w":1,"h":1,"t":0,"c":5,"e":-1,"r":0},{"x":7,"y":10,"hp":115,"w":1,"h":1,"t":0,"c":5,"e":-1,"r":0},{"x":10,"y":11,"hp":98,"w":1,"h":1,"t":0,"c":5,"e":-1,"r":0},{"x":7,"y":11,"hp":98,"w":1,"h":1,"t":3,"c":5,"e":-1,"r":0},{"x":6,"y":11,"hp":98,"w":1,"h":1,"t":0,"c":5,"e":-1,"r":0},{"x":10,"y":12,"hp":88,"w":1,"h":1,"t":0,"c":5,"e":7,"r":0},{"x":8,"y":12,"hp":88,"w":1,"h":1,"t":0,"c":5,"e":-1,"r":0},{"x":7,"y":12,"hp":88,"w":1,"h":1,"t":0,"c":5,"e":-1,"r":0},{"x":6,"y":12,"hp":88,"w":1,"h":1,"t":2,"c":5,"e":-1,"r":0},{"x":8,"y":14,"hp":141,"w":1,"h":1,"t":0,"c":5,"e":-1,"r":0},{"x":6,"y":14,"hp":141,"w":1,"h":1,"t":0,"c":5,"e":-1,"r":0},{"x":9,"y":15,"hp":182,"w":1,"h":1,"t":0,"c":5,"e":-1,"r":0},{"x":8,"y":15,"hp":182,"w":1,"h":1,"t":5,"c":5,"e":-1,"r":0},{"x":6,"y":15,"hp":182,"w":1,"h":1,"t":0,"c":5,"e":-1,"r":0},{"x":8,"y":16,"hp":207,"w":1,"h":1,"t":0,"c":5,"e":-1,"r":0},{"x":6,"y":16,"hp":207,"w":1,"h":1,"t":0,"c":5,"e":-1,"r":0},{"x":9,"y":18,"hp":100,"w":1,"h":1,"t":2,"c":5,"e":-1,"r":2},{"x":8,"y":18,"hp":100,"w":1,"h":1,"t":1,"c":5,"e":-1,"r":2},{"x":7,"y":18,"hp":100,"w":1,"h":1,"t":0,"c":5,"e":-1,"r":0},{"x":8,"y":20,"hp":261,"w":1,"h":1,"t":0,"c":5,"e":-1,"r":0},{"x":7,"y":20,"hp":261,"w":1,"h":1,"t":0,"c":5,"e":-1,"r":0},{"x":6,"y":20,"hp":261,"w":1,"h":1,"t":0,"c":5,"e":-1,"r":0},{"x":9,"y":21,"hp":115,"w":1,"h":1,"t":0,"c":5,"e":-1,"r":0},{"x":8,"y":21,"hp":115,"w":1,"h":1,"t":2,"c":5,"e":-1,"r":3},{"x":6,"y":21,"hp":115,"w":1,"h":1,"t":0,"c":5,"e":-1,"r":0},{"x":8,"y":22,"hp":130,"w":1,"h":1,"t":0,"c":5,"e":-1,"r":0},{"x":7,"y":22,"hp":130,"w":1,"h":1,"t":2,"c":5,"e":-1,"r":3},{"x":6,"y":22,"hp":130,"w":1,"h":1,"t":0,"c":5,"e":-1,"r":0},{"x":8,"y":23,"hp":60,"w":1,"h":1,"t":0,"c":5,"e":-1,"r":0},{"x":7,"y":23,"hp":60,"w":1,"h":1,"t":0,"c":5,"e":-1,"r":0},{"x":6,"y":23,"hp":60,"w":1,"h":1,"t":0,"c":5,"e":-1,"r":0},{"x":7,"y":24,"hp":175,"w":1,"h":1,"t":0,"c":5,"e":-1,"r":0},{"x":6,"y":24,"hp":175,"w":1,"h":1,"t":0,"c":5,"e":-1,"r":0},{"x":10,"y":25,"hp":192,"w":1,"h":1,"t":0,"c":5,"e":-1,"r":0},{"x":6,"y":26,"hp":173,"w":1,"h":1,"t":0,"c":5,"e":-1,"r":0},{"x":8,"y":27,"hp":117,"w":1,"h":1,"t":3,"c":5,"e":-1,"r":0},{"x":7,"y":27,"hp":117,"w":1,"h":1,"t":0,"c":5,"e":-1,"r":0},{"x":9,"y":28,"hp":168,"w":1,"h":1,"t":0,"c":5,"e":-1,"r":0},{"x":8,"y":28,"hp":168,"w":1,"h":1,"t":0,"c":5,"e":-1,"r":0},{"x":6,"y":28,"hp":168,"w":1,"h":1,"t":0,"c":5,"e":-1,"r":0},{"x":10,"y":29,"hp":271,"w":1,"h":1,"t":0,"c":5,"e":-1,"r":0},{"x":8,"y":29,"hp":271,"w":1,"h":1,"t":0,"c":5,"e":-1,"r":0},{"x":9,"y":30,"hp":154,"w":1,"h":1,"t":0,"c":5,"e":-1,"r":0},{"x":6,"y":30,"hp":154,"w":1,"h":1,"t":0,"c":5,"e":-1,"r":0},{"x":10,"y":28,"hp":168,"w":1,"h":1,"t":0,"c":5,"e":-1,"r":0},{"x":2,"y":13,"hp":102,"w":1,"h":1,"t":0,"c":5,"e":-1,"r":0},{"x":3,"y":13,"hp":102,"w":1,"h":1,"t":0,"c":5,"e":-1,"r":0},{"x":4,"y":13,"hp":102,"w":1,"h":1,"t":0,"c":5,"e":-1,"r":0},{"x":7,"y":13,"hp":102,"w":1,"h":1,"t":0,"c":5,"e":-1,"r":0},{"x":7,"y":14,"hp":141,"w":1,"h":1,"t":0,"c":5,"e":-1,"r":0},{"x":3,"y":16,"hp":207,"w":1,"h":1,"t":0,"c":5,"e":-1,"r":0},{"x":3,"y":15,"hp":182,"w":1,"h":1,"t":0,"c":5,"e":-1,"r":0},{"x":3,"y":14,"hp":141,"w":1,"h":1,"t":0,"c":5,"e":4,"r":0},{"x":6,"y":18,"hp":100,"w":1,"h":1,"t":0,"c":5,"e":-1,"r":0},{"x":4,"y":18,"hp":100,"w":1,"h":1,"t":0,"c":5,"e":-1,"r":0},{"x":3,"y":19,"hp":138,"w":1,"h":1,"t":0,"c":5,"e":-1,"r":0},{"x":2,"y":19,"hp":138,"w":1,"h":1,"t":0,"c":5,"e":-1,"r":0},{"x":9,"y":20,"hp":261,"w":1,"h":1,"t":0,"c":5,"e":-1,"r":0},{"x":10,"y":20,"hp":261,"w":1,"h":1,"t":0,"c":5,"e":-1,"r":0},{"x":9,"y":22,"hp":130,"w":1,"h":1,"t":0,"c":5,"e":-1,"r":0},{"x":9,"y":23,"hp":60,"w":1,"h":1,"t":0,"c":5,"e":-1,"r":0},{"x":7,"y":21,"hp":115,"w":1,"h":1,"t":0,"c":5,"e":4,"r":0},{"x":3,"y":25,"hp":192,"w":1,"h":1,"t":0,"c":5,"e":-1,"r":0},{"x":4,"y":25,"hp":192,"w":1,"h":1,"t":0,"c":5,"e":-1,"r":0},{"x":5,"y":25,"hp":192,"w":1,"h":1,"t":0,"c":5,"e":-1,"r":0},{"x":6,"y":25,"hp":192,"w":1,"h":1,"t":0,"c":5,"e":-1,"r":0},{"x":9,"y":25,"hp":192,"w":1,"h":1,"t":0,"c":5,"e":-1,"r":0},{"x":2,"y":25,"hp":192,"w":1,"h":1,"t":0,"c":5,"e":-1,"r":0},{"x":9,"y":26,"hp":173,"w":1,"h":1,"t":0,"c":5,"e":-1,"r":0},{"x":6,"y":27,"hp":117,"w":1,"h":1,"t":0,"c":5,"e":-1,"r":0},{"x":4,"y":27,"hp":117,"w":1,"h":1,"t":0,"c":5,"e":-1,"r":0},{"x":3,"y":29,"hp":271,"w":1,"h":1,"t":0,"c":5,"e":4,"r":0},{"x":3,"y":28,"hp":168,"w":1,"h":1,"t":0,"c":5,"e":-1,"r":0},{"x":9,"y":29,"hp":271,"w":1,"h":1,"t":0,"c":5,"e":-1,"r":0},{"x":7,"y":30,"hp":154,"w":1,"h":1,"t":0,"c":5,"e":-1,"r":0},{"x":8,"y":30,"hp":154,"w":1,"h":1,"t":0,"c":5,"e":-1,"r":0},{"x":3,"y":30,"hp":154,"w":1,"h":1,"t":0,"c":5,"e":-1,"r":0}],"bu":[{"x":8,"y":11,"buff":1},{"x":2,"y":11,"buff":1},{"x":5,"y":20,"buff":1},{"x":10,"y":23,"buff":1},{"x":2,"y":23,"buff":1},{"x":7,"y":28,"buff":1},{"x":3,"y":31,"buff":1},{"x":7,"y":31,"buff":1},{"x":10,"y":21,"buff":0},{"x":7,"y":17,"buff":0},{"x":6,"y":7,"buff":0},{"x":1,"y":26,"buff":3},{"x":10,"y":16,"buff":3},{"x":1,"y":9,"buff":3},{"x":2,"y":20,"buff":2},{"x":1,"y":5,"buff":1},{"x":9,"y":5,"buff":1},{"x":4,"y":7,"buff":1},{"x":10,"y":14,"buff":1},{"x":0,"y":18,"buff":1}]}