{"l":9,"h":13,"w":11,"br":[{"x":7,"y":12,"hp":25,"w":1,"h":1,"t":0,"c":4,"e":-1,"r":0},{"x":3,"y":12,"hp":25,"w":1,"h":1,"t":0,"c":4,"e":-1,"r":0},{"x":2,"y":12,"hp":25,"w":1,"h":1,"t":1,"c":4,"e":-1,"r":1},{"x":1,"y":11,"hp":25,"w":1,"h":1,"t":1,"c":4,"e":-1,"r":1},{"x":4,"y":11,"hp":25,"w":1,"h":1,"t":0,"c":6,"e":-1,"r":0},{"x":6,"y":11,"hp":25,"w":1,"h":1,"t":0,"c":6,"e":-1,"r":0},{"x":2,"y":8,"hp":29,"w":1,"h":1,"t":0,"c":4,"e":-1,"r":0},{"x":3,"y":8,"hp":29,"w":1,"h":1,"t":0,"c":4,"e":-1,"r":0},{"x":4,"y":8,"hp":29,"w":1,"h":1,"t":0,"c":4,"e":-1,"r":0},{"x":6,"y":8,"hp":29,"w":1,"h":1,"t":0,"c":4,"e":-1,"r":0},{"x":7,"y":8,"hp":29,"w":1,"h":1,"t":0,"c":4,"e":-1,"r":0},{"x":8,"y":8,"hp":29,"w":1,"h":1,"t":0,"c":4,"e":-1,"r":0},{"x":8,"y":12,"hp":25,"w":1,"h":1,"t":1,"c":4,"e":-1,"r":0},{"x":9,"y":11,"hp":25,"w":1,"h":1,"t":1,"c":4,"e":-1,"r":0},{"x":4,"y":10,"hp":35,"w":1,"h":1,"t":0,"c":2,"e":-1,"r":0},{"x":3,"y":9,"hp":35,"w":1,"h":1,"t":0,"c":2,"e":-1,"r":0},{"x":6,"y":10,"hp":35,"w":1,"h":1,"t":0,"c":2,"e":-1,"r":0},{"x":6,"y":9,"hp":35,"w":1,"h":1,"t":0,"c":2,"e":-1,"r":0},{"x":7,"y":9,"hp":35,"w":1,"h":1,"t":0,"c":2,"e":-1,"r":0},{"x":6,"y":12,"hp":25,"w":1,"h":1,"t":1,"c":4,"e":-1,"r":1},{"x":4,"y":12,"hp":25,"w":1,"h":1,"t":1,"c":4,"e":-1,"r":0},{"x":4,"y":9,"hp":35,"w":1,"h":1,"t":0,"c":2,"e":-1,"r":0},{"x":6,"y":7,"hp":35,"w":1,"h":1,"t":0,"c":0,"e":-1,"r":0},{"x":7,"y":7,"hp":35,"w":1,"h":1,"t":0,"c":0,"e":-1,"r":0},{"x":4,"y":7,"hp":35,"w":1,"h":1,"t":0,"c":0,"e":-1,"r":0},{"x":3,"y":7,"hp":35,"w":1,"h":1,"t":0,"c":0,"e":-1,"r":0},{"x":7,"y":10,"hp":35,"w":1,"h":1,"t":1,"c":2,"e":-1,"r":0},{"x":3,"y":10,"hp":35,"w":1,"h":1,"t":1,"c":2,"e":-1,"r":1},{"x":2,"y":11,"hp":25,"w":1,"h":1,"t":1,"c":5,"e":-1,"r":3},{"x":8,"y":11,"hp":25,"w":1,"h":1,"t":1,"c":5,"e":-1,"r":2},{"x":8,"y":7,"hp":35,"w":1,"h":1,"t":0,"c":0,"e":-1,"r":0},{"x":9,"y":7,"hp":50,"w":1,"h":1,"t":0,"c":0,"e":-1,"r":0},{"x":2,"y":7,"hp":35,"w":1,"h":1,"t":0,"c":0,"e":-1,"r":0},{"x":1,"y":7,"hp":50,"w":1,"h":1,"t":0,"c":0,"e":-1,"r":0},{"x":2,"y":9,"hp":35,"w":1,"h":1,"t":0,"c":2,"e":-1,"r":0},{"x":8,"y":9,"hp":35,"w":1,"h":1,"t":0,"c":2,"e":-1,"r":0},{"x":5,"y":7,"hp":35,"w":1,"h":1,"t":0,"c":0,"e":-1,"r":0},{"x":5,"y":8,"hp":29,"w":1,"h":1,"t":0,"c":4,"e":-1,"r":0}],"bu":[{"x":10,"y":10,"buff":0},{"x":10,"y":9,"buff":0},{"x":0,"y":9,"buff":0},{"x":0,"y":10,"buff":0},{"x":10,"y":7,"buff":6},{"x":0,"y":7,"buff":6},{"x":5,"y":9,"buff":0},{"x":5,"y":10,"buff":0}]}