{"l":42,"h":14,"w":11,"br":[{"x":3,"y":5,"hp":30,"w":1,"h":1,"t":0,"c":2,"e":-1,"r":0},{"x":4,"y":5,"hp":30,"w":1,"h":1,"t":0,"c":2,"e":-1,"r":0},{"x":5,"y":5,"hp":30,"w":1,"h":1,"t":0,"c":2,"e":-1,"r":0},{"x":2,"y":6,"hp":51,"w":1,"h":1,"t":0,"c":4,"e":-1,"r":0},{"x":4,"y":6,"hp":51,"w":1,"h":1,"t":0,"c":4,"e":-1,"r":0},{"x":5,"y":6,"hp":51,"w":1,"h":1,"t":0,"c":4,"e":-1,"r":0},{"x":3,"y":10,"hp":69,"w":1,"h":1,"t":0,"c":4,"e":-1,"r":0},{"x":4,"y":11,"hp":64,"w":1,"h":1,"t":0,"c":4,"e":-1,"r":0},{"x":5,"y":11,"hp":64,"w":1,"h":1,"t":0,"c":4,"e":-1,"r":0},{"x":1,"y":12,"hp":29,"w":1,"h":1,"t":0,"c":4,"e":-1,"r":0},{"x":2,"y":12,"hp":29,"w":1,"h":1,"t":0,"c":4,"e":-1,"r":0},{"x":3,"y":12,"hp":29,"w":1,"h":1,"t":0,"c":4,"e":-1,"r":0},{"x":5,"y":12,"hp":29,"w":1,"h":1,"t":0,"c":4,"e":-1,"r":0},{"x":2,"y":13,"hp":50,"w":1,"h":1,"t":0,"c":4,"e":-1,"r":0},{"x":4,"y":13,"hp":50,"w":1,"h":1,"t":0,"c":4,"e":-1,"r":0},{"x":7,"y":5,"hp":30,"w":1,"h":1,"t":0,"c":2,"e":-1,"r":0},{"x":6,"y":5,"hp":30,"w":1,"h":1,"t":0,"c":2,"e":-1,"r":0},{"x":8,"y":6,"hp":51,"w":1,"h":1,"t":0,"c":4,"e":-1,"r":0},{"x":6,"y":6,"hp":51,"w":1,"h":1,"t":0,"c":4,"e":-1,"r":0},{"x":8,"y":10,"hp":69,"w":1,"h":1,"t":0,"c":4,"e":-1,"r":0},{"x":7,"y":10,"hp":69,"w":1,"h":1,"t":0,"c":4,"e":-1,"r":0},{"x":6,"y":11,"hp":64,"w":1,"h":1,"t":0,"c":4,"e":-1,"r":0},{"x":9,"y":12,"hp":29,"w":1,"h":1,"t":0,"c":4,"e":-1,"r":0},{"x":8,"y":12,"hp":29,"w":1,"h":1,"t":0,"c":4,"e":-1,"r":0},{"x":7,"y":12,"hp":29,"w":1,"h":1,"t":0,"c":4,"e":-1,"r":0},{"x":7,"y":13,"hp":50,"w":1,"h":1,"t":0,"c":4,"e":-1,"r":0},{"x":2,"y":10,"hp":127,"w":1,"h":2,"t":0,"c":4,"e":-1,"r":0},{"x":3,"y":11,"hp":64,"w":1,"h":1,"t":2,"c":4,"e":-1,"r":2},{"x":7,"y":11,"hp":64,"w":1,"h":1,"t":2,"c":4,"e":-1,"r":2},{"x":5,"y":10,"hp":69,"w":1,"h":1,"t":1,"c":4,"e":-1,"r":2},{"x":1,"y":13,"hp":50,"w":1,"h":1,"t":0,"c":4,"e":-1,"r":0},{"x":9,"y":13,"hp":50,"w":1,"h":1,"t":0,"c":4,"e":-1,"r":0},{"x":3,"y":6,"hp":51,"w":1,"h":1,"t":3,"c":2,"e":-1,"r":0},{"x":7,"y":6,"hp":51,"w":1,"h":1,"t":3,"c":2,"e":-1,"r":0},{"x":4,"y":9,"hp":29,"w":1,"h":1,"t":4,"c":2,"e":-1,"r":0},{"x":5,"y":9,"hp":29,"w":1,"h":1,"t":4,"c":2,"e":-1,"r":0},{"x":6,"y":9,"hp":29,"w":1,"h":1,"t":4,"c":2,"e":-1,"r":0},{"x":9,"y":11,"hp":29,"w":1,"h":1,"t":5,"c":2,"e":-1,"r":0},{"x":1,"y":11,"hp":29,"w":1,"h":1,"t":5,"c":2,"e":-1,"r":0},{"x":9,"y":9,"hp":47,"w":1,"h":1,"t":0,"c":4,"e":-1,"r":0},{"x":8,"y":9,"hp":47,"w":1,"h":1,"t":0,"c":4,"e":-1,"r":0},{"x":2,"y":9,"hp":47,"w":1,"h":1,"t":0,"c":4,"e":-1,"r":0},{"x":1,"y":9,"hp":47,"w":1,"h":1,"t":0,"c":4,"e":-1,"r":0},{"x":0,"y":9,"hp":47,"w":1,"h":1,"t":0,"c":4,"e":-1,"r":0},{"x":1,"y":8,"hp":50,"w":1,"h":1,"t":0,"c":4,"e":-1,"r":0},{"x":9,"y":6,"hp":51,"w":1,"h":1,"t":1,"c":2,"e":-1,"r":3},{"x":8,"y":5,"hp":30,"w":1,"h":1,"t":1,"c":2,"e":-1,"r":3},{"x":1,"y":6,"hp":51,"w":1,"h":1,"t":1,"c":2,"e":-1,"r":2},{"x":2,"y":5,"hp":30,"w":1,"h":1,"t":1,"c":2,"e":-1,"r":2},{"x":3,"y":13,"hp":50,"w":1,"h":1,"t":1,"c":4,"e":-1,"r":0},{"x":8,"y":13,"hp":50,"w":1,"h":1,"t":1,"c":4,"e":-1,"r":1},{"x":6,"y":12,"hp":29,"w":1,"h":1,"t":1,"c":4,"e":-1,"r":1},{"x":4,"y":12,"hp":29,"w":1,"h":1,"t":1,"c":4,"e":-1,"r":0}],"bu":[{"x":0,"y":12,"buff":1},{"x":1,"y":7,"buff":0},{"x":9,"y":7,"buff":0},{"x":8,"y":7,"buff":0},{"x":2,"y":7,"buff":0},{"x":10,"y":12,"buff":0},{"x":4,"y":7,"buff":0},{"x":5,"y":7,"buff":0},{"x":6,"y":7,"buff":0},{"x":5,"y":8,"buff":5},{"x":8,"y":8,"buff":10},{"x":9,"y":8,"buff":10},{"x":7,"y":8,"buff":10},{"x":3,"y":8,"buff":10},{"x":2,"y":8,"buff":10}]}