{"l":188,"h":19,"w":17,"br":[{"x":1,"y":5,"hp":1055,"w":1,"h":1,"t":0,"c":0,"e":-1,"r":0},{"x":2,"y":5,"hp":1055,"w":1,"h":1,"t":0,"c":0,"e":-1,"r":0},{"x":3,"y":5,"hp":1055,"w":1,"h":1,"t":0,"c":0,"e":-1,"r":0},{"x":4,"y":5,"hp":1055,"w":1,"h":1,"t":0,"c":0,"e":-1,"r":0},{"x":5,"y":5,"hp":1055,"w":1,"h":1,"t":0,"c":0,"e":-1,"r":0},{"x":6,"y":5,"hp":1055,"w":1,"h":1,"t":0,"c":0,"e":-1,"r":0},{"x":7,"y":5,"hp":1055,"w":1,"h":1,"t":0,"c":0,"e":-1,"r":0},{"x":8,"y":5,"hp":1055,"w":1,"h":1,"t":0,"c":0,"e":-1,"r":0},{"x":9,"y":5,"hp":1055,"w":1,"h":1,"t":0,"c":0,"e":-1,"r":0},{"x":3,"y":7,"hp":303,"w":1,"h":1,"t":0,"c":0,"e":-1,"r":0},{"x":1,"y":9,"hp":303,"w":1,"h":1,"t":0,"c":0,"e":-1,"r":0},{"x":4,"y":8,"hp":303,"w":1,"h":1,"t":0,"c":0,"e":-1,"r":0},{"x":5,"y":9,"hp":303,"w":1,"h":1,"t":0,"c":0,"e":-1,"r":0},{"x":2,"y":6,"hp":303,"w":1,"h":1,"t":0,"c":0,"e":-1,"r":0},{"x":2,"y":10,"hp":303,"w":1,"h":1,"t":0,"c":0,"e":-1,"r":0},{"x":6,"y":10,"hp":303,"w":1,"h":1,"t":0,"c":0,"e":-1,"r":0},{"x":1,"y":11,"hp":150,"w":1,"h":1,"t":0,"c":0,"e":-1,"r":0},{"x":3,"y":11,"hp":303,"w":1,"h":1,"t":0,"c":0,"e":-1,"r":0},{"x":7,"y":11,"hp":303,"w":1,"h":1,"t":0,"c":0,"e":-1,"r":0},{"x":2,"y":12,"hp":150,"w":1,"h":1,"t":0,"c":0,"e":-1,"r":0},{"x":4,"y":12,"hp":303,"w":1,"h":1,"t":0,"c":0,"e":-1,"r":0},{"x":8,"y":12,"hp":303,"w":1,"h":1,"t":0,"c":0,"e":-1,"r":0},{"x":10,"y":5,"hp":1055,"w":1,"h":1,"t":0,"c":0,"e":-1,"r":0},{"x":8,"y":6,"hp":999,"w":2,"h":2,"t":8,"c":0,"e":-1,"r":0},{"x":2,"y":11,"hp":150,"w":1,"h":1,"t":0,"c":8,"e":-1,"r":0},{"x":3,"y":12,"hp":150,"w":1,"h":1,"t":0,"c":8,"e":-1,"r":0},{"x":8,"y":11,"hp":150,"w":1,"h":1,"t":0,"c":8,"e":-1,"r":0},{"x":7,"y":10,"hp":150,"w":1,"h":1,"t":0,"c":8,"e":-1,"r":0},{"x":6,"y":9,"hp":150,"w":1,"h":1,"t":0,"c":8,"e":-1,"r":0},{"x":5,"y":8,"hp":150,"w":1,"h":1,"t":0,"c":8,"e":-1,"r":0},{"x":4,"y":7,"hp":150,"w":1,"h":1,"t":0,"c":8,"e":-1,"r":0},{"x":3,"y":6,"hp":150,"w":1,"h":1,"t":0,"c":8,"e":-1,"r":0},{"x":1,"y":10,"hp":150,"w":1,"h":1,"t":0,"c":8,"e":-1,"r":0},{"x":1,"y":12,"hp":150,"w":1,"h":1,"t":0,"c":8,"e":-1,"r":0},{"x":9,"y":12,"hp":150,"w":1,"h":1,"t":0,"c":8,"e":-1,"r":0},{"x":1,"y":6,"hp":150,"w":1,"h":1,"t":1,"c":8,"e":-1,"r":1},{"x":2,"y":7,"hp":150,"w":1,"h":1,"t":1,"c":8,"e":-1,"r":1},{"x":3,"y":8,"hp":150,"w":1,"h":1,"t":1,"c":8,"e":-1,"r":1},{"x":4,"y":9,"hp":150,"w":1,"h":1,"t":1,"c":8,"e":-1,"r":1},{"x":5,"y":10,"hp":150,"w":1,"h":1,"t":1,"c":8,"e":-1,"r":1},{"x":6,"y":11,"hp":150,"w":1,"h":1,"t":1,"c":8,"e":-1,"r":1},{"x":7,"y":12,"hp":150,"w":1,"h":1,"t":1,"c":8,"e":-1,"r":1},{"x":1,"y":8,"hp":150,"w":1,"h":1,"t":1,"c":8,"e":-1,"r":3},{"x":2,"y":9,"hp":150,"w":1,"h":1,"t":1,"c":8,"e":-1,"r":3},{"x":3,"y":10,"hp":150,"w":1,"h":1,"t":1,"c":8,"e":-1,"r":3},{"x":4,"y":11,"hp":150,"w":1,"h":1,"t":1,"c":8,"e":-1,"r":3},{"x":5,"y":12,"hp":150,"w":1,"h":1,"t":1,"c":8,"e":-1,"r":3},{"x":4,"y":6,"hp":150,"w":1,"h":1,"t":1,"c":0,"e":-1,"r":3},{"x":5,"y":7,"hp":150,"w":1,"h":1,"t":1,"c":0,"e":-1,"r":3},{"x":6,"y":8,"hp":150,"w":1,"h":1,"t":1,"c":0,"e":-1,"r":3},{"x":7,"y":9,"hp":150,"w":1,"h":1,"t":1,"c":0,"e":-1,"r":3},{"x":8,"y":10,"hp":150,"w":1,"h":1,"t":1,"c":0,"e":-1,"r":3},{"x":9,"y":11,"hp":150,"w":1,"h":1,"t":1,"c":0,"e":-1,"r":3},{"x":11,"y":5,"hp":1050,"w":1,"h":1,"t":0,"c":0,"e":-1,"r":0},{"x":12,"y":5,"hp":1050,"w":1,"h":1,"t":0,"c":0,"e":-1,"r":0},{"x":13,"y":5,"hp":1050,"w":1,"h":1,"t":0,"c":0,"e":-1,"r":0},{"x":14,"y":5,"hp":1050,"w":1,"h":1,"t":0,"c":0,"e":-1,"r":0},{"x":15,"y":5,"hp":1050,"w":1,"h":1,"t":0,"c":0,"e":-1,"r":0},{"x":12,"y":11,"hp":1050,"w":1,"h":1,"t":0,"c":0,"e":-1,"r":0},{"x":13,"y":11,"hp":1050,"w":1,"h":1,"t":0,"c":0,"e":-1,"r":0},{"x":14,"y":11,"hp":1050,"w":1,"h":1,"t":0,"c":0,"e":-1,"r":0},{"x":15,"y":11,"hp":1050,"w":1,"h":1,"t":0,"c":0,"e":-1,"r":0},{"x":15,"y":10,"hp":1050,"w":1,"h":1,"t":0,"c":0,"e":-1,"r":0},{"x":15,"y":9,"hp":1050,"w":1,"h":1,"t":0,"c":0,"e":-1,"r":0},{"x":15,"y":8,"hp":1050,"w":1,"h":1,"t":0,"c":0,"e":-1,"r":0},{"x":15,"y":7,"hp":1050,"w":1,"h":1,"t":0,"c":0,"e":-1,"r":0},{"x":15,"y":6,"hp":1050,"w":1,"h":1,"t":0,"c":0,"e":-1,"r":0},{"x":9,"y":13,"hp":303,"w":1,"h":1,"t":0,"c":0,"e":-1,"r":0},{"x":10,"y":14,"hp":303,"w":1,"h":1,"t":0,"c":0,"e":-1,"r":0},{"x":11,"y":15,"hp":303,"w":1,"h":1,"t":0,"c":0,"e":-1,"r":0},{"x":12,"y":16,"hp":303,"w":1,"h":1,"t":0,"c":0,"e":-1,"r":0},{"x":13,"y":17,"hp":303,"w":1,"h":1,"t":0,"c":0,"e":-1,"r":0},{"x":14,"y":18,"hp":303,"w":1,"h":1,"t":0,"c":0,"e":-1,"r":0},{"x":5,"y":13,"hp":303,"w":1,"h":1,"t":0,"c":0,"e":-1,"r":0},{"x":6,"y":14,"hp":303,"w":1,"h":1,"t":0,"c":0,"e":-1,"r":0},{"x":7,"y":15,"hp":303,"w":1,"h":1,"t":0,"c":0,"e":-1,"r":0},{"x":8,"y":16,"hp":303,"w":1,"h":1,"t":0,"c":0,"e":-1,"r":0},{"x":9,"y":17,"hp":303,"w":1,"h":1,"t":0,"c":0,"e":-1,"r":0},{"x":10,"y":18,"hp":303,"w":1,"h":1,"t":0,"c":0,"e":-1,"r":0},{"x":3,"y":13,"hp":150,"w":1,"h":1,"t":0,"c":0,"e":-1,"r":0},{"x":4,"y":14,"hp":150,"w":1,"h":1,"t":0,"c":0,"e":-1,"r":0},{"x":5,"y":15,"hp":150,"w":1,"h":1,"t":0,"c":0,"e":-1,"r":0},{"x":6,"y":16,"hp":150,"w":1,"h":1,"t":0,"c":0,"e":-1,"r":0},{"x":7,"y":17,"hp":150,"w":1,"h":1,"t":0,"c":0,"e":-1,"r":0},{"x":8,"y":18,"hp":150,"w":1,"h":1,"t":0,"c":0,"e":-1,"r":0},{"x":2,"y":13,"hp":150,"w":1,"h":1,"t":0,"c":8,"e":-1,"r":0},{"x":3,"y":14,"hp":150,"w":1,"h":1,"t":0,"c":8,"e":-1,"r":0},{"x":4,"y":15,"hp":150,"w":1,"h":1,"t":0,"c":8,"e":-1,"r":0},{"x":5,"y":16,"hp":150,"w":1,"h":1,"t":0,"c":8,"e":-1,"r":0},{"x":6,"y":17,"hp":150,"w":1,"h":1,"t":0,"c":8,"e":-1,"r":0},{"x":7,"y":18,"hp":150,"w":1,"h":1,"t":0,"c":8,"e":-1,"r":0},{"x":4,"y":13,"hp":150,"w":1,"h":1,"t":0,"c":8,"e":-1,"r":0},{"x":5,"y":14,"hp":150,"w":1,"h":1,"t":0,"c":8,"e":-1,"r":0},{"x":6,"y":15,"hp":150,"w":1,"h":1,"t":0,"c":8,"e":-1,"r":0},{"x":7,"y":16,"hp":150,"w":1,"h":1,"t":0,"c":8,"e":-1,"r":0},{"x":8,"y":17,"hp":150,"w":1,"h":1,"t":0,"c":8,"e":-1,"r":0},{"x":9,"y":18,"hp":150,"w":1,"h":1,"t":0,"c":8,"e":-1,"r":0},{"x":10,"y":13,"hp":150,"w":1,"h":1,"t":0,"c":8,"e":-1,"r":0},{"x":11,"y":14,"hp":150,"w":1,"h":1,"t":0,"c":8,"e":-1,"r":0},{"x":12,"y":15,"hp":150,"w":1,"h":1,"t":0,"c":8,"e":-1,"r":0},{"x":13,"y":16,"hp":150,"w":1,"h":1,"t":0,"c":8,"e":-1,"r":0},{"x":14,"y":17,"hp":150,"w":1,"h":1,"t":0,"c":8,"e":-1,"r":0},{"x":15,"y":18,"hp":150,"w":1,"h":1,"t":0,"c":8,"e":-1,"r":0},{"x":8,"y":13,"hp":150,"w":1,"h":1,"t":1,"c":8,"e":-1,"r":1},{"x":9,"y":14,"hp":150,"w":1,"h":1,"t":1,"c":8,"e":-1,"r":1},{"x":10,"y":15,"hp":150,"w":1,"h":1,"t":1,"c":8,"e":-1,"r":1},{"x":11,"y":16,"hp":150,"w":1,"h":1,"t":1,"c":8,"e":-1,"r":1},{"x":12,"y":17,"hp":150,"w":1,"h":1,"t":1,"c":8,"e":-1,"r":1},{"x":13,"y":18,"hp":150,"w":1,"h":1,"t":1,"c":8,"e":-1,"r":1},{"x":6,"y":13,"hp":150,"w":1,"h":1,"t":1,"c":8,"e":-1,"r":3},{"x":7,"y":14,"hp":150,"w":1,"h":1,"t":1,"c":8,"e":-1,"r":3},{"x":8,"y":15,"hp":150,"w":1,"h":1,"t":1,"c":8,"e":-1,"r":3},{"x":9,"y":16,"hp":150,"w":1,"h":1,"t":1,"c":8,"e":-1,"r":3},{"x":10,"y":17,"hp":150,"w":1,"h":1,"t":1,"c":8,"e":-1,"r":3},{"x":11,"y":18,"hp":150,"w":1,"h":1,"t":1,"c":8,"e":-1,"r":3},{"x":10,"y":12,"hp":150,"w":1,"h":1,"t":1,"c":0,"e":-1,"r":3},{"x":11,"y":13,"hp":150,"w":1,"h":1,"t":1,"c":0,"e":-1,"r":3},{"x":12,"y":14,"hp":150,"w":1,"h":1,"t":1,"c":0,"e":-1,"r":3},{"x":13,"y":15,"hp":150,"w":1,"h":1,"t":1,"c":0,"e":-1,"r":3},{"x":14,"y":16,"hp":150,"w":1,"h":1,"t":1,"c":0,"e":-1,"r":3},{"x":15,"y":17,"hp":150,"w":1,"h":1,"t":1,"c":0,"e":-1,"r":3}],"bu":[{"x":1,"y":7,"buff":3},{"x":2,"y":8,"buff":3},{"x":3,"y":9,"buff":3},{"x":4,"y":10,"buff":3},{"x":5,"y":11,"buff":3},{"x":6,"y":12,"buff":3},{"x":5,"y":6,"buff":13},{"x":6,"y":7,"buff":13},{"x":7,"y":8,"buff":13},{"x":8,"y":9,"buff":13},{"x":9,"y":10,"buff":13},{"x":7,"y":13,"buff":3},{"x":8,"y":14,"buff":3},{"x":9,"y":15,"buff":3},{"x":10,"y":16,"buff":3},{"x":11,"y":17,"buff":3},{"x":12,"y":18,"buff":3}]}