{"l":24,"h":13,"w":11,"br":[{"x":3,"y":6,"hp":35,"w":1,"h":1,"t":0,"c":0,"e":-1,"r":0},{"x":7,"y":6,"hp":35,"w":1,"h":1,"t":0,"c":0,"e":-1,"r":0},{"x":4,"y":6,"hp":35,"w":1,"h":1,"t":0,"c":0,"e":-1,"r":0},{"x":6,"y":6,"hp":35,"w":1,"h":1,"t":0,"c":0,"e":-1,"r":0},{"x":8,"y":6,"hp":35,"w":1,"h":1,"t":0,"c":0,"e":-1,"r":0},{"x":2,"y":6,"hp":35,"w":1,"h":1,"t":0,"c":0,"e":-1,"r":0},{"x":1,"y":6,"hp":35,"w":1,"h":1,"t":0,"c":0,"e":-1,"r":0},{"x":2,"y":12,"hp":41,"w":1,"h":1,"t":0,"c":4,"e":-1,"r":0},{"x":3,"y":12,"hp":41,"w":1,"h":1,"t":0,"c":4,"e":-1,"r":0},{"x":4,"y":12,"hp":41,"w":1,"h":1,"t":0,"c":4,"e":-1,"r":0},{"x":6,"y":12,"hp":41,"w":1,"h":1,"t":0,"c":4,"e":-1,"r":0},{"x":7,"y":12,"hp":41,"w":1,"h":1,"t":0,"c":4,"e":-1,"r":0},{"x":8,"y":12,"hp":41,"w":1,"h":1,"t":0,"c":4,"e":-1,"r":0},{"x":7,"y":11,"hp":33,"w":1,"h":1,"t":0,"c":4,"e":-1,"r":0},{"x":3,"y":11,"hp":33,"w":1,"h":1,"t":0,"c":4,"e":-1,"r":0},{"x":1,"y":10,"hp":50,"w":1,"h":1,"t":0,"c":4,"e":-1,"r":0},{"x":2,"y":10,"hp":50,"w":1,"h":1,"t":0,"c":4,"e":-1,"r":0},{"x":3,"y":10,"hp":33,"w":1,"h":1,"t":0,"c":4,"e":-1,"r":0},{"x":7,"y":10,"hp":33,"w":1,"h":1,"t":0,"c":4,"e":-1,"r":0},{"x":8,"y":10,"hp":50,"w":1,"h":1,"t":0,"c":4,"e":-1,"r":0},{"x":7,"y":9,"hp":33,"w":1,"h":1,"t":0,"c":4,"e":-1,"r":0},{"x":3,"y":9,"hp":33,"w":1,"h":1,"t":0,"c":4,"e":-1,"r":0},{"x":1,"y":9,"hp":41,"w":1,"h":1,"t":0,"c":4,"e":-1,"r":0},{"x":1,"y":8,"hp":43,"w":1,"h":1,"t":0,"c":4,"e":-1,"r":0},{"x":2,"y":8,"hp":43,"w":1,"h":1,"t":0,"c":4,"e":-1,"r":0},{"x":3,"y":8,"hp":33,"w":1,"h":1,"t":0,"c":4,"e":-1,"r":0},{"x":7,"y":8,"hp":33,"w":1,"h":1,"t":0,"c":4,"e":-1,"r":0},{"x":8,"y":8,"hp":43,"w":1,"h":1,"t":0,"c":4,"e":-1,"r":0},{"x":7,"y":7,"hp":33,"w":1,"h":1,"t":0,"c":4,"e":-1,"r":0},{"x":3,"y":7,"hp":33,"w":1,"h":1,"t":0,"c":4,"e":-1,"r":0},{"x":9,"y":6,"hp":35,"w":1,"h":1,"t":0,"c":0,"e":-1,"r":0},{"x":9,"y":8,"hp":43,"w":1,"h":1,"t":0,"c":4,"e":-1,"r":0},{"x":9,"y":9,"hp":41,"w":1,"h":1,"t":0,"c":4,"e":-1,"r":0},{"x":9,"y":10,"hp":50,"w":1,"h":1,"t":0,"c":4,"e":-1,"r":0},{"x":4,"y":7,"hp":38,"w":1,"h":1,"t":1,"c":0,"e":-1,"r":0},{"x":6,"y":7,"hp":38,"w":1,"h":1,"t":1,"c":0,"e":-1,"r":1},{"x":6,"y":8,"hp":43,"w":1,"h":1,"t":2,"c":0,"e":-1,"r":1},{"x":6,"y":9,"hp":41,"w":1,"h":1,"t":2,"c":0,"e":-1,"r":1},{"x":6,"y":10,"hp":50,"w":1,"h":1,"t":2,"c":0,"e":-1,"r":1},{"x":4,"y":10,"hp":50,"w":1,"h":1,"t":2,"c":0,"e":-1,"r":3},{"x":4,"y":9,"hp":41,"w":1,"h":1,"t":2,"c":0,"e":-1,"r":3},{"x":4,"y":8,"hp":43,"w":1,"h":1,"t":2,"c":0,"e":-1,"r":3},{"x":4,"y":11,"hp":42,"w":1,"h":1,"t":1,"c":0,"e":-1,"r":3},{"x":6,"y":11,"hp":42,"w":1,"h":1,"t":1,"c":0,"e":-1,"r":2},{"x":8,"y":9,"hp":41,"w":1,"h":1,"t":2,"c":0,"e":-1,"r":0},{"x":2,"y":9,"hp":41,"w":1,"h":1,"t":2,"c":0,"e":-1,"r":0},{"x":1,"y":7,"hp":30,"w":1,"h":1,"t":0,"c":0,"e":-1,"r":0},{"x":2,"y":7,"hp":30,"w":1,"h":1,"t":0,"c":0,"e":-1,"r":0},{"x":9,"y":7,"hp":30,"w":1,"h":1,"t":0,"c":0,"e":-1,"r":0},{"x":8,"y":7,"hp":30,"w":1,"h":1,"t":0,"c":0,"e":-1,"r":0},{"x":5,"y":6,"hp":35,"w":1,"h":1,"t":0,"c":0,"e":-1,"r":0}],"bu":[{"x":10,"y":7,"buff":10},{"x":10,"y":8,"buff":10},{"x":10,"y":9,"buff":10},{"x":0,"y":9,"buff":10},{"x":0,"y":8,"buff":10},{"x":0,"y":7,"buff":10},{"x":5,"y":11,"buff":11},{"x":5,"y":10,"buff":11},{"x":5,"y":9,"buff":11},{"x":5,"y":8,"buff":11},{"x":5,"y":7,"buff":11}]}