{"l":104,"h":20,"w":11,"br":[{"x":3,"y":5,"hp":47,"w":1,"h":1,"t":0,"c":2,"e":-1,"r":0},{"x":4,"y":5,"hp":47,"w":1,"h":1,"t":0,"c":2,"e":-1,"r":0},{"x":0,"y":6,"hp":45,"w":1,"h":1,"t":0,"c":1,"e":-1,"r":0},{"x":1,"y":6,"hp":45,"w":1,"h":1,"t":0,"c":1,"e":-1,"r":0},{"x":3,"y":6,"hp":45,"w":1,"h":1,"t":0,"c":1,"e":-1,"r":0},{"x":4,"y":6,"hp":45,"w":1,"h":1,"t":0,"c":1,"e":-1,"r":0},{"x":0,"y":7,"hp":50,"w":1,"h":1,"t":0,"c":0,"e":-1,"r":0},{"x":1,"y":7,"hp":50,"w":1,"h":1,"t":0,"c":0,"e":-1,"r":0},{"x":1,"y":8,"hp":55,"w":1,"h":1,"t":0,"c":0,"e":-1,"r":0},{"x":3,"y":8,"hp":55,"w":1,"h":1,"t":0,"c":0,"e":-1,"r":0},{"x":5,"y":8,"hp":55,"w":1,"h":1,"t":0,"c":0,"e":-1,"r":0},{"x":1,"y":9,"hp":103,"w":1,"h":1,"t":4,"c":0,"e":-1,"r":0},{"x":5,"y":9,"hp":35,"w":1,"h":1,"t":0,"c":0,"e":-1,"r":0},{"x":3,"y":10,"hp":79,"w":1,"h":1,"t":0,"c":0,"e":-1,"r":0},{"x":5,"y":10,"hp":79,"w":1,"h":1,"t":0,"c":0,"e":-1,"r":0},{"x":1,"y":11,"hp":58,"w":1,"h":1,"t":0,"c":0,"e":-1,"r":0},{"x":2,"y":11,"hp":58,"w":1,"h":1,"t":0,"c":0,"e":-1,"r":0},{"x":3,"y":11,"hp":58,"w":1,"h":1,"t":0,"c":0,"e":-1,"r":0},{"x":5,"y":11,"hp":58,"w":1,"h":1,"t":0,"c":0,"e":-1,"r":0},{"x":1,"y":12,"hp":99,"w":1,"h":1,"t":0,"c":0,"e":-1,"r":0},{"x":2,"y":12,"hp":99,"w":1,"h":1,"t":0,"c":0,"e":-1,"r":0},{"x":3,"y":12,"hp":99,"w":1,"h":1,"t":0,"c":0,"e":-1,"r":0},{"x":4,"y":12,"hp":99,"w":1,"h":1,"t":0,"c":0,"e":-1,"r":0},{"x":5,"y":12,"hp":99,"w":1,"h":1,"t":0,"c":0,"e":7,"r":0},{"x":4,"y":13,"hp":50,"w":1,"h":1,"t":0,"c":0,"e":-1,"r":0},{"x":5,"y":13,"hp":50,"w":1,"h":1,"t":0,"c":0,"e":-1,"r":0},{"x":1,"y":14,"hp":49,"w":1,"h":1,"t":0,"c":0,"e":-1,"r":0},{"x":5,"y":14,"hp":49,"w":1,"h":1,"t":0,"c":0,"e":-1,"r":0},{"x":1,"y":15,"hp":78,"w":1,"h":1,"t":2,"c":0,"e":-1,"r":2},{"x":4,"y":15,"hp":78,"w":1,"h":1,"t":0,"c":0,"e":-1,"r":0},{"x":5,"y":15,"hp":78,"w":1,"h":1,"t":4,"c":0,"e":-1,"r":0},{"x":1,"y":16,"hp":90,"w":1,"h":1,"t":0,"c":0,"e":-1,"r":0},{"x":4,"y":16,"hp":90,"w":1,"h":1,"t":0,"c":0,"e":-1,"r":0},{"x":5,"y":16,"hp":90,"w":1,"h":1,"t":0,"c":0,"e":-1,"r":0},{"x":5,"y":17,"hp":49,"w":1,"h":1,"t":0,"c":0,"e":-1,"r":0},{"x":4,"y":18,"hp":107,"w":1,"h":1,"t":0,"c":0,"e":-1,"r":0},{"x":5,"y":18,"hp":107,"w":1,"h":1,"t":0,"c":0,"e":-1,"r":0},{"x":1,"y":19,"hp":80,"w":1,"h":1,"t":0,"c":0,"e":-1,"r":0},{"x":2,"y":19,"hp":80,"w":1,"h":1,"t":5,"c":0,"e":-1,"r":0},{"x":5,"y":19,"hp":80,"w":1,"h":1,"t":0,"c":0,"e":-1,"r":0},{"x":7,"y":5,"hp":47,"w":1,"h":1,"t":0,"c":2,"e":-1,"r":0},{"x":6,"y":5,"hp":47,"w":1,"h":1,"t":0,"c":2,"e":-1,"r":0},{"x":10,"y":6,"hp":45,"w":1,"h":1,"t":0,"c":1,"e":-1,"r":0},{"x":9,"y":6,"hp":45,"w":1,"h":1,"t":0,"c":1,"e":-1,"r":0},{"x":7,"y":6,"hp":45,"w":1,"h":1,"t":0,"c":1,"e":-1,"r":0},{"x":6,"y":6,"hp":45,"w":1,"h":1,"t":0,"c":1,"e":-1,"r":0},{"x":10,"y":7,"hp":50,"w":1,"h":1,"t":0,"c":0,"e":-1,"r":0},{"x":9,"y":7,"hp":50,"w":1,"h":1,"t":0,"c":0,"e":-1,"r":0},{"x":9,"y":8,"hp":55,"w":1,"h":1,"t":0,"c":0,"e":-1,"r":0},{"x":7,"y":8,"hp":55,"w":1,"h":1,"t":0,"c":0,"e":-1,"r":0},{"x":9,"y":9,"hp":103,"w":1,"h":1,"t":4,"c":0,"e":-1,"r":0},{"x":7,"y":10,"hp":79,"w":1,"h":1,"t":0,"c":0,"e":-1,"r":0},{"x":9,"y":11,"hp":58,"w":1,"h":1,"t":0,"c":0,"e":-1,"r":0},{"x":8,"y":11,"hp":58,"w":1,"h":1,"t":0,"c":0,"e":-1,"r":0},{"x":7,"y":11,"hp":58,"w":1,"h":1,"t":0,"c":0,"e":-1,"r":0},{"x":9,"y":12,"hp":99,"w":1,"h":1,"t":0,"c":0,"e":-1,"r":0},{"x":7,"y":12,"hp":99,"w":1,"h":1,"t":0,"c":0,"e":-1,"r":0},{"x":6,"y":12,"hp":99,"w":1,"h":1,"t":0,"c":0,"e":-1,"r":0},{"x":8,"y":13,"hp":50,"w":1,"h":1,"t":0,"c":0,"e":-1,"r":0},{"x":7,"y":13,"hp":50,"w":1,"h":1,"t":0,"c":0,"e":-1,"r":0},{"x":6,"y":13,"hp":50,"w":1,"h":1,"t":0,"c":0,"e":-1,"r":0},{"x":10,"y":14,"hp":95,"w":1,"h":1,"t":0,"c":0,"e":-1,"r":0},{"x":6,"y":15,"hp":78,"w":1,"h":1,"t":0,"c":0,"e":-1,"r":0},{"x":6,"y":16,"hp":90,"w":1,"h":1,"t":0,"c":0,"e":-1,"r":0},{"x":9,"y":17,"hp":49,"w":1,"h":1,"t":0,"c":0,"e":-1,"r":0},{"x":9,"y":18,"hp":107,"w":1,"h":1,"t":0,"c":0,"e":-1,"r":0},{"x":8,"y":18,"hp":107,"w":1,"h":1,"t":0,"c":0,"e":-1,"r":0},{"x":6,"y":18,"hp":107,"w":1,"h":1,"t":0,"c":0,"e":-1,"r":0},{"x":9,"y":19,"hp":80,"w":1,"h":1,"t":0,"c":0,"e":-1,"r":0},{"x":8,"y":19,"hp":80,"w":1,"h":1,"t":5,"c":0,"e":-1,"r":0},{"x":6,"y":19,"hp":80,"w":1,"h":1,"t":0,"c":0,"e":-1,"r":0},{"x":1,"y":13,"hp":190,"w":3,"h":1,"t":0,"c":0,"e":-1,"r":0},{"x":4,"y":17,"hp":49,"w":1,"h":1,"t":0,"c":0,"e":-1,"r":0},{"x":3,"y":17,"hp":49,"w":1,"h":1,"t":0,"c":0,"e":-1,"r":0},{"x":6,"y":17,"hp":49,"w":1,"h":1,"t":0,"c":0,"e":-1,"r":0},{"x":7,"y":17,"hp":49,"w":1,"h":1,"t":0,"c":0,"e":-1,"r":0},{"x":8,"y":17,"hp":49,"w":1,"h":1,"t":0,"c":0,"e":-1,"r":0},{"x":4,"y":14,"hp":49,"w":1,"h":1,"t":0,"c":0,"e":-1,"r":0},{"x":3,"y":14,"hp":49,"w":1,"h":1,"t":0,"c":0,"e":-1,"r":0},{"x":2,"y":14,"hp":49,"w":1,"h":1,"t":0,"c":0,"e":-1,"r":0},{"x":7,"y":15,"hp":50,"w":1,"h":1,"t":0,"c":0,"e":-1,"r":0},{"x":3,"y":15,"hp":50,"w":1,"h":1,"t":0,"c":0,"e":-1,"r":0},{"x":7,"y":9,"hp":50,"w":1,"h":1,"t":0,"c":0,"e":-1,"r":0},{"x":3,"y":9,"hp":50,"w":1,"h":1,"t":0,"c":0,"e":-1,"r":0},{"x":7,"y":7,"hp":50,"w":1,"h":1,"t":0,"c":0,"e":-1,"r":0},{"x":3,"y":7,"hp":50,"w":1,"h":1,"t":0,"c":0,"e":-1,"r":0},{"x":10,"y":19,"hp":50,"w":1,"h":1,"t":0,"c":0,"e":-1,"r":0},{"x":7,"y":19,"hp":50,"w":1,"h":1,"t":0,"c":0,"e":-1,"r":0},{"x":4,"y":19,"hp":50,"w":1,"h":1,"t":0,"c":0,"e":-1,"r":0},{"x":8,"y":15,"hp":50,"w":1,"h":1,"t":0,"c":0,"e":-1,"r":0},{"x":6,"y":14,"hp":49,"w":1,"h":1,"t":0,"c":0,"e":-1,"r":0},{"x":8,"y":14,"hp":49,"w":1,"h":1,"t":0,"c":0,"e":-1,"r":0},{"x":7,"y":16,"hp":50,"w":1,"h":1,"t":0,"c":0,"e":-1,"r":0},{"x":8,"y":16,"hp":50,"w":1,"h":1,"t":0,"c":0,"e":-1,"r":0},{"x":9,"y":16,"hp":50,"w":1,"h":1,"t":0,"c":0,"e":-1,"r":0},{"x":8,"y":8,"hp":15,"w":1,"h":1,"t":0,"c":0,"e":-1,"r":0},{"x":6,"y":10,"hp":50,"w":1,"h":1,"t":0,"c":0,"e":-1,"r":0},{"x":0,"y":11,"hp":50,"w":1,"h":1,"t":0,"c":0,"e":-1,"r":0},{"x":4,"y":9,"hp":50,"w":1,"h":1,"t":0,"c":0,"e":-1,"r":0},{"x":6,"y":9,"hp":50,"w":1,"h":1,"t":0,"c":0,"e":-1,"r":0}],"bu":[{"x":7,"y":14,"buff":0},{"x":3,"y":16,"buff":0},{"x":3,"y":19,"buff":0},{"x":7,"y":18,"buff":3},{"x":2,"y":16,"buff":2},{"x":10,"y":15,"buff":1},{"x":1,"y":18,"buff":1},{"x":4,"y":8,"buff":0},{"x":4,"y":7,"buff":0},{"x":5,"y":7,"buff":0},{"x":6,"y":7,"buff":0},{"x":6,"y":8,"buff":0},{"x":5,"y":6,"buff":0},{"x":1,"y":10,"buff":0},{"x":9,"y":10,"buff":0},{"x":2,"y":9,"buff":3}]}