{"l":2,"h":12,"w":11,"br":[{"x":2,"y":8,"hp":15,"w":1,"h":1,"t":0,"c":4,"e":-1,"r":0},{"x":8,"y":8,"hp":15,"w":1,"h":1,"t":0,"c":4,"e":-1,"r":0},{"x":4,"y":8,"hp":15,"w":1,"h":1,"t":0,"c":4,"e":-1,"r":0},{"x":3,"y":8,"hp":15,"w":1,"h":1,"t":0,"c":4,"e":-1,"r":0},{"x":6,"y":8,"hp":15,"w":1,"h":1,"t":0,"c":4,"e":-1,"r":0},{"x":7,"y":8,"hp":15,"w":1,"h":1,"t":0,"c":4,"e":-1,"r":0},{"x":9,"y":9,"hp":8,"w":1,"h":1,"t":0,"c":3,"e":-1,"r":0},{"x":9,"y":10,"hp":10,"w":1,"h":1,"t":0,"c":3,"e":-1,"r":0},{"x":1,"y":9,"hp":8,"w":1,"h":1,"t":0,"c":3,"e":-1,"r":0},{"x":1,"y":10,"hp":10,"w":1,"h":1,"t":0,"c":3,"e":-1,"r":0},{"x":2,"y":11,"hp":5,"w":1,"h":1,"t":0,"c":2,"e":-1,"r":0},{"x":3,"y":11,"hp":5,"w":1,"h":1,"t":0,"c":2,"e":-1,"r":0},{"x":7,"y":11,"hp":5,"w":1,"h":1,"t":0,"c":2,"e":-1,"r":0},{"x":8,"y":11,"hp":5,"w":1,"h":1,"t":0,"c":2,"e":-1,"r":0},{"x":9,"y":8,"hp":30,"w":1,"h":1,"t":0,"c":0,"e":5,"r":0},{"x":1,"y":8,"hp":30,"w":1,"h":1,"t":0,"c":0,"e":5,"r":0},{"x":1,"y":6,"hp":35,"w":1,"h":1,"t":0,"c":5,"e":-1,"r":0},{"x":2,"y":6,"hp":35,"w":1,"h":1,"t":0,"c":5,"e":-1,"r":0},{"x":3,"y":6,"hp":35,"w":1,"h":1,"t":0,"c":5,"e":-1,"r":0},{"x":4,"y":6,"hp":35,"w":1,"h":1,"t":0,"c":5,"e":-1,"r":0},{"x":6,"y":6,"hp":35,"w":1,"h":1,"t":0,"c":5,"e":-1,"r":0},{"x":7,"y":6,"hp":35,"w":1,"h":1,"t":0,"c":5,"e":-1,"r":0},{"x":8,"y":6,"hp":35,"w":1,"h":1,"t":0,"c":5,"e":-1,"r":0},{"x":9,"y":6,"hp":35,"w":1,"h":1,"t":0,"c":5,"e":-1,"r":0},{"x":3,"y":10,"hp":5,"w":1,"h":1,"t":0,"c":2,"e":-1,"r":0},{"x":7,"y":10,"hp":5,"w":1,"h":1,"t":0,"c":2,"e":-1,"r":0},{"x":6,"y":10,"hp":5,"w":1,"h":1,"t":0,"c":2,"e":-1,"r":0},{"x":4,"y":10,"hp":5,"w":1,"h":1,"t":0,"c":2,"e":-1,"r":0},{"x":9,"y":11,"hp":10,"w":1,"h":1,"t":0,"c":3,"e":-1,"r":0},{"x":1,"y":11,"hp":10,"w":1,"h":1,"t":0,"c":3,"e":-1,"r":0},{"x":5,"y":6,"hp":35,"w":1,"h":1,"t":0,"c":5,"e":-1,"r":0}],"bu":[{"x":3,"y":9,"buff":0},{"x":7,"y":9,"buff":0},{"x":10,"y":6,"buff":3}]}