{"l":26,"h":12,"w":11,"br":[{"x":2,"y":5,"hp":45,"w":1,"h":1,"t":0,"c":5,"e":-1,"r":0},{"x":8,"y":5,"hp":45,"w":1,"h":1,"t":0,"c":5,"e":-1,"r":0},{"x":3,"y":7,"hp":35,"w":1,"h":1,"t":0,"c":5,"e":-1,"r":0},{"x":7,"y":7,"hp":35,"w":1,"h":1,"t":0,"c":5,"e":-1,"r":0},{"x":2,"y":9,"hp":25,"w":1,"h":1,"t":0,"c":5,"e":-1,"r":0},{"x":5,"y":9,"hp":35,"w":1,"h":1,"t":0,"c":5,"e":-1,"r":0},{"x":8,"y":9,"hp":25,"w":1,"h":1,"t":0,"c":5,"e":-1,"r":0},{"x":2,"y":10,"hp":25,"w":1,"h":1,"t":0,"c":5,"e":-1,"r":0},{"x":3,"y":10,"hp":25,"w":1,"h":1,"t":0,"c":5,"e":-1,"r":0},{"x":4,"y":10,"hp":25,"w":1,"h":1,"t":0,"c":5,"e":-1,"r":0},{"x":5,"y":10,"hp":25,"w":1,"h":1,"t":0,"c":5,"e":-1,"r":0},{"x":6,"y":10,"hp":25,"w":1,"h":1,"t":0,"c":5,"e":-1,"r":0},{"x":7,"y":10,"hp":25,"w":1,"h":1,"t":0,"c":5,"e":-1,"r":0},{"x":8,"y":10,"hp":25,"w":1,"h":1,"t":0,"c":5,"e":-1,"r":0},{"x":2,"y":8,"hp":25,"w":1,"h":1,"t":0,"c":5,"e":-1,"r":0},{"x":2,"y":7,"hp":25,"w":1,"h":1,"t":0,"c":5,"e":-1,"r":0},{"x":8,"y":8,"hp":25,"w":1,"h":1,"t":0,"c":5,"e":-1,"r":0},{"x":8,"y":7,"hp":25,"w":1,"h":1,"t":0,"c":5,"e":-1,"r":0},{"x":8,"y":6,"hp":30,"w":1,"h":1,"t":0,"c":5,"e":10,"r":0},{"x":3,"y":6,"hp":88,"w":1,"h":1,"t":0,"c":8,"e":-1,"r":0},{"x":7,"y":6,"hp":88,"w":1,"h":1,"t":0,"c":8,"e":-1,"r":0},{"x":7,"y":5,"hp":88,"w":1,"h":1,"t":0,"c":8,"e":-1,"r":0},{"x":6,"y":5,"hp":88,"w":1,"h":1,"t":0,"c":8,"e":-1,"r":0},{"x":5,"y":5,"hp":88,"w":1,"h":1,"t":0,"c":8,"e":-1,"r":0},{"x":4,"y":5,"hp":88,"w":1,"h":1,"t":0,"c":8,"e":-1,"r":0},{"x":3,"y":5,"hp":88,"w":1,"h":1,"t":0,"c":8,"e":-1,"r":0},{"x":4,"y":7,"hp":35,"w":1,"h":1,"t":0,"c":8,"e":-1,"r":0},{"x":5,"y":7,"hp":35,"w":1,"h":1,"t":0,"c":8,"e":-1,"r":0},{"x":6,"y":7,"hp":35,"w":1,"h":1,"t":0,"c":8,"e":-1,"r":0},{"x":5,"y":8,"hp":35,"w":1,"h":1,"t":0,"c":8,"e":-1,"r":0},{"x":3,"y":9,"hp":35,"w":1,"h":1,"t":0,"c":2,"e":-1,"r":0},{"x":6,"y":9,"hp":35,"w":1,"h":1,"t":0,"c":2,"e":-1,"r":0},{"x":3,"y":8,"hp":35,"w":1,"h":1,"t":0,"c":3,"e":-1,"r":0},{"x":4,"y":9,"hp":35,"w":1,"h":1,"t":0,"c":3,"e":-1,"r":0},{"x":4,"y":8,"hp":35,"w":1,"h":1,"t":0,"c":3,"e":-1,"r":0},{"x":6,"y":8,"hp":35,"w":1,"h":1,"t":0,"c":3,"e":-1,"r":0},{"x":7,"y":8,"hp":35,"w":1,"h":1,"t":0,"c":3,"e":-1,"r":0},{"x":7,"y":9,"hp":35,"w":1,"h":1,"t":0,"c":3,"e":-1,"r":0},{"x":4,"y":6,"hp":60,"w":1,"h":1,"t":0,"c":3,"e":-1,"r":0},{"x":5,"y":6,"hp":60,"w":1,"h":1,"t":0,"c":3,"e":-1,"r":0},{"x":6,"y":6,"hp":60,"w":1,"h":1,"t":0,"c":3,"e":-1,"r":0},{"x":9,"y":9,"hp":25,"w":1,"h":1,"t":1,"c":5,"e":-1,"r":0},{"x":1,"y":9,"hp":25,"w":1,"h":1,"t":1,"c":5,"e":-1,"r":1},{"x":2,"y":11,"hp":25,"w":1,"h":1,"t":1,"c":5,"e":-1,"r":0},{"x":8,"y":11,"hp":25,"w":1,"h":1,"t":1,"c":5,"e":-1,"r":1},{"x":1,"y":5,"hp":45,"w":1,"h":1,"t":1,"c":5,"e":-1,"r":1},{"x":9,"y":5,"hp":45,"w":1,"h":1,"t":1,"c":5,"e":-1,"r":0},{"x":2,"y":6,"hp":25,"w":1,"h":1,"t":0,"c":5,"e":10,"r":0}],"bu":[{"x":9,"y":10,"buff":0},{"x":1,"y":10,"buff":0},{"x":10,"y":5,"buff":6},{"x":0,"y":5,"buff":6}]}