{"l":6,"h":13,"w":11,"br":[{"x":8,"y":11,"hp":13,"w":1,"h":1,"t":0,"c":4,"e":-1,"r":0},{"x":7,"y":11,"hp":13,"w":1,"h":1,"t":0,"c":4,"e":-1,"r":0},{"x":8,"y":10,"hp":13,"w":1,"h":1,"t":0,"c":4,"e":-1,"r":0},{"x":7,"y":9,"hp":13,"w":1,"h":1,"t":0,"c":4,"e":-1,"r":0},{"x":3,"y":9,"hp":13,"w":1,"h":1,"t":0,"c":4,"e":-1,"r":0},{"x":2,"y":10,"hp":13,"w":1,"h":1,"t":0,"c":4,"e":-1,"r":0},{"x":3,"y":11,"hp":13,"w":1,"h":1,"t":0,"c":4,"e":-1,"r":0},{"x":4,"y":8,"hp":13,"w":1,"h":1,"t":0,"c":4,"e":-1,"r":0},{"x":5,"y":7,"hp":13,"w":1,"h":1,"t":0,"c":4,"e":-1,"r":0},{"x":6,"y":8,"hp":13,"w":1,"h":1,"t":0,"c":4,"e":-1,"r":0},{"x":2,"y":11,"hp":13,"w":1,"h":1,"t":0,"c":4,"e":-1,"r":0},{"x":4,"y":10,"hp":5,"w":1,"h":1,"t":0,"c":8,"e":7,"r":0},{"x":5,"y":10,"hp":5,"w":1,"h":1,"t":0,"c":8,"e":7,"r":0},{"x":6,"y":10,"hp":5,"w":1,"h":1,"t":0,"c":8,"e":7,"r":0},{"x":6,"y":11,"hp":5,"w":1,"h":1,"t":0,"c":8,"e":7,"r":0},{"x":7,"y":10,"hp":5,"w":1,"h":1,"t":0,"c":8,"e":7,"r":0},{"x":4,"y":11,"hp":5,"w":1,"h":1,"t":0,"c":8,"e":7,"r":0},{"x":3,"y":10,"hp":5,"w":1,"h":1,"t":0,"c":8,"e":7,"r":0},{"x":5,"y":9,"hp":5,"w":1,"h":1,"t":0,"c":8,"e":7,"r":0},{"x":5,"y":8,"hp":5,"w":1,"h":1,"t":0,"c":8,"e":7,"r":0},{"x":3,"y":12,"hp":13,"w":1,"h":1,"t":0,"c":4,"e":-1,"r":0},{"x":4,"y":12,"hp":13,"w":1,"h":1,"t":0,"c":4,"e":-1,"r":0},{"x":6,"y":12,"hp":13,"w":1,"h":1,"t":0,"c":4,"e":-1,"r":0},{"x":7,"y":12,"hp":13,"w":1,"h":1,"t":0,"c":4,"e":-1,"r":0},{"x":5,"y":11,"hp":30,"w":1,"h":1,"t":0,"c":4,"e":5,"r":0},{"x":8,"y":12,"hp":10,"w":1,"h":1,"t":0,"c":1,"e":-1,"r":0},{"x":9,"y":10,"hp":10,"w":1,"h":1,"t":0,"c":1,"e":9,"r":0},{"x":8,"y":9,"hp":22,"w":1,"h":1,"t":0,"c":1,"e":-1,"r":0},{"x":7,"y":8,"hp":22,"w":1,"h":1,"t":0,"c":1,"e":-1,"r":0},{"x":6,"y":7,"hp":22,"w":1,"h":1,"t":0,"c":1,"e":-1,"r":0},{"x":5,"y":6,"hp":22,"w":1,"h":1,"t":0,"c":1,"e":-1,"r":0},{"x":4,"y":7,"hp":22,"w":1,"h":1,"t":0,"c":1,"e":-1,"r":0},{"x":3,"y":8,"hp":22,"w":1,"h":1,"t":0,"c":1,"e":-1,"r":0},{"x":2,"y":9,"hp":22,"w":1,"h":1,"t":0,"c":1,"e":-1,"r":0},{"x":1,"y":10,"hp":10,"w":1,"h":1,"t":0,"c":1,"e":9,"r":0},{"x":2,"y":12,"hp":10,"w":1,"h":1,"t":0,"c":1,"e":-1,"r":0},{"x":9,"y":11,"hp":10,"w":1,"h":1,"t":0,"c":1,"e":-1,"r":0},{"x":1,"y":11,"hp":10,"w":1,"h":1,"t":0,"c":1,"e":-1,"r":0}],"bu":[{"x":4,"y":9,"buff":8},{"x":6,"y":9,"buff":8},{"x":0,"y":9,"buff":0},{"x":1,"y":8,"buff":0},{"x":10,"y":9,"buff":0},{"x":9,"y":8,"buff":0}]}