{"l":20,"h":19,"w":17,"br":[{"x":0,"y":6,"hp":930,"w":1,"h":1,"t":0,"c":3,"e":-1,"r":0},{"x":1,"y":6,"hp":930,"w":1,"h":1,"t":0,"c":3,"e":-1,"r":0},{"x":2,"y":6,"hp":930,"w":1,"h":1,"t":0,"c":3,"e":-1,"r":0},{"x":3,"y":6,"hp":930,"w":1,"h":1,"t":0,"c":3,"e":-1,"r":0},{"x":4,"y":6,"hp":930,"w":1,"h":1,"t":0,"c":3,"e":-1,"r":0},{"x":5,"y":6,"hp":930,"w":1,"h":1,"t":0,"c":3,"e":-1,"r":0},{"x":6,"y":6,"hp":930,"w":1,"h":1,"t":0,"c":3,"e":-1,"r":0},{"x":7,"y":6,"hp":930,"w":1,"h":1,"t":0,"c":3,"e":-1,"r":0},{"x":8,"y":6,"hp":930,"w":1,"h":1,"t":0,"c":3,"e":-1,"r":0},{"x":9,"y":6,"hp":930,"w":1,"h":1,"t":0,"c":3,"e":-1,"r":0},{"x":10,"y":6,"hp":930,"w":1,"h":1,"t":0,"c":3,"e":-1,"r":0},{"x":11,"y":6,"hp":930,"w":1,"h":1,"t":0,"c":3,"e":-1,"r":0},{"x":12,"y":6,"hp":930,"w":1,"h":1,"t":0,"c":3,"e":-1,"r":0},{"x":13,"y":6,"hp":930,"w":1,"h":1,"t":0,"c":3,"e":-1,"r":0},{"x":14,"y":6,"hp":930,"w":1,"h":1,"t":0,"c":3,"e":-1,"r":0},{"x":0,"y":8,"hp":930,"w":1,"h":1,"t":0,"c":3,"e":-1,"r":0},{"x":0,"y":10,"hp":930,"w":1,"h":1,"t":0,"c":3,"e":-1,"r":0},{"x":0,"y":12,"hp":55,"w":1,"h":1,"t":0,"c":3,"e":-1,"r":0},{"x":1,"y":12,"hp":55,"w":1,"h":1,"t":0,"c":3,"e":-1,"r":0},{"x":2,"y":12,"hp":55,"w":1,"h":1,"t":0,"c":3,"e":-1,"r":0},{"x":3,"y":12,"hp":55,"w":1,"h":1,"t":0,"c":3,"e":-1,"r":0},{"x":4,"y":12,"hp":55,"w":1,"h":1,"t":0,"c":3,"e":-1,"r":0},{"x":5,"y":12,"hp":55,"w":1,"h":1,"t":0,"c":3,"e":-1,"r":0},{"x":6,"y":12,"hp":55,"w":1,"h":1,"t":0,"c":3,"e":-1,"r":0},{"x":7,"y":12,"hp":55,"w":1,"h":1,"t":0,"c":3,"e":-1,"r":0},{"x":8,"y":12,"hp":55,"w":1,"h":1,"t":0,"c":3,"e":-1,"r":0},{"x":12,"y":12,"hp":55,"w":1,"h":1,"t":0,"c":3,"e":-1,"r":0},{"x":13,"y":12,"hp":55,"w":1,"h":1,"t":0,"c":3,"e":-1,"r":0},{"x":14,"y":12,"hp":55,"w":1,"h":1,"t":0,"c":3,"e":-1,"r":0},{"x":15,"y":12,"hp":55,"w":1,"h":1,"t":0,"c":3,"e":-1,"r":0},{"x":16,"y":12,"hp":55,"w":1,"h":1,"t":0,"c":3,"e":-1,"r":0},{"x":0,"y":7,"hp":930,"w":1,"h":1,"t":0,"c":3,"e":-1,"r":0},{"x":0,"y":9,"hp":930,"w":1,"h":1,"t":0,"c":3,"e":-1,"r":0},{"x":0,"y":11,"hp":930,"w":1,"h":1,"t":0,"c":3,"e":-1,"r":0},{"x":15,"y":6,"hp":930,"w":1,"h":1,"t":1,"c":3,"e":-1,"r":0},{"x":14,"y":7,"hp":930,"w":1,"h":1,"t":1,"c":3,"e":-1,"r":0},{"x":13,"y":8,"hp":930,"w":1,"h":1,"t":1,"c":3,"e":-1,"r":0},{"x":12,"y":9,"hp":930,"w":1,"h":1,"t":1,"c":3,"e":-1,"r":0},{"x":11,"y":10,"hp":930,"w":1,"h":1,"t":1,"c":3,"e":-1,"r":0},{"x":10,"y":11,"hp":930,"w":1,"h":1,"t":1,"c":3,"e":-1,"r":0},{"x":9,"y":12,"hp":55,"w":1,"h":1,"t":1,"c":3,"e":-1,"r":0},{"x":16,"y":7,"hp":930,"w":1,"h":1,"t":1,"c":3,"e":-1,"r":2},{"x":15,"y":8,"hp":930,"w":1,"h":1,"t":1,"c":3,"e":-1,"r":2},{"x":14,"y":9,"hp":930,"w":1,"h":1,"t":1,"c":3,"e":-1,"r":2},{"x":13,"y":10,"hp":930,"w":1,"h":1,"t":1,"c":3,"e":-1,"r":2},{"x":12,"y":11,"hp":930,"w":1,"h":1,"t":1,"c":3,"e":-1,"r":2},{"x":11,"y":12,"hp":55,"w":1,"h":1,"t":1,"c":3,"e":-1,"r":2},{"x":14,"y":17,"hp":270,"w":2,"h":2,"t":8,"c":0,"e":-1,"r":0},{"x":14,"y":16,"hp":501,"w":1,"h":1,"t":0,"c":8,"e":-1,"r":0},{"x":1,"y":11,"hp":20,"w":1,"h":1,"t":0,"c":2,"e":-1,"r":0},{"x":2,"y":11,"hp":20,"w":1,"h":1,"t":0,"c":2,"e":-1,"r":0},{"x":3,"y":11,"hp":20,"w":1,"h":1,"t":0,"c":2,"e":-1,"r":0},{"x":4,"y":11,"hp":20,"w":1,"h":1,"t":0,"c":2,"e":-1,"r":0},{"x":5,"y":11,"hp":20,"w":1,"h":1,"t":0,"c":2,"e":-1,"r":0},{"x":6,"y":11,"hp":20,"w":1,"h":1,"t":0,"c":2,"e":-1,"r":0},{"x":7,"y":11,"hp":20,"w":1,"h":1,"t":0,"c":2,"e":-1,"r":0},{"x":8,"y":11,"hp":20,"w":1,"h":1,"t":0,"c":2,"e":-1,"r":0},{"x":1,"y":10,"hp":20,"w":1,"h":1,"t":0,"c":2,"e":-1,"r":0},{"x":7,"y":10,"hp":20,"w":1,"h":1,"t":0,"c":2,"e":-1,"r":0},{"x":9,"y":10,"hp":20,"w":1,"h":1,"t":0,"c":2,"e":-1,"r":0},{"x":8,"y":10,"hp":20,"w":1,"h":1,"t":0,"c":2,"e":-1,"r":0},{"x":6,"y":10,"hp":20,"w":1,"h":1,"t":0,"c":2,"e":-1,"r":0},{"x":4,"y":10,"hp":20,"w":1,"h":1,"t":0,"c":2,"e":-1,"r":0},{"x":5,"y":10,"hp":20,"w":1,"h":1,"t":0,"c":2,"e":-1,"r":0},{"x":3,"y":10,"hp":20,"w":1,"h":1,"t":0,"c":2,"e":-1,"r":0},{"x":2,"y":10,"hp":20,"w":1,"h":1,"t":0,"c":2,"e":-1,"r":0},{"x":1,"y":9,"hp":20,"w":1,"h":1,"t":0,"c":2,"e":-1,"r":0},{"x":1,"y":8,"hp":20,"w":1,"h":1,"t":0,"c":2,"e":-1,"r":0},{"x":1,"y":7,"hp":20,"w":1,"h":1,"t":0,"c":2,"e":-1,"r":0},{"x":2,"y":7,"hp":20,"w":1,"h":1,"t":0,"c":2,"e":-1,"r":0},{"x":3,"y":7,"hp":20,"w":1,"h":1,"t":0,"c":2,"e":-1,"r":0},{"x":3,"y":9,"hp":20,"w":1,"h":1,"t":0,"c":2,"e":-1,"r":0},{"x":2,"y":9,"hp":20,"w":1,"h":1,"t":0,"c":2,"e":-1,"r":0},{"x":2,"y":8,"hp":20,"w":1,"h":1,"t":0,"c":2,"e":-1,"r":0},{"x":3,"y":8,"hp":20,"w":1,"h":1,"t":0,"c":2,"e":-1,"r":0},{"x":4,"y":8,"hp":930,"w":1,"h":1,"t":0,"c":2,"e":-1,"r":0},{"x":4,"y":9,"hp":20,"w":1,"h":1,"t":0,"c":2,"e":-1,"r":0},{"x":5,"y":9,"hp":20,"w":1,"h":1,"t":0,"c":2,"e":-1,"r":0},{"x":5,"y":8,"hp":20,"w":1,"h":1,"t":0,"c":2,"e":-1,"r":0},{"x":4,"y":7,"hp":20,"w":1,"h":1,"t":0,"c":2,"e":-1,"r":0},{"x":5,"y":7,"hp":20,"w":1,"h":1,"t":0,"c":2,"e":-1,"r":0},{"x":7,"y":7,"hp":20,"w":1,"h":1,"t":0,"c":2,"e":-1,"r":0},{"x":8,"y":7,"hp":20,"w":1,"h":1,"t":0,"c":2,"e":-1,"r":0},{"x":9,"y":7,"hp":20,"w":1,"h":1,"t":0,"c":2,"e":-1,"r":0},{"x":10,"y":7,"hp":20,"w":1,"h":1,"t":0,"c":2,"e":-1,"r":0},{"x":11,"y":7,"hp":20,"w":1,"h":1,"t":0,"c":2,"e":-1,"r":0},{"x":12,"y":7,"hp":20,"w":1,"h":1,"t":0,"c":2,"e":-1,"r":0},{"x":6,"y":7,"hp":20,"w":1,"h":1,"t":0,"c":2,"e":-1,"r":0},{"x":6,"y":8,"hp":20,"w":1,"h":1,"t":0,"c":2,"e":-1,"r":0},{"x":6,"y":9,"hp":20,"w":1,"h":1,"t":0,"c":2,"e":-1,"r":0},{"x":7,"y":9,"hp":20,"w":1,"h":1,"t":0,"c":2,"e":-1,"r":0},{"x":7,"y":8,"hp":20,"w":1,"h":1,"t":0,"c":2,"e":-1,"r":0},{"x":8,"y":8,"hp":20,"w":1,"h":1,"t":0,"c":2,"e":-1,"r":0},{"x":8,"y":9,"hp":20,"w":1,"h":1,"t":0,"c":2,"e":-1,"r":0},{"x":9,"y":9,"hp":20,"w":1,"h":1,"t":0,"c":2,"e":-1,"r":0},{"x":9,"y":8,"hp":20,"w":1,"h":1,"t":0,"c":2,"e":-1,"r":0},{"x":10,"y":8,"hp":20,"w":1,"h":1,"t":0,"c":2,"e":-1,"r":0},{"x":10,"y":9,"hp":20,"w":1,"h":1,"t":0,"c":2,"e":-1,"r":0},{"x":11,"y":8,"hp":20,"w":1,"h":1,"t":0,"c":2,"e":-1,"r":0},{"x":14,"y":11,"hp":20,"w":1,"h":1,"t":0,"c":2,"e":-1,"r":0},{"x":15,"y":11,"hp":20,"w":1,"h":1,"t":0,"c":2,"e":-1,"r":0},{"x":16,"y":11,"hp":20,"w":1,"h":1,"t":0,"c":2,"e":-1,"r":0},{"x":16,"y":10,"hp":20,"w":1,"h":1,"t":0,"c":2,"e":-1,"r":0},{"x":15,"y":10,"hp":20,"w":1,"h":1,"t":0,"c":2,"e":-1,"r":0},{"x":16,"y":9,"hp":20,"w":1,"h":1,"t":0,"c":2,"e":-1,"r":0},{"x":9,"y":11,"hp":930,"w":1,"h":1,"t":0,"c":3,"e":-1,"r":0},{"x":10,"y":10,"hp":930,"w":1,"h":1,"t":0,"c":3,"e":-1,"r":0},{"x":11,"y":9,"hp":930,"w":1,"h":1,"t":0,"c":3,"e":-1,"r":0},{"x":12,"y":8,"hp":930,"w":1,"h":1,"t":0,"c":3,"e":-1,"r":0},{"x":13,"y":7,"hp":930,"w":1,"h":1,"t":0,"c":3,"e":-1,"r":0},{"x":13,"y":11,"hp":930,"w":1,"h":1,"t":0,"c":3,"e":-1,"r":0},{"x":14,"y":10,"hp":930,"w":1,"h":1,"t":0,"c":3,"e":-1,"r":0},{"x":15,"y":9,"hp":930,"w":1,"h":1,"t":0,"c":3,"e":-1,"r":0},{"x":16,"y":8,"hp":930,"w":1,"h":1,"t":0,"c":3,"e":-1,"r":0},{"x":16,"y":16,"hp":501,"w":1,"h":1,"t":0,"c":8,"e":-1,"r":0},{"x":15,"y":16,"hp":501,"w":1,"h":1,"t":0,"c":8,"e":-1,"r":0},{"x":13,"y":16,"hp":501,"w":1,"h":1,"t":0,"c":8,"e":-1,"r":0},{"x":11,"y":16,"hp":501,"w":1,"h":1,"t":0,"c":8,"e":-1,"r":0},{"x":9,"y":16,"hp":501,"w":1,"h":1,"t":0,"c":8,"e":-1,"r":0},{"x":7,"y":16,"hp":501,"w":1,"h":1,"t":0,"c":8,"e":-1,"r":0},{"x":5,"y":16,"hp":501,"w":1,"h":1,"t":0,"c":8,"e":-1,"r":0},{"x":3,"y":16,"hp":501,"w":1,"h":1,"t":0,"c":8,"e":-1,"r":0},{"x":1,"y":16,"hp":501,"w":1,"h":1,"t":0,"c":8,"e":-1,"r":0}],"bu":[{"x":16,"y":6,"buff":0},{"x":15,"y":7,"buff":0},{"x":14,"y":8,"buff":0},{"x":13,"y":9,"buff":0},{"x":12,"y":10,"buff":0},{"x":11,"y":11,"buff":0},{"x":10,"y":12,"buff":0},{"x":12,"y":16,"buff":0},{"x":10,"y":16,"buff":0},{"x":8,"y":16,"buff":0},{"x":6,"y":16,"buff":0},{"x":4,"y":16,"buff":0},{"x":2,"y":16,"buff":0},{"x":0,"y":16,"buff":0}]}