{"l":180,"h":19,"w":17,"br":[{"x":1,"y":16,"hp":836,"w":1,"h":1,"t":0,"c":6,"e":-1,"r":0},{"x":1,"y":15,"hp":836,"w":1,"h":1,"t":0,"c":6,"e":-1,"r":0},{"x":1,"y":14,"hp":836,"w":1,"h":1,"t":0,"c":6,"e":-1,"r":0},{"x":1,"y":13,"hp":836,"w":1,"h":1,"t":0,"c":6,"e":-1,"r":0},{"x":1,"y":12,"hp":836,"w":1,"h":1,"t":0,"c":6,"e":-1,"r":0},{"x":1,"y":11,"hp":836,"w":1,"h":1,"t":0,"c":6,"e":-1,"r":0},{"x":1,"y":10,"hp":836,"w":1,"h":1,"t":0,"c":6,"e":-1,"r":0},{"x":1,"y":9,"hp":836,"w":1,"h":1,"t":0,"c":6,"e":-1,"r":0},{"x":1,"y":8,"hp":836,"w":1,"h":1,"t":0,"c":6,"e":-1,"r":0},{"x":1,"y":7,"hp":836,"w":1,"h":1,"t":0,"c":6,"e":-1,"r":0},{"x":13,"y":17,"hp":713,"w":2,"h":2,"t":8,"c":0,"e":-1,"r":0},{"x":5,"y":15,"hp":836,"w":1,"h":1,"t":0,"c":5,"e":-1,"r":0},{"x":5,"y":14,"hp":836,"w":1,"h":1,"t":0,"c":5,"e":-1,"r":0},{"x":5,"y":13,"hp":836,"w":1,"h":1,"t":0,"c":5,"e":-1,"r":0},{"x":5,"y":12,"hp":836,"w":1,"h":1,"t":0,"c":5,"e":-1,"r":0},{"x":5,"y":11,"hp":836,"w":1,"h":1,"t":0,"c":5,"e":-1,"r":0},{"x":5,"y":10,"hp":836,"w":1,"h":1,"t":0,"c":5,"e":-1,"r":0},{"x":5,"y":9,"hp":836,"w":1,"h":1,"t":0,"c":5,"e":-1,"r":0},{"x":5,"y":8,"hp":836,"w":1,"h":1,"t":0,"c":5,"e":-1,"r":0},{"x":7,"y":8,"hp":836,"w":1,"h":1,"t":0,"c":5,"e":-1,"r":0},{"x":7,"y":9,"hp":836,"w":1,"h":1,"t":0,"c":5,"e":-1,"r":0},{"x":7,"y":10,"hp":836,"w":1,"h":1,"t":0,"c":5,"e":-1,"r":0},{"x":7,"y":11,"hp":836,"w":1,"h":1,"t":0,"c":5,"e":-1,"r":0},{"x":7,"y":12,"hp":836,"w":1,"h":1,"t":0,"c":5,"e":-1,"r":0},{"x":7,"y":13,"hp":836,"w":1,"h":1,"t":0,"c":5,"e":-1,"r":0},{"x":7,"y":14,"hp":836,"w":1,"h":1,"t":0,"c":5,"e":-1,"r":0},{"x":7,"y":15,"hp":836,"w":1,"h":1,"t":0,"c":5,"e":-1,"r":0},{"x":6,"y":16,"hp":836,"w":1,"h":1,"t":0,"c":5,"e":-1,"r":0},{"x":9,"y":16,"hp":836,"w":1,"h":1,"t":0,"c":3,"e":-1,"r":0},{"x":9,"y":15,"hp":836,"w":1,"h":1,"t":0,"c":3,"e":-1,"r":0},{"x":9,"y":14,"hp":836,"w":1,"h":1,"t":0,"c":3,"e":-1,"r":0},{"x":9,"y":13,"hp":836,"w":1,"h":1,"t":0,"c":3,"e":-1,"r":0},{"x":9,"y":12,"hp":836,"w":1,"h":1,"t":0,"c":3,"e":-1,"r":0},{"x":9,"y":11,"hp":836,"w":1,"h":1,"t":0,"c":3,"e":-1,"r":0},{"x":9,"y":10,"hp":836,"w":1,"h":1,"t":0,"c":3,"e":-1,"r":0},{"x":9,"y":9,"hp":836,"w":1,"h":1,"t":0,"c":3,"e":-1,"r":0},{"x":9,"y":8,"hp":836,"w":1,"h":1,"t":0,"c":3,"e":-1,"r":0},{"x":11,"y":8,"hp":836,"w":1,"h":1,"t":0,"c":3,"e":-1,"r":0},{"x":11,"y":9,"hp":836,"w":1,"h":1,"t":0,"c":3,"e":-1,"r":0},{"x":11,"y":10,"hp":836,"w":1,"h":1,"t":0,"c":3,"e":-1,"r":0},{"x":11,"y":11,"hp":836,"w":1,"h":1,"t":0,"c":3,"e":-1,"r":0},{"x":11,"y":12,"hp":836,"w":1,"h":1,"t":0,"c":3,"e":-1,"r":0},{"x":11,"y":13,"hp":836,"w":1,"h":1,"t":0,"c":3,"e":-1,"r":0},{"x":11,"y":14,"hp":836,"w":1,"h":1,"t":0,"c":3,"e":-1,"r":0},{"x":11,"y":15,"hp":836,"w":1,"h":1,"t":0,"c":3,"e":-1,"r":0},{"x":11,"y":16,"hp":836,"w":1,"h":1,"t":0,"c":3,"e":-1,"r":0},{"x":13,"y":16,"hp":836,"w":1,"h":1,"t":0,"c":0,"e":-1,"r":0},{"x":14,"y":16,"hp":836,"w":1,"h":1,"t":0,"c":0,"e":-1,"r":0},{"x":15,"y":16,"hp":836,"w":1,"h":1,"t":0,"c":0,"e":-1,"r":0},{"x":13,"y":15,"hp":836,"w":1,"h":1,"t":0,"c":0,"e":-1,"r":0},{"x":13,"y":14,"hp":836,"w":1,"h":1,"t":0,"c":0,"e":-1,"r":0},{"x":13,"y":13,"hp":836,"w":1,"h":1,"t":0,"c":0,"e":-1,"r":0},{"x":13,"y":12,"hp":836,"w":1,"h":1,"t":0,"c":0,"e":-1,"r":0},{"x":13,"y":11,"hp":836,"w":1,"h":1,"t":0,"c":0,"e":-1,"r":0},{"x":13,"y":10,"hp":836,"w":1,"h":1,"t":0,"c":0,"e":-1,"r":0},{"x":13,"y":9,"hp":836,"w":1,"h":1,"t":0,"c":0,"e":-1,"r":0},{"x":13,"y":8,"hp":836,"w":1,"h":1,"t":0,"c":0,"e":-1,"r":0},{"x":13,"y":7,"hp":836,"w":1,"h":1,"t":0,"c":0,"e":-1,"r":0},{"x":14,"y":11,"hp":836,"w":1,"h":1,"t":0,"c":0,"e":-1,"r":0},{"x":4,"y":5,"hp":1157,"w":1,"h":1,"t":0,"c":0,"e":-1,"r":0},{"x":8,"y":5,"hp":1157,"w":1,"h":1,"t":0,"c":0,"e":-1,"r":0},{"x":12,"y":5,"hp":1157,"w":1,"h":1,"t":0,"c":0,"e":-1,"r":0},{"x":13,"y":5,"hp":1157,"w":1,"h":1,"t":0,"c":0,"e":-1,"r":0},{"x":14,"y":5,"hp":1157,"w":1,"h":1,"t":0,"c":0,"e":-1,"r":0},{"x":15,"y":5,"hp":1157,"w":1,"h":1,"t":0,"c":0,"e":-1,"r":0},{"x":14,"y":7,"hp":836,"w":1,"h":1,"t":0,"c":0,"e":-1,"r":0},{"x":15,"y":7,"hp":836,"w":1,"h":1,"t":0,"c":0,"e":-1,"r":0},{"x":10,"y":7,"hp":836,"w":1,"h":1,"t":0,"c":3,"e":-1,"r":0},{"x":6,"y":7,"hp":836,"w":1,"h":1,"t":0,"c":5,"e":-1,"r":0},{"x":2,"y":7,"hp":836,"w":1,"h":1,"t":0,"c":6,"e":-1,"r":0},{"x":3,"y":7,"hp":836,"w":1,"h":1,"t":0,"c":6,"e":-1,"r":0},{"x":9,"y":5,"hp":1157,"w":1,"h":1,"t":0,"c":3,"e":-1,"r":0},{"x":10,"y":5,"hp":1157,"w":1,"h":1,"t":0,"c":3,"e":-1,"r":0},{"x":11,"y":5,"hp":1157,"w":1,"h":1,"t":0,"c":3,"e":-1,"r":0},{"x":5,"y":5,"hp":1157,"w":1,"h":1,"t":0,"c":5,"e":-1,"r":0},{"x":6,"y":5,"hp":1157,"w":1,"h":1,"t":0,"c":5,"e":-1,"r":0},{"x":7,"y":5,"hp":1157,"w":1,"h":1,"t":0,"c":5,"e":-1,"r":0},{"x":1,"y":5,"hp":1157,"w":1,"h":1,"t":0,"c":6,"e":-1,"r":0},{"x":2,"y":5,"hp":1157,"w":1,"h":1,"t":0,"c":6,"e":-1,"r":0},{"x":3,"y":5,"hp":1157,"w":1,"h":1,"t":0,"c":6,"e":-1,"r":0}],"bu":[{"x":2,"y":8,"buff":1},{"x":2,"y":9,"buff":1},{"x":2,"y":10,"buff":1},{"x":2,"y":11,"buff":1},{"x":2,"y":12,"buff":1},{"x":2,"y":13,"buff":1},{"x":2,"y":14,"buff":1},{"x":2,"y":15,"buff":1},{"x":2,"y":16,"buff":1},{"x":3,"y":8,"buff":5},{"x":15,"y":8,"buff":5}]}