{"l":213,"h":33,"w":11,"br":[{"x":4,"y":6,"hp":55,"w":1,"h":1,"t":5,"c":5,"e":-1,"r":0},{"x":5,"y":6,"hp":55,"w":1,"h":1,"t":0,"c":5,"e":-1,"r":0},{"x":5,"y":7,"hp":89,"w":1,"h":1,"t":0,"c":5,"e":-1,"r":0},{"x":4,"y":8,"hp":57,"w":1,"h":1,"t":5,"c":5,"e":-1,"r":0},{"x":5,"y":8,"hp":57,"w":1,"h":1,"t":0,"c":5,"e":-1,"r":0},{"x":2,"y":9,"hp":157,"w":1,"h":1,"t":0,"c":5,"e":-1,"r":0},{"x":3,"y":9,"hp":157,"w":1,"h":1,"t":0,"c":5,"e":-1,"r":0},{"x":5,"y":9,"hp":157,"w":1,"h":1,"t":2,"c":5,"e":-1,"r":0},{"x":1,"y":10,"hp":117,"w":1,"h":1,"t":0,"c":5,"e":-1,"r":0},{"x":2,"y":10,"hp":117,"w":1,"h":1,"t":1,"c":5,"e":-1,"r":1},{"x":3,"y":10,"hp":117,"w":1,"h":1,"t":0,"c":5,"e":-1,"r":0},{"x":4,"y":10,"hp":117,"w":1,"h":1,"t":0,"c":5,"e":7,"r":0},{"x":5,"y":10,"hp":117,"w":1,"h":1,"t":0,"c":5,"e":-1,"r":0},{"x":2,"y":11,"hp":65,"w":1,"h":1,"t":0,"c":2,"e":-1,"r":0},{"x":3,"y":11,"hp":65,"w":1,"h":1,"t":1,"c":2,"e":-1,"r":0},{"x":4,"y":11,"hp":65,"w":1,"h":1,"t":0,"c":2,"e":-1,"r":0},{"x":2,"y":12,"hp":54,"w":1,"h":1,"t":0,"c":3,"e":-1,"r":0},{"x":5,"y":12,"hp":54,"w":1,"h":1,"t":0,"c":3,"e":5,"r":0},{"x":0,"y":13,"hp":78,"w":1,"h":1,"t":0,"c":5,"e":-1,"r":0},{"x":4,"y":13,"hp":78,"w":1,"h":1,"t":0,"c":5,"e":-1,"r":0},{"x":5,"y":13,"hp":78,"w":1,"h":1,"t":2,"c":5,"e":-1,"r":0},{"x":1,"y":14,"hp":47,"w":1,"h":1,"t":0,"c":5,"e":-1,"r":0},{"x":2,"y":14,"hp":47,"w":1,"h":1,"t":1,"c":5,"e":-1,"r":3},{"x":3,"y":14,"hp":47,"w":1,"h":1,"t":0,"c":5,"e":-1,"r":0},{"x":4,"y":14,"hp":47,"w":1,"h":1,"t":0,"c":5,"e":-1,"r":0},{"x":5,"y":14,"hp":47,"w":1,"h":1,"t":0,"c":5,"e":-1,"r":0},{"x":1,"y":15,"hp":100,"w":1,"h":1,"t":0,"c":2,"e":-1,"r":0},{"x":2,"y":15,"hp":100,"w":1,"h":1,"t":0,"c":2,"e":-1,"r":0},{"x":3,"y":15,"hp":100,"w":1,"h":1,"t":4,"c":2,"e":-1,"r":0},{"x":4,"y":15,"hp":100,"w":1,"h":1,"t":0,"c":2,"e":-1,"r":0},{"x":5,"y":15,"hp":100,"w":1,"h":1,"t":0,"c":2,"e":-1,"r":0},{"x":0,"y":16,"hp":86,"w":1,"h":1,"t":0,"c":5,"e":-1,"r":0},{"x":1,"y":16,"hp":86,"w":1,"h":1,"t":0,"c":5,"e":-1,"r":0},{"x":2,"y":16,"hp":86,"w":1,"h":1,"t":0,"c":5,"e":-1,"r":0},{"x":3,"y":16,"hp":86,"w":1,"h":1,"t":0,"c":5,"e":-1,"r":0},{"x":0,"y":17,"hp":98,"w":1,"h":1,"t":1,"c":5,"e":-1,"r":0},{"x":1,"y":17,"hp":98,"w":1,"h":1,"t":0,"c":5,"e":-1,"r":0},{"x":2,"y":17,"hp":98,"w":1,"h":1,"t":0,"c":5,"e":-1,"r":0},{"x":3,"y":17,"hp":98,"w":1,"h":1,"t":0,"c":5,"e":-1,"r":0},{"x":1,"y":18,"hp":138,"w":1,"h":1,"t":0,"c":5,"e":-1,"r":0},{"x":3,"y":18,"hp":138,"w":1,"h":1,"t":0,"c":5,"e":-1,"r":0},{"x":4,"y":18,"hp":138,"w":1,"h":1,"t":0,"c":5,"e":-1,"r":0},{"x":5,"y":18,"hp":138,"w":1,"h":1,"t":0,"c":5,"e":-1,"r":0},{"x":1,"y":19,"hp":91,"w":1,"h":1,"t":0,"c":5,"e":-1,"r":0},{"x":2,"y":19,"hp":91,"w":1,"h":1,"t":0,"c":5,"e":-1,"r":0},{"x":3,"y":19,"hp":91,"w":1,"h":1,"t":0,"c":5,"e":-1,"r":0},{"x":4,"y":19,"hp":91,"w":1,"h":1,"t":5,"c":5,"e":-1,"r":0},{"x":5,"y":19,"hp":91,"w":1,"h":1,"t":3,"c":5,"e":-1,"r":0},{"x":3,"y":20,"hp":86,"w":1,"h":1,"t":0,"c":5,"e":-1,"r":0},{"x":4,"y":20,"hp":86,"w":1,"h":1,"t":0,"c":5,"e":-1,"r":0},{"x":5,"y":20,"hp":86,"w":1,"h":1,"t":0,"c":5,"e":-1,"r":0},{"x":2,"y":21,"hp":100,"w":1,"h":1,"t":0,"c":5,"e":-1,"r":0},{"x":3,"y":21,"hp":100,"w":1,"h":1,"t":0,"c":5,"e":-1,"r":0},{"x":4,"y":21,"hp":100,"w":1,"h":1,"t":0,"c":5,"e":-1,"r":0},{"x":5,"y":21,"hp":100,"w":1,"h":1,"t":0,"c":5,"e":-1,"r":0},{"x":2,"y":23,"hp":88,"w":1,"h":1,"t":0,"c":5,"e":5,"r":0},{"x":4,"y":24,"hp":60,"w":1,"h":1,"t":0,"c":5,"e":-1,"r":0},{"x":5,"y":24,"hp":60,"w":1,"h":1,"t":0,"c":5,"e":-1,"r":0},{"x":2,"y":25,"hp":119,"w":1,"h":1,"t":0,"c":5,"e":-1,"r":0},{"x":3,"y":25,"hp":119,"w":1,"h":1,"t":0,"c":5,"e":-1,"r":0},{"x":4,"y":25,"hp":119,"w":1,"h":1,"t":0,"c":5,"e":-1,"r":0},{"x":5,"y":25,"hp":119,"w":1,"h":1,"t":0,"c":5,"e":-1,"r":0},{"x":2,"y":26,"hp":82,"w":1,"h":1,"t":0,"c":5,"e":-1,"r":0},{"x":4,"y":26,"hp":82,"w":1,"h":1,"t":0,"c":5,"e":-1,"r":0},{"x":2,"y":27,"hp":80,"w":1,"h":1,"t":0,"c":5,"e":-1,"r":0},{"x":3,"y":27,"hp":80,"w":1,"h":1,"t":0,"c":5,"e":-1,"r":0},{"x":5,"y":27,"hp":80,"w":1,"h":1,"t":0,"c":5,"e":-1,"r":0},{"x":0,"y":28,"hp":115,"w":1,"h":1,"t":0,"c":3,"e":-1,"r":0},{"x":3,"y":28,"hp":115,"w":1,"h":1,"t":0,"c":3,"e":-1,"r":0},{"x":4,"y":28,"hp":115,"w":1,"h":1,"t":0,"c":3,"e":-1,"r":0},{"x":5,"y":28,"hp":115,"w":1,"h":1,"t":5,"c":3,"e":-1,"r":0},{"x":0,"y":29,"hp":70,"w":1,"h":1,"t":0,"c":5,"e":-1,"r":0},{"x":1,"y":29,"hp":70,"w":1,"h":1,"t":0,"c":5,"e":-1,"r":0},{"x":3,"y":29,"hp":70,"w":1,"h":1,"t":0,"c":5,"e":-1,"r":0},{"x":4,"y":29,"hp":70,"w":1,"h":1,"t":0,"c":5,"e":-1,"r":0},{"x":5,"y":29,"hp":70,"w":1,"h":1,"t":0,"c":5,"e":-1,"r":0},{"x":0,"y":30,"hp":140,"w":1,"h":1,"t":0,"c":5,"e":-1,"r":0},{"x":1,"y":30,"hp":140,"w":1,"h":1,"t":0,"c":5,"e":-1,"r":0},{"x":3,"y":30,"hp":140,"w":1,"h":1,"t":0,"c":5,"e":5,"r":0},{"x":4,"y":30,"hp":140,"w":1,"h":1,"t":0,"c":5,"e":-1,"r":0},{"x":5,"y":30,"hp":140,"w":1,"h":1,"t":0,"c":5,"e":-1,"r":0},{"x":0,"y":31,"hp":258,"w":1,"h":1,"t":0,"c":3,"e":-1,"r":0},{"x":1,"y":31,"hp":258,"w":1,"h":1,"t":0,"c":3,"e":-1,"r":0},{"x":2,"y":31,"hp":258,"w":1,"h":1,"t":0,"c":3,"e":-1,"r":0},{"x":3,"y":31,"hp":258,"w":1,"h":1,"t":0,"c":3,"e":-1,"r":0},{"x":4,"y":31,"hp":258,"w":1,"h":1,"t":0,"c":3,"e":-1,"r":0},{"x":5,"y":31,"hp":258,"w":1,"h":1,"t":0,"c":3,"e":-1,"r":0},{"x":1,"y":32,"hp":122,"w":1,"h":1,"t":0,"c":5,"e":-1,"r":0},{"x":3,"y":32,"hp":122,"w":1,"h":1,"t":0,"c":5,"e":-1,"r":0},{"x":4,"y":32,"hp":122,"w":1,"h":1,"t":0,"c":5,"e":-1,"r":0},{"x":5,"y":32,"hp":122,"w":1,"h":1,"t":0,"c":5,"e":-1,"r":0},{"x":10,"y":6,"hp":55,"w":1,"h":1,"t":0,"c":5,"e":-1,"r":0},{"x":9,"y":6,"hp":55,"w":1,"h":1,"t":0,"c":5,"e":-1,"r":0},{"x":8,"y":6,"hp":55,"w":1,"h":1,"t":1,"c":5,"e":-1,"r":2},{"x":6,"y":6,"hp":55,"w":1,"h":1,"t":5,"c":5,"e":-1,"r":0},{"x":8,"y":7,"hp":89,"w":1,"h":1,"t":0,"c":5,"e":7,"r":0},{"x":7,"y":7,"hp":89,"w":1,"h":1,"t":0,"c":5,"e":-1,"r":0},{"x":10,"y":8,"hp":57,"w":1,"h":1,"t":0,"c":5,"e":-1,"r":0},{"x":8,"y":8,"hp":57,"w":1,"h":1,"t":0,"c":5,"e":-1,"r":0},{"x":7,"y":8,"hp":57,"w":1,"h":1,"t":0,"c":5,"e":-1,"r":0},{"x":6,"y":8,"hp":57,"w":1,"h":1,"t":5,"c":5,"e":-1,"r":0},{"x":10,"y":9,"hp":157,"w":1,"h":1,"t":3,"c":5,"e":-1,"r":0},{"x":8,"y":9,"hp":157,"w":1,"h":1,"t":0,"c":5,"e":-1,"r":0},{"x":7,"y":9,"hp":157,"w":1,"h":1,"t":0,"c":5,"e":-1,"r":0},{"x":8,"y":10,"hp":117,"w":1,"h":1,"t":1,"c":5,"e":-1,"r":0},{"x":7,"y":10,"hp":117,"w":1,"h":1,"t":0,"c":5,"e":-1,"r":0},{"x":6,"y":10,"hp":117,"w":1,"h":1,"t":0,"c":5,"e":-1,"r":0},{"x":6,"y":11,"hp":65,"w":1,"h":1,"t":0,"c":2,"e":5,"r":0},{"x":10,"y":12,"hp":54,"w":1,"h":1,"t":0,"c":3,"e":-1,"r":0},{"x":9,"y":12,"hp":54,"w":1,"h":1,"t":0,"c":3,"e":-1,"r":0},{"x":8,"y":12,"hp":54,"w":1,"h":1,"t":0,"c":3,"e":-1,"r":0},{"x":10,"y":13,"hp":78,"w":1,"h":1,"t":0,"c":5,"e":-1,"r":0},{"x":8,"y":13,"hp":78,"w":1,"h":1,"t":0,"c":5,"e":-1,"r":0},{"x":6,"y":13,"hp":78,"w":1,"h":1,"t":0,"c":5,"e":-1,"r":0},{"x":10,"y":14,"hp":47,"w":1,"h":1,"t":4,"c":5,"e":-1,"r":0},{"x":6,"y":14,"hp":47,"w":1,"h":1,"t":0,"c":5,"e":-1,"r":0},{"x":6,"y":15,"hp":100,"w":1,"h":1,"t":0,"c":2,"e":5,"r":0},{"x":8,"y":16,"hp":86,"w":1,"h":1,"t":0,"c":5,"e":7,"r":0},{"x":9,"y":17,"hp":98,"w":1,"h":1,"t":0,"c":5,"e":-1,"r":0},{"x":7,"y":18,"hp":138,"w":1,"h":1,"t":0,"c":5,"e":-1,"r":0},{"x":6,"y":18,"hp":138,"w":1,"h":1,"t":0,"c":5,"e":-1,"r":0},{"x":9,"y":19,"hp":91,"w":1,"h":1,"t":0,"c":5,"e":-1,"r":0},{"x":8,"y":19,"hp":91,"w":1,"h":1,"t":0,"c":5,"e":-1,"r":0},{"x":7,"y":19,"hp":91,"w":1,"h":1,"t":0,"c":5,"e":-1,"r":0},{"x":6,"y":19,"hp":91,"w":1,"h":1,"t":5,"c":5,"e":-1,"r":0},{"x":10,"y":20,"hp":86,"w":1,"h":1,"t":5,"c":5,"e":-1,"r":0},{"x":7,"y":20,"hp":86,"w":1,"h":1,"t":0,"c":5,"e":-1,"r":0},{"x":6,"y":20,"hp":86,"w":1,"h":1,"t":0,"c":5,"e":-1,"r":0},{"x":9,"y":21,"hp":100,"w":1,"h":1,"t":0,"c":5,"e":-1,"r":0},{"x":8,"y":21,"hp":100,"w":1,"h":1,"t":0,"c":5,"e":-1,"r":0},{"x":7,"y":21,"hp":100,"w":1,"h":1,"t":0,"c":5,"e":-1,"r":0},{"x":6,"y":21,"hp":100,"w":1,"h":1,"t":0,"c":5,"e":-1,"r":0},{"x":10,"y":23,"hp":88,"w":1,"h":1,"t":0,"c":5,"e":-1,"r":0},{"x":9,"y":23,"hp":88,"w":1,"h":1,"t":0,"c":5,"e":-1,"r":0},{"x":8,"y":23,"hp":88,"w":1,"h":1,"t":0,"c":5,"e":-1,"r":0},{"x":7,"y":23,"hp":88,"w":1,"h":1,"t":0,"c":5,"e":-1,"r":0},{"x":10,"y":24,"hp":60,"w":1,"h":1,"t":4,"c":5,"e":-1,"r":0},{"x":9,"y":24,"hp":60,"w":1,"h":1,"t":4,"c":5,"e":-1,"r":0},{"x":6,"y":24,"hp":60,"w":1,"h":1,"t":0,"c":5,"e":-1,"r":0},{"x":9,"y":25,"hp":119,"w":1,"h":1,"t":0,"c":5,"e":-1,"r":0},{"x":8,"y":25,"hp":119,"w":1,"h":1,"t":0,"c":5,"e":-1,"r":0},{"x":7,"y":25,"hp":119,"w":1,"h":1,"t":0,"c":5,"e":-1,"r":0},{"x":6,"y":25,"hp":119,"w":1,"h":1,"t":0,"c":5,"e":-1,"r":0},{"x":8,"y":26,"hp":82,"w":1,"h":1,"t":0,"c":5,"e":-1,"r":0},{"x":8,"y":27,"hp":80,"w":1,"h":1,"t":0,"c":5,"e":5,"r":0},{"x":7,"y":27,"hp":80,"w":1,"h":1,"t":0,"c":5,"e":-1,"r":0},{"x":10,"y":28,"hp":115,"w":1,"h":1,"t":0,"c":3,"e":5,"r":0},{"x":8,"y":28,"hp":115,"w":1,"h":1,"t":0,"c":3,"e":-1,"r":0},{"x":7,"y":28,"hp":115,"w":1,"h":1,"t":0,"c":3,"e":-1,"r":0},{"x":6,"y":28,"hp":115,"w":1,"h":1,"t":0,"c":3,"e":-1,"r":0},{"x":10,"y":29,"hp":70,"w":1,"h":1,"t":0,"c":5,"e":-1,"r":0},{"x":7,"y":29,"hp":70,"w":1,"h":1,"t":0,"c":5,"e":-1,"r":0},{"x":6,"y":29,"hp":70,"w":1,"h":1,"t":0,"c":5,"e":-1,"r":0},{"x":7,"y":30,"hp":140,"w":1,"h":1,"t":0,"c":5,"e":-1,"r":0},{"x":6,"y":30,"hp":140,"w":1,"h":1,"t":0,"c":5,"e":-1,"r":0},{"x":8,"y":31,"hp":258,"w":1,"h":1,"t":0,"c":3,"e":-1,"r":0},{"x":7,"y":31,"hp":258,"w":1,"h":1,"t":0,"c":3,"e":-1,"r":0},{"x":6,"y":31,"hp":258,"w":1,"h":1,"t":0,"c":3,"e":-1,"r":0},{"x":9,"y":32,"hp":122,"w":1,"h":1,"t":0,"c":5,"e":-1,"r":0},{"x":7,"y":32,"hp":122,"w":1,"h":1,"t":0,"c":5,"e":-1,"r":0},{"x":6,"y":32,"hp":122,"w":1,"h":1,"t":0,"c":5,"e":-1,"r":0},{"x":1,"y":5,"hp":470,"w":2,"h":4,"t":0,"c":2,"e":-1,"r":0},{"x":5,"y":26,"hp":370,"w":3,"h":1,"t":0,"c":5,"e":-1,"r":0},{"x":3,"y":22,"hp":500,"w":7,"h":1,"t":0,"c":2,"e":-1,"r":0},{"x":4,"y":5,"hp":57,"w":1,"h":1,"t":0,"c":2,"e":-1,"r":0},{"x":6,"y":5,"hp":57,"w":1,"h":1,"t":0,"c":2,"e":-1,"r":0},{"x":7,"y":5,"hp":57,"w":1,"h":1,"t":0,"c":2,"e":-1,"r":0},{"x":8,"y":5,"hp":57,"w":1,"h":1,"t":0,"c":2,"e":-1,"r":0},{"x":4,"y":27,"hp":80,"w":1,"h":1,"t":0,"c":5,"e":-1,"r":0},{"x":6,"y":27,"hp":80,"w":1,"h":1,"t":0,"c":5,"e":-1,"r":0},{"x":4,"y":17,"hp":80,"w":1,"h":1,"t":0,"c":5,"e":-1,"r":0},{"x":5,"y":17,"hp":80,"w":1,"h":1,"t":0,"c":5,"e":-1,"r":0},{"x":9,"y":13,"hp":80,"w":1,"h":1,"t":0,"c":5,"e":-1,"r":0},{"x":8,"y":32,"hp":80,"w":1,"h":1,"t":0,"c":5,"e":-1,"r":0},{"x":2,"y":32,"hp":80,"w":1,"h":1,"t":0,"c":5,"e":-1,"r":0},{"x":3,"y":26,"hp":80,"w":1,"h":1,"t":0,"c":5,"e":-1,"r":0},{"x":3,"y":23,"hp":80,"w":1,"h":1,"t":0,"c":5,"e":-1,"r":0},{"x":4,"y":23,"hp":80,"w":1,"h":1,"t":0,"c":5,"e":-1,"r":0},{"x":5,"y":23,"hp":80,"w":1,"h":1,"t":0,"c":5,"e":-1,"r":0},{"x":6,"y":23,"hp":80,"w":1,"h":1,"t":0,"c":5,"e":-1,"r":0},{"x":2,"y":13,"hp":80,"w":1,"h":1,"t":0,"c":5,"e":-1,"r":0},{"x":5,"y":5,"hp":57,"w":1,"h":1,"t":0,"c":2,"e":-1,"r":0},{"x":1,"y":23,"hp":80,"w":1,"h":1,"t":0,"c":5,"e":-1,"r":0},{"x":1,"y":21,"hp":100,"w":1,"h":1,"t":0,"c":5,"e":-1,"r":0}],"bu":[{"x":7,"y":15,"buff":1},{"x":1,"y":27,"buff":1},{"x":2,"y":30,"buff":1},{"x":8,"y":30,"buff":1},{"x":10,"y":26,"buff":0},{"x":2,"y":20,"buff":0},{"x":10,"y":22,"buff":0},{"x":7,"y":17,"buff":0},{"x":7,"y":12,"buff":0},{"x":10,"y":7,"buff":0},{"x":0,"y":11,"buff":3},{"x":6,"y":9,"buff":2},{"x":1,"y":26,"buff":3},{"x":9,"y":31,"buff":3},{"x":8,"y":20,"buff":2},{"x":10,"y":16,"buff":1},{"x":0,"y":19,"buff":1},{"x":0,"y":8,"buff":0},{"x":0,"y":7,"buff":0},{"x":0,"y":6,"buff":0},{"x":0,"y":5,"buff":0}]}