{"l":46,"h":13,"w":11,"br":[{"x":3,"y":12,"hp":33,"w":1,"h":1,"t":0,"c":4,"e":9,"r":0},{"x":4,"y":12,"hp":33,"w":1,"h":1,"t":0,"c":4,"e":-1,"r":0},{"x":1,"y":10,"hp":33,"w":1,"h":1,"t":0,"c":4,"e":-1,"r":0},{"x":5,"y":6,"hp":33,"w":1,"h":1,"t":0,"c":4,"e":-1,"r":0},{"x":5,"y":12,"hp":33,"w":1,"h":1,"t":0,"c":4,"e":-1,"r":0},{"x":9,"y":10,"hp":33,"w":1,"h":1,"t":0,"c":4,"e":-1,"r":0},{"x":6,"y":12,"hp":33,"w":1,"h":1,"t":0,"c":4,"e":-1,"r":0},{"x":7,"y":12,"hp":33,"w":1,"h":1,"t":0,"c":4,"e":9,"r":0},{"x":3,"y":11,"hp":25,"w":1,"h":1,"t":0,"c":8,"e":-1,"r":0},{"x":7,"y":11,"hp":25,"w":1,"h":1,"t":0,"c":8,"e":-1,"r":0},{"x":7,"y":8,"hp":25,"w":1,"h":1,"t":0,"c":8,"e":-1,"r":0},{"x":3,"y":8,"hp":25,"w":1,"h":1,"t":0,"c":8,"e":-1,"r":0},{"x":4,"y":7,"hp":25,"w":1,"h":1,"t":0,"c":8,"e":-1,"r":0},{"x":6,"y":7,"hp":25,"w":1,"h":1,"t":0,"c":8,"e":-1,"r":0},{"x":8,"y":9,"hp":25,"w":1,"h":1,"t":0,"c":8,"e":-1,"r":0},{"x":8,"y":10,"hp":25,"w":1,"h":1,"t":0,"c":8,"e":-1,"r":0},{"x":2,"y":11,"hp":25,"w":1,"h":1,"t":0,"c":8,"e":-1,"r":0},{"x":2,"y":10,"hp":25,"w":1,"h":1,"t":0,"c":8,"e":-1,"r":0},{"x":2,"y":9,"hp":25,"w":1,"h":1,"t":0,"c":8,"e":-1,"r":0},{"x":8,"y":11,"hp":25,"w":1,"h":1,"t":0,"c":8,"e":-1,"r":0},{"x":4,"y":10,"hp":10,"w":1,"h":1,"t":0,"c":7,"e":7,"r":0},{"x":5,"y":10,"hp":10,"w":1,"h":1,"t":0,"c":7,"e":7,"r":0},{"x":6,"y":10,"hp":10,"w":1,"h":1,"t":0,"c":7,"e":7,"r":0},{"x":6,"y":9,"hp":10,"w":1,"h":1,"t":0,"c":7,"e":7,"r":0},{"x":5,"y":9,"hp":10,"w":1,"h":1,"t":0,"c":7,"e":7,"r":0},{"x":4,"y":9,"hp":10,"w":1,"h":1,"t":0,"c":7,"e":7,"r":0},{"x":5,"y":8,"hp":10,"w":1,"h":1,"t":0,"c":7,"e":7,"r":0},{"x":3,"y":9,"hp":25,"w":1,"h":1,"t":1,"c":8,"e":-1,"r":0},{"x":4,"y":8,"hp":25,"w":1,"h":1,"t":1,"c":8,"e":-1,"r":0},{"x":6,"y":8,"hp":25,"w":1,"h":1,"t":1,"c":8,"e":-1,"r":1},{"x":7,"y":9,"hp":25,"w":1,"h":1,"t":1,"c":8,"e":-1,"r":1},{"x":8,"y":12,"hp":33,"w":1,"h":1,"t":1,"c":4,"e":-1,"r":0},{"x":9,"y":11,"hp":33,"w":1,"h":1,"t":1,"c":4,"e":-1,"r":0},{"x":2,"y":12,"hp":33,"w":1,"h":1,"t":1,"c":4,"e":-1,"r":1},{"x":1,"y":11,"hp":33,"w":1,"h":1,"t":1,"c":4,"e":-1,"r":1},{"x":9,"y":9,"hp":33,"w":1,"h":1,"t":1,"c":4,"e":-1,"r":3},{"x":8,"y":8,"hp":33,"w":1,"h":1,"t":1,"c":4,"e":-1,"r":3},{"x":7,"y":7,"hp":33,"w":1,"h":1,"t":1,"c":4,"e":-1,"r":3},{"x":6,"y":6,"hp":33,"w":1,"h":1,"t":1,"c":4,"e":-1,"r":3},{"x":1,"y":9,"hp":33,"w":1,"h":1,"t":1,"c":4,"e":-1,"r":2},{"x":2,"y":8,"hp":33,"w":1,"h":1,"t":1,"c":4,"e":-1,"r":2},{"x":3,"y":7,"hp":33,"w":1,"h":1,"t":1,"c":4,"e":-1,"r":2},{"x":4,"y":6,"hp":33,"w":1,"h":1,"t":1,"c":4,"e":-1,"r":2}],"bu":[{"x":10,"y":9,"buff":0},{"x":10,"y":10,"buff":0},{"x":10,"y":11,"buff":0},{"x":0,"y":10,"buff":0},{"x":0,"y":11,"buff":0}]}