{"l":53,"h":16,"w":11,"br":[{"x":1,"y":7,"hp":32,"w":1,"h":1,"t":0,"c":2,"e":-1,"r":0},{"x":2,"y":7,"hp":32,"w":1,"h":1,"t":0,"c":2,"e":-1,"r":0},{"x":1,"y":8,"hp":74,"w":1,"h":1,"t":0,"c":4,"e":-1,"r":0},{"x":2,"y":8,"hp":74,"w":1,"h":1,"t":0,"c":4,"e":0,"r":0},{"x":0,"y":13,"hp":43,"w":1,"h":1,"t":0,"c":4,"e":-1,"r":0},{"x":1,"y":13,"hp":43,"w":1,"h":1,"t":0,"c":4,"e":-1,"r":0},{"x":4,"y":13,"hp":43,"w":1,"h":1,"t":0,"c":4,"e":-1,"r":0},{"x":5,"y":13,"hp":43,"w":1,"h":1,"t":0,"c":4,"e":-1,"r":0},{"x":1,"y":14,"hp":26,"w":1,"h":1,"t":0,"c":5,"e":-1,"r":0},{"x":3,"y":14,"hp":26,"w":1,"h":1,"t":0,"c":5,"e":-1,"r":0},{"x":5,"y":14,"hp":26,"w":1,"h":1,"t":0,"c":5,"e":-1,"r":0},{"x":0,"y":15,"hp":48,"w":1,"h":1,"t":0,"c":4,"e":-1,"r":0},{"x":1,"y":15,"hp":48,"w":1,"h":1,"t":0,"c":4,"e":-1,"r":0},{"x":4,"y":15,"hp":48,"w":1,"h":1,"t":0,"c":4,"e":-1,"r":0},{"x":5,"y":15,"hp":48,"w":1,"h":1,"t":0,"c":4,"e":-1,"r":0},{"x":9,"y":7,"hp":32,"w":1,"h":1,"t":0,"c":2,"e":-1,"r":0},{"x":7,"y":7,"hp":32,"w":1,"h":1,"t":0,"c":2,"e":-1,"r":0},{"x":9,"y":8,"hp":74,"w":1,"h":1,"t":0,"c":4,"e":-1,"r":0},{"x":8,"y":8,"hp":74,"w":1,"h":1,"t":0,"c":4,"e":0,"r":0},{"x":10,"y":9,"hp":55,"w":1,"h":1,"t":0,"c":4,"e":-1,"r":0},{"x":8,"y":9,"hp":55,"w":1,"h":1,"t":0,"c":4,"e":-1,"r":0},{"x":10,"y":10,"hp":80,"w":1,"h":1,"t":0,"c":4,"e":-1,"r":0},{"x":10,"y":13,"hp":43,"w":1,"h":1,"t":0,"c":4,"e":-1,"r":0},{"x":9,"y":13,"hp":43,"w":1,"h":1,"t":0,"c":4,"e":0,"r":0},{"x":7,"y":13,"hp":43,"w":1,"h":1,"t":0,"c":4,"e":-1,"r":0},{"x":10,"y":14,"hp":26,"w":1,"h":1,"t":0,"c":5,"e":-1,"r":0},{"x":9,"y":14,"hp":26,"w":1,"h":1,"t":0,"c":5,"e":-1,"r":0},{"x":8,"y":14,"hp":26,"w":1,"h":1,"t":0,"c":5,"e":-1,"r":0},{"x":7,"y":14,"hp":26,"w":1,"h":1,"t":0,"c":5,"e":-1,"r":0},{"x":8,"y":15,"hp":48,"w":1,"h":1,"t":0,"c":4,"e":0,"r":0},{"x":7,"y":15,"hp":48,"w":1,"h":1,"t":0,"c":4,"e":-1,"r":0},{"x":6,"y":15,"hp":48,"w":1,"h":1,"t":0,"c":4,"e":-1,"r":0},{"x":8,"y":6,"hp":43,"w":1,"h":1,"t":0,"c":4,"e":-1,"r":0},{"x":0,"y":11,"hp":35,"w":1,"h":1,"t":0,"c":4,"e":-1,"r":0},{"x":1,"y":11,"hp":35,"w":1,"h":1,"t":0,"c":4,"e":-1,"r":0},{"x":4,"y":11,"hp":35,"w":1,"h":1,"t":0,"c":4,"e":-1,"r":0},{"x":5,"y":11,"hp":35,"w":1,"h":1,"t":0,"c":4,"e":-1,"r":0},{"x":7,"y":11,"hp":35,"w":1,"h":1,"t":0,"c":4,"e":-1,"r":0},{"x":9,"y":11,"hp":35,"w":1,"h":1,"t":0,"c":4,"e":-1,"r":0},{"x":0,"y":12,"hp":44,"w":1,"h":1,"t":0,"c":4,"e":-1,"r":0},{"x":5,"y":12,"hp":44,"w":1,"h":1,"t":0,"c":4,"e":-1,"r":0},{"x":6,"y":12,"hp":44,"w":1,"h":1,"t":0,"c":4,"e":-1,"r":0},{"x":10,"y":12,"hp":44,"w":1,"h":1,"t":0,"c":4,"e":-1,"r":0},{"x":6,"y":14,"hp":26,"w":1,"h":1,"t":0,"c":5,"e":-1,"r":0},{"x":3,"y":6,"hp":30,"w":1,"h":1,"t":0,"c":4,"e":-1,"r":0},{"x":7,"y":6,"hp":30,"w":1,"h":1,"t":0,"c":4,"e":-1,"r":0},{"x":4,"y":6,"hp":30,"w":1,"h":1,"t":0,"c":4,"e":-1,"r":0},{"x":6,"y":6,"hp":30,"w":1,"h":1,"t":0,"c":4,"e":-1,"r":0},{"x":3,"y":12,"hp":44,"w":1,"h":1,"t":0,"c":4,"e":-1,"r":0},{"x":9,"y":6,"hp":30,"w":1,"h":1,"t":0,"c":3,"e":-1,"r":0},{"x":10,"y":7,"hp":32,"w":1,"h":1,"t":0,"c":2,"e":-1,"r":0},{"x":4,"y":5,"hp":30,"w":1,"h":1,"t":0,"c":3,"e":-1,"r":0},{"x":2,"y":5,"hp":30,"w":1,"h":1,"t":0,"c":3,"e":-1,"r":0},{"x":1,"y":6,"hp":30,"w":1,"h":1,"t":0,"c":3,"e":-1,"r":0},{"x":0,"y":7,"hp":32,"w":1,"h":1,"t":0,"c":2,"e":-1,"r":0},{"x":9,"y":9,"hp":55,"w":1,"h":1,"t":1,"c":5,"e":-1,"r":2},{"x":1,"y":9,"hp":55,"w":1,"h":1,"t":1,"c":5,"e":-1,"r":3},{"x":7,"y":12,"hp":44,"w":1,"h":1,"t":1,"c":5,"e":-1,"r":1},{"x":4,"y":12,"hp":44,"w":1,"h":1,"t":1,"c":5,"e":-1,"r":1},{"x":10,"y":11,"hp":35,"w":1,"h":1,"t":2,"c":5,"e":-1,"r":0},{"x":8,"y":7,"hp":32,"w":1,"h":1,"t":2,"c":2,"e":-1,"r":0},{"x":3,"y":7,"hp":32,"w":1,"h":1,"t":1,"c":2,"e":-1,"r":3},{"x":2,"y":9,"hp":55,"w":1,"h":1,"t":1,"c":5,"e":-1,"r":3},{"x":2,"y":6,"hp":30,"w":1,"h":1,"t":1,"c":5,"e":-1,"r":0},{"x":8,"y":5,"hp":30,"w":1,"h":1,"t":1,"c":3,"e":-1,"r":3}],"bu":[{"x":2,"y":11,"buff":1},{"x":2,"y":13,"buff":3},{"x":4,"y":10,"buff":1},{"x":4,"y":9,"buff":1},{"x":5,"y":9,"buff":1},{"x":5,"y":10,"buff":1},{"x":6,"y":10,"buff":1},{"x":6,"y":9,"buff":1},{"x":8,"y":11,"buff":1},{"x":5,"y":8,"buff":6}]}