{"l":3,"h":13,"w":11,"br":[{"x":4,"y":7,"hp":10,"w":1,"h":1,"t":0,"c":6,"e":-1,"r":0},{"x":4,"y":8,"hp":10,"w":1,"h":1,"t":0,"c":6,"e":-1,"r":0},{"x":4,"y":9,"hp":10,"w":1,"h":1,"t":0,"c":6,"e":-1,"r":0},{"x":4,"y":10,"hp":10,"w":1,"h":1,"t":0,"c":6,"e":-1,"r":0},{"x":4,"y":11,"hp":10,"w":1,"h":1,"t":0,"c":6,"e":-1,"r":0},{"x":5,"y":10,"hp":5,"w":1,"h":1,"t":0,"c":8,"e":-1,"r":0},{"x":5,"y":9,"hp":5,"w":1,"h":1,"t":0,"c":8,"e":-1,"r":0},{"x":5,"y":8,"hp":5,"w":1,"h":1,"t":0,"c":8,"e":-1,"r":0},{"x":6,"y":8,"hp":5,"w":1,"h":1,"t":0,"c":8,"e":-1,"r":0},{"x":6,"y":9,"hp":5,"w":1,"h":1,"t":0,"c":8,"e":-1,"r":0},{"x":7,"y":8,"hp":5,"w":1,"h":1,"t":0,"c":8,"e":-1,"r":0},{"x":5,"y":11,"hp":5,"w":1,"h":1,"t":1,"c":8,"e":-1,"r":0},{"x":6,"y":10,"hp":5,"w":1,"h":1,"t":1,"c":8,"e":-1,"r":0},{"x":7,"y":9,"hp":5,"w":1,"h":1,"t":1,"c":8,"e":-1,"r":0},{"x":8,"y":8,"hp":5,"w":1,"h":1,"t":1,"c":8,"e":-1,"r":0},{"x":1,"y":6,"hp":25,"w":1,"h":1,"t":0,"c":5,"e":-1,"r":0},{"x":2,"y":6,"hp":25,"w":1,"h":1,"t":0,"c":5,"e":-1,"r":0},{"x":3,"y":6,"hp":25,"w":1,"h":1,"t":0,"c":5,"e":-1,"r":0},{"x":4,"y":6,"hp":25,"w":1,"h":1,"t":0,"c":5,"e":-1,"r":0},{"x":5,"y":6,"hp":25,"w":1,"h":1,"t":0,"c":5,"e":-1,"r":0},{"x":6,"y":6,"hp":25,"w":1,"h":1,"t":0,"c":5,"e":-1,"r":0},{"x":7,"y":6,"hp":25,"w":1,"h":1,"t":0,"c":5,"e":-1,"r":0},{"x":8,"y":6,"hp":25,"w":1,"h":1,"t":0,"c":5,"e":-1,"r":0},{"x":9,"y":6,"hp":25,"w":1,"h":1,"t":0,"c":5,"e":-1,"r":0},{"x":8,"y":5,"hp":27,"w":1,"h":1,"t":0,"c":5,"e":-1,"r":0},{"x":7,"y":5,"hp":27,"w":1,"h":1,"t":0,"c":5,"e":-1,"r":0},{"x":6,"y":5,"hp":27,"w":1,"h":1,"t":0,"c":5,"e":-1,"r":0},{"x":5,"y":5,"hp":27,"w":1,"h":1,"t":0,"c":5,"e":-1,"r":0},{"x":4,"y":5,"hp":27,"w":1,"h":1,"t":0,"c":5,"e":-1,"r":0},{"x":3,"y":5,"hp":27,"w":1,"h":1,"t":0,"c":5,"e":-1,"r":0},{"x":2,"y":5,"hp":27,"w":1,"h":1,"t":0,"c":5,"e":-1,"r":0}],"bu":[{"x":6,"y":7,"buff":0},{"x":7,"y":7,"buff":0},{"x":8,"y":7,"buff":0},{"x":5,"y":7,"buff":0},{"x":10,"y":6,"buff":3},{"x":10,"y":5,"buff":3},{"x":2,"y":8,"buff":0},{"x":2,"y":10,"buff":0},{"x":4,"y":12,"buff":2}]}