{"l":112,"h":20,"w":11,"br":[{"x":2,"y":5,"hp":370,"w":7,"h":1,"t":0,"c":3,"e":-1,"r":0},{"x":0,"y":6,"hp":50,"w":1,"h":1,"t":0,"c":0,"e":-1,"r":0},{"x":0,"y":7,"hp":55,"w":1,"h":1,"t":0,"c":0,"e":-1,"r":0},{"x":0,"y":8,"hp":88,"w":1,"h":1,"t":0,"c":0,"e":-1,"r":0},{"x":1,"y":10,"hp":56,"w":1,"h":1,"t":0,"c":0,"e":-1,"r":0},{"x":2,"y":10,"hp":56,"w":1,"h":1,"t":0,"c":0,"e":-1,"r":0},{"x":3,"y":10,"hp":56,"w":1,"h":1,"t":0,"c":0,"e":-1,"r":0},{"x":2,"y":11,"hp":78,"w":1,"h":1,"t":0,"c":0,"e":-1,"r":0},{"x":3,"y":11,"hp":78,"w":1,"h":1,"t":0,"c":0,"e":-1,"r":0},{"x":2,"y":12,"hp":70,"w":1,"h":1,"t":0,"c":0,"e":-1,"r":0},{"x":3,"y":12,"hp":70,"w":1,"h":1,"t":0,"c":0,"e":-1,"r":0},{"x":0,"y":13,"hp":178,"w":1,"h":1,"t":0,"c":0,"e":-1,"r":0},{"x":1,"y":13,"hp":178,"w":1,"h":1,"t":0,"c":0,"e":-1,"r":0},{"x":3,"y":13,"hp":178,"w":1,"h":1,"t":0,"c":0,"e":-1,"r":0},{"x":4,"y":13,"hp":178,"w":1,"h":1,"t":0,"c":0,"e":-1,"r":0},{"x":5,"y":13,"hp":178,"w":1,"h":1,"t":0,"c":0,"e":-1,"r":0},{"x":1,"y":14,"hp":88,"w":1,"h":1,"t":0,"c":6,"e":-1,"r":0},{"x":3,"y":14,"hp":88,"w":1,"h":1,"t":0,"c":6,"e":-1,"r":0},{"x":4,"y":14,"hp":88,"w":1,"h":1,"t":0,"c":6,"e":-1,"r":0},{"x":5,"y":14,"hp":88,"w":1,"h":1,"t":0,"c":6,"e":7,"r":0},{"x":2,"y":15,"hp":102,"w":1,"h":1,"t":0,"c":0,"e":-1,"r":0},{"x":3,"y":15,"hp":102,"w":1,"h":1,"t":0,"c":0,"e":-1,"r":0},{"x":5,"y":15,"hp":102,"w":1,"h":1,"t":0,"c":0,"e":-1,"r":0},{"x":4,"y":16,"hp":105,"w":1,"h":1,"t":0,"c":6,"e":-1,"r":0},{"x":5,"y":16,"hp":105,"w":1,"h":1,"t":0,"c":6,"e":5,"r":0},{"x":0,"y":17,"hp":95,"w":1,"h":1,"t":0,"c":0,"e":-1,"r":0},{"x":3,"y":17,"hp":95,"w":1,"h":1,"t":0,"c":0,"e":-1,"r":0},{"x":4,"y":17,"hp":95,"w":1,"h":1,"t":0,"c":0,"e":-1,"r":0},{"x":5,"y":17,"hp":95,"w":1,"h":1,"t":0,"c":0,"e":-1,"r":0},{"x":0,"y":18,"hp":107,"w":1,"h":1,"t":0,"c":6,"e":-1,"r":0},{"x":5,"y":18,"hp":107,"w":1,"h":1,"t":0,"c":6,"e":-1,"r":0},{"x":4,"y":19,"hp":80,"w":1,"h":1,"t":0,"c":0,"e":-1,"r":0},{"x":5,"y":19,"hp":80,"w":1,"h":1,"t":0,"c":0,"e":-1,"r":0},{"x":10,"y":6,"hp":50,"w":1,"h":1,"t":0,"c":0,"e":-1,"r":0},{"x":10,"y":7,"hp":55,"w":1,"h":1,"t":0,"c":0,"e":-1,"r":0},{"x":10,"y":8,"hp":88,"w":1,"h":1,"t":0,"c":0,"e":-1,"r":0},{"x":9,"y":10,"hp":56,"w":1,"h":1,"t":0,"c":0,"e":-1,"r":0},{"x":8,"y":10,"hp":56,"w":1,"h":1,"t":0,"c":0,"e":-1,"r":0},{"x":7,"y":10,"hp":56,"w":1,"h":1,"t":0,"c":0,"e":2,"r":0},{"x":8,"y":11,"hp":78,"w":1,"h":1,"t":0,"c":0,"e":-1,"r":0},{"x":7,"y":11,"hp":78,"w":1,"h":1,"t":0,"c":0,"e":-1,"r":0},{"x":8,"y":12,"hp":70,"w":1,"h":1,"t":0,"c":0,"e":-1,"r":0},{"x":7,"y":12,"hp":70,"w":1,"h":1,"t":0,"c":0,"e":-1,"r":0},{"x":10,"y":13,"hp":178,"w":1,"h":1,"t":0,"c":0,"e":-1,"r":0},{"x":9,"y":13,"hp":178,"w":1,"h":1,"t":0,"c":0,"e":-1,"r":0},{"x":7,"y":13,"hp":178,"w":1,"h":1,"t":0,"c":0,"e":-1,"r":0},{"x":6,"y":13,"hp":178,"w":1,"h":1,"t":0,"c":0,"e":-1,"r":0},{"x":9,"y":14,"hp":88,"w":1,"h":1,"t":0,"c":6,"e":-1,"r":0},{"x":8,"y":14,"hp":88,"w":1,"h":1,"t":0,"c":6,"e":-1,"r":0},{"x":7,"y":14,"hp":88,"w":1,"h":1,"t":0,"c":6,"e":-1,"r":0},{"x":6,"y":14,"hp":88,"w":1,"h":1,"t":0,"c":6,"e":-1,"r":0},{"x":8,"y":15,"hp":102,"w":1,"h":1,"t":0,"c":0,"e":-1,"r":0},{"x":7,"y":15,"hp":102,"w":1,"h":1,"t":0,"c":0,"e":-1,"r":0},{"x":6,"y":16,"hp":105,"w":1,"h":1,"t":0,"c":6,"e":-1,"r":0},{"x":7,"y":17,"hp":95,"w":1,"h":1,"t":0,"c":0,"e":-1,"r":0},{"x":6,"y":17,"hp":95,"w":1,"h":1,"t":0,"c":0,"e":-1,"r":0},{"x":8,"y":18,"hp":107,"w":1,"h":1,"t":0,"c":6,"e":-1,"r":0},{"x":8,"y":19,"hp":80,"w":1,"h":1,"t":0,"c":0,"e":-1,"r":0},{"x":6,"y":19,"hp":80,"w":1,"h":1,"t":0,"c":0,"e":-1,"r":0},{"x":2,"y":8,"hp":88,"w":1,"h":1,"t":0,"c":6,"e":-1,"r":0},{"x":3,"y":8,"hp":88,"w":1,"h":1,"t":0,"c":6,"e":-1,"r":0},{"x":4,"y":8,"hp":88,"w":1,"h":1,"t":0,"c":6,"e":-1,"r":0},{"x":5,"y":8,"hp":88,"w":1,"h":1,"t":0,"c":6,"e":-1,"r":0},{"x":6,"y":8,"hp":88,"w":1,"h":1,"t":0,"c":6,"e":-1,"r":0},{"x":7,"y":8,"hp":88,"w":1,"h":1,"t":0,"c":6,"e":-1,"r":0},{"x":8,"y":8,"hp":88,"w":1,"h":1,"t":0,"c":6,"e":-1,"r":0},{"x":7,"y":9,"hp":65,"w":1,"h":1,"t":0,"c":6,"e":-1,"r":0},{"x":6,"y":9,"hp":65,"w":1,"h":1,"t":0,"c":6,"e":-1,"r":0},{"x":5,"y":9,"hp":65,"w":1,"h":1,"t":0,"c":6,"e":-1,"r":0},{"x":4,"y":9,"hp":65,"w":1,"h":1,"t":0,"c":6,"e":-1,"r":0},{"x":3,"y":9,"hp":65,"w":1,"h":1,"t":0,"c":6,"e":-1,"r":0},{"x":5,"y":10,"hp":56,"w":1,"h":1,"t":0,"c":6,"e":-1,"r":0},{"x":3,"y":7,"hp":55,"w":1,"h":1,"t":0,"c":6,"e":-1,"r":0},{"x":4,"y":7,"hp":55,"w":1,"h":1,"t":0,"c":6,"e":-1,"r":0},{"x":5,"y":7,"hp":55,"w":1,"h":1,"t":0,"c":6,"e":-1,"r":0},{"x":6,"y":7,"hp":55,"w":1,"h":1,"t":0,"c":6,"e":-1,"r":0},{"x":7,"y":7,"hp":55,"w":1,"h":1,"t":0,"c":6,"e":-1,"r":0},{"x":5,"y":11,"hp":78,"w":1,"h":1,"t":0,"c":6,"e":-1,"r":0},{"x":5,"y":12,"hp":70,"w":1,"h":1,"t":0,"c":6,"e":-1,"r":0},{"x":4,"y":11,"hp":78,"w":1,"h":1,"t":0,"c":6,"e":-1,"r":0},{"x":6,"y":11,"hp":78,"w":1,"h":1,"t":0,"c":6,"e":-1,"r":0},{"x":3,"y":18,"hp":107,"w":1,"h":1,"t":0,"c":6,"e":-1,"r":0},{"x":4,"y":18,"hp":107,"w":1,"h":1,"t":0,"c":6,"e":-1,"r":0},{"x":7,"y":16,"hp":105,"w":1,"h":1,"t":0,"c":6,"e":-1,"r":0},{"x":8,"y":16,"hp":105,"w":1,"h":1,"t":0,"c":6,"e":-1,"r":0},{"x":1,"y":16,"hp":105,"w":1,"h":1,"t":0,"c":6,"e":3,"r":0},{"x":0,"y":16,"hp":105,"w":1,"h":1,"t":0,"c":6,"e":-1,"r":0},{"x":4,"y":15,"hp":60,"w":1,"h":1,"t":0,"c":0,"e":-1,"r":0},{"x":6,"y":15,"hp":60,"w":1,"h":1,"t":0,"c":0,"e":-1,"r":0},{"x":0,"y":19,"hp":60,"w":1,"h":1,"t":0,"c":0,"e":-1,"r":0},{"x":7,"y":19,"hp":60,"w":1,"h":1,"t":0,"c":0,"e":-1,"r":0},{"x":0,"y":14,"hp":88,"w":1,"h":1,"t":0,"c":6,"e":-1,"r":0},{"x":10,"y":12,"hp":60,"w":1,"h":1,"t":0,"c":0,"e":-1,"r":0},{"x":10,"y":11,"hp":78,"w":1,"h":1,"t":0,"c":0,"e":-1,"r":0},{"x":1,"y":12,"hp":60,"w":1,"h":1,"t":0,"c":0,"e":-1,"r":0},{"x":0,"y":12,"hp":60,"w":1,"h":1,"t":0,"c":0,"e":3,"r":0},{"x":0,"y":9,"hp":60,"w":1,"h":1,"t":0,"c":0,"e":-1,"r":0}],"bu":[{"x":2,"y":16,"buff":0},{"x":2,"y":9,"buff":0},{"x":9,"y":12,"buff":0},{"x":7,"y":18,"buff":0},{"x":4,"y":10,"buff":8},{"x":6,"y":10,"buff":8},{"x":2,"y":18,"buff":3},{"x":9,"y":15,"buff":2},{"x":4,"y":6,"buff":1},{"x":6,"y":6,"buff":1},{"x":10,"y":9,"buff":1},{"x":1,"y":11,"buff":1},{"x":10,"y":18,"buff":1},{"x":5,"y":6,"buff":1},{"x":7,"y":6,"buff":1},{"x":3,"y":6,"buff":1}]}