{"l":272,"h":35,"w":11,"br":[{"x":4,"y":5,"hp":51,"w":1,"h":1,"t":0,"c":4,"e":-1,"r":0},{"x":5,"y":5,"hp":51,"w":1,"h":1,"t":0,"c":4,"e":-1,"r":0},{"x":5,"y":6,"hp":54,"w":1,"h":1,"t":0,"c":4,"e":-1,"r":0},{"x":5,"y":7,"hp":50,"w":1,"h":1,"t":4,"c":2,"e":-1,"r":0},{"x":4,"y":8,"hp":60,"w":1,"h":1,"t":0,"c":2,"e":-1,"r":0},{"x":0,"y":10,"hp":107,"w":1,"h":1,"t":0,"c":4,"e":-1,"r":0},{"x":4,"y":10,"hp":107,"w":1,"h":1,"t":0,"c":4,"e":-1,"r":0},{"x":5,"y":10,"hp":107,"w":1,"h":1,"t":0,"c":4,"e":-1,"r":0},{"x":0,"y":11,"hp":30,"w":1,"h":1,"t":0,"c":4,"e":-1,"r":0},{"x":1,"y":11,"hp":30,"w":1,"h":1,"t":0,"c":4,"e":-1,"r":0},{"x":2,"y":11,"hp":30,"w":1,"h":1,"t":0,"c":4,"e":-1,"r":0},{"x":0,"y":12,"hp":82,"w":1,"h":1,"t":0,"c":4,"e":-1,"r":0},{"x":2,"y":12,"hp":82,"w":1,"h":1,"t":0,"c":4,"e":-1,"r":0},{"x":4,"y":12,"hp":82,"w":1,"h":1,"t":0,"c":4,"e":-1,"r":0},{"x":3,"y":13,"hp":100,"w":1,"h":1,"t":0,"c":4,"e":-1,"r":0},{"x":4,"y":13,"hp":100,"w":1,"h":1,"t":0,"c":4,"e":-1,"r":0},{"x":2,"y":14,"hp":78,"w":1,"h":1,"t":0,"c":4,"e":-1,"r":0},{"x":3,"y":14,"hp":78,"w":1,"h":1,"t":0,"c":4,"e":-1,"r":0},{"x":4,"y":14,"hp":78,"w":1,"h":1,"t":0,"c":4,"e":-1,"r":0},{"x":5,"y":14,"hp":78,"w":1,"h":1,"t":3,"c":4,"e":-1,"r":0},{"x":1,"y":15,"hp":70,"w":1,"h":1,"t":0,"c":4,"e":-1,"r":0},{"x":3,"y":15,"hp":70,"w":1,"h":1,"t":5,"c":4,"e":-1,"r":0},{"x":5,"y":15,"hp":70,"w":1,"h":1,"t":0,"c":4,"e":-1,"r":0},{"x":0,"y":16,"hp":131,"w":1,"h":1,"t":0,"c":4,"e":-1,"r":0},{"x":1,"y":16,"hp":131,"w":1,"h":1,"t":0,"c":4,"e":-1,"r":0},{"x":2,"y":16,"hp":131,"w":1,"h":1,"t":5,"c":4,"e":-1,"r":0},{"x":3,"y":16,"hp":131,"w":1,"h":1,"t":0,"c":4,"e":-1,"r":0},{"x":2,"y":17,"hp":88,"w":1,"h":1,"t":0,"c":4,"e":-1,"r":0},{"x":4,"y":17,"hp":88,"w":1,"h":1,"t":0,"c":4,"e":-1,"r":0},{"x":5,"y":17,"hp":88,"w":1,"h":1,"t":0,"c":4,"e":-1,"r":0},{"x":1,"y":18,"hp":87,"w":1,"h":1,"t":0,"c":4,"e":-1,"r":0},{"x":2,"y":18,"hp":87,"w":1,"h":1,"t":0,"c":4,"e":7,"r":0},{"x":4,"y":18,"hp":87,"w":1,"h":1,"t":0,"c":4,"e":-1,"r":0},{"x":5,"y":18,"hp":87,"w":1,"h":1,"t":0,"c":4,"e":-1,"r":0},{"x":4,"y":19,"hp":102,"w":1,"h":1,"t":0,"c":4,"e":-1,"r":0},{"x":5,"y":19,"hp":102,"w":1,"h":1,"t":5,"c":4,"e":-1,"r":0},{"x":1,"y":20,"hp":158,"w":1,"h":1,"t":0,"c":4,"e":-1,"r":0},{"x":2,"y":20,"hp":158,"w":1,"h":1,"t":0,"c":4,"e":-1,"r":0},{"x":4,"y":20,"hp":158,"w":1,"h":1,"t":0,"c":4,"e":-1,"r":0},{"x":0,"y":21,"hp":110,"w":1,"h":1,"t":0,"c":4,"e":-1,"r":0},{"x":1,"y":21,"hp":110,"w":1,"h":1,"t":4,"c":4,"e":-1,"r":0},{"x":4,"y":21,"hp":110,"w":1,"h":1,"t":0,"c":4,"e":-1,"r":0},{"x":1,"y":23,"hp":66,"w":1,"h":1,"t":0,"c":4,"e":-1,"r":0},{"x":3,"y":23,"hp":66,"w":1,"h":1,"t":0,"c":4,"e":-1,"r":0},{"x":4,"y":23,"hp":66,"w":1,"h":1,"t":0,"c":4,"e":-1,"r":0},{"x":5,"y":23,"hp":66,"w":1,"h":1,"t":0,"c":4,"e":-1,"r":0},{"x":1,"y":24,"hp":74,"w":1,"h":1,"t":0,"c":4,"e":-1,"r":0},{"x":1,"y":26,"hp":77,"w":1,"h":1,"t":0,"c":4,"e":-1,"r":0},{"x":2,"y":26,"hp":77,"w":1,"h":1,"t":0,"c":4,"e":-1,"r":0},{"x":5,"y":26,"hp":77,"w":1,"h":1,"t":0,"c":4,"e":-1,"r":0},{"x":2,"y":27,"hp":55,"w":1,"h":1,"t":0,"c":4,"e":-1,"r":0},{"x":4,"y":27,"hp":55,"w":1,"h":1,"t":4,"c":4,"e":-1,"r":0},{"x":5,"y":27,"hp":55,"w":1,"h":1,"t":0,"c":4,"e":-1,"r":0},{"x":3,"y":28,"hp":100,"w":1,"h":1,"t":0,"c":4,"e":-1,"r":0},{"x":5,"y":28,"hp":100,"w":1,"h":1,"t":5,"c":4,"e":-1,"r":0},{"x":2,"y":29,"hp":92,"w":1,"h":1,"t":0,"c":4,"e":-1,"r":0},{"x":3,"y":29,"hp":92,"w":1,"h":1,"t":3,"c":4,"e":-1,"r":0},{"x":5,"y":29,"hp":92,"w":1,"h":1,"t":0,"c":4,"e":-1,"r":0},{"x":3,"y":30,"hp":107,"w":1,"h":1,"t":2,"c":4,"e":-1,"r":0},{"x":5,"y":30,"hp":107,"w":1,"h":1,"t":0,"c":4,"e":-1,"r":0},{"x":1,"y":31,"hp":77,"w":1,"h":1,"t":0,"c":4,"e":-1,"r":0},{"x":2,"y":31,"hp":77,"w":1,"h":1,"t":5,"c":4,"e":-1,"r":0},{"x":3,"y":31,"hp":77,"w":1,"h":1,"t":0,"c":4,"e":-1,"r":0},{"x":4,"y":31,"hp":77,"w":1,"h":1,"t":0,"c":4,"e":-1,"r":0},{"x":5,"y":31,"hp":77,"w":1,"h":1,"t":0,"c":4,"e":-1,"r":0},{"x":0,"y":32,"hp":110,"w":1,"h":1,"t":0,"c":4,"e":-1,"r":0},{"x":1,"y":32,"hp":110,"w":1,"h":1,"t":5,"c":4,"e":-1,"r":0},{"x":2,"y":32,"hp":110,"w":1,"h":1,"t":1,"c":4,"e":-1,"r":3},{"x":3,"y":32,"hp":110,"w":1,"h":1,"t":0,"c":4,"e":-1,"r":0},{"x":5,"y":32,"hp":110,"w":1,"h":1,"t":2,"c":4,"e":-1,"r":0},{"x":1,"y":33,"hp":87,"w":1,"h":1,"t":0,"c":4,"e":-1,"r":0},{"x":2,"y":33,"hp":87,"w":1,"h":1,"t":0,"c":4,"e":-1,"r":0},{"x":3,"y":33,"hp":87,"w":1,"h":1,"t":5,"c":4,"e":-1,"r":0},{"x":4,"y":33,"hp":87,"w":1,"h":1,"t":0,"c":4,"e":-1,"r":0},{"x":5,"y":33,"hp":87,"w":1,"h":1,"t":0,"c":4,"e":-1,"r":0},{"x":6,"y":5,"hp":51,"w":1,"h":1,"t":0,"c":4,"e":-1,"r":0},{"x":6,"y":8,"hp":60,"w":1,"h":1,"t":0,"c":2,"e":-1,"r":0},{"x":10,"y":10,"hp":107,"w":1,"h":1,"t":0,"c":4,"e":-1,"r":0},{"x":6,"y":10,"hp":107,"w":1,"h":1,"t":0,"c":4,"e":-1,"r":0},{"x":10,"y":11,"hp":30,"w":1,"h":1,"t":0,"c":4,"e":7,"r":0},{"x":8,"y":11,"hp":30,"w":1,"h":1,"t":0,"c":4,"e":-1,"r":0},{"x":10,"y":12,"hp":82,"w":1,"h":1,"t":0,"c":4,"e":-1,"r":0},{"x":8,"y":12,"hp":82,"w":1,"h":1,"t":0,"c":4,"e":-1,"r":0},{"x":7,"y":12,"hp":82,"w":1,"h":1,"t":0,"c":4,"e":-1,"r":0},{"x":6,"y":12,"hp":82,"w":1,"h":1,"t":0,"c":4,"e":-1,"r":0},{"x":10,"y":13,"hp":100,"w":1,"h":1,"t":0,"c":4,"e":-1,"r":0},{"x":7,"y":13,"hp":100,"w":1,"h":1,"t":0,"c":4,"e":-1,"r":0},{"x":6,"y":13,"hp":100,"w":1,"h":1,"t":0,"c":4,"e":-1,"r":0},{"x":6,"y":14,"hp":78,"w":1,"h":1,"t":0,"c":4,"e":-1,"r":0},{"x":7,"y":15,"hp":70,"w":1,"h":1,"t":5,"c":4,"e":-1,"r":0},{"x":10,"y":16,"hp":131,"w":1,"h":1,"t":0,"c":4,"e":-1,"r":0},{"x":9,"y":16,"hp":131,"w":1,"h":1,"t":0,"c":4,"e":-1,"r":0},{"x":7,"y":17,"hp":88,"w":1,"h":1,"t":0,"c":4,"e":-1,"r":0},{"x":6,"y":17,"hp":88,"w":1,"h":1,"t":0,"c":4,"e":-1,"r":0},{"x":9,"y":18,"hp":87,"w":1,"h":1,"t":0,"c":4,"e":-1,"r":0},{"x":8,"y":18,"hp":87,"w":1,"h":1,"t":0,"c":4,"e":-1,"r":0},{"x":6,"y":18,"hp":87,"w":1,"h":1,"t":0,"c":4,"e":-1,"r":0},{"x":9,"y":19,"hp":102,"w":1,"h":1,"t":4,"c":4,"e":-1,"r":0},{"x":8,"y":19,"hp":102,"w":1,"h":1,"t":0,"c":4,"e":-1,"r":0},{"x":6,"y":19,"hp":102,"w":1,"h":1,"t":0,"c":4,"e":-1,"r":0},{"x":9,"y":20,"hp":158,"w":1,"h":1,"t":0,"c":4,"e":-1,"r":0},{"x":8,"y":20,"hp":158,"w":1,"h":1,"t":0,"c":4,"e":-1,"r":0},{"x":9,"y":21,"hp":110,"w":1,"h":1,"t":4,"c":4,"e":-1,"r":0},{"x":7,"y":22,"hp":78,"w":1,"h":1,"t":0,"c":4,"e":-1,"r":0},{"x":10,"y":23,"hp":66,"w":1,"h":1,"t":0,"c":4,"e":-1,"r":0},{"x":7,"y":23,"hp":66,"w":1,"h":1,"t":0,"c":4,"e":-1,"r":0},{"x":6,"y":23,"hp":66,"w":1,"h":1,"t":0,"c":4,"e":-1,"r":0},{"x":10,"y":25,"hp":99,"w":1,"h":1,"t":0,"c":4,"e":-1,"r":0},{"x":10,"y":26,"hp":77,"w":1,"h":1,"t":1,"c":4,"e":-1,"r":2},{"x":8,"y":26,"hp":77,"w":1,"h":1,"t":0,"c":4,"e":-1,"r":0},{"x":8,"y":27,"hp":55,"w":1,"h":1,"t":0,"c":4,"e":-1,"r":0},{"x":7,"y":28,"hp":100,"w":1,"h":1,"t":0,"c":4,"e":-1,"r":0},{"x":9,"y":29,"hp":92,"w":1,"h":1,"t":0,"c":4,"e":-1,"r":0},{"x":8,"y":29,"hp":92,"w":1,"h":1,"t":0,"c":4,"e":-1,"r":0},{"x":7,"y":29,"hp":92,"w":1,"h":1,"t":3,"c":4,"e":-1,"r":0},{"x":10,"y":30,"hp":107,"w":1,"h":1,"t":0,"c":4,"e":-1,"r":0},{"x":7,"y":30,"hp":107,"w":1,"h":1,"t":2,"c":4,"e":-1,"r":0},{"x":10,"y":31,"hp":77,"w":1,"h":1,"t":0,"c":4,"e":-1,"r":0},{"x":8,"y":31,"hp":77,"w":1,"h":1,"t":5,"c":4,"e":-1,"r":0},{"x":6,"y":31,"hp":77,"w":1,"h":1,"t":0,"c":4,"e":-1,"r":0},{"x":8,"y":32,"hp":110,"w":1,"h":1,"t":1,"c":4,"e":-1,"r":2},{"x":9,"y":33,"hp":87,"w":1,"h":1,"t":0,"c":4,"e":-1,"r":0},{"x":8,"y":33,"hp":87,"w":1,"h":1,"t":0,"c":4,"e":-1,"r":0},{"x":7,"y":33,"hp":87,"w":1,"h":1,"t":5,"c":4,"e":-1,"r":0},{"x":6,"y":21,"hp":200,"w":2,"h":1,"t":0,"c":4,"e":-1,"r":0},{"x":4,"y":11,"hp":320,"w":4,"h":1,"t":0,"c":4,"e":-1,"r":0},{"x":7,"y":19,"hp":102,"w":1,"h":1,"t":0,"c":4,"e":-1,"r":0},{"x":1,"y":8,"hp":50,"w":1,"h":1,"t":3,"c":2,"e":-1,"r":0},{"x":9,"y":8,"hp":50,"w":1,"h":1,"t":3,"c":2,"e":-1,"r":0},{"x":2,"y":9,"hp":50,"w":1,"h":1,"t":3,"c":2,"e":-1,"r":0},{"x":4,"y":9,"hp":50,"w":1,"h":1,"t":3,"c":2,"e":-1,"r":0},{"x":5,"y":9,"hp":50,"w":1,"h":1,"t":3,"c":2,"e":-1,"r":0},{"x":6,"y":9,"hp":50,"w":1,"h":1,"t":3,"c":2,"e":-1,"r":0},{"x":8,"y":9,"hp":50,"w":1,"h":1,"t":3,"c":2,"e":-1,"r":0},{"x":7,"y":5,"hp":51,"w":1,"h":1,"t":0,"c":4,"e":-1,"r":0},{"x":3,"y":5,"hp":51,"w":1,"h":1,"t":0,"c":4,"e":-1,"r":0},{"x":6,"y":15,"hp":70,"w":1,"h":1,"t":0,"c":4,"e":7,"r":0},{"x":4,"y":15,"hp":70,"w":1,"h":1,"t":0,"c":4,"e":-1,"r":0},{"x":2,"y":15,"hp":70,"w":1,"h":1,"t":0,"c":4,"e":-1,"r":0},{"x":3,"y":22,"hp":78,"w":1,"h":1,"t":0,"c":4,"e":-1,"r":0},{"x":4,"y":22,"hp":78,"w":1,"h":1,"t":0,"c":4,"e":-1,"r":0},{"x":5,"y":22,"hp":78,"w":1,"h":1,"t":0,"c":4,"e":-1,"r":0},{"x":6,"y":22,"hp":78,"w":1,"h":1,"t":0,"c":4,"e":-1,"r":0},{"x":1,"y":25,"hp":99,"w":1,"h":1,"t":0,"c":4,"e":-1,"r":0},{"x":2,"y":25,"hp":99,"w":1,"h":1,"t":0,"c":4,"e":-1,"r":0},{"x":3,"y":25,"hp":99,"w":1,"h":1,"t":0,"c":4,"e":-1,"r":0},{"x":4,"y":25,"hp":99,"w":1,"h":1,"t":0,"c":4,"e":-1,"r":0},{"x":5,"y":25,"hp":99,"w":1,"h":1,"t":0,"c":4,"e":-1,"r":0},{"x":10,"y":24,"hp":74,"w":1,"h":1,"t":0,"c":4,"e":-1,"r":0},{"x":2,"y":30,"hp":107,"w":1,"h":1,"t":0,"c":4,"e":-1,"r":0},{"x":1,"y":30,"hp":107,"w":1,"h":1,"t":0,"c":4,"e":-1,"r":0},{"x":3,"y":27,"hp":55,"w":1,"h":1,"t":0,"c":4,"e":-1,"r":0},{"x":3,"y":26,"hp":77,"w":1,"h":1,"t":0,"c":4,"e":-1,"r":0},{"x":4,"y":26,"hp":77,"w":1,"h":1,"t":0,"c":4,"e":-1,"r":0},{"x":9,"y":30,"hp":107,"w":1,"h":1,"t":0,"c":4,"e":-1,"r":0},{"x":8,"y":30,"hp":107,"w":1,"h":1,"t":0,"c":4,"e":-1,"r":0},{"x":4,"y":32,"hp":110,"w":1,"h":1,"t":0,"c":4,"e":-1,"r":0},{"x":7,"y":18,"hp":87,"w":1,"h":1,"t":0,"c":4,"e":-1,"r":0},{"x":2,"y":28,"hp":50,"w":1,"h":1,"t":0,"c":4,"e":-1,"r":0},{"x":8,"y":28,"hp":50,"w":1,"h":1,"t":0,"c":4,"e":-1,"r":0},{"x":5,"y":12,"hp":50,"w":1,"h":1,"t":0,"c":4,"e":-1,"r":0},{"x":5,"y":13,"hp":50,"w":1,"h":1,"t":0,"c":4,"e":-1,"r":0},{"x":10,"y":15,"hp":70,"w":1,"h":1,"t":0,"c":4,"e":-1,"r":0},{"x":10,"y":14,"hp":50,"w":1,"h":1,"t":0,"c":4,"e":-1,"r":0},{"x":5,"y":8,"hp":50,"w":1,"h":1,"t":0,"c":2,"e":-1,"r":0},{"x":8,"y":5,"hp":50,"w":1,"h":1,"t":0,"c":4,"e":-1,"r":0},{"x":2,"y":5,"hp":50,"w":1,"h":1,"t":0,"c":4,"e":-1,"r":0},{"x":1,"y":5,"hp":50,"w":1,"h":1,"t":0,"c":4,"e":-1,"r":0},{"x":9,"y":5,"hp":50,"w":1,"h":1,"t":0,"c":4,"e":-1,"r":0},{"x":2,"y":7,"hp":50,"w":1,"h":1,"t":3,"c":2,"e":-1,"r":0},{"x":8,"y":7,"hp":50,"w":1,"h":1,"t":3,"c":2,"e":-1,"r":0},{"x":2,"y":8,"hp":50,"w":1,"h":1,"t":0,"c":2,"e":-1,"r":0},{"x":8,"y":8,"hp":50,"w":1,"h":1,"t":0,"c":2,"e":-1,"r":0},{"x":3,"y":8,"hp":50,"w":1,"h":1,"t":3,"c":2,"e":-1,"r":0},{"x":7,"y":8,"hp":50,"w":1,"h":1,"t":3,"c":2,"e":-1,"r":0}],"bu":[{"x":9,"y":10,"buff":1},{"x":1,"y":10,"buff":1},{"x":0,"y":7,"buff":1},{"x":10,"y":18,"buff":1},{"x":8,"y":22,"buff":1},{"x":6,"y":28,"buff":1},{"x":7,"y":31,"buff":1},{"x":6,"y":34,"buff":0},{"x":7,"y":25,"buff":0},{"x":2,"y":34,"buff":0},{"x":3,"y":20,"buff":0},{"x":0,"y":26,"buff":0},{"x":8,"y":14,"buff":0},{"x":2,"y":22,"buff":5},{"x":7,"y":27,"buff":3},{"x":4,"y":29,"buff":3},{"x":9,"y":17,"buff":2},{"x":3,"y":10,"buff":3},{"x":10,"y":7,"buff":1},{"x":0,"y":13,"buff":1},{"x":1,"y":17,"buff":1},{"x":5,"y":16,"buff":2},{"x":1,"y":19,"buff":3},{"x":0,"y":25,"buff":3}]}