{"l":292,"h":30,"w":11,"br":[{"x":0,"y":5,"hp":301,"w":1,"h":3,"t":0,"c":5,"e":-1,"r":0},{"x":2,"y":13,"hp":74,"w":1,"h":1,"t":0,"c":4,"e":-1,"r":0},{"x":3,"y":13,"hp":74,"w":1,"h":1,"t":0,"c":4,"e":-1,"r":0},{"x":4,"y":13,"hp":74,"w":1,"h":1,"t":0,"c":4,"e":-1,"r":0},{"x":4,"y":14,"hp":70,"w":1,"h":1,"t":0,"c":4,"e":-1,"r":0},{"x":3,"y":15,"hp":100,"w":1,"h":1,"t":0,"c":4,"e":-1,"r":0},{"x":4,"y":16,"hp":70,"w":1,"h":1,"t":0,"c":4,"e":-1,"r":0},{"x":5,"y":16,"hp":70,"w":1,"h":1,"t":0,"c":4,"e":-1,"r":0},{"x":2,"y":17,"hp":150,"w":1,"h":1,"t":0,"c":4,"e":-1,"r":0},{"x":3,"y":17,"hp":150,"w":1,"h":1,"t":0,"c":4,"e":-1,"r":0},{"x":4,"y":17,"hp":150,"w":1,"h":1,"t":0,"c":4,"e":-1,"r":0},{"x":5,"y":17,"hp":150,"w":1,"h":1,"t":0,"c":4,"e":-1,"r":0},{"x":4,"y":18,"hp":80,"w":1,"h":1,"t":0,"c":4,"e":-1,"r":0},{"x":5,"y":18,"hp":80,"w":1,"h":1,"t":0,"c":4,"e":-1,"r":0},{"x":1,"y":19,"hp":102,"w":1,"h":1,"t":0,"c":4,"e":-1,"r":0},{"x":2,"y":19,"hp":102,"w":1,"h":1,"t":0,"c":4,"e":-1,"r":0},{"x":3,"y":19,"hp":102,"w":1,"h":1,"t":0,"c":4,"e":7,"r":0},{"x":4,"y":19,"hp":102,"w":1,"h":1,"t":0,"c":4,"e":-1,"r":0},{"x":2,"y":20,"hp":58,"w":1,"h":1,"t":0,"c":4,"e":-1,"r":0},{"x":3,"y":20,"hp":58,"w":1,"h":1,"t":4,"c":4,"e":-1,"r":0},{"x":5,"y":20,"hp":58,"w":1,"h":1,"t":0,"c":4,"e":-1,"r":0},{"x":0,"y":21,"hp":110,"w":1,"h":1,"t":0,"c":4,"e":-1,"r":0},{"x":2,"y":21,"hp":110,"w":1,"h":1,"t":0,"c":4,"e":-1,"r":0},{"x":4,"y":21,"hp":110,"w":1,"h":1,"t":0,"c":4,"e":-1,"r":0},{"x":5,"y":21,"hp":110,"w":1,"h":1,"t":0,"c":4,"e":-1,"r":0},{"x":0,"y":22,"hp":131,"w":1,"h":1,"t":0,"c":4,"e":-1,"r":0},{"x":2,"y":22,"hp":131,"w":1,"h":1,"t":0,"c":4,"e":-1,"r":0},{"x":5,"y":22,"hp":131,"w":1,"h":1,"t":5,"c":4,"e":-1,"r":0},{"x":1,"y":23,"hp":90,"w":1,"h":1,"t":0,"c":4,"e":-1,"r":0},{"x":2,"y":23,"hp":90,"w":1,"h":1,"t":0,"c":4,"e":-1,"r":0},{"x":3,"y":23,"hp":90,"w":1,"h":1,"t":0,"c":4,"e":-1,"r":0},{"x":4,"y":23,"hp":90,"w":1,"h":1,"t":0,"c":4,"e":-1,"r":0},{"x":5,"y":23,"hp":90,"w":1,"h":1,"t":1,"c":4,"e":-1,"r":1},{"x":2,"y":24,"hp":74,"w":1,"h":1,"t":0,"c":4,"e":-1,"r":0},{"x":4,"y":24,"hp":74,"w":1,"h":1,"t":0,"c":4,"e":-1,"r":0},{"x":5,"y":24,"hp":74,"w":1,"h":1,"t":0,"c":4,"e":-1,"r":0},{"x":2,"y":25,"hp":89,"w":1,"h":1,"t":0,"c":4,"e":-1,"r":0},{"x":3,"y":25,"hp":89,"w":1,"h":1,"t":0,"c":4,"e":-1,"r":0},{"x":4,"y":25,"hp":89,"w":1,"h":1,"t":0,"c":4,"e":-1,"r":0},{"x":5,"y":25,"hp":89,"w":1,"h":1,"t":0,"c":4,"e":-1,"r":0},{"x":5,"y":26,"hp":118,"w":1,"h":1,"t":0,"c":4,"e":-1,"r":0},{"x":1,"y":27,"hp":120,"w":1,"h":1,"t":0,"c":4,"e":-1,"r":0},{"x":2,"y":27,"hp":120,"w":1,"h":1,"t":0,"c":4,"e":-1,"r":0},{"x":4,"y":27,"hp":120,"w":1,"h":1,"t":0,"c":4,"e":-1,"r":0},{"x":5,"y":27,"hp":120,"w":1,"h":1,"t":0,"c":4,"e":-1,"r":0},{"x":2,"y":28,"hp":100,"w":1,"h":1,"t":0,"c":4,"e":-1,"r":0},{"x":3,"y":28,"hp":100,"w":1,"h":1,"t":0,"c":4,"e":-1,"r":0},{"x":4,"y":28,"hp":100,"w":1,"h":1,"t":0,"c":4,"e":-1,"r":0},{"x":5,"y":28,"hp":100,"w":1,"h":1,"t":0,"c":4,"e":-1,"r":0},{"x":8,"y":13,"hp":74,"w":1,"h":1,"t":0,"c":4,"e":-1,"r":0},{"x":7,"y":13,"hp":74,"w":1,"h":1,"t":0,"c":4,"e":-1,"r":0},{"x":6,"y":13,"hp":74,"w":1,"h":1,"t":0,"c":4,"e":-1,"r":0},{"x":9,"y":14,"hp":70,"w":1,"h":1,"t":0,"c":4,"e":-1,"r":0},{"x":8,"y":14,"hp":70,"w":1,"h":1,"t":4,"c":4,"e":-1,"r":0},{"x":6,"y":14,"hp":70,"w":1,"h":1,"t":0,"c":4,"e":-1,"r":0},{"x":8,"y":15,"hp":100,"w":1,"h":1,"t":0,"c":4,"e":-1,"r":0},{"x":7,"y":15,"hp":100,"w":1,"h":1,"t":0,"c":4,"e":-1,"r":0},{"x":9,"y":16,"hp":70,"w":1,"h":1,"t":0,"c":4,"e":-1,"r":0},{"x":8,"y":16,"hp":70,"w":1,"h":1,"t":0,"c":4,"e":-1,"r":0},{"x":6,"y":18,"hp":80,"w":1,"h":1,"t":0,"c":4,"e":-1,"r":0},{"x":10,"y":20,"hp":58,"w":1,"h":1,"t":0,"c":4,"e":-1,"r":0},{"x":8,"y":20,"hp":58,"w":1,"h":1,"t":0,"c":4,"e":-1,"r":0},{"x":7,"y":20,"hp":58,"w":1,"h":1,"t":4,"c":4,"e":-1,"r":0},{"x":8,"y":21,"hp":110,"w":1,"h":1,"t":0,"c":4,"e":-1,"r":0},{"x":6,"y":21,"hp":110,"w":1,"h":1,"t":0,"c":4,"e":-1,"r":0},{"x":9,"y":23,"hp":90,"w":1,"h":1,"t":0,"c":4,"e":-1,"r":0},{"x":7,"y":23,"hp":90,"w":1,"h":1,"t":0,"c":4,"e":-1,"r":0},{"x":6,"y":23,"hp":90,"w":1,"h":1,"t":0,"c":4,"e":-1,"r":0},{"x":9,"y":25,"hp":89,"w":1,"h":1,"t":0,"c":4,"e":-1,"r":0},{"x":8,"y":25,"hp":89,"w":1,"h":1,"t":0,"c":4,"e":-1,"r":0},{"x":7,"y":25,"hp":89,"w":1,"h":1,"t":0,"c":4,"e":-1,"r":0},{"x":10,"y":26,"hp":118,"w":1,"h":1,"t":0,"c":4,"e":-1,"r":0},{"x":9,"y":26,"hp":118,"w":1,"h":1,"t":0,"c":4,"e":-1,"r":0},{"x":7,"y":27,"hp":120,"w":1,"h":1,"t":0,"c":4,"e":-1,"r":0},{"x":6,"y":27,"hp":120,"w":1,"h":1,"t":0,"c":4,"e":-1,"r":0},{"x":8,"y":28,"hp":100,"w":1,"h":1,"t":0,"c":4,"e":-1,"r":0},{"x":7,"y":28,"hp":100,"w":1,"h":1,"t":0,"c":4,"e":-1,"r":0},{"x":6,"y":28,"hp":100,"w":1,"h":1,"t":0,"c":4,"e":-1,"r":0},{"x":8,"y":5,"hp":301,"w":1,"h":3,"t":0,"c":5,"e":-1,"r":0},{"x":6,"y":5,"hp":301,"w":1,"h":3,"t":0,"c":5,"e":-1,"r":0},{"x":4,"y":5,"hp":301,"w":1,"h":3,"t":0,"c":5,"e":-1,"r":0},{"x":2,"y":5,"hp":301,"w":1,"h":3,"t":0,"c":5,"e":-1,"r":0},{"x":10,"y":5,"hp":301,"w":1,"h":3,"t":0,"c":5,"e":-1,"r":0},{"x":10,"y":10,"hp":299,"w":1,"h":3,"t":0,"c":5,"e":-1,"r":0},{"x":6,"y":10,"hp":299,"w":1,"h":3,"t":0,"c":5,"e":-1,"r":0},{"x":8,"y":10,"hp":299,"w":1,"h":3,"t":0,"c":5,"e":-1,"r":0},{"x":4,"y":10,"hp":299,"w":1,"h":3,"t":0,"c":5,"e":-1,"r":0},{"x":2,"y":10,"hp":299,"w":1,"h":3,"t":0,"c":5,"e":-1,"r":0},{"x":0,"y":10,"hp":299,"w":1,"h":3,"t":0,"c":5,"e":-1,"r":0},{"x":3,"y":14,"hp":70,"w":1,"h":1,"t":0,"c":4,"e":-1,"r":0},{"x":7,"y":14,"hp":70,"w":1,"h":1,"t":0,"c":4,"e":-1,"r":0},{"x":2,"y":16,"hp":70,"w":1,"h":1,"t":0,"c":4,"e":-1,"r":0},{"x":3,"y":16,"hp":70,"w":1,"h":1,"t":0,"c":4,"e":-1,"r":0},{"x":9,"y":15,"hp":100,"w":1,"h":1,"t":0,"c":4,"e":7,"r":0},{"x":9,"y":18,"hp":80,"w":1,"h":1,"t":0,"c":4,"e":-1,"r":0},{"x":8,"y":18,"hp":80,"w":1,"h":1,"t":0,"c":4,"e":-1,"r":0},{"x":10,"y":18,"hp":80,"w":1,"h":1,"t":0,"c":4,"e":-1,"r":0},{"x":3,"y":18,"hp":80,"w":1,"h":1,"t":0,"c":4,"e":-1,"r":0},{"x":2,"y":18,"hp":80,"w":1,"h":1,"t":0,"c":4,"e":-1,"r":0},{"x":1,"y":18,"hp":80,"w":1,"h":1,"t":0,"c":4,"e":-1,"r":0},{"x":7,"y":21,"hp":110,"w":1,"h":1,"t":0,"c":4,"e":-1,"r":0},{"x":7,"y":22,"hp":131,"w":1,"h":1,"t":0,"c":4,"e":-1,"r":0},{"x":6,"y":22,"hp":131,"w":1,"h":1,"t":0,"c":4,"e":-1,"r":0},{"x":4,"y":22,"hp":131,"w":1,"h":1,"t":0,"c":4,"e":-1,"r":0},{"x":3,"y":22,"hp":131,"w":1,"h":1,"t":0,"c":4,"e":-1,"r":0},{"x":3,"y":21,"hp":110,"w":1,"h":1,"t":0,"c":4,"e":-1,"r":0},{"x":3,"y":24,"hp":74,"w":1,"h":1,"t":0,"c":4,"e":-1,"r":0},{"x":7,"y":26,"hp":118,"w":1,"h":1,"t":0,"c":4,"e":-1,"r":0},{"x":8,"y":26,"hp":118,"w":1,"h":1,"t":0,"c":4,"e":-1,"r":0},{"x":2,"y":26,"hp":118,"w":1,"h":1,"t":0,"c":4,"e":-1,"r":0},{"x":1,"y":28,"hp":100,"w":1,"h":1,"t":0,"c":4,"e":-1,"r":0},{"x":0,"y":28,"hp":100,"w":1,"h":1,"t":0,"c":4,"e":-1,"r":0},{"x":0,"y":27,"hp":120,"w":1,"h":1,"t":0,"c":4,"e":-1,"r":0},{"x":1,"y":26,"hp":118,"w":1,"h":1,"t":0,"c":4,"e":-1,"r":0},{"x":0,"y":8,"hp":70,"w":1,"h":1,"t":4,"c":2,"e":-1,"r":0},{"x":2,"y":8,"hp":70,"w":1,"h":1,"t":4,"c":2,"e":-1,"r":0},{"x":4,"y":8,"hp":70,"w":1,"h":1,"t":4,"c":2,"e":-1,"r":0},{"x":6,"y":8,"hp":70,"w":1,"h":1,"t":4,"c":2,"e":-1,"r":0},{"x":8,"y":8,"hp":70,"w":1,"h":1,"t":4,"c":2,"e":-1,"r":0},{"x":10,"y":8,"hp":70,"w":1,"h":1,"t":4,"c":2,"e":-1,"r":0},{"x":10,"y":9,"hp":70,"w":1,"h":1,"t":4,"c":2,"e":-1,"r":0},{"x":8,"y":9,"hp":70,"w":1,"h":1,"t":4,"c":2,"e":-1,"r":0},{"x":6,"y":9,"hp":70,"w":1,"h":1,"t":4,"c":2,"e":-1,"r":0},{"x":4,"y":9,"hp":70,"w":1,"h":1,"t":4,"c":2,"e":-1,"r":0},{"x":2,"y":9,"hp":70,"w":1,"h":1,"t":4,"c":2,"e":-1,"r":0},{"x":0,"y":9,"hp":70,"w":1,"h":1,"t":4,"c":2,"e":-1,"r":0},{"x":1,"y":13,"hp":74,"w":1,"h":1,"t":0,"c":4,"e":-1,"r":0},{"x":9,"y":13,"hp":74,"w":1,"h":1,"t":0,"c":4,"e":-1,"r":0},{"x":1,"y":14,"hp":70,"w":1,"h":1,"t":0,"c":4,"e":-1,"r":0},{"x":2,"y":14,"hp":70,"w":1,"h":1,"t":0,"c":4,"e":-1,"r":0},{"x":7,"y":16,"hp":70,"w":1,"h":1,"t":0,"c":4,"e":-1,"r":0},{"x":1,"y":16,"hp":70,"w":1,"h":1,"t":0,"c":4,"e":-1,"r":0},{"x":10,"y":16,"hp":70,"w":1,"h":1,"t":0,"c":4,"e":-1,"r":0}],"bu":[{"x":6,"y":19,"buff":1},{"x":10,"y":23,"buff":1},{"x":3,"y":29,"buff":1},{"x":6,"y":29,"buff":1},{"x":10,"y":28,"buff":0},{"x":1,"y":24,"buff":0},{"x":10,"y":22,"buff":0},{"x":6,"y":16,"buff":0},{"x":1,"y":17,"buff":0},{"x":1,"y":7,"buff":0},{"x":3,"y":7,"buff":0},{"x":5,"y":7,"buff":0},{"x":7,"y":7,"buff":0},{"x":9,"y":7,"buff":0},{"x":1,"y":12,"buff":0},{"x":3,"y":12,"buff":0},{"x":7,"y":12,"buff":0},{"x":9,"y":12,"buff":0},{"x":5,"y":12,"buff":0}]}