{"l":95,"h":20,"w":11,"br":[{"x":1,"y":7,"hp":55,"w":1,"h":1,"t":0,"c":3,"e":-1,"r":0},{"x":2,"y":7,"hp":55,"w":1,"h":1,"t":0,"c":3,"e":-1,"r":0},{"x":3,"y":7,"hp":55,"w":1,"h":1,"t":0,"c":3,"e":-1,"r":0},{"x":4,"y":7,"hp":55,"w":1,"h":1,"t":0,"c":3,"e":-1,"r":0},{"x":2,"y":8,"hp":74,"w":1,"h":1,"t":0,"c":4,"e":-1,"r":0},{"x":3,"y":8,"hp":74,"w":1,"h":1,"t":0,"c":4,"e":-1,"r":0},{"x":1,"y":9,"hp":106,"w":1,"h":1,"t":0,"c":4,"e":-1,"r":0},{"x":2,"y":9,"hp":106,"w":1,"h":1,"t":0,"c":4,"e":-1,"r":0},{"x":4,"y":10,"hp":74,"w":1,"h":1,"t":0,"c":4,"e":-1,"r":0},{"x":5,"y":10,"hp":74,"w":1,"h":1,"t":0,"c":4,"e":-1,"r":0},{"x":2,"y":11,"hp":80,"w":1,"h":1,"t":0,"c":4,"e":-1,"r":0},{"x":3,"y":11,"hp":80,"w":1,"h":1,"t":0,"c":4,"e":-1,"r":0},{"x":5,"y":11,"hp":80,"w":1,"h":1,"t":0,"c":4,"e":-1,"r":0},{"x":2,"y":12,"hp":55,"w":1,"h":1,"t":0,"c":4,"e":-1,"r":0},{"x":3,"y":12,"hp":55,"w":1,"h":1,"t":0,"c":4,"e":-1,"r":0},{"x":4,"y":12,"hp":55,"w":1,"h":1,"t":0,"c":4,"e":-1,"r":0},{"x":5,"y":12,"hp":55,"w":1,"h":1,"t":0,"c":4,"e":7,"r":0},{"x":0,"y":13,"hp":83,"w":1,"h":1,"t":0,"c":4,"e":-1,"r":0},{"x":4,"y":13,"hp":83,"w":1,"h":1,"t":0,"c":4,"e":-1,"r":0},{"x":5,"y":13,"hp":83,"w":1,"h":1,"t":0,"c":4,"e":-1,"r":0},{"x":1,"y":14,"hp":80,"w":1,"h":1,"t":0,"c":3,"e":-1,"r":0},{"x":2,"y":14,"hp":80,"w":1,"h":1,"t":0,"c":3,"e":-1,"r":0},{"x":4,"y":14,"hp":80,"w":1,"h":1,"t":0,"c":3,"e":-1,"r":0},{"x":5,"y":14,"hp":80,"w":1,"h":1,"t":0,"c":3,"e":-1,"r":0},{"x":0,"y":15,"hp":102,"w":1,"h":1,"t":0,"c":4,"e":-1,"r":0},{"x":1,"y":15,"hp":102,"w":1,"h":1,"t":0,"c":4,"e":-1,"r":0},{"x":5,"y":15,"hp":102,"w":1,"h":1,"t":0,"c":4,"e":-1,"r":0},{"x":0,"y":16,"hp":55,"w":1,"h":1,"t":0,"c":3,"e":-1,"r":0},{"x":1,"y":16,"hp":55,"w":1,"h":1,"t":0,"c":3,"e":-1,"r":0},{"x":4,"y":16,"hp":55,"w":1,"h":1,"t":0,"c":3,"e":-1,"r":0},{"x":5,"y":16,"hp":55,"w":1,"h":1,"t":0,"c":3,"e":-1,"r":0},{"x":0,"y":17,"hp":110,"w":1,"h":1,"t":0,"c":4,"e":-1,"r":0},{"x":1,"y":17,"hp":110,"w":1,"h":1,"t":0,"c":4,"e":-1,"r":0},{"x":3,"y":17,"hp":110,"w":1,"h":1,"t":0,"c":4,"e":-1,"r":0},{"x":5,"y":17,"hp":110,"w":1,"h":1,"t":0,"c":4,"e":-1,"r":0},{"x":0,"y":18,"hp":89,"w":1,"h":1,"t":0,"c":3,"e":-1,"r":0},{"x":3,"y":18,"hp":89,"w":1,"h":1,"t":0,"c":3,"e":-1,"r":0},{"x":5,"y":18,"hp":89,"w":1,"h":1,"t":0,"c":3,"e":-1,"r":0},{"x":0,"y":19,"hp":80,"w":1,"h":1,"t":0,"c":4,"e":-1,"r":0},{"x":2,"y":19,"hp":80,"w":1,"h":1,"t":0,"c":4,"e":7,"r":0},{"x":3,"y":19,"hp":80,"w":1,"h":1,"t":0,"c":4,"e":-1,"r":0},{"x":4,"y":19,"hp":80,"w":1,"h":1,"t":0,"c":4,"e":-1,"r":0},{"x":5,"y":19,"hp":80,"w":1,"h":1,"t":0,"c":4,"e":-1,"r":0},{"x":9,"y":7,"hp":55,"w":1,"h":1,"t":0,"c":3,"e":-1,"r":0},{"x":8,"y":7,"hp":55,"w":1,"h":1,"t":0,"c":3,"e":-1,"r":0},{"x":7,"y":7,"hp":55,"w":1,"h":1,"t":0,"c":3,"e":-1,"r":0},{"x":6,"y":7,"hp":55,"w":1,"h":1,"t":0,"c":3,"e":-1,"r":0},{"x":8,"y":8,"hp":74,"w":1,"h":1,"t":0,"c":4,"e":-1,"r":0},{"x":7,"y":8,"hp":74,"w":1,"h":1,"t":0,"c":4,"e":-1,"r":0},{"x":9,"y":9,"hp":106,"w":1,"h":1,"t":0,"c":4,"e":-1,"r":0},{"x":8,"y":9,"hp":106,"w":1,"h":1,"t":0,"c":4,"e":-1,"r":0},{"x":6,"y":10,"hp":74,"w":1,"h":1,"t":0,"c":4,"e":-1,"r":0},{"x":8,"y":11,"hp":80,"w":1,"h":1,"t":0,"c":4,"e":-1,"r":0},{"x":7,"y":11,"hp":80,"w":1,"h":1,"t":0,"c":4,"e":-1,"r":0},{"x":8,"y":12,"hp":55,"w":1,"h":1,"t":0,"c":4,"e":-1,"r":0},{"x":7,"y":12,"hp":55,"w":1,"h":1,"t":0,"c":4,"e":-1,"r":0},{"x":6,"y":12,"hp":55,"w":1,"h":1,"t":0,"c":4,"e":-1,"r":0},{"x":6,"y":13,"hp":83,"w":1,"h":1,"t":0,"c":4,"e":-1,"r":0},{"x":8,"y":14,"hp":80,"w":1,"h":1,"t":0,"c":3,"e":-1,"r":0},{"x":6,"y":14,"hp":80,"w":1,"h":1,"t":0,"c":3,"e":-1,"r":0},{"x":7,"y":15,"hp":102,"w":1,"h":1,"t":0,"c":4,"e":-1,"r":0},{"x":8,"y":16,"hp":55,"w":1,"h":1,"t":0,"c":3,"e":-1,"r":0},{"x":6,"y":16,"hp":55,"w":1,"h":1,"t":0,"c":3,"e":-1,"r":0},{"x":9,"y":17,"hp":110,"w":1,"h":1,"t":0,"c":4,"e":-1,"r":0},{"x":7,"y":17,"hp":110,"w":1,"h":1,"t":0,"c":4,"e":-1,"r":0},{"x":10,"y":18,"hp":89,"w":1,"h":1,"t":0,"c":3,"e":-1,"r":0},{"x":7,"y":18,"hp":89,"w":1,"h":1,"t":0,"c":3,"e":-1,"r":0},{"x":10,"y":19,"hp":80,"w":1,"h":1,"t":0,"c":4,"e":-1,"r":0},{"x":8,"y":19,"hp":80,"w":1,"h":1,"t":0,"c":4,"e":-1,"r":0},{"x":7,"y":19,"hp":80,"w":1,"h":1,"t":0,"c":4,"e":-1,"r":0},{"x":6,"y":19,"hp":80,"w":1,"h":1,"t":0,"c":4,"e":-1,"r":0},{"x":0,"y":5,"hp":270,"w":4,"h":1,"t":0,"c":0,"e":-1,"r":0},{"x":7,"y":5,"hp":270,"w":4,"h":1,"t":0,"c":0,"e":-1,"r":0},{"x":4,"y":11,"hp":80,"w":1,"h":1,"t":0,"c":4,"e":-1,"r":0},{"x":6,"y":11,"hp":80,"w":1,"h":1,"t":0,"c":4,"e":-1,"r":0},{"x":6,"y":18,"hp":40,"w":1,"h":1,"t":0,"c":3,"e":-1,"r":0},{"x":6,"y":17,"hp":110,"w":1,"h":1,"t":0,"c":4,"e":-1,"r":0},{"x":8,"y":17,"hp":110,"w":1,"h":1,"t":0,"c":4,"e":-1,"r":0},{"x":8,"y":15,"hp":102,"w":1,"h":1,"t":0,"c":4,"e":-1,"r":0},{"x":0,"y":14,"hp":80,"w":1,"h":1,"t":0,"c":3,"e":-1,"r":0},{"x":8,"y":13,"hp":40,"w":1,"h":1,"t":0,"c":4,"e":-1,"r":0},{"x":7,"y":13,"hp":40,"w":1,"h":1,"t":0,"c":4,"e":-1,"r":0},{"x":4,"y":18,"hp":40,"w":1,"h":1,"t":0,"c":3,"e":-1,"r":0},{"x":7,"y":16,"hp":55,"w":1,"h":1,"t":0,"c":3,"e":-1,"r":0},{"x":9,"y":16,"hp":55,"w":1,"h":1,"t":0,"c":3,"e":-1,"r":0},{"x":3,"y":16,"hp":55,"w":1,"h":1,"t":0,"c":3,"e":-1,"r":0},{"x":10,"y":7,"hp":55,"w":1,"h":1,"t":0,"c":3,"e":-1,"r":0},{"x":0,"y":7,"hp":55,"w":1,"h":1,"t":0,"c":3,"e":-1,"r":0}],"bu":[{"x":7,"y":14,"buff":0},{"x":4,"y":15,"buff":0},{"x":4,"y":17,"buff":0},{"x":1,"y":18,"buff":0},{"x":9,"y":19,"buff":0},{"x":1,"y":13,"buff":3},{"x":2,"y":17,"buff":5},{"x":5,"y":7,"buff":6},{"x":10,"y":13,"buff":1},{"x":7,"y":6,"buff":0},{"x":8,"y":6,"buff":0},{"x":9,"y":6,"buff":0},{"x":1,"y":6,"buff":0},{"x":2,"y":6,"buff":0},{"x":3,"y":6,"buff":0},{"x":5,"y":9,"buff":0},{"x":1,"y":11,"buff":0},{"x":1,"y":12,"buff":0}]}