{"l":132,"h":20,"w":11,"br":[{"x":2,"y":5,"hp":34,"w":1,"h":1,"t":0,"c":4,"e":-1,"r":0},{"x":3,"y":5,"hp":34,"w":1,"h":1,"t":0,"c":4,"e":-1,"r":0},{"x":4,"y":5,"hp":34,"w":1,"h":1,"t":0,"c":4,"e":-1,"r":0},{"x":5,"y":5,"hp":34,"w":1,"h":1,"t":1,"c":4,"e":-1,"r":1},{"x":0,"y":6,"hp":40,"w":1,"h":1,"t":4,"c":4,"e":-1,"r":0},{"x":1,"y":6,"hp":40,"w":1,"h":1,"t":0,"c":4,"e":-1,"r":0},{"x":2,"y":6,"hp":40,"w":1,"h":1,"t":0,"c":4,"e":-1,"r":0},{"x":3,"y":6,"hp":40,"w":1,"h":1,"t":0,"c":4,"e":-1,"r":0},{"x":4,"y":6,"hp":40,"w":1,"h":1,"t":0,"c":4,"e":-1,"r":0},{"x":5,"y":6,"hp":40,"w":1,"h":1,"t":3,"c":4,"e":-1,"r":0},{"x":0,"y":8,"hp":50,"w":1,"h":1,"t":0,"c":4,"e":-1,"r":0},{"x":1,"y":8,"hp":50,"w":1,"h":1,"t":1,"c":4,"e":-1,"r":0},{"x":3,"y":8,"hp":50,"w":1,"h":1,"t":5,"c":4,"e":-1,"r":0},{"x":4,"y":8,"hp":50,"w":1,"h":1,"t":5,"c":4,"e":-1,"r":0},{"x":5,"y":8,"hp":50,"w":1,"h":1,"t":0,"c":4,"e":-1,"r":0},{"x":1,"y":9,"hp":121,"w":1,"h":1,"t":0,"c":4,"e":-1,"r":0},{"x":3,"y":9,"hp":121,"w":1,"h":1,"t":0,"c":4,"e":-1,"r":0},{"x":4,"y":9,"hp":121,"w":1,"h":1,"t":0,"c":4,"e":-1,"r":0},{"x":5,"y":9,"hp":121,"w":1,"h":1,"t":0,"c":4,"e":7,"r":0},{"x":0,"y":10,"hp":109,"w":1,"h":1,"t":0,"c":4,"e":-1,"r":0},{"x":1,"y":10,"hp":109,"w":1,"h":1,"t":0,"c":4,"e":-1,"r":0},{"x":5,"y":10,"hp":109,"w":1,"h":1,"t":0,"c":4,"e":-1,"r":0},{"x":5,"y":11,"hp":107,"w":1,"h":1,"t":0,"c":4,"e":-1,"r":0},{"x":0,"y":12,"hp":99,"w":1,"h":1,"t":0,"c":4,"e":-1,"r":0},{"x":5,"y":12,"hp":99,"w":1,"h":1,"t":0,"c":4,"e":-1,"r":0},{"x":0,"y":13,"hp":90,"w":1,"h":1,"t":0,"c":4,"e":-1,"r":0},{"x":1,"y":13,"hp":90,"w":1,"h":1,"t":2,"c":4,"e":-1,"r":0},{"x":3,"y":13,"hp":90,"w":1,"h":1,"t":4,"c":4,"e":-1,"r":0},{"x":5,"y":13,"hp":90,"w":1,"h":1,"t":0,"c":4,"e":-1,"r":0},{"x":0,"y":14,"hp":115,"w":1,"h":1,"t":0,"c":4,"e":-1,"r":0},{"x":1,"y":14,"hp":115,"w":1,"h":1,"t":0,"c":4,"e":-1,"r":0},{"x":3,"y":14,"hp":115,"w":1,"h":1,"t":0,"c":4,"e":-1,"r":0},{"x":4,"y":14,"hp":115,"w":1,"h":1,"t":0,"c":4,"e":-1,"r":0},{"x":5,"y":14,"hp":115,"w":1,"h":1,"t":0,"c":4,"e":-1,"r":0},{"x":3,"y":15,"hp":102,"w":1,"h":1,"t":0,"c":2,"e":-1,"r":0},{"x":4,"y":15,"hp":102,"w":1,"h":1,"t":0,"c":2,"e":-1,"r":0},{"x":5,"y":15,"hp":102,"w":1,"h":1,"t":0,"c":2,"e":7,"r":0},{"x":1,"y":16,"hp":80,"w":1,"h":1,"t":0,"c":4,"e":-1,"r":0},{"x":2,"y":16,"hp":80,"w":1,"h":1,"t":5,"c":4,"e":-1,"r":0},{"x":3,"y":16,"hp":80,"w":1,"h":1,"t":0,"c":4,"e":-1,"r":0},{"x":5,"y":16,"hp":80,"w":1,"h":1,"t":0,"c":4,"e":-1,"r":0},{"x":3,"y":17,"hp":250,"w":1,"h":1,"t":2,"c":2,"e":-1,"r":2},{"x":5,"y":17,"hp":250,"w":1,"h":1,"t":0,"c":2,"e":-1,"r":0},{"x":1,"y":18,"hp":93,"w":1,"h":1,"t":0,"c":4,"e":-1,"r":0},{"x":3,"y":18,"hp":93,"w":1,"h":1,"t":0,"c":4,"e":-1,"r":0},{"x":4,"y":18,"hp":93,"w":1,"h":1,"t":0,"c":4,"e":-1,"r":0},{"x":5,"y":18,"hp":93,"w":1,"h":1,"t":0,"c":4,"e":-1,"r":0},{"x":1,"y":19,"hp":117,"w":1,"h":1,"t":0,"c":4,"e":-1,"r":0},{"x":2,"y":19,"hp":117,"w":1,"h":1,"t":0,"c":4,"e":-1,"r":0},{"x":4,"y":19,"hp":117,"w":1,"h":1,"t":0,"c":4,"e":-1,"r":0},{"x":5,"y":19,"hp":117,"w":1,"h":1,"t":0,"c":4,"e":-1,"r":0},{"x":8,"y":5,"hp":34,"w":1,"h":1,"t":0,"c":4,"e":-1,"r":0},{"x":7,"y":5,"hp":34,"w":1,"h":1,"t":0,"c":4,"e":-1,"r":0},{"x":6,"y":5,"hp":34,"w":1,"h":1,"t":0,"c":4,"e":-1,"r":0},{"x":9,"y":6,"hp":40,"w":1,"h":1,"t":0,"c":4,"e":-1,"r":0},{"x":8,"y":6,"hp":40,"w":1,"h":1,"t":0,"c":4,"e":-1,"r":0},{"x":7,"y":6,"hp":40,"w":1,"h":1,"t":0,"c":4,"e":-1,"r":0},{"x":6,"y":6,"hp":40,"w":1,"h":1,"t":0,"c":4,"e":-1,"r":0},{"x":9,"y":8,"hp":50,"w":1,"h":1,"t":1,"c":4,"e":-1,"r":1},{"x":7,"y":8,"hp":50,"w":1,"h":1,"t":5,"c":4,"e":-1,"r":0},{"x":6,"y":8,"hp":50,"w":1,"h":1,"t":5,"c":4,"e":-1,"r":0},{"x":9,"y":9,"hp":121,"w":1,"h":1,"t":0,"c":4,"e":-1,"r":0},{"x":7,"y":9,"hp":121,"w":1,"h":1,"t":0,"c":4,"e":-1,"r":0},{"x":6,"y":9,"hp":121,"w":1,"h":1,"t":0,"c":4,"e":-1,"r":0},{"x":9,"y":10,"hp":109,"w":1,"h":1,"t":0,"c":4,"e":-1,"r":0},{"x":10,"y":12,"hp":99,"w":1,"h":1,"t":0,"c":4,"e":-1,"r":0},{"x":10,"y":13,"hp":90,"w":1,"h":1,"t":0,"c":4,"e":-1,"r":0},{"x":9,"y":13,"hp":90,"w":1,"h":1,"t":2,"c":4,"e":-1,"r":0},{"x":7,"y":13,"hp":90,"w":1,"h":1,"t":4,"c":4,"e":-1,"r":0},{"x":10,"y":14,"hp":115,"w":1,"h":1,"t":0,"c":4,"e":-1,"r":0},{"x":7,"y":14,"hp":115,"w":1,"h":1,"t":0,"c":4,"e":-1,"r":0},{"x":6,"y":14,"hp":115,"w":1,"h":1,"t":0,"c":4,"e":-1,"r":0},{"x":7,"y":15,"hp":102,"w":1,"h":1,"t":0,"c":2,"e":-1,"r":0},{"x":6,"y":15,"hp":102,"w":1,"h":1,"t":0,"c":2,"e":-1,"r":0},{"x":9,"y":16,"hp":80,"w":1,"h":1,"t":0,"c":4,"e":-1,"r":0},{"x":8,"y":16,"hp":80,"w":1,"h":1,"t":5,"c":4,"e":-1,"r":0},{"x":7,"y":16,"hp":80,"w":1,"h":1,"t":0,"c":4,"e":-1,"r":0},{"x":9,"y":17,"hp":250,"w":1,"h":1,"t":0,"c":2,"e":-1,"r":0},{"x":8,"y":17,"hp":250,"w":1,"h":1,"t":0,"c":2,"e":-1,"r":0},{"x":7,"y":17,"hp":250,"w":1,"h":1,"t":2,"c":2,"e":-1,"r":2},{"x":9,"y":18,"hp":93,"w":1,"h":1,"t":0,"c":4,"e":-1,"r":0},{"x":8,"y":18,"hp":93,"w":1,"h":1,"t":0,"c":4,"e":-1,"r":0},{"x":7,"y":18,"hp":93,"w":1,"h":1,"t":0,"c":4,"e":-1,"r":0},{"x":6,"y":18,"hp":93,"w":1,"h":1,"t":0,"c":4,"e":-1,"r":0},{"x":9,"y":19,"hp":117,"w":1,"h":1,"t":0,"c":4,"e":-1,"r":0},{"x":8,"y":19,"hp":117,"w":1,"h":1,"t":0,"c":4,"e":-1,"r":0},{"x":6,"y":19,"hp":117,"w":1,"h":1,"t":0,"c":4,"e":-1,"r":0},{"x":1,"y":7,"hp":410,"w":7,"h":1,"t":0,"c":2,"e":-1,"r":0},{"x":4,"y":16,"hp":40,"w":1,"h":1,"t":0,"c":4,"e":-1,"r":0},{"x":4,"y":17,"hp":250,"w":1,"h":1,"t":0,"c":2,"e":-1,"r":0},{"x":6,"y":17,"hp":250,"w":1,"h":1,"t":0,"c":2,"e":-1,"r":0},{"x":4,"y":13,"hp":90,"w":1,"h":1,"t":0,"c":4,"e":-1,"r":0},{"x":6,"y":13,"hp":90,"w":1,"h":1,"t":0,"c":4,"e":-1,"r":0}],"bu":[{"x":10,"y":8,"buff":0},{"x":10,"y":11,"buff":0},{"x":2,"y":12,"buff":0},{"x":0,"y":15,"buff":0},{"x":6,"y":16,"buff":1},{"x":10,"y":15,"buff":1},{"x":8,"y":14,"buff":5},{"x":7,"y":11,"buff":2},{"x":0,"y":16,"buff":3},{"x":2,"y":18,"buff":3},{"x":10,"y":6,"buff":6}]}