{"l":171,"h":21,"w":11,"br":[{"x":0,"y":5,"hp":51,"w":1,"h":1,"t":0,"c":3,"e":-1,"r":0},{"x":1,"y":5,"hp":51,"w":1,"h":1,"t":0,"c":3,"e":-1,"r":0},{"x":2,"y":5,"hp":51,"w":1,"h":1,"t":0,"c":3,"e":-1,"r":0},{"x":4,"y":5,"hp":51,"w":1,"h":1,"t":0,"c":3,"e":-1,"r":0},{"x":0,"y":7,"hp":107,"w":1,"h":1,"t":0,"c":4,"e":-1,"r":0},{"x":2,"y":7,"hp":107,"w":1,"h":1,"t":0,"c":4,"e":5,"r":0},{"x":4,"y":7,"hp":107,"w":1,"h":1,"t":0,"c":4,"e":-1,"r":0},{"x":5,"y":7,"hp":107,"w":1,"h":1,"t":0,"c":4,"e":-1,"r":0},{"x":0,"y":8,"hp":130,"w":1,"h":1,"t":0,"c":4,"e":-1,"r":0},{"x":4,"y":8,"hp":130,"w":1,"h":1,"t":0,"c":4,"e":-1,"r":0},{"x":5,"y":8,"hp":130,"w":1,"h":1,"t":0,"c":4,"e":-1,"r":0},{"x":4,"y":9,"hp":48,"w":1,"h":1,"t":0,"c":4,"e":-1,"r":0},{"x":2,"y":10,"hp":78,"w":1,"h":1,"t":0,"c":4,"e":-1,"r":0},{"x":4,"y":10,"hp":78,"w":1,"h":1,"t":0,"c":4,"e":-1,"r":0},{"x":5,"y":10,"hp":78,"w":1,"h":1,"t":0,"c":4,"e":-1,"r":0},{"x":4,"y":11,"hp":177,"w":1,"h":1,"t":0,"c":2,"e":-1,"r":0},{"x":5,"y":11,"hp":177,"w":1,"h":1,"t":0,"c":2,"e":-1,"r":0},{"x":0,"y":13,"hp":63,"w":1,"h":1,"t":0,"c":4,"e":-1,"r":0},{"x":3,"y":13,"hp":63,"w":1,"h":1,"t":0,"c":4,"e":-1,"r":0},{"x":4,"y":13,"hp":63,"w":1,"h":1,"t":4,"c":4,"e":-1,"r":0},{"x":5,"y":13,"hp":63,"w":1,"h":1,"t":0,"c":4,"e":-1,"r":0},{"x":3,"y":14,"hp":115,"w":1,"h":1,"t":0,"c":4,"e":5,"r":0},{"x":5,"y":14,"hp":115,"w":1,"h":1,"t":0,"c":4,"e":-1,"r":0},{"x":1,"y":15,"hp":125,"w":1,"h":1,"t":0,"c":3,"e":-1,"r":0},{"x":5,"y":15,"hp":125,"w":1,"h":1,"t":0,"c":3,"e":-1,"r":0},{"x":0,"y":16,"hp":130,"w":1,"h":1,"t":0,"c":4,"e":-1,"r":0},{"x":0,"y":17,"hp":124,"w":1,"h":1,"t":0,"c":4,"e":-1,"r":0},{"x":5,"y":17,"hp":124,"w":1,"h":1,"t":0,"c":4,"e":5,"r":0},{"x":0,"y":18,"hp":81,"w":1,"h":1,"t":0,"c":4,"e":-1,"r":0},{"x":1,"y":18,"hp":81,"w":1,"h":1,"t":0,"c":4,"e":-1,"r":0},{"x":5,"y":18,"hp":81,"w":1,"h":1,"t":0,"c":4,"e":-1,"r":0},{"x":0,"y":19,"hp":109,"w":1,"h":1,"t":0,"c":3,"e":-1,"r":0},{"x":1,"y":19,"hp":109,"w":1,"h":1,"t":0,"c":3,"e":-1,"r":0},{"x":4,"y":19,"hp":109,"w":1,"h":1,"t":0,"c":3,"e":-1,"r":0},{"x":5,"y":19,"hp":109,"w":1,"h":1,"t":4,"c":3,"e":-1,"r":0},{"x":0,"y":20,"hp":103,"w":1,"h":1,"t":0,"c":4,"e":-1,"r":0},{"x":1,"y":20,"hp":103,"w":1,"h":1,"t":5,"c":4,"e":-1,"r":0},{"x":2,"y":20,"hp":103,"w":1,"h":1,"t":0,"c":4,"e":-1,"r":0},{"x":4,"y":20,"hp":103,"w":1,"h":1,"t":0,"c":4,"e":-1,"r":0},{"x":5,"y":20,"hp":103,"w":1,"h":1,"t":0,"c":4,"e":-1,"r":0},{"x":10,"y":5,"hp":51,"w":1,"h":1,"t":0,"c":3,"e":-1,"r":0},{"x":9,"y":5,"hp":51,"w":1,"h":1,"t":0,"c":3,"e":-1,"r":0},{"x":8,"y":5,"hp":51,"w":1,"h":1,"t":0,"c":3,"e":-1,"r":0},{"x":6,"y":5,"hp":51,"w":1,"h":1,"t":0,"c":3,"e":-1,"r":0},{"x":10,"y":7,"hp":107,"w":1,"h":1,"t":0,"c":4,"e":-1,"r":0},{"x":8,"y":7,"hp":107,"w":1,"h":1,"t":0,"c":4,"e":5,"r":0},{"x":6,"y":7,"hp":107,"w":1,"h":1,"t":0,"c":4,"e":-1,"r":0},{"x":10,"y":8,"hp":130,"w":1,"h":1,"t":0,"c":4,"e":-1,"r":0},{"x":6,"y":8,"hp":130,"w":1,"h":1,"t":0,"c":4,"e":-1,"r":0},{"x":6,"y":9,"hp":48,"w":1,"h":1,"t":0,"c":4,"e":-1,"r":0},{"x":10,"y":10,"hp":78,"w":1,"h":1,"t":0,"c":4,"e":-1,"r":0},{"x":8,"y":10,"hp":78,"w":1,"h":1,"t":0,"c":4,"e":-1,"r":0},{"x":6,"y":10,"hp":78,"w":1,"h":1,"t":0,"c":4,"e":-1,"r":0},{"x":6,"y":11,"hp":177,"w":1,"h":1,"t":0,"c":2,"e":-1,"r":0},{"x":7,"y":13,"hp":63,"w":1,"h":1,"t":0,"c":4,"e":-1,"r":0},{"x":6,"y":13,"hp":63,"w":1,"h":1,"t":4,"c":4,"e":-1,"r":0},{"x":7,"y":14,"hp":115,"w":1,"h":1,"t":0,"c":4,"e":-1,"r":0},{"x":9,"y":15,"hp":125,"w":1,"h":1,"t":0,"c":3,"e":-1,"r":0},{"x":8,"y":15,"hp":125,"w":1,"h":1,"t":0,"c":3,"e":-1,"r":0},{"x":6,"y":15,"hp":125,"w":1,"h":1,"t":0,"c":3,"e":-1,"r":0},{"x":8,"y":16,"hp":130,"w":1,"h":1,"t":0,"c":4,"e":-1,"r":0},{"x":7,"y":16,"hp":130,"w":1,"h":1,"t":5,"c":4,"e":-1,"r":0},{"x":6,"y":16,"hp":130,"w":1,"h":1,"t":0,"c":4,"e":-1,"r":0},{"x":8,"y":17,"hp":124,"w":1,"h":1,"t":0,"c":4,"e":-1,"r":0},{"x":7,"y":17,"hp":124,"w":1,"h":1,"t":0,"c":4,"e":-1,"r":0},{"x":6,"y":17,"hp":124,"w":1,"h":1,"t":0,"c":4,"e":-1,"r":0},{"x":7,"y":18,"hp":81,"w":1,"h":1,"t":0,"c":4,"e":-1,"r":0},{"x":6,"y":18,"hp":81,"w":1,"h":1,"t":0,"c":4,"e":-1,"r":0},{"x":9,"y":19,"hp":109,"w":1,"h":1,"t":0,"c":3,"e":-1,"r":0},{"x":8,"y":19,"hp":109,"w":1,"h":1,"t":0,"c":3,"e":-1,"r":0},{"x":7,"y":19,"hp":109,"w":1,"h":1,"t":0,"c":3,"e":-1,"r":0},{"x":6,"y":19,"hp":109,"w":1,"h":1,"t":0,"c":3,"e":-1,"r":0},{"x":9,"y":20,"hp":103,"w":1,"h":1,"t":5,"c":4,"e":-1,"r":0},{"x":8,"y":20,"hp":103,"w":1,"h":1,"t":0,"c":4,"e":-1,"r":0},{"x":6,"y":20,"hp":103,"w":1,"h":1,"t":0,"c":4,"e":-1,"r":0},{"x":0,"y":10,"hp":78,"w":1,"h":1,"t":0,"c":4,"e":-1,"r":0},{"x":1,"y":11,"hp":177,"w":1,"h":1,"t":3,"c":2,"e":-1,"r":0},{"x":9,"y":11,"hp":177,"w":1,"h":1,"t":3,"c":2,"e":-1,"r":0},{"x":0,"y":9,"hp":40,"w":1,"h":1,"t":5,"c":4,"e":-1,"r":0},{"x":10,"y":9,"hp":40,"w":1,"h":1,"t":5,"c":4,"e":-1,"r":0},{"x":5,"y":9,"hp":40,"w":1,"h":1,"t":2,"c":4,"e":-1,"r":0},{"x":5,"y":6,"hp":53,"w":1,"h":1,"t":3,"c":4,"e":-1,"r":0},{"x":5,"y":5,"hp":51,"w":1,"h":1,"t":3,"c":3,"e":-1,"r":0},{"x":1,"y":10,"hp":78,"w":1,"h":1,"t":2,"c":4,"e":-1,"r":0},{"x":9,"y":10,"hp":78,"w":1,"h":1,"t":2,"c":4,"e":-1,"r":0},{"x":4,"y":14,"hp":80,"w":1,"h":1,"t":0,"c":4,"e":-1,"r":0},{"x":6,"y":14,"hp":40,"w":1,"h":1,"t":0,"c":4,"e":-1,"r":0},{"x":8,"y":14,"hp":80,"w":1,"h":1,"t":0,"c":4,"e":-1,"r":0},{"x":0,"y":14,"hp":40,"w":1,"h":1,"t":0,"c":4,"e":-1,"r":0},{"x":2,"y":16,"hp":130,"w":1,"h":1,"t":0,"c":4,"e":-1,"r":0},{"x":1,"y":16,"hp":130,"w":1,"h":1,"t":0,"c":4,"e":-1,"r":0},{"x":7,"y":15,"hp":125,"w":1,"h":1,"t":0,"c":3,"e":-1,"r":0},{"x":9,"y":17,"hp":124,"w":1,"h":1,"t":0,"c":4,"e":-1,"r":0},{"x":0,"y":15,"hp":125,"w":1,"h":1,"t":0,"c":3,"e":-1,"r":0},{"x":8,"y":8,"hp":130,"w":1,"h":1,"t":0,"c":4,"e":-1,"r":0},{"x":2,"y":8,"hp":130,"w":1,"h":1,"t":0,"c":4,"e":-1,"r":0},{"x":10,"y":15,"hp":125,"w":1,"h":1,"t":0,"c":3,"e":-1,"r":0},{"x":8,"y":18,"hp":81,"w":1,"h":1,"t":0,"c":4,"e":-1,"r":0},{"x":9,"y":18,"hp":81,"w":1,"h":1,"t":0,"c":4,"e":-1,"r":0},{"x":1,"y":17,"hp":124,"w":1,"h":1,"t":0,"c":4,"e":-1,"r":0},{"x":2,"y":17,"hp":124,"w":1,"h":1,"t":0,"c":4,"e":-1,"r":0},{"x":9,"y":8,"hp":40,"w":1,"h":1,"t":0,"c":4,"e":-1,"r":0},{"x":1,"y":7,"hp":40,"w":1,"h":1,"t":0,"c":4,"e":-1,"r":0},{"x":6,"y":6,"hp":40,"w":1,"h":1,"t":7,"c":0,"e":-1,"r":0},{"x":4,"y":6,"hp":40,"w":1,"h":1,"t":7,"c":0,"e":-1,"r":0},{"x":0,"y":6,"hp":40,"w":1,"h":1,"t":7,"c":0,"e":-1,"r":0},{"x":10,"y":6,"hp":40,"w":1,"h":1,"t":7,"c":0,"e":-1,"r":0},{"x":2,"y":12,"hp":78,"w":1,"h":1,"t":7,"c":0,"e":-1,"r":0},{"x":5,"y":12,"hp":78,"w":1,"h":1,"t":7,"c":0,"e":-1,"r":0},{"x":8,"y":12,"hp":78,"w":1,"h":1,"t":7,"c":0,"e":-1,"r":0},{"x":9,"y":12,"hp":40,"w":1,"h":1,"t":7,"c":0,"e":-1,"r":0},{"x":1,"y":12,"hp":40,"w":1,"h":1,"t":7,"c":0,"e":-1,"r":0},{"x":2,"y":18,"hp":81,"w":1,"h":1,"t":7,"c":0,"e":-1,"r":0},{"x":3,"y":18,"hp":81,"w":1,"h":1,"t":7,"c":0,"e":-1,"r":0},{"x":4,"y":18,"hp":81,"w":1,"h":1,"t":7,"c":0,"e":-1,"r":0},{"x":10,"y":18,"hp":81,"w":1,"h":1,"t":7,"c":0,"e":-1,"r":0}],"bu":[{"x":9,"y":16,"buff":1},{"x":3,"y":8,"buff":1},{"x":7,"y":8,"buff":1},{"x":9,"y":6,"buff":1},{"x":1,"y":6,"buff":1},{"x":4,"y":15,"buff":1},{"x":1,"y":13,"buff":0}]}