{"l":107,"h":19,"w":11,"br":[{"x":1,"y":5,"hp":40,"w":1,"h":1,"t":0,"c":7,"e":-1,"r":0},{"x":3,"y":5,"hp":40,"w":1,"h":1,"t":0,"c":7,"e":-1,"r":0},{"x":5,"y":5,"hp":40,"w":1,"h":1,"t":0,"c":7,"e":-1,"r":0},{"x":1,"y":6,"hp":47,"w":1,"h":1,"t":0,"c":1,"e":-1,"r":0},{"x":2,"y":6,"hp":47,"w":1,"h":1,"t":0,"c":1,"e":-1,"r":0},{"x":3,"y":6,"hp":47,"w":1,"h":1,"t":0,"c":1,"e":-1,"r":0},{"x":4,"y":6,"hp":47,"w":1,"h":1,"t":0,"c":1,"e":-1,"r":0},{"x":5,"y":6,"hp":47,"w":1,"h":1,"t":0,"c":1,"e":-1,"r":0},{"x":1,"y":7,"hp":53,"w":1,"h":1,"t":0,"c":0,"e":-1,"r":0},{"x":2,"y":7,"hp":53,"w":1,"h":1,"t":0,"c":0,"e":-1,"r":0},{"x":4,"y":7,"hp":53,"w":1,"h":1,"t":0,"c":0,"e":-1,"r":0},{"x":5,"y":7,"hp":53,"w":1,"h":1,"t":0,"c":0,"e":7,"r":0},{"x":2,"y":8,"hp":50,"w":1,"h":1,"t":0,"c":1,"e":-1,"r":0},{"x":5,"y":8,"hp":50,"w":1,"h":1,"t":0,"c":1,"e":-1,"r":0},{"x":0,"y":10,"hp":108,"w":1,"h":1,"t":0,"c":0,"e":-1,"r":0},{"x":1,"y":10,"hp":108,"w":1,"h":1,"t":0,"c":0,"e":-1,"r":0},{"x":2,"y":10,"hp":108,"w":1,"h":1,"t":0,"c":0,"e":-1,"r":0},{"x":5,"y":10,"hp":108,"w":1,"h":1,"t":0,"c":0,"e":-1,"r":0},{"x":1,"y":11,"hp":78,"w":1,"h":1,"t":0,"c":0,"e":-1,"r":0},{"x":4,"y":11,"hp":78,"w":1,"h":1,"t":0,"c":0,"e":-1,"r":0},{"x":5,"y":11,"hp":78,"w":1,"h":1,"t":0,"c":0,"e":7,"r":0},{"x":1,"y":12,"hp":47,"w":1,"h":1,"t":0,"c":0,"e":-1,"r":0},{"x":3,"y":12,"hp":47,"w":1,"h":1,"t":0,"c":0,"e":-1,"r":0},{"x":4,"y":12,"hp":47,"w":1,"h":1,"t":0,"c":0,"e":-1,"r":0},{"x":5,"y":12,"hp":47,"w":1,"h":1,"t":0,"c":0,"e":-1,"r":0},{"x":2,"y":13,"hp":121,"w":1,"h":1,"t":0,"c":1,"e":-1,"r":0},{"x":3,"y":13,"hp":121,"w":1,"h":1,"t":0,"c":1,"e":-1,"r":0},{"x":4,"y":13,"hp":121,"w":1,"h":1,"t":0,"c":1,"e":-1,"r":0},{"x":1,"y":14,"hp":78,"w":1,"h":1,"t":0,"c":0,"e":-1,"r":0},{"x":2,"y":14,"hp":78,"w":1,"h":1,"t":0,"c":0,"e":-1,"r":0},{"x":3,"y":14,"hp":78,"w":1,"h":1,"t":0,"c":0,"e":-1,"r":0},{"x":5,"y":14,"hp":78,"w":1,"h":1,"t":0,"c":0,"e":-1,"r":0},{"x":1,"y":15,"hp":120,"w":1,"h":1,"t":0,"c":0,"e":-1,"r":0},{"x":2,"y":15,"hp":120,"w":1,"h":1,"t":0,"c":0,"e":-1,"r":0},{"x":3,"y":15,"hp":120,"w":1,"h":1,"t":0,"c":0,"e":-1,"r":0},{"x":5,"y":15,"hp":120,"w":1,"h":1,"t":0,"c":0,"e":-1,"r":0},{"x":2,"y":16,"hp":90,"w":1,"h":1,"t":0,"c":0,"e":-1,"r":0},{"x":4,"y":17,"hp":110,"w":1,"h":1,"t":0,"c":0,"e":-1,"r":0},{"x":5,"y":17,"hp":110,"w":1,"h":1,"t":0,"c":0,"e":-1,"r":0},{"x":4,"y":18,"hp":55,"w":1,"h":1,"t":0,"c":0,"e":-1,"r":0},{"x":5,"y":18,"hp":55,"w":1,"h":1,"t":0,"c":0,"e":-1,"r":0},{"x":9,"y":5,"hp":40,"w":1,"h":1,"t":0,"c":7,"e":-1,"r":0},{"x":7,"y":5,"hp":40,"w":1,"h":1,"t":0,"c":7,"e":-1,"r":0},{"x":9,"y":6,"hp":47,"w":1,"h":1,"t":0,"c":1,"e":-1,"r":0},{"x":8,"y":6,"hp":47,"w":1,"h":1,"t":0,"c":1,"e":-1,"r":0},{"x":7,"y":6,"hp":47,"w":1,"h":1,"t":0,"c":1,"e":-1,"r":0},{"x":6,"y":6,"hp":47,"w":1,"h":1,"t":0,"c":1,"e":-1,"r":0},{"x":9,"y":7,"hp":53,"w":1,"h":1,"t":0,"c":0,"e":-1,"r":0},{"x":8,"y":7,"hp":53,"w":1,"h":1,"t":0,"c":0,"e":-1,"r":0},{"x":6,"y":7,"hp":53,"w":1,"h":1,"t":0,"c":0,"e":-1,"r":0},{"x":8,"y":8,"hp":50,"w":1,"h":1,"t":0,"c":1,"e":-1,"r":0},{"x":10,"y":10,"hp":108,"w":1,"h":1,"t":0,"c":0,"e":-1,"r":0},{"x":9,"y":10,"hp":108,"w":1,"h":1,"t":0,"c":0,"e":-1,"r":0},{"x":8,"y":10,"hp":108,"w":1,"h":1,"t":0,"c":0,"e":-1,"r":0},{"x":10,"y":11,"hp":78,"w":1,"h":1,"t":0,"c":0,"e":-1,"r":0},{"x":6,"y":11,"hp":78,"w":1,"h":1,"t":0,"c":0,"e":-1,"r":0},{"x":9,"y":12,"hp":47,"w":1,"h":1,"t":0,"c":0,"e":-1,"r":0},{"x":7,"y":12,"hp":47,"w":1,"h":1,"t":0,"c":0,"e":-1,"r":0},{"x":6,"y":12,"hp":47,"w":1,"h":1,"t":0,"c":0,"e":-1,"r":0},{"x":8,"y":13,"hp":121,"w":1,"h":1,"t":0,"c":1,"e":-1,"r":0},{"x":7,"y":13,"hp":121,"w":1,"h":1,"t":0,"c":1,"e":-1,"r":0},{"x":6,"y":13,"hp":121,"w":1,"h":1,"t":0,"c":1,"e":-1,"r":0},{"x":6,"y":14,"hp":78,"w":1,"h":1,"t":0,"c":0,"e":-1,"r":0},{"x":9,"y":15,"hp":120,"w":1,"h":1,"t":0,"c":0,"e":-1,"r":0},{"x":8,"y":15,"hp":120,"w":1,"h":1,"t":0,"c":0,"e":-1,"r":0},{"x":7,"y":15,"hp":120,"w":1,"h":1,"t":0,"c":0,"e":-1,"r":0},{"x":9,"y":16,"hp":90,"w":1,"h":1,"t":0,"c":0,"e":-1,"r":0},{"x":8,"y":16,"hp":90,"w":1,"h":1,"t":0,"c":0,"e":-1,"r":0},{"x":6,"y":16,"hp":90,"w":1,"h":1,"t":0,"c":0,"e":-1,"r":0},{"x":10,"y":17,"hp":110,"w":1,"h":1,"t":0,"c":0,"e":-1,"r":0},{"x":6,"y":17,"hp":110,"w":1,"h":1,"t":0,"c":0,"e":-1,"r":0},{"x":6,"y":18,"hp":55,"w":1,"h":1,"t":0,"c":0,"e":-1,"r":0},{"x":7,"y":18,"hp":55,"w":1,"h":1,"t":0,"c":0,"e":-1,"r":0},{"x":8,"y":18,"hp":55,"w":1,"h":1,"t":0,"c":0,"e":-1,"r":0},{"x":9,"y":18,"hp":55,"w":1,"h":1,"t":0,"c":0,"e":-1,"r":0},{"x":2,"y":18,"hp":55,"w":1,"h":1,"t":0,"c":0,"e":-1,"r":0},{"x":1,"y":18,"hp":55,"w":1,"h":1,"t":0,"c":0,"e":-1,"r":0},{"x":2,"y":17,"hp":110,"w":1,"h":1,"t":0,"c":0,"e":-1,"r":0},{"x":1,"y":17,"hp":110,"w":1,"h":1,"t":0,"c":0,"e":-1,"r":0},{"x":6,"y":15,"hp":120,"w":1,"h":1,"t":0,"c":0,"e":-1,"r":0},{"x":10,"y":15,"hp":120,"w":1,"h":1,"t":0,"c":0,"e":-1,"r":0},{"x":8,"y":17,"hp":110,"w":1,"h":1,"t":0,"c":0,"e":-1,"r":0},{"x":9,"y":17,"hp":110,"w":1,"h":1,"t":0,"c":0,"e":-1,"r":0},{"x":8,"y":14,"hp":78,"w":1,"h":1,"t":0,"c":0,"e":-1,"r":0},{"x":9,"y":8,"hp":50,"w":1,"h":1,"t":0,"c":1,"e":-1,"r":0},{"x":1,"y":8,"hp":50,"w":1,"h":1,"t":0,"c":1,"e":9,"r":0},{"x":0,"y":7,"hp":53,"w":1,"h":1,"t":0,"c":0,"e":-1,"r":0},{"x":5,"y":13,"hp":121,"w":1,"h":1,"t":0,"c":1,"e":-1,"r":0},{"x":5,"y":16,"hp":90,"w":1,"h":1,"t":1,"c":0,"e":-1,"r":1},{"x":10,"y":16,"hp":90,"w":1,"h":1,"t":1,"c":0,"e":-1,"r":1},{"x":7,"y":14,"hp":78,"w":1,"h":1,"t":1,"c":0,"e":-1,"r":3},{"x":4,"y":8,"hp":50,"w":1,"h":1,"t":1,"c":1,"e":-1,"r":3},{"x":0,"y":11,"hp":78,"w":1,"h":1,"t":1,"c":0,"e":-1,"r":0},{"x":9,"y":11,"hp":78,"w":1,"h":1,"t":1,"c":0,"e":-1,"r":0}],"bu":[{"x":10,"y":12,"buff":0},{"x":0,"y":14,"buff":0},{"x":7,"y":16,"buff":0},{"x":3,"y":17,"buff":0},{"x":4,"y":15,"buff":3},{"x":3,"y":11,"buff":1},{"x":7,"y":11,"buff":1},{"x":0,"y":9,"buff":0},{"x":1,"y":9,"buff":0},{"x":2,"y":9,"buff":0},{"x":10,"y":9,"buff":0},{"x":9,"y":9,"buff":0},{"x":8,"y":9,"buff":0},{"x":9,"y":13,"buff":3}]}