{"l":37,"h":14,"w":11,"br":[{"x":4,"y":5,"hp":45,"w":1,"h":1,"t":0,"c":4,"e":-1,"r":0},{"x":5,"y":5,"hp":45,"w":1,"h":1,"t":0,"c":4,"e":-1,"r":0},{"x":1,"y":6,"hp":50,"w":1,"h":1,"t":0,"c":4,"e":-1,"r":0},{"x":4,"y":7,"hp":48,"w":1,"h":1,"t":0,"c":4,"e":-1,"r":0},{"x":2,"y":10,"hp":34,"w":1,"h":1,"t":0,"c":4,"e":-1,"r":0},{"x":1,"y":11,"hp":46,"w":1,"h":1,"t":0,"c":4,"e":-1,"r":0},{"x":0,"y":13,"hp":56,"w":1,"h":1,"t":0,"c":4,"e":-1,"r":0},{"x":2,"y":13,"hp":56,"w":1,"h":1,"t":0,"c":4,"e":-1,"r":0},{"x":5,"y":13,"hp":56,"w":1,"h":1,"t":0,"c":4,"e":-1,"r":0},{"x":6,"y":5,"hp":45,"w":1,"h":1,"t":0,"c":4,"e":-1,"r":0},{"x":9,"y":6,"hp":50,"w":1,"h":1,"t":0,"c":4,"e":-1,"r":0},{"x":8,"y":10,"hp":34,"w":1,"h":1,"t":0,"c":4,"e":-1,"r":0},{"x":9,"y":11,"hp":46,"w":1,"h":1,"t":0,"c":4,"e":-1,"r":0},{"x":8,"y":11,"hp":46,"w":1,"h":1,"t":0,"c":4,"e":-1,"r":0},{"x":10,"y":13,"hp":56,"w":1,"h":1,"t":0,"c":4,"e":-1,"r":0},{"x":9,"y":13,"hp":56,"w":1,"h":1,"t":0,"c":4,"e":-1,"r":0},{"x":8,"y":13,"hp":56,"w":1,"h":1,"t":0,"c":4,"e":-1,"r":0},{"x":2,"y":11,"hp":46,"w":1,"h":1,"t":0,"c":4,"e":-1,"r":0},{"x":3,"y":10,"hp":34,"w":1,"h":1,"t":0,"c":4,"e":7,"r":0},{"x":5,"y":10,"hp":61,"w":1,"h":1,"t":0,"c":4,"e":-1,"r":0},{"x":7,"y":10,"hp":34,"w":1,"h":1,"t":0,"c":4,"e":-1,"r":0},{"x":5,"y":9,"hp":35,"w":1,"h":1,"t":0,"c":4,"e":-1,"r":0},{"x":5,"y":8,"hp":65,"w":1,"h":1,"t":0,"c":4,"e":-1,"r":0},{"x":5,"y":7,"hp":48,"w":1,"h":1,"t":0,"c":4,"e":-1,"r":0},{"x":6,"y":6,"hp":50,"w":1,"h":1,"t":0,"c":4,"e":-1,"r":0},{"x":6,"y":8,"hp":65,"w":1,"h":1,"t":0,"c":4,"e":7,"r":0},{"x":4,"y":8,"hp":65,"w":1,"h":1,"t":0,"c":4,"e":-1,"r":0},{"x":3,"y":8,"hp":65,"w":1,"h":1,"t":0,"c":4,"e":-1,"r":0},{"x":7,"y":8,"hp":65,"w":1,"h":1,"t":0,"c":4,"e":-1,"r":0},{"x":7,"y":6,"hp":50,"w":1,"h":1,"t":0,"c":4,"e":-1,"r":0},{"x":3,"y":6,"hp":50,"w":1,"h":1,"t":0,"c":4,"e":-1,"r":0},{"x":2,"y":6,"hp":50,"w":1,"h":1,"t":0,"c":4,"e":-1,"r":0},{"x":8,"y":6,"hp":50,"w":1,"h":1,"t":0,"c":4,"e":-1,"r":0},{"x":2,"y":7,"hp":48,"w":1,"h":1,"t":0,"c":4,"e":-1,"r":0},{"x":8,"y":7,"hp":48,"w":1,"h":1,"t":0,"c":4,"e":-1,"r":0},{"x":3,"y":11,"hp":46,"w":1,"h":1,"t":1,"c":4,"e":-1,"r":0},{"x":7,"y":11,"hp":46,"w":1,"h":1,"t":1,"c":4,"e":-1,"r":1},{"x":4,"y":13,"hp":56,"w":1,"h":1,"t":0,"c":4,"e":-1,"r":0},{"x":3,"y":13,"hp":56,"w":1,"h":1,"t":0,"c":4,"e":-1,"r":0},{"x":5,"y":12,"hp":40,"w":1,"h":1,"t":3,"c":2,"e":-1,"r":0},{"x":5,"y":11,"hp":46,"w":1,"h":1,"t":3,"c":2,"e":-1,"r":0},{"x":8,"y":8,"hp":65,"w":1,"h":1,"t":1,"c":2,"e":-1,"r":0},{"x":9,"y":7,"hp":65,"w":1,"h":1,"t":1,"c":2,"e":-1,"r":0},{"x":2,"y":8,"hp":65,"w":1,"h":1,"t":1,"c":2,"e":-1,"r":1},{"x":1,"y":7,"hp":65,"w":1,"h":1,"t":1,"c":2,"e":-1,"r":1},{"x":10,"y":10,"hp":34,"w":1,"h":1,"t":0,"c":4,"e":-1,"r":0},{"x":0,"y":10,"hp":34,"w":1,"h":1,"t":0,"c":4,"e":-1,"r":0},{"x":1,"y":13,"hp":40,"w":1,"h":1,"t":1,"c":4,"e":-1,"r":0},{"x":10,"y":11,"hp":46,"w":1,"h":1,"t":1,"c":2,"e":-1,"r":1},{"x":9,"y":10,"hp":34,"w":1,"h":1,"t":1,"c":2,"e":-1,"r":1},{"x":1,"y":10,"hp":34,"w":1,"h":1,"t":1,"c":2,"e":-1,"r":0},{"x":0,"y":11,"hp":46,"w":1,"h":1,"t":1,"c":2,"e":-1,"r":0},{"x":4,"y":6,"hp":50,"w":1,"h":1,"t":1,"c":2,"e":-1,"r":0},{"x":6,"y":7,"hp":48,"w":1,"h":1,"t":1,"c":2,"e":-1,"r":1}],"bu":[{"x":3,"y":9,"buff":8},{"x":7,"y":9,"buff":8},{"x":10,"y":6,"buff":1},{"x":0,"y":6,"buff":1},{"x":1,"y":12,"buff":1},{"x":9,"y":12,"buff":1},{"x":10,"y":7,"buff":0},{"x":0,"y":7,"buff":0},{"x":3,"y":7,"buff":8},{"x":7,"y":7,"buff":8}]}