{"l":274,"h":23,"w":11,"br":[{"x":1,"y":5,"hp":55,"w":1,"h":1,"t":0,"c":6,"e":-1,"r":0},{"x":4,"y":5,"hp":55,"w":1,"h":1,"t":0,"c":6,"e":-1,"r":0},{"x":1,"y":6,"hp":62,"w":1,"h":1,"t":0,"c":5,"e":-1,"r":0},{"x":3,"y":6,"hp":62,"w":1,"h":1,"t":0,"c":5,"e":-1,"r":0},{"x":2,"y":7,"hp":54,"w":1,"h":1,"t":0,"c":6,"e":-1,"r":0},{"x":1,"y":8,"hp":70,"w":1,"h":1,"t":0,"c":5,"e":-1,"r":0},{"x":3,"y":9,"hp":80,"w":1,"h":1,"t":0,"c":4,"e":-1,"r":0},{"x":4,"y":9,"hp":80,"w":1,"h":1,"t":0,"c":4,"e":-1,"r":0},{"x":5,"y":9,"hp":80,"w":1,"h":1,"t":0,"c":4,"e":-1,"r":0},{"x":0,"y":10,"hp":107,"w":1,"h":1,"t":0,"c":4,"e":-1,"r":0},{"x":1,"y":10,"hp":107,"w":1,"h":1,"t":0,"c":4,"e":-1,"r":0},{"x":4,"y":10,"hp":107,"w":1,"h":1,"t":0,"c":4,"e":-1,"r":0},{"x":1,"y":11,"hp":90,"w":1,"h":1,"t":0,"c":4,"e":-1,"r":0},{"x":3,"y":11,"hp":90,"w":1,"h":1,"t":0,"c":4,"e":-1,"r":0},{"x":0,"y":12,"hp":206,"w":1,"h":1,"t":0,"c":4,"e":-1,"r":0},{"x":1,"y":12,"hp":206,"w":1,"h":1,"t":0,"c":4,"e":-1,"r":0},{"x":3,"y":12,"hp":206,"w":1,"h":1,"t":0,"c":4,"e":-1,"r":0},{"x":2,"y":13,"hp":150,"w":1,"h":1,"t":0,"c":4,"e":-1,"r":0},{"x":3,"y":13,"hp":150,"w":1,"h":1,"t":0,"c":4,"e":-1,"r":0},{"x":4,"y":13,"hp":150,"w":1,"h":1,"t":0,"c":4,"e":-1,"r":0},{"x":5,"y":13,"hp":150,"w":1,"h":1,"t":0,"c":4,"e":-1,"r":0},{"x":0,"y":14,"hp":120,"w":1,"h":1,"t":0,"c":4,"e":-1,"r":0},{"x":1,"y":14,"hp":120,"w":1,"h":1,"t":0,"c":4,"e":-1,"r":0},{"x":2,"y":14,"hp":120,"w":1,"h":1,"t":0,"c":4,"e":-1,"r":0},{"x":4,"y":14,"hp":120,"w":1,"h":1,"t":0,"c":4,"e":-1,"r":0},{"x":5,"y":14,"hp":120,"w":1,"h":1,"t":0,"c":4,"e":-1,"r":0},{"x":2,"y":15,"hp":100,"w":1,"h":1,"t":0,"c":4,"e":-1,"r":0},{"x":2,"y":16,"hp":130,"w":1,"h":1,"t":0,"c":4,"e":-1,"r":0},{"x":3,"y":16,"hp":130,"w":1,"h":1,"t":0,"c":4,"e":-1,"r":0},{"x":4,"y":16,"hp":130,"w":1,"h":1,"t":0,"c":4,"e":-1,"r":0},{"x":5,"y":16,"hp":130,"w":1,"h":1,"t":0,"c":4,"e":-1,"r":0},{"x":1,"y":17,"hp":114,"w":1,"h":1,"t":0,"c":4,"e":7,"r":0},{"x":2,"y":17,"hp":114,"w":1,"h":1,"t":0,"c":4,"e":-1,"r":0},{"x":4,"y":17,"hp":114,"w":1,"h":1,"t":0,"c":4,"e":-1,"r":0},{"x":5,"y":17,"hp":114,"w":1,"h":1,"t":0,"c":4,"e":-1,"r":0},{"x":0,"y":18,"hp":200,"w":1,"h":1,"t":0,"c":4,"e":-1,"r":0},{"x":4,"y":18,"hp":200,"w":1,"h":1,"t":0,"c":4,"e":-1,"r":0},{"x":5,"y":18,"hp":200,"w":1,"h":1,"t":0,"c":4,"e":-1,"r":0},{"x":0,"y":19,"hp":188,"w":1,"h":1,"t":0,"c":4,"e":-1,"r":0},{"x":1,"y":19,"hp":188,"w":1,"h":1,"t":0,"c":4,"e":-1,"r":0},{"x":3,"y":19,"hp":188,"w":1,"h":1,"t":0,"c":4,"e":-1,"r":0},{"x":4,"y":19,"hp":188,"w":1,"h":1,"t":0,"c":4,"e":-1,"r":0},{"x":5,"y":19,"hp":188,"w":1,"h":1,"t":0,"c":4,"e":-1,"r":0},{"x":0,"y":20,"hp":158,"w":1,"h":1,"t":0,"c":4,"e":-1,"r":0},{"x":1,"y":20,"hp":158,"w":1,"h":1,"t":0,"c":4,"e":-1,"r":0},{"x":9,"y":5,"hp":55,"w":1,"h":1,"t":0,"c":6,"e":-1,"r":0},{"x":6,"y":5,"hp":55,"w":1,"h":1,"t":0,"c":6,"e":-1,"r":0},{"x":9,"y":6,"hp":62,"w":1,"h":1,"t":0,"c":5,"e":-1,"r":0},{"x":7,"y":6,"hp":62,"w":1,"h":1,"t":0,"c":5,"e":-1,"r":0},{"x":8,"y":7,"hp":54,"w":1,"h":1,"t":0,"c":6,"e":-1,"r":0},{"x":9,"y":8,"hp":70,"w":1,"h":1,"t":0,"c":5,"e":-1,"r":0},{"x":7,"y":9,"hp":80,"w":1,"h":1,"t":0,"c":4,"e":9,"r":0},{"x":6,"y":9,"hp":80,"w":1,"h":1,"t":0,"c":4,"e":-1,"r":0},{"x":10,"y":10,"hp":107,"w":1,"h":1,"t":0,"c":4,"e":-1,"r":0},{"x":9,"y":10,"hp":107,"w":1,"h":1,"t":0,"c":4,"e":-1,"r":0},{"x":6,"y":10,"hp":107,"w":1,"h":1,"t":0,"c":4,"e":-1,"r":0},{"x":9,"y":11,"hp":90,"w":1,"h":1,"t":0,"c":4,"e":-1,"r":0},{"x":7,"y":11,"hp":90,"w":1,"h":1,"t":0,"c":4,"e":-1,"r":0},{"x":10,"y":12,"hp":206,"w":1,"h":1,"t":0,"c":4,"e":-1,"r":0},{"x":9,"y":12,"hp":206,"w":1,"h":1,"t":0,"c":4,"e":-1,"r":0},{"x":7,"y":12,"hp":206,"w":1,"h":1,"t":0,"c":4,"e":7,"r":0},{"x":8,"y":13,"hp":150,"w":1,"h":1,"t":0,"c":4,"e":-1,"r":0},{"x":7,"y":13,"hp":150,"w":1,"h":1,"t":0,"c":4,"e":-1,"r":0},{"x":6,"y":13,"hp":150,"w":1,"h":1,"t":0,"c":4,"e":-1,"r":0},{"x":6,"y":14,"hp":120,"w":1,"h":1,"t":0,"c":4,"e":-1,"r":0},{"x":9,"y":15,"hp":100,"w":1,"h":1,"t":0,"c":4,"e":7,"r":0},{"x":9,"y":16,"hp":130,"w":1,"h":1,"t":0,"c":4,"e":-1,"r":0},{"x":8,"y":16,"hp":130,"w":1,"h":1,"t":0,"c":4,"e":-1,"r":0},{"x":6,"y":16,"hp":130,"w":1,"h":1,"t":0,"c":4,"e":-1,"r":0},{"x":8,"y":17,"hp":114,"w":1,"h":1,"t":0,"c":4,"e":-1,"r":0},{"x":6,"y":17,"hp":114,"w":1,"h":1,"t":0,"c":4,"e":-1,"r":0},{"x":8,"y":18,"hp":200,"w":1,"h":1,"t":0,"c":4,"e":-1,"r":0},{"x":6,"y":18,"hp":200,"w":1,"h":1,"t":0,"c":4,"e":-1,"r":0},{"x":9,"y":19,"hp":188,"w":1,"h":1,"t":0,"c":4,"e":-1,"r":0},{"x":7,"y":19,"hp":188,"w":1,"h":1,"t":0,"c":4,"e":-1,"r":0},{"x":6,"y":19,"hp":188,"w":1,"h":1,"t":0,"c":4,"e":-1,"r":0},{"x":10,"y":20,"hp":158,"w":1,"h":1,"t":0,"c":4,"e":-1,"r":0},{"x":9,"y":20,"hp":158,"w":1,"h":1,"t":0,"c":4,"e":-1,"r":0},{"x":8,"y":20,"hp":158,"w":1,"h":1,"t":0,"c":4,"e":-1,"r":0},{"x":6,"y":20,"hp":158,"w":1,"h":1,"t":0,"c":4,"e":-1,"r":0},{"x":3,"y":5,"hp":55,"w":1,"h":1,"t":0,"c":6,"e":-1,"r":0},{"x":5,"y":5,"hp":55,"w":1,"h":1,"t":0,"c":6,"e":-1,"r":0},{"x":7,"y":5,"hp":55,"w":1,"h":1,"t":0,"c":6,"e":-1,"r":0},{"x":8,"y":6,"hp":50,"w":1,"h":1,"t":0,"c":5,"e":-1,"r":0},{"x":9,"y":7,"hp":54,"w":1,"h":1,"t":0,"c":6,"e":-1,"r":0},{"x":2,"y":6,"hp":50,"w":1,"h":1,"t":0,"c":5,"e":-1,"r":0},{"x":1,"y":7,"hp":54,"w":1,"h":1,"t":0,"c":6,"e":-1,"r":0},{"x":3,"y":15,"hp":100,"w":1,"h":1,"t":0,"c":4,"e":-1,"r":0},{"x":4,"y":15,"hp":100,"w":1,"h":1,"t":0,"c":4,"e":-1,"r":0},{"x":5,"y":15,"hp":100,"w":1,"h":1,"t":0,"c":4,"e":-1,"r":0},{"x":6,"y":15,"hp":100,"w":1,"h":1,"t":0,"c":4,"e":-1,"r":0},{"x":7,"y":15,"hp":100,"w":1,"h":1,"t":0,"c":4,"e":-1,"r":0},{"x":7,"y":17,"hp":114,"w":1,"h":1,"t":0,"c":4,"e":-1,"r":0},{"x":3,"y":17,"hp":114,"w":1,"h":1,"t":0,"c":4,"e":-1,"r":0},{"x":7,"y":18,"hp":200,"w":1,"h":1,"t":0,"c":4,"e":-1,"r":0},{"x":3,"y":18,"hp":200,"w":1,"h":1,"t":0,"c":4,"e":-1,"r":0},{"x":8,"y":19,"hp":188,"w":1,"h":1,"t":0,"c":4,"e":-1,"r":0},{"x":3,"y":20,"hp":158,"w":1,"h":1,"t":0,"c":4,"e":-1,"r":0},{"x":7,"y":20,"hp":158,"w":1,"h":1,"t":0,"c":4,"e":-1,"r":0},{"x":7,"y":14,"hp":120,"w":1,"h":1,"t":0,"c":4,"e":-1,"r":0},{"x":8,"y":14,"hp":120,"w":1,"h":1,"t":0,"c":4,"e":-1,"r":0},{"x":0,"y":8,"hp":50,"w":1,"h":1,"t":0,"c":5,"e":-1,"r":0},{"x":10,"y":8,"hp":50,"w":1,"h":1,"t":0,"c":5,"e":-1,"r":0},{"x":5,"y":11,"hp":90,"w":1,"h":1,"t":0,"c":4,"e":-1,"r":0},{"x":5,"y":12,"hp":206,"w":1,"h":1,"t":0,"c":4,"e":-1,"r":0},{"x":4,"y":11,"hp":90,"w":1,"h":1,"t":0,"c":4,"e":-1,"r":0},{"x":6,"y":11,"hp":90,"w":1,"h":1,"t":0,"c":4,"e":-1,"r":0},{"x":4,"y":7,"hp":54,"w":1,"h":1,"t":0,"c":5,"e":-1,"r":0},{"x":5,"y":7,"hp":54,"w":1,"h":1,"t":0,"c":5,"e":-1,"r":0}],"bu":[{"x":10,"y":17,"buff":1},{"x":2,"y":20,"buff":1},{"x":6,"y":22,"buff":0},{"x":10,"y":14,"buff":0},{"x":9,"y":18,"buff":3},{"x":6,"y":7,"buff":1},{"x":4,"y":8,"buff":0},{"x":5,"y":8,"buff":0},{"x":6,"y":8,"buff":0},{"x":4,"y":6,"buff":0},{"x":5,"y":6,"buff":0},{"x":6,"y":6,"buff":0},{"x":0,"y":6,"buff":0},{"x":10,"y":6,"buff":0}]}