{"l":21,"h":13,"w":11,"br":[{"x":3,"y":12,"hp":30,"w":1,"h":1,"t":0,"c":5,"e":-1,"r":0},{"x":3,"y":10,"hp":30,"w":1,"h":1,"t":0,"c":5,"e":-1,"r":0},{"x":5,"y":11,"hp":30,"w":1,"h":1,"t":0,"c":5,"e":-1,"r":0},{"x":7,"y":12,"hp":30,"w":1,"h":1,"t":0,"c":5,"e":-1,"r":0},{"x":7,"y":10,"hp":30,"w":1,"h":1,"t":0,"c":5,"e":-1,"r":0},{"x":2,"y":11,"hp":30,"w":1,"h":1,"t":0,"c":8,"e":-1,"r":0},{"x":3,"y":11,"hp":30,"w":1,"h":1,"t":0,"c":8,"e":-1,"r":0},{"x":4,"y":11,"hp":30,"w":1,"h":1,"t":0,"c":8,"e":-1,"r":0},{"x":7,"y":11,"hp":30,"w":1,"h":1,"t":0,"c":8,"e":-1,"r":0},{"x":6,"y":11,"hp":30,"w":1,"h":1,"t":0,"c":8,"e":-1,"r":0},{"x":8,"y":11,"hp":30,"w":1,"h":1,"t":0,"c":8,"e":-1,"r":0},{"x":3,"y":9,"hp":30,"w":1,"h":1,"t":0,"c":0,"e":-1,"r":0},{"x":1,"y":8,"hp":45,"w":1,"h":1,"t":0,"c":0,"e":-1,"r":0},{"x":3,"y":8,"hp":45,"w":1,"h":1,"t":0,"c":0,"e":-1,"r":0},{"x":5,"y":8,"hp":45,"w":1,"h":1,"t":0,"c":0,"e":-1,"r":0},{"x":7,"y":8,"hp":45,"w":1,"h":1,"t":0,"c":0,"e":-1,"r":0},{"x":9,"y":8,"hp":45,"w":1,"h":1,"t":0,"c":0,"e":-1,"r":0},{"x":7,"y":9,"hp":30,"w":1,"h":1,"t":0,"c":0,"e":-1,"r":0},{"x":1,"y":6,"hp":55,"w":1,"h":1,"t":0,"c":0,"e":-1,"r":0},{"x":3,"y":6,"hp":55,"w":1,"h":1,"t":0,"c":0,"e":-1,"r":0},{"x":5,"y":6,"hp":55,"w":1,"h":1,"t":0,"c":0,"e":-1,"r":0},{"x":7,"y":6,"hp":55,"w":1,"h":1,"t":0,"c":0,"e":-1,"r":0},{"x":9,"y":6,"hp":55,"w":1,"h":1,"t":0,"c":0,"e":-1,"r":0},{"x":2,"y":8,"hp":45,"w":1,"h":1,"t":0,"c":7,"e":4,"r":0},{"x":4,"y":8,"hp":45,"w":1,"h":1,"t":0,"c":7,"e":4,"r":0},{"x":6,"y":8,"hp":45,"w":1,"h":1,"t":0,"c":7,"e":4,"r":0},{"x":8,"y":8,"hp":45,"w":1,"h":1,"t":0,"c":7,"e":4,"r":0},{"x":2,"y":6,"hp":55,"w":1,"h":1,"t":0,"c":7,"e":-1,"r":0},{"x":4,"y":6,"hp":55,"w":1,"h":1,"t":0,"c":7,"e":-1,"r":0},{"x":6,"y":6,"hp":55,"w":1,"h":1,"t":0,"c":7,"e":-1,"r":0},{"x":8,"y":6,"hp":55,"w":1,"h":1,"t":0,"c":7,"e":-1,"r":0},{"x":8,"y":12,"hp":30,"w":1,"h":1,"t":1,"c":5,"e":-1,"r":0},{"x":2,"y":12,"hp":30,"w":1,"h":1,"t":1,"c":5,"e":-1,"r":1},{"x":2,"y":10,"hp":30,"w":1,"h":1,"t":0,"c":5,"e":-1,"r":0},{"x":4,"y":10,"hp":30,"w":1,"h":1,"t":0,"c":5,"e":-1,"r":0},{"x":6,"y":10,"hp":30,"w":1,"h":1,"t":0,"c":5,"e":-1,"r":0},{"x":8,"y":10,"hp":30,"w":1,"h":1,"t":0,"c":5,"e":-1,"r":0},{"x":6,"y":12,"hp":30,"w":1,"h":1,"t":0,"c":5,"e":-1,"r":0},{"x":4,"y":12,"hp":30,"w":1,"h":1,"t":0,"c":5,"e":-1,"r":0},{"x":1,"y":11,"hp":30,"w":1,"h":1,"t":0,"c":5,"e":-1,"r":0},{"x":9,"y":11,"hp":30,"w":1,"h":1,"t":0,"c":5,"e":-1,"r":0}],"bu":[{"x":2,"y":7,"buff":0},{"x":4,"y":7,"buff":0},{"x":6,"y":7,"buff":0},{"x":8,"y":7,"buff":0},{"x":10,"y":6,"buff":6},{"x":0,"y":6,"buff":6}]}