{"l":261,"h":24,"w":11,"br":[{"x":1,"y":5,"hp":300,"w":3,"h":1,"t":0,"c":0,"e":-1,"r":0},{"x":1,"y":7,"hp":110,"w":1,"h":1,"t":0,"c":1,"e":-1,"r":0},{"x":4,"y":7,"hp":110,"w":1,"h":1,"t":0,"c":1,"e":-1,"r":0},{"x":1,"y":8,"hp":75,"w":1,"h":1,"t":0,"c":2,"e":-1,"r":0},{"x":2,"y":8,"hp":75,"w":1,"h":1,"t":0,"c":2,"e":-1,"r":0},{"x":3,"y":8,"hp":75,"w":1,"h":1,"t":0,"c":2,"e":-1,"r":0},{"x":1,"y":9,"hp":114,"w":1,"h":1,"t":0,"c":3,"e":-1,"r":0},{"x":2,"y":9,"hp":114,"w":1,"h":1,"t":0,"c":3,"e":-1,"r":0},{"x":3,"y":9,"hp":114,"w":1,"h":1,"t":0,"c":3,"e":-1,"r":0},{"x":1,"y":10,"hp":107,"w":1,"h":1,"t":0,"c":4,"e":-1,"r":0},{"x":3,"y":10,"hp":107,"w":1,"h":1,"t":0,"c":4,"e":-1,"r":0},{"x":1,"y":11,"hp":132,"w":1,"h":1,"t":0,"c":4,"e":-1,"r":0},{"x":2,"y":11,"hp":132,"w":1,"h":1,"t":0,"c":4,"e":-1,"r":0},{"x":1,"y":12,"hp":122,"w":1,"h":1,"t":5,"c":4,"e":-1,"r":0},{"x":2,"y":12,"hp":122,"w":1,"h":1,"t":0,"c":4,"e":-1,"r":0},{"x":3,"y":12,"hp":122,"w":1,"h":1,"t":0,"c":4,"e":-1,"r":0},{"x":4,"y":12,"hp":122,"w":1,"h":1,"t":0,"c":4,"e":7,"r":0},{"x":2,"y":13,"hp":89,"w":1,"h":1,"t":0,"c":4,"e":-1,"r":0},{"x":3,"y":13,"hp":89,"w":1,"h":1,"t":0,"c":4,"e":-1,"r":0},{"x":1,"y":14,"hp":149,"w":1,"h":1,"t":0,"c":4,"e":-1,"r":0},{"x":2,"y":14,"hp":149,"w":1,"h":1,"t":0,"c":4,"e":-1,"r":0},{"x":1,"y":15,"hp":100,"w":1,"h":1,"t":0,"c":4,"e":-1,"r":0},{"x":2,"y":15,"hp":100,"w":1,"h":1,"t":0,"c":4,"e":-1,"r":0},{"x":3,"y":15,"hp":100,"w":1,"h":1,"t":0,"c":4,"e":-1,"r":0},{"x":5,"y":15,"hp":100,"w":1,"h":1,"t":0,"c":4,"e":-1,"r":0},{"x":0,"y":16,"hp":131,"w":1,"h":1,"t":0,"c":4,"e":-1,"r":0},{"x":5,"y":16,"hp":131,"w":1,"h":1,"t":0,"c":4,"e":-1,"r":0},{"x":0,"y":17,"hp":114,"w":1,"h":1,"t":0,"c":4,"e":-1,"r":0},{"x":5,"y":17,"hp":114,"w":1,"h":1,"t":0,"c":4,"e":-1,"r":0},{"x":4,"y":18,"hp":87,"w":1,"h":1,"t":0,"c":4,"e":-1,"r":0},{"x":5,"y":18,"hp":87,"w":1,"h":1,"t":0,"c":4,"e":-1,"r":0},{"x":2,"y":19,"hp":122,"w":1,"h":1,"t":0,"c":4,"e":-1,"r":0},{"x":3,"y":19,"hp":122,"w":1,"h":1,"t":0,"c":4,"e":-1,"r":0},{"x":4,"y":19,"hp":122,"w":1,"h":1,"t":0,"c":4,"e":-1,"r":0},{"x":1,"y":20,"hp":158,"w":1,"h":1,"t":0,"c":4,"e":-1,"r":0},{"x":2,"y":20,"hp":158,"w":1,"h":1,"t":0,"c":4,"e":-1,"r":0},{"x":3,"y":20,"hp":158,"w":1,"h":1,"t":0,"c":4,"e":-1,"r":0},{"x":4,"y":20,"hp":158,"w":1,"h":1,"t":4,"c":4,"e":-1,"r":0},{"x":5,"y":20,"hp":158,"w":1,"h":1,"t":0,"c":4,"e":-1,"r":0},{"x":3,"y":21,"hp":80,"w":1,"h":1,"t":0,"c":4,"e":-1,"r":0},{"x":5,"y":21,"hp":80,"w":1,"h":1,"t":0,"c":4,"e":-1,"r":0},{"x":2,"y":22,"hp":150,"w":1,"h":1,"t":0,"c":4,"e":-1,"r":0},{"x":3,"y":22,"hp":150,"w":1,"h":1,"t":0,"c":4,"e":-1,"r":0},{"x":4,"y":22,"hp":150,"w":1,"h":1,"t":0,"c":4,"e":-1,"r":0},{"x":5,"y":22,"hp":150,"w":1,"h":1,"t":0,"c":4,"e":-1,"r":0},{"x":7,"y":5,"hp":300,"w":3,"h":1,"t":0,"c":0,"e":-1,"r":0},{"x":9,"y":7,"hp":110,"w":1,"h":1,"t":0,"c":1,"e":-1,"r":0},{"x":6,"y":7,"hp":110,"w":1,"h":1,"t":0,"c":1,"e":-1,"r":0},{"x":9,"y":8,"hp":75,"w":1,"h":1,"t":0,"c":2,"e":-1,"r":0},{"x":8,"y":8,"hp":75,"w":1,"h":1,"t":0,"c":2,"e":7,"r":0},{"x":7,"y":8,"hp":75,"w":1,"h":1,"t":0,"c":2,"e":-1,"r":0},{"x":9,"y":9,"hp":114,"w":1,"h":1,"t":0,"c":3,"e":-1,"r":0},{"x":8,"y":9,"hp":114,"w":1,"h":1,"t":0,"c":3,"e":-1,"r":0},{"x":7,"y":9,"hp":114,"w":1,"h":1,"t":0,"c":3,"e":-1,"r":0},{"x":9,"y":10,"hp":107,"w":1,"h":1,"t":0,"c":4,"e":-1,"r":0},{"x":7,"y":10,"hp":107,"w":1,"h":1,"t":0,"c":4,"e":-1,"r":0},{"x":9,"y":11,"hp":132,"w":1,"h":1,"t":0,"c":4,"e":-1,"r":0},{"x":8,"y":11,"hp":132,"w":1,"h":1,"t":0,"c":4,"e":-1,"r":0},{"x":9,"y":12,"hp":122,"w":1,"h":1,"t":5,"c":4,"e":-1,"r":0},{"x":8,"y":12,"hp":122,"w":1,"h":1,"t":0,"c":4,"e":-1,"r":0},{"x":7,"y":12,"hp":122,"w":1,"h":1,"t":0,"c":4,"e":-1,"r":0},{"x":6,"y":12,"hp":122,"w":1,"h":1,"t":0,"c":4,"e":-1,"r":0},{"x":8,"y":13,"hp":89,"w":1,"h":1,"t":0,"c":4,"e":-1,"r":0},{"x":7,"y":13,"hp":89,"w":1,"h":1,"t":0,"c":4,"e":-1,"r":0},{"x":9,"y":14,"hp":149,"w":1,"h":1,"t":0,"c":4,"e":-1,"r":0},{"x":8,"y":14,"hp":149,"w":1,"h":1,"t":0,"c":4,"e":-1,"r":0},{"x":7,"y":14,"hp":149,"w":1,"h":1,"t":0,"c":4,"e":-1,"r":0},{"x":6,"y":14,"hp":149,"w":1,"h":1,"t":0,"c":4,"e":-1,"r":0},{"x":9,"y":15,"hp":100,"w":1,"h":1,"t":0,"c":4,"e":-1,"r":0},{"x":8,"y":15,"hp":100,"w":1,"h":1,"t":0,"c":4,"e":-1,"r":0},{"x":7,"y":15,"hp":100,"w":1,"h":1,"t":0,"c":4,"e":-1,"r":0},{"x":6,"y":15,"hp":100,"w":1,"h":1,"t":0,"c":4,"e":-1,"r":0},{"x":10,"y":16,"hp":131,"w":1,"h":1,"t":0,"c":4,"e":-1,"r":0},{"x":8,"y":16,"hp":131,"w":1,"h":1,"t":0,"c":4,"e":-1,"r":0},{"x":6,"y":16,"hp":131,"w":1,"h":1,"t":0,"c":4,"e":-1,"r":0},{"x":10,"y":17,"hp":114,"w":1,"h":1,"t":0,"c":4,"e":-1,"r":0},{"x":9,"y":17,"hp":114,"w":1,"h":1,"t":1,"c":4,"e":-1,"r":3},{"x":8,"y":17,"hp":114,"w":1,"h":1,"t":0,"c":4,"e":-1,"r":0},{"x":7,"y":17,"hp":114,"w":1,"h":1,"t":0,"c":4,"e":-1,"r":0},{"x":9,"y":18,"hp":87,"w":1,"h":1,"t":0,"c":4,"e":-1,"r":0},{"x":6,"y":18,"hp":87,"w":1,"h":1,"t":0,"c":4,"e":-1,"r":0},{"x":8,"y":19,"hp":122,"w":1,"h":1,"t":0,"c":4,"e":-1,"r":0},{"x":7,"y":19,"hp":122,"w":1,"h":1,"t":0,"c":4,"e":-1,"r":0},{"x":6,"y":19,"hp":122,"w":1,"h":1,"t":0,"c":4,"e":-1,"r":0},{"x":9,"y":20,"hp":158,"w":1,"h":1,"t":0,"c":4,"e":-1,"r":0},{"x":8,"y":20,"hp":158,"w":1,"h":1,"t":0,"c":4,"e":7,"r":0},{"x":7,"y":20,"hp":158,"w":1,"h":1,"t":0,"c":4,"e":-1,"r":0},{"x":6,"y":20,"hp":158,"w":1,"h":1,"t":4,"c":4,"e":-1,"r":0},{"x":10,"y":21,"hp":80,"w":1,"h":1,"t":0,"c":4,"e":-1,"r":0},{"x":10,"y":22,"hp":150,"w":1,"h":1,"t":0,"c":4,"e":-1,"r":0},{"x":7,"y":22,"hp":150,"w":1,"h":1,"t":0,"c":4,"e":-1,"r":0},{"x":6,"y":22,"hp":150,"w":1,"h":1,"t":0,"c":4,"e":-1,"r":0},{"x":0,"y":8,"hp":90,"w":1,"h":1,"t":4,"c":2,"e":-1,"r":0},{"x":10,"y":8,"hp":90,"w":1,"h":1,"t":4,"c":2,"e":-1,"r":0},{"x":7,"y":7,"hp":90,"w":1,"h":1,"t":1,"c":1,"e":-1,"r":0},{"x":3,"y":7,"hp":90,"w":1,"h":1,"t":1,"c":1,"e":-1,"r":1},{"x":9,"y":13,"hp":89,"w":1,"h":1,"t":0,"c":4,"e":-1,"r":0},{"x":6,"y":13,"hp":89,"w":1,"h":1,"t":0,"c":4,"e":-1,"r":0},{"x":1,"y":13,"hp":89,"w":1,"h":1,"t":0,"c":4,"e":-1,"r":0},{"x":0,"y":15,"hp":100,"w":1,"h":1,"t":0,"c":4,"e":-1,"r":0},{"x":10,"y":15,"hp":100,"w":1,"h":1,"t":0,"c":4,"e":-1,"r":0},{"x":3,"y":16,"hp":131,"w":1,"h":1,"t":0,"c":4,"e":-1,"r":0},{"x":7,"y":16,"hp":131,"w":1,"h":1,"t":0,"c":4,"e":-1,"r":0},{"x":6,"y":17,"hp":114,"w":1,"h":1,"t":0,"c":4,"e":-1,"r":0},{"x":3,"y":18,"hp":87,"w":1,"h":1,"t":0,"c":4,"e":-1,"r":0},{"x":7,"y":18,"hp":87,"w":1,"h":1,"t":0,"c":4,"e":-1,"r":0},{"x":8,"y":18,"hp":87,"w":1,"h":1,"t":0,"c":4,"e":-1,"r":0},{"x":9,"y":19,"hp":122,"w":1,"h":1,"t":0,"c":4,"e":-1,"r":0},{"x":6,"y":21,"hp":80,"w":1,"h":1,"t":0,"c":4,"e":-1,"r":0},{"x":4,"y":21,"hp":80,"w":1,"h":1,"t":0,"c":4,"e":-1,"r":0},{"x":1,"y":22,"hp":150,"w":1,"h":1,"t":0,"c":4,"e":-1,"r":0},{"x":1,"y":21,"hp":80,"w":1,"h":1,"t":0,"c":4,"e":-1,"r":0},{"x":2,"y":21,"hp":80,"w":1,"h":1,"t":0,"c":4,"e":-1,"r":0},{"x":10,"y":7,"hp":90,"w":1,"h":1,"t":0,"c":1,"e":-1,"r":0},{"x":0,"y":7,"hp":90,"w":1,"h":1,"t":0,"c":1,"e":-1,"r":0}],"bu":[{"x":1,"y":6,"buff":1},{"x":10,"y":10,"buff":1},{"x":10,"y":12,"buff":1},{"x":4,"y":15,"buff":1},{"x":0,"y":19,"buff":1},{"x":0,"y":21,"buff":1},{"x":5,"y":23,"buff":1},{"x":9,"y":23,"buff":0},{"x":3,"y":17,"buff":0},{"x":4,"y":13,"buff":0},{"x":0,"y":12,"buff":3},{"x":2,"y":18,"buff":2},{"x":5,"y":7,"buff":6},{"x":9,"y":6,"buff":1},{"x":5,"y":10,"buff":1}]}