{"l":61,"h":17,"w":11,"br":[{"x":4,"y":10,"hp":56,"w":1,"h":1,"t":0,"c":4,"e":-1,"r":0},{"x":1,"y":11,"hp":37,"w":1,"h":1,"t":0,"c":4,"e":-1,"r":0},{"x":2,"y":11,"hp":37,"w":1,"h":1,"t":0,"c":4,"e":-1,"r":0},{"x":4,"y":11,"hp":37,"w":1,"h":1,"t":0,"c":4,"e":-1,"r":0},{"x":2,"y":12,"hp":62,"w":1,"h":1,"t":0,"c":4,"e":7,"r":0},{"x":0,"y":13,"hp":66,"w":1,"h":1,"t":0,"c":4,"e":-1,"r":0},{"x":1,"y":13,"hp":66,"w":1,"h":1,"t":0,"c":4,"e":-1,"r":0},{"x":3,"y":13,"hp":66,"w":1,"h":1,"t":0,"c":4,"e":-1,"r":0},{"x":2,"y":14,"hp":45,"w":1,"h":1,"t":0,"c":4,"e":-1,"r":0},{"x":3,"y":14,"hp":45,"w":1,"h":1,"t":0,"c":4,"e":-1,"r":0},{"x":4,"y":14,"hp":45,"w":1,"h":1,"t":0,"c":4,"e":-1,"r":0},{"x":5,"y":14,"hp":45,"w":1,"h":1,"t":0,"c":4,"e":-1,"r":0},{"x":1,"y":15,"hp":60,"w":1,"h":1,"t":0,"c":2,"e":-1,"r":0},{"x":2,"y":15,"hp":60,"w":1,"h":1,"t":0,"c":2,"e":-1,"r":0},{"x":4,"y":15,"hp":60,"w":1,"h":1,"t":0,"c":2,"e":-1,"r":0},{"x":5,"y":15,"hp":60,"w":1,"h":1,"t":0,"c":2,"e":-1,"r":0},{"x":3,"y":16,"hp":63,"w":1,"h":1,"t":0,"c":4,"e":-1,"r":0},{"x":4,"y":16,"hp":63,"w":1,"h":1,"t":0,"c":4,"e":-1,"r":0},{"x":5,"y":16,"hp":63,"w":1,"h":1,"t":0,"c":4,"e":-1,"r":0},{"x":6,"y":9,"hp":52,"w":1,"h":1,"t":0,"c":2,"e":5,"r":0},{"x":10,"y":10,"hp":56,"w":1,"h":1,"t":0,"c":4,"e":-1,"r":0},{"x":8,"y":10,"hp":56,"w":1,"h":1,"t":0,"c":4,"e":-1,"r":0},{"x":6,"y":10,"hp":56,"w":1,"h":1,"t":0,"c":4,"e":-1,"r":0},{"x":9,"y":11,"hp":37,"w":1,"h":1,"t":0,"c":4,"e":7,"r":0},{"x":8,"y":11,"hp":37,"w":1,"h":1,"t":0,"c":4,"e":-1,"r":0},{"x":6,"y":11,"hp":37,"w":1,"h":1,"t":0,"c":4,"e":-1,"r":0},{"x":8,"y":12,"hp":62,"w":1,"h":1,"t":0,"c":4,"e":-1,"r":0},{"x":10,"y":13,"hp":66,"w":1,"h":1,"t":0,"c":4,"e":-1,"r":0},{"x":9,"y":13,"hp":66,"w":1,"h":1,"t":0,"c":4,"e":-1,"r":0},{"x":10,"y":15,"hp":60,"w":1,"h":1,"t":0,"c":2,"e":-1,"r":0},{"x":9,"y":15,"hp":60,"w":1,"h":1,"t":0,"c":2,"e":-1,"r":0},{"x":6,"y":15,"hp":60,"w":1,"h":1,"t":0,"c":2,"e":5,"r":0},{"x":10,"y":16,"hp":63,"w":1,"h":1,"t":0,"c":4,"e":-1,"r":0},{"x":9,"y":16,"hp":63,"w":1,"h":1,"t":0,"c":4,"e":-1,"r":0},{"x":8,"y":13,"hp":66,"w":1,"h":1,"t":0,"c":4,"e":-1,"r":0},{"x":2,"y":16,"hp":40,"w":1,"h":1,"t":0,"c":4,"e":-1,"r":0},{"x":1,"y":14,"hp":40,"w":1,"h":1,"t":0,"c":4,"e":-1,"r":0},{"x":3,"y":10,"hp":56,"w":1,"h":1,"t":0,"c":4,"e":-1,"r":0},{"x":9,"y":5,"hp":40,"w":1,"h":1,"t":0,"c":2,"e":-1,"r":0},{"x":0,"y":6,"hp":40,"w":1,"h":1,"t":0,"c":2,"e":-1,"r":0},{"x":3,"y":6,"hp":40,"w":1,"h":1,"t":0,"c":2,"e":-1,"r":0},{"x":4,"y":6,"hp":40,"w":1,"h":1,"t":0,"c":2,"e":-1,"r":0},{"x":9,"y":6,"hp":40,"w":1,"h":1,"t":0,"c":2,"e":-1,"r":0},{"x":1,"y":5,"hp":40,"w":1,"h":1,"t":0,"c":2,"e":-1,"r":0},{"x":2,"y":6,"hp":40,"w":1,"h":1,"t":0,"c":2,"e":-1,"r":0},{"x":6,"y":7,"hp":45,"w":1,"h":1,"t":0,"c":2,"e":-1,"r":0},{"x":7,"y":7,"hp":45,"w":1,"h":1,"t":0,"c":2,"e":-1,"r":0},{"x":8,"y":7,"hp":45,"w":1,"h":1,"t":0,"c":2,"e":-1,"r":0},{"x":4,"y":8,"hp":40,"w":1,"h":1,"t":0,"c":4,"e":-1,"r":0},{"x":3,"y":8,"hp":40,"w":1,"h":1,"t":0,"c":4,"e":-1,"r":0},{"x":2,"y":8,"hp":40,"w":1,"h":1,"t":0,"c":4,"e":-1,"r":0},{"x":1,"y":8,"hp":40,"w":1,"h":1,"t":0,"c":4,"e":-1,"r":0},{"x":0,"y":8,"hp":40,"w":1,"h":1,"t":0,"c":4,"e":-1,"r":0},{"x":9,"y":8,"hp":40,"w":1,"h":1,"t":0,"c":4,"e":-1,"r":0},{"x":8,"y":9,"hp":52,"w":1,"h":1,"t":0,"c":2,"e":-1,"r":0},{"x":10,"y":9,"hp":52,"w":1,"h":1,"t":0,"c":2,"e":-1,"r":0},{"x":7,"y":9,"hp":52,"w":1,"h":1,"t":0,"c":2,"e":-1,"r":0},{"x":2,"y":10,"hp":56,"w":1,"h":1,"t":0,"c":4,"e":5,"r":0},{"x":4,"y":12,"hp":62,"w":1,"h":1,"t":1,"c":2,"e":-1,"r":0},{"x":6,"y":12,"hp":62,"w":1,"h":1,"t":1,"c":2,"e":-1,"r":1},{"x":9,"y":12,"hp":62,"w":1,"h":1,"t":1,"c":2,"e":-1,"r":0},{"x":1,"y":12,"hp":62,"w":1,"h":1,"t":1,"c":2,"e":-1,"r":1},{"x":0,"y":11,"hp":37,"w":1,"h":1,"t":1,"c":2,"e":-1,"r":1},{"x":10,"y":11,"hp":37,"w":1,"h":1,"t":1,"c":2,"e":-1,"r":0},{"x":1,"y":16,"hp":40,"w":1,"h":1,"t":1,"c":4,"e":-1,"r":0}],"bu":[{"x":0,"y":14,"buff":3},{"x":3,"y":11,"buff":0},{"x":3,"y":12,"buff":0},{"x":7,"y":11,"buff":0},{"x":7,"y":12,"buff":0},{"x":3,"y":7,"buff":0},{"x":3,"y":9,"buff":0},{"x":7,"y":8,"buff":0}]}