{"l":240,"h":32,"w":11,"br":[{"x":4,"y":5,"hp":43,"w":1,"h":1,"t":0,"c":5,"e":-1,"r":0},{"x":5,"y":5,"hp":43,"w":1,"h":1,"t":0,"c":5,"e":-1,"r":0},{"x":1,"y":6,"hp":30,"w":1,"h":1,"t":0,"c":5,"e":-1,"r":0},{"x":3,"y":6,"hp":30,"w":1,"h":1,"t":0,"c":5,"e":-1,"r":0},{"x":5,"y":6,"hp":30,"w":1,"h":1,"t":0,"c":5,"e":-1,"r":0},{"x":5,"y":7,"hp":68,"w":1,"h":1,"t":0,"c":5,"e":-1,"r":0},{"x":2,"y":8,"hp":84,"w":1,"h":1,"t":0,"c":5,"e":-1,"r":0},{"x":5,"y":8,"hp":84,"w":1,"h":1,"t":0,"c":5,"e":-1,"r":0},{"x":3,"y":9,"hp":116,"w":1,"h":1,"t":0,"c":5,"e":-1,"r":0},{"x":5,"y":9,"hp":116,"w":1,"h":1,"t":0,"c":5,"e":-1,"r":0},{"x":1,"y":10,"hp":77,"w":1,"h":1,"t":0,"c":5,"e":-1,"r":0},{"x":3,"y":10,"hp":77,"w":1,"h":1,"t":0,"c":5,"e":-1,"r":0},{"x":5,"y":10,"hp":77,"w":1,"h":1,"t":0,"c":5,"e":-1,"r":0},{"x":1,"y":11,"hp":131,"w":1,"h":1,"t":0,"c":5,"e":-1,"r":0},{"x":3,"y":11,"hp":131,"w":1,"h":1,"t":0,"c":5,"e":-1,"r":0},{"x":5,"y":11,"hp":131,"w":1,"h":1,"t":0,"c":5,"e":-1,"r":0},{"x":1,"y":12,"hp":80,"w":1,"h":1,"t":0,"c":5,"e":-1,"r":0},{"x":2,"y":12,"hp":80,"w":1,"h":1,"t":0,"c":5,"e":-1,"r":0},{"x":3,"y":12,"hp":80,"w":1,"h":1,"t":0,"c":5,"e":-1,"r":0},{"x":5,"y":12,"hp":80,"w":1,"h":1,"t":0,"c":5,"e":-1,"r":0},{"x":0,"y":13,"hp":88,"w":1,"h":1,"t":0,"c":5,"e":-1,"r":0},{"x":1,"y":13,"hp":88,"w":1,"h":1,"t":0,"c":5,"e":-1,"r":0},{"x":2,"y":13,"hp":88,"w":1,"h":1,"t":0,"c":5,"e":-1,"r":0},{"x":0,"y":14,"hp":102,"w":1,"h":1,"t":0,"c":5,"e":-1,"r":0},{"x":1,"y":14,"hp":102,"w":1,"h":1,"t":0,"c":5,"e":-1,"r":0},{"x":2,"y":14,"hp":102,"w":1,"h":1,"t":0,"c":5,"e":-1,"r":0},{"x":3,"y":14,"hp":102,"w":1,"h":1,"t":0,"c":5,"e":-1,"r":0},{"x":4,"y":14,"hp":102,"w":1,"h":1,"t":0,"c":5,"e":-1,"r":0},{"x":5,"y":14,"hp":102,"w":1,"h":1,"t":0,"c":5,"e":-1,"r":0},{"x":1,"y":15,"hp":77,"w":1,"h":1,"t":0,"c":3,"e":-1,"r":0},{"x":2,"y":15,"hp":77,"w":1,"h":1,"t":0,"c":3,"e":-1,"r":0},{"x":3,"y":15,"hp":77,"w":1,"h":1,"t":0,"c":3,"e":-1,"r":0},{"x":4,"y":15,"hp":77,"w":1,"h":1,"t":0,"c":3,"e":-1,"r":0},{"x":5,"y":15,"hp":77,"w":1,"h":1,"t":0,"c":3,"e":-1,"r":0},{"x":1,"y":16,"hp":105,"w":1,"h":1,"t":0,"c":5,"e":-1,"r":0},{"x":2,"y":16,"hp":105,"w":1,"h":1,"t":0,"c":5,"e":-1,"r":0},{"x":3,"y":16,"hp":105,"w":1,"h":1,"t":0,"c":5,"e":-1,"r":0},{"x":4,"y":16,"hp":105,"w":1,"h":1,"t":2,"c":5,"e":-1,"r":0},{"x":5,"y":16,"hp":105,"w":1,"h":1,"t":4,"c":5,"e":-1,"r":0},{"x":1,"y":17,"hp":130,"w":1,"h":1,"t":0,"c":5,"e":-1,"r":0},{"x":2,"y":17,"hp":130,"w":1,"h":1,"t":0,"c":5,"e":-1,"r":0},{"x":3,"y":17,"hp":130,"w":1,"h":1,"t":0,"c":5,"e":-1,"r":0},{"x":4,"y":17,"hp":130,"w":1,"h":1,"t":0,"c":5,"e":-1,"r":0},{"x":5,"y":17,"hp":130,"w":1,"h":1,"t":0,"c":5,"e":-1,"r":0},{"x":1,"y":18,"hp":70,"w":1,"h":1,"t":0,"c":5,"e":-1,"r":0},{"x":2,"y":18,"hp":70,"w":1,"h":1,"t":0,"c":5,"e":-1,"r":0},{"x":3,"y":18,"hp":70,"w":1,"h":1,"t":0,"c":5,"e":-1,"r":0},{"x":4,"y":18,"hp":70,"w":1,"h":1,"t":0,"c":5,"e":-1,"r":0},{"x":5,"y":18,"hp":70,"w":1,"h":1,"t":0,"c":5,"e":-1,"r":0},{"x":1,"y":19,"hp":87,"w":1,"h":1,"t":0,"c":3,"e":-1,"r":0},{"x":2,"y":19,"hp":87,"w":1,"h":1,"t":4,"c":3,"e":-1,"r":0},{"x":3,"y":19,"hp":87,"w":1,"h":1,"t":0,"c":3,"e":-1,"r":0},{"x":4,"y":19,"hp":87,"w":1,"h":1,"t":0,"c":3,"e":-1,"r":0},{"x":1,"y":20,"hp":135,"w":1,"h":1,"t":0,"c":5,"e":-1,"r":0},{"x":2,"y":20,"hp":135,"w":1,"h":1,"t":0,"c":5,"e":-1,"r":0},{"x":3,"y":20,"hp":135,"w":1,"h":1,"t":0,"c":5,"e":-1,"r":0},{"x":4,"y":20,"hp":135,"w":1,"h":1,"t":0,"c":5,"e":-1,"r":0},{"x":5,"y":20,"hp":135,"w":1,"h":1,"t":0,"c":5,"e":-1,"r":0},{"x":3,"y":21,"hp":110,"w":1,"h":1,"t":0,"c":5,"e":-1,"r":0},{"x":4,"y":21,"hp":110,"w":1,"h":1,"t":0,"c":5,"e":-1,"r":0},{"x":5,"y":21,"hp":110,"w":1,"h":1,"t":5,"c":5,"e":-1,"r":0},{"x":0,"y":22,"hp":141,"w":1,"h":1,"t":0,"c":3,"e":-1,"r":0},{"x":1,"y":22,"hp":141,"w":1,"h":1,"t":0,"c":3,"e":-1,"r":0},{"x":4,"y":22,"hp":141,"w":1,"h":1,"t":0,"c":3,"e":-1,"r":0},{"x":5,"y":22,"hp":141,"w":1,"h":1,"t":0,"c":3,"e":-1,"r":0},{"x":6,"y":5,"hp":43,"w":1,"h":1,"t":0,"c":5,"e":-1,"r":0},{"x":9,"y":6,"hp":30,"w":1,"h":1,"t":0,"c":5,"e":-1,"r":0},{"x":7,"y":6,"hp":30,"w":1,"h":1,"t":0,"c":5,"e":-1,"r":0},{"x":8,"y":8,"hp":84,"w":1,"h":1,"t":0,"c":5,"e":-1,"r":0},{"x":7,"y":9,"hp":116,"w":1,"h":1,"t":0,"c":5,"e":-1,"r":0},{"x":9,"y":10,"hp":77,"w":1,"h":1,"t":0,"c":5,"e":-1,"r":0},{"x":9,"y":11,"hp":131,"w":1,"h":1,"t":0,"c":5,"e":-1,"r":0},{"x":7,"y":11,"hp":131,"w":1,"h":1,"t":0,"c":5,"e":-1,"r":0},{"x":9,"y":12,"hp":80,"w":1,"h":1,"t":0,"c":5,"e":-1,"r":0},{"x":7,"y":12,"hp":80,"w":1,"h":1,"t":0,"c":5,"e":-1,"r":0},{"x":9,"y":13,"hp":88,"w":1,"h":1,"t":0,"c":5,"e":-1,"r":0},{"x":8,"y":13,"hp":88,"w":1,"h":1,"t":0,"c":5,"e":-1,"r":0},{"x":9,"y":14,"hp":102,"w":1,"h":1,"t":0,"c":5,"e":-1,"r":0},{"x":8,"y":14,"hp":102,"w":1,"h":1,"t":0,"c":5,"e":-1,"r":0},{"x":6,"y":14,"hp":102,"w":1,"h":1,"t":0,"c":5,"e":-1,"r":0},{"x":9,"y":15,"hp":77,"w":1,"h":1,"t":0,"c":3,"e":-1,"r":0},{"x":8,"y":15,"hp":77,"w":1,"h":1,"t":0,"c":3,"e":-1,"r":0},{"x":10,"y":16,"hp":105,"w":1,"h":1,"t":0,"c":5,"e":-1,"r":0},{"x":8,"y":16,"hp":105,"w":1,"h":1,"t":0,"c":5,"e":-1,"r":0},{"x":7,"y":16,"hp":105,"w":1,"h":1,"t":0,"c":5,"e":-1,"r":0},{"x":9,"y":17,"hp":130,"w":1,"h":1,"t":0,"c":5,"e":-1,"r":0},{"x":8,"y":17,"hp":130,"w":1,"h":1,"t":0,"c":5,"e":-1,"r":0},{"x":7,"y":17,"hp":130,"w":1,"h":1,"t":0,"c":5,"e":-1,"r":0},{"x":9,"y":18,"hp":70,"w":1,"h":1,"t":0,"c":5,"e":-1,"r":0},{"x":8,"y":18,"hp":70,"w":1,"h":1,"t":0,"c":5,"e":-1,"r":0},{"x":7,"y":18,"hp":70,"w":1,"h":1,"t":0,"c":5,"e":-1,"r":0},{"x":9,"y":19,"hp":87,"w":1,"h":1,"t":0,"c":3,"e":-1,"r":0},{"x":8,"y":19,"hp":87,"w":1,"h":1,"t":4,"c":3,"e":-1,"r":0},{"x":7,"y":19,"hp":87,"w":1,"h":1,"t":0,"c":3,"e":-1,"r":0},{"x":9,"y":20,"hp":135,"w":1,"h":1,"t":0,"c":5,"e":-1,"r":0},{"x":7,"y":20,"hp":135,"w":1,"h":1,"t":0,"c":5,"e":-1,"r":0},{"x":6,"y":20,"hp":135,"w":1,"h":1,"t":0,"c":5,"e":-1,"r":0},{"x":7,"y":21,"hp":110,"w":1,"h":1,"t":0,"c":5,"e":-1,"r":0},{"x":6,"y":21,"hp":110,"w":1,"h":1,"t":0,"c":5,"e":-1,"r":0},{"x":9,"y":22,"hp":141,"w":1,"h":1,"t":0,"c":3,"e":-1,"r":0},{"x":6,"y":22,"hp":141,"w":1,"h":1,"t":0,"c":3,"e":-1,"r":0},{"x":8,"y":12,"hp":80,"w":1,"h":1,"t":0,"c":5,"e":-1,"r":0},{"x":5,"y":13,"hp":88,"w":1,"h":1,"t":0,"c":5,"e":-1,"r":0},{"x":4,"y":13,"hp":88,"w":1,"h":1,"t":0,"c":5,"e":-1,"r":0},{"x":7,"y":10,"hp":60,"w":1,"h":1,"t":0,"c":5,"e":-1,"r":0},{"x":2,"y":7,"hp":60,"w":1,"h":1,"t":0,"c":5,"e":-1,"r":0},{"x":1,"y":7,"hp":60,"w":1,"h":1,"t":0,"c":5,"e":-1,"r":0},{"x":8,"y":7,"hp":60,"w":1,"h":1,"t":0,"c":5,"e":-1,"r":0},{"x":9,"y":7,"hp":60,"w":1,"h":1,"t":0,"c":5,"e":-1,"r":0},{"x":4,"y":10,"hp":60,"w":1,"h":1,"t":0,"c":5,"e":-1,"r":0},{"x":6,"y":10,"hp":60,"w":1,"h":1,"t":0,"c":5,"e":-1,"r":0},{"x":7,"y":8,"hp":60,"w":1,"h":1,"t":0,"c":5,"e":-1,"r":0},{"x":3,"y":8,"hp":60,"w":1,"h":1,"t":0,"c":5,"e":-1,"r":0},{"x":8,"y":11,"hp":60,"w":1,"h":1,"t":0,"c":5,"e":-1,"r":0},{"x":10,"y":12,"hp":80,"w":1,"h":1,"t":0,"c":5,"e":-1,"r":0},{"x":6,"y":6,"hp":60,"w":1,"h":1,"t":1,"c":2,"e":-1,"r":3},{"x":4,"y":6,"hp":60,"w":1,"h":1,"t":1,"c":2,"e":-1,"r":2},{"x":7,"y":7,"hp":60,"w":1,"h":1,"t":1,"c":2,"e":-1,"r":1},{"x":3,"y":7,"hp":60,"w":1,"h":1,"t":1,"c":2,"e":-1,"r":0},{"x":4,"y":11,"hp":60,"w":1,"h":1,"t":2,"c":2,"e":-1,"r":0},{"x":6,"y":11,"hp":60,"w":1,"h":1,"t":2,"c":2,"e":-1,"r":0}],"bu":[{"x":8,"y":6,"buff":0},{"x":4,"y":8,"buff":0},{"x":0,"y":11,"buff":0},{"x":0,"y":20,"buff":0},{"x":10,"y":22,"buff":0},{"x":8,"y":31,"buff":1},{"x":10,"y":26,"buff":1},{"x":0,"y":17,"buff":1},{"x":7,"y":14,"buff":1},{"x":10,"y":10,"buff":1},{"x":6,"y":8,"buff":1},{"x":2,"y":6,"buff":1},{"x":0,"y":8,"buff":3},{"x":10,"y":6,"buff":3},{"x":10,"y":19,"buff":3},{"x":2,"y":11,"buff":2},{"x":6,"y":16,"buff":3},{"x":8,"y":21,"buff":5},{"x":10,"y":8,"buff":1},{"x":0,"y":6,"buff":1},{"x":10,"y":13,"buff":1},{"x":10,"y":15,"buff":1}]}