{"l":304,"h":41,"w":11,"br":[{"x":3,"y":5,"hp":45,"w":1,"h":1,"t":0,"c":1,"e":-1,"r":0},{"x":1,"y":6,"hp":50,"w":1,"h":1,"t":0,"c":1,"e":-1,"r":0},{"x":2,"y":6,"hp":50,"w":1,"h":1,"t":0,"c":1,"e":-1,"r":0},{"x":3,"y":6,"hp":50,"w":1,"h":1,"t":0,"c":1,"e":-1,"r":0},{"x":5,"y":6,"hp":50,"w":1,"h":1,"t":0,"c":1,"e":-1,"r":0},{"x":5,"y":7,"hp":73,"w":1,"h":1,"t":0,"c":1,"e":-1,"r":0},{"x":5,"y":8,"hp":65,"w":1,"h":1,"t":0,"c":1,"e":-1,"r":0},{"x":0,"y":9,"hp":93,"w":1,"h":1,"t":0,"c":1,"e":-1,"r":0},{"x":2,"y":9,"hp":93,"w":1,"h":1,"t":0,"c":1,"e":-1,"r":0},{"x":5,"y":9,"hp":93,"w":1,"h":1,"t":0,"c":1,"e":-1,"r":0},{"x":0,"y":10,"hp":80,"w":1,"h":1,"t":0,"c":1,"e":-1,"r":0},{"x":5,"y":10,"hp":80,"w":1,"h":1,"t":0,"c":1,"e":-1,"r":0},{"x":0,"y":11,"hp":77,"w":1,"h":1,"t":0,"c":1,"e":-1,"r":0},{"x":2,"y":11,"hp":77,"w":1,"h":1,"t":0,"c":1,"e":-1,"r":0},{"x":3,"y":11,"hp":77,"w":1,"h":1,"t":0,"c":1,"e":-1,"r":0},{"x":4,"y":11,"hp":77,"w":1,"h":1,"t":0,"c":1,"e":-1,"r":0},{"x":5,"y":11,"hp":77,"w":1,"h":1,"t":0,"c":1,"e":-1,"r":0},{"x":2,"y":12,"hp":80,"w":1,"h":1,"t":0,"c":1,"e":-1,"r":0},{"x":3,"y":12,"hp":80,"w":1,"h":1,"t":0,"c":1,"e":-1,"r":0},{"x":5,"y":12,"hp":80,"w":1,"h":1,"t":0,"c":1,"e":-1,"r":0},{"x":4,"y":13,"hp":89,"w":1,"h":1,"t":0,"c":1,"e":-1,"r":0},{"x":5,"y":13,"hp":89,"w":1,"h":1,"t":0,"c":1,"e":-1,"r":0},{"x":2,"y":14,"hp":80,"w":1,"h":1,"t":0,"c":1,"e":-1,"r":0},{"x":3,"y":14,"hp":80,"w":1,"h":1,"t":0,"c":1,"e":-1,"r":0},{"x":4,"y":14,"hp":80,"w":1,"h":1,"t":0,"c":1,"e":-1,"r":0},{"x":5,"y":14,"hp":80,"w":1,"h":1,"t":0,"c":1,"e":-1,"r":0},{"x":1,"y":15,"hp":75,"w":1,"h":1,"t":0,"c":1,"e":-1,"r":0},{"x":3,"y":15,"hp":75,"w":1,"h":1,"t":0,"c":1,"e":-1,"r":0},{"x":4,"y":15,"hp":75,"w":1,"h":1,"t":0,"c":1,"e":-1,"r":0},{"x":5,"y":15,"hp":75,"w":1,"h":1,"t":0,"c":1,"e":-1,"r":0},{"x":2,"y":16,"hp":96,"w":1,"h":1,"t":0,"c":1,"e":-1,"r":0},{"x":4,"y":16,"hp":96,"w":1,"h":1,"t":0,"c":1,"e":-1,"r":0},{"x":5,"y":16,"hp":96,"w":1,"h":1,"t":0,"c":1,"e":-1,"r":0},{"x":2,"y":17,"hp":105,"w":1,"h":1,"t":0,"c":1,"e":-1,"r":0},{"x":4,"y":17,"hp":105,"w":1,"h":1,"t":0,"c":1,"e":-1,"r":0},{"x":5,"y":17,"hp":105,"w":1,"h":1,"t":0,"c":1,"e":-1,"r":0},{"x":3,"y":18,"hp":107,"w":1,"h":1,"t":0,"c":1,"e":-1,"r":0},{"x":5,"y":18,"hp":107,"w":1,"h":1,"t":0,"c":1,"e":-1,"r":0},{"x":2,"y":19,"hp":58,"w":1,"h":1,"t":0,"c":1,"e":-1,"r":0},{"x":3,"y":19,"hp":58,"w":1,"h":1,"t":0,"c":1,"e":-1,"r":0},{"x":4,"y":19,"hp":58,"w":1,"h":1,"t":0,"c":1,"e":-1,"r":0},{"x":0,"y":20,"hp":100,"w":1,"h":1,"t":0,"c":1,"e":-1,"r":0},{"x":2,"y":20,"hp":100,"w":1,"h":1,"t":0,"c":1,"e":-1,"r":0},{"x":3,"y":20,"hp":100,"w":1,"h":1,"t":0,"c":1,"e":-1,"r":0},{"x":4,"y":20,"hp":100,"w":1,"h":1,"t":0,"c":1,"e":-1,"r":0},{"x":2,"y":21,"hp":115,"w":1,"h":1,"t":0,"c":1,"e":-1,"r":0},{"x":3,"y":21,"hp":115,"w":1,"h":1,"t":0,"c":1,"e":-1,"r":0},{"x":5,"y":21,"hp":115,"w":1,"h":1,"t":1,"c":1,"e":-1,"r":1},{"x":3,"y":22,"hp":82,"w":1,"h":1,"t":0,"c":1,"e":-1,"r":0},{"x":5,"y":22,"hp":82,"w":1,"h":1,"t":0,"c":1,"e":-1,"r":0},{"x":5,"y":23,"hp":154,"w":1,"h":1,"t":3,"c":1,"e":-1,"r":0},{"x":1,"y":24,"hp":80,"w":1,"h":1,"t":0,"c":1,"e":-1,"r":0},{"x":2,"y":24,"hp":80,"w":1,"h":1,"t":0,"c":1,"e":-1,"r":0},{"x":4,"y":24,"hp":80,"w":1,"h":1,"t":0,"c":1,"e":-1,"r":0},{"x":5,"y":24,"hp":80,"w":1,"h":1,"t":0,"c":1,"e":-1,"r":0},{"x":1,"y":25,"hp":100,"w":1,"h":1,"t":0,"c":1,"e":-1,"r":0},{"x":2,"y":25,"hp":100,"w":1,"h":1,"t":0,"c":1,"e":-1,"r":0},{"x":4,"y":25,"hp":100,"w":1,"h":1,"t":0,"c":1,"e":-1,"r":0},{"x":5,"y":25,"hp":100,"w":1,"h":1,"t":0,"c":1,"e":-1,"r":0},{"x":3,"y":26,"hp":180,"w":1,"h":1,"t":0,"c":1,"e":-1,"r":0},{"x":5,"y":26,"hp":180,"w":1,"h":1,"t":0,"c":1,"e":-1,"r":0},{"x":0,"y":27,"hp":230,"w":1,"h":1,"t":0,"c":1,"e":-1,"r":0},{"x":3,"y":27,"hp":230,"w":1,"h":1,"t":0,"c":1,"e":-1,"r":0},{"x":5,"y":27,"hp":230,"w":1,"h":1,"t":0,"c":1,"e":-1,"r":0},{"x":0,"y":28,"hp":123,"w":1,"h":1,"t":0,"c":1,"e":-1,"r":0},{"x":1,"y":28,"hp":123,"w":1,"h":1,"t":0,"c":1,"e":-1,"r":0},{"x":2,"y":28,"hp":123,"w":1,"h":1,"t":0,"c":1,"e":-1,"r":0},{"x":5,"y":28,"hp":123,"w":1,"h":1,"t":0,"c":1,"e":-1,"r":0},{"x":0,"y":29,"hp":76,"w":1,"h":1,"t":0,"c":1,"e":-1,"r":0},{"x":1,"y":29,"hp":76,"w":1,"h":1,"t":1,"c":1,"e":-1,"r":0},{"x":5,"y":29,"hp":76,"w":1,"h":1,"t":0,"c":1,"e":-1,"r":0},{"x":3,"y":30,"hp":110,"w":1,"h":1,"t":0,"c":1,"e":-1,"r":0},{"x":4,"y":30,"hp":110,"w":1,"h":1,"t":0,"c":1,"e":-1,"r":0},{"x":5,"y":30,"hp":110,"w":1,"h":1,"t":0,"c":1,"e":-1,"r":0},{"x":4,"y":31,"hp":68,"w":1,"h":1,"t":0,"c":1,"e":-1,"r":0},{"x":5,"y":31,"hp":68,"w":1,"h":1,"t":0,"c":1,"e":-1,"r":0},{"x":5,"y":32,"hp":153,"w":1,"h":1,"t":0,"c":1,"e":-1,"r":0},{"x":1,"y":34,"hp":114,"w":1,"h":1,"t":0,"c":1,"e":-1,"r":0},{"x":4,"y":34,"hp":114,"w":1,"h":1,"t":0,"c":1,"e":-1,"r":0},{"x":5,"y":34,"hp":114,"w":1,"h":1,"t":0,"c":1,"e":-1,"r":0},{"x":2,"y":35,"hp":150,"w":1,"h":1,"t":0,"c":1,"e":-1,"r":0},{"x":4,"y":35,"hp":150,"w":1,"h":1,"t":0,"c":1,"e":-1,"r":0},{"x":5,"y":35,"hp":150,"w":1,"h":1,"t":0,"c":1,"e":-1,"r":0},{"x":0,"y":36,"hp":100,"w":1,"h":1,"t":0,"c":1,"e":-1,"r":0},{"x":2,"y":36,"hp":100,"w":1,"h":1,"t":0,"c":1,"e":-1,"r":0},{"x":4,"y":36,"hp":100,"w":1,"h":1,"t":0,"c":1,"e":-1,"r":0},{"x":5,"y":36,"hp":100,"w":1,"h":1,"t":0,"c":1,"e":-1,"r":0},{"x":0,"y":37,"hp":89,"w":1,"h":1,"t":0,"c":1,"e":-1,"r":0},{"x":1,"y":37,"hp":89,"w":1,"h":1,"t":2,"c":1,"e":-1,"r":2},{"x":2,"y":37,"hp":89,"w":1,"h":1,"t":0,"c":1,"e":-1,"r":0},{"x":4,"y":37,"hp":89,"w":1,"h":1,"t":0,"c":1,"e":-1,"r":0},{"x":5,"y":37,"hp":89,"w":1,"h":1,"t":5,"c":1,"e":-1,"r":0},{"x":1,"y":38,"hp":110,"w":1,"h":1,"t":0,"c":1,"e":-1,"r":0},{"x":2,"y":38,"hp":110,"w":1,"h":1,"t":0,"c":1,"e":-1,"r":0},{"x":5,"y":38,"hp":110,"w":1,"h":1,"t":0,"c":1,"e":-1,"r":0},{"x":1,"y":39,"hp":127,"w":1,"h":1,"t":0,"c":1,"e":-1,"r":0},{"x":2,"y":39,"hp":127,"w":1,"h":1,"t":0,"c":1,"e":-1,"r":0},{"x":4,"y":39,"hp":127,"w":1,"h":1,"t":0,"c":1,"e":-1,"r":0},{"x":5,"y":39,"hp":127,"w":1,"h":1,"t":0,"c":1,"e":-1,"r":0},{"x":7,"y":5,"hp":45,"w":1,"h":1,"t":0,"c":1,"e":-1,"r":0},{"x":9,"y":6,"hp":50,"w":1,"h":1,"t":0,"c":1,"e":-1,"r":0},{"x":8,"y":6,"hp":50,"w":1,"h":1,"t":0,"c":1,"e":-1,"r":0},{"x":7,"y":6,"hp":50,"w":1,"h":1,"t":0,"c":1,"e":-1,"r":0},{"x":10,"y":9,"hp":93,"w":1,"h":1,"t":0,"c":1,"e":-1,"r":0},{"x":8,"y":9,"hp":93,"w":1,"h":1,"t":0,"c":1,"e":-1,"r":0},{"x":10,"y":10,"hp":80,"w":1,"h":1,"t":0,"c":1,"e":-1,"r":0},{"x":10,"y":11,"hp":77,"w":1,"h":1,"t":0,"c":1,"e":-1,"r":0},{"x":8,"y":11,"hp":77,"w":1,"h":1,"t":0,"c":1,"e":-1,"r":0},{"x":7,"y":11,"hp":77,"w":1,"h":1,"t":0,"c":1,"e":-1,"r":0},{"x":6,"y":11,"hp":77,"w":1,"h":1,"t":0,"c":1,"e":-1,"r":0},{"x":8,"y":12,"hp":80,"w":1,"h":1,"t":0,"c":1,"e":-1,"r":0},{"x":7,"y":12,"hp":80,"w":1,"h":1,"t":0,"c":1,"e":-1,"r":0},{"x":9,"y":15,"hp":75,"w":1,"h":1,"t":0,"c":1,"e":-1,"r":0},{"x":7,"y":15,"hp":75,"w":1,"h":1,"t":0,"c":1,"e":-1,"r":0},{"x":8,"y":16,"hp":96,"w":1,"h":1,"t":0,"c":1,"e":-1,"r":0},{"x":8,"y":17,"hp":105,"w":1,"h":1,"t":0,"c":1,"e":-1,"r":0},{"x":6,"y":17,"hp":105,"w":1,"h":1,"t":0,"c":1,"e":-1,"r":0},{"x":10,"y":21,"hp":115,"w":1,"h":1,"t":0,"c":1,"e":-1,"r":0},{"x":8,"y":21,"hp":115,"w":1,"h":1,"t":0,"c":1,"e":-1,"r":0},{"x":7,"y":21,"hp":115,"w":1,"h":1,"t":0,"c":1,"e":-1,"r":0},{"x":9,"y":22,"hp":82,"w":1,"h":1,"t":0,"c":1,"e":-1,"r":0},{"x":7,"y":22,"hp":82,"w":1,"h":1,"t":0,"c":1,"e":-1,"r":0},{"x":10,"y":23,"hp":154,"w":1,"h":1,"t":0,"c":1,"e":-1,"r":0},{"x":9,"y":23,"hp":154,"w":1,"h":1,"t":0,"c":1,"e":-1,"r":0},{"x":8,"y":23,"hp":154,"w":1,"h":1,"t":2,"c":1,"e":-1,"r":2},{"x":7,"y":23,"hp":154,"w":1,"h":1,"t":1,"c":1,"e":-1,"r":3},{"x":9,"y":24,"hp":80,"w":1,"h":1,"t":0,"c":1,"e":-1,"r":0},{"x":8,"y":24,"hp":80,"w":1,"h":1,"t":0,"c":1,"e":-1,"r":0},{"x":8,"y":25,"hp":100,"w":1,"h":1,"t":0,"c":1,"e":-1,"r":0},{"x":7,"y":26,"hp":180,"w":1,"h":1,"t":0,"c":1,"e":-1,"r":0},{"x":7,"y":27,"hp":230,"w":1,"h":1,"t":0,"c":1,"e":-1,"r":0},{"x":9,"y":28,"hp":123,"w":1,"h":1,"t":0,"c":1,"e":-1,"r":0},{"x":8,"y":28,"hp":123,"w":1,"h":1,"t":0,"c":1,"e":-1,"r":0},{"x":9,"y":29,"hp":76,"w":1,"h":1,"t":1,"c":1,"e":-1,"r":1},{"x":7,"y":29,"hp":76,"w":1,"h":1,"t":0,"c":1,"e":-1,"r":0},{"x":9,"y":30,"hp":110,"w":1,"h":1,"t":0,"c":1,"e":-1,"r":0},{"x":8,"y":30,"hp":110,"w":1,"h":1,"t":0,"c":1,"e":-1,"r":0},{"x":7,"y":30,"hp":110,"w":1,"h":1,"t":0,"c":1,"e":-1,"r":0},{"x":9,"y":32,"hp":153,"w":1,"h":1,"t":0,"c":1,"e":-1,"r":0},{"x":10,"y":33,"hp":83,"w":1,"h":1,"t":0,"c":1,"e":-1,"r":0},{"x":7,"y":33,"hp":83,"w":1,"h":1,"t":0,"c":1,"e":-1,"r":0},{"x":6,"y":33,"hp":83,"w":1,"h":1,"t":0,"c":1,"e":-1,"r":0},{"x":7,"y":34,"hp":114,"w":1,"h":1,"t":0,"c":1,"e":-1,"r":0},{"x":6,"y":34,"hp":114,"w":1,"h":1,"t":0,"c":1,"e":-1,"r":0},{"x":9,"y":35,"hp":150,"w":1,"h":1,"t":0,"c":1,"e":-1,"r":0},{"x":8,"y":35,"hp":150,"w":1,"h":1,"t":0,"c":1,"e":-1,"r":0},{"x":6,"y":35,"hp":150,"w":1,"h":1,"t":0,"c":1,"e":-1,"r":0},{"x":8,"y":36,"hp":100,"w":1,"h":1,"t":0,"c":1,"e":-1,"r":0},{"x":7,"y":36,"hp":100,"w":1,"h":1,"t":0,"c":1,"e":-1,"r":0},{"x":6,"y":36,"hp":100,"w":1,"h":1,"t":0,"c":1,"e":-1,"r":0},{"x":9,"y":37,"hp":89,"w":1,"h":1,"t":2,"c":1,"e":-1,"r":2},{"x":8,"y":37,"hp":89,"w":1,"h":1,"t":0,"c":1,"e":-1,"r":0},{"x":6,"y":37,"hp":89,"w":1,"h":1,"t":0,"c":1,"e":-1,"r":0},{"x":8,"y":38,"hp":110,"w":1,"h":1,"t":0,"c":1,"e":-1,"r":0},{"x":9,"y":39,"hp":127,"w":1,"h":1,"t":0,"c":1,"e":-1,"r":0},{"x":8,"y":39,"hp":127,"w":1,"h":1,"t":0,"c":1,"e":-1,"r":0},{"x":6,"y":39,"hp":127,"w":1,"h":1,"t":0,"c":1,"e":-1,"r":0},{"x":7,"y":14,"hp":280,"w":3,"h":1,"t":0,"c":1,"e":-1,"r":0},{"x":6,"y":27,"hp":230,"w":1,"h":1,"t":0,"c":1,"e":-1,"r":0},{"x":6,"y":29,"hp":80,"w":1,"h":1,"t":0,"c":1,"e":-1,"r":0},{"x":6,"y":26,"hp":180,"w":1,"h":1,"t":0,"c":1,"e":-1,"r":0},{"x":7,"y":25,"hp":100,"w":1,"h":1,"t":0,"c":1,"e":-1,"r":0},{"x":5,"y":5,"hp":45,"w":1,"h":1,"t":3,"c":1,"e":-1,"r":0},{"x":8,"y":13,"hp":80,"w":1,"h":1,"t":0,"c":1,"e":-1,"r":0},{"x":7,"y":13,"hp":80,"w":1,"h":1,"t":0,"c":1,"e":-1,"r":0},{"x":3,"y":13,"hp":80,"w":1,"h":1,"t":0,"c":1,"e":-1,"r":0},{"x":2,"y":13,"hp":80,"w":1,"h":1,"t":0,"c":1,"e":-1,"r":0},{"x":9,"y":16,"hp":80,"w":1,"h":1,"t":0,"c":1,"e":-1,"r":0},{"x":2,"y":18,"hp":107,"w":1,"h":1,"t":0,"c":1,"e":-1,"r":0},{"x":0,"y":18,"hp":107,"w":1,"h":1,"t":0,"c":1,"e":-1,"r":0},{"x":9,"y":21,"hp":115,"w":1,"h":1,"t":0,"c":1,"e":-1,"r":0},{"x":10,"y":22,"hp":80,"w":1,"h":1,"t":0,"c":1,"e":-1,"r":0},{"x":8,"y":22,"hp":80,"w":1,"h":1,"t":0,"c":1,"e":-1,"r":0},{"x":2,"y":22,"hp":80,"w":1,"h":1,"t":0,"c":1,"e":-1,"r":0},{"x":8,"y":26,"hp":180,"w":1,"h":1,"t":0,"c":1,"e":-1,"r":0},{"x":8,"y":27,"hp":230,"w":1,"h":1,"t":0,"c":1,"e":-1,"r":0},{"x":9,"y":27,"hp":230,"w":1,"h":1,"t":0,"c":1,"e":-1,"r":0},{"x":6,"y":28,"hp":123,"w":1,"h":1,"t":0,"c":1,"e":-1,"r":0},{"x":7,"y":28,"hp":123,"w":1,"h":1,"t":0,"c":1,"e":-1,"r":0},{"x":10,"y":32,"hp":153,"w":1,"h":1,"t":0,"c":1,"e":-1,"r":0},{"x":6,"y":31,"hp":80,"w":1,"h":1,"t":0,"c":1,"e":-1,"r":0},{"x":7,"y":31,"hp":80,"w":1,"h":1,"t":0,"c":1,"e":-1,"r":0},{"x":6,"y":30,"hp":110,"w":1,"h":1,"t":0,"c":1,"e":-1,"r":0},{"x":6,"y":32,"hp":153,"w":1,"h":1,"t":0,"c":1,"e":-1,"r":0},{"x":2,"y":34,"hp":114,"w":1,"h":1,"t":0,"c":1,"e":-1,"r":0},{"x":2,"y":33,"hp":80,"w":1,"h":1,"t":0,"c":1,"e":-1,"r":0},{"x":6,"y":38,"hp":110,"w":1,"h":1,"t":0,"c":1,"e":-1,"r":0},{"x":7,"y":38,"hp":110,"w":1,"h":1,"t":0,"c":1,"e":-1,"r":0},{"x":7,"y":37,"hp":80,"w":1,"h":1,"t":0,"c":1,"e":-1,"r":0},{"x":7,"y":39,"hp":127,"w":1,"h":1,"t":0,"c":1,"e":-1,"r":0},{"x":1,"y":9,"hp":80,"w":1,"h":1,"t":0,"c":1,"e":-1,"r":0},{"x":9,"y":9,"hp":80,"w":1,"h":1,"t":0,"c":1,"e":-1,"r":0},{"x":6,"y":6,"hp":80,"w":1,"h":1,"t":0,"c":1,"e":-1,"r":0},{"x":4,"y":6,"hp":80,"w":1,"h":1,"t":0,"c":1,"e":-1,"r":0},{"x":2,"y":8,"hp":80,"w":1,"h":1,"t":0,"c":1,"e":-1,"r":0},{"x":8,"y":8,"hp":80,"w":1,"h":1,"t":0,"c":1,"e":-1,"r":0},{"x":9,"y":13,"hp":80,"w":1,"h":1,"t":0,"c":1,"e":-1,"r":0}],"bu":[{"x":2,"y":15,"buff":1},{"x":7,"y":17,"buff":1},{"x":6,"y":23,"buff":1},{"x":4,"y":26,"buff":1},{"x":4,"y":29,"buff":1},{"x":0,"y":31,"buff":1},{"x":3,"y":36,"buff":1},{"x":3,"y":39,"buff":1},{"x":7,"y":40,"buff":1},{"x":8,"y":32,"buff":0},{"x":10,"y":27,"buff":0},{"x":5,"y":20,"buff":0},{"x":8,"y":10,"buff":0},{"x":6,"y":16,"buff":2},{"x":6,"y":10,"buff":3},{"x":5,"y":19,"buff":4},{"x":8,"y":29,"buff":2},{"x":0,"y":30,"buff":3},{"x":4,"y":5,"buff":3},{"x":0,"y":6,"buff":3},{"x":10,"y":24,"buff":1},{"x":10,"y":20,"buff":1},{"x":1,"y":17,"buff":1},{"x":2,"y":5,"buff":0},{"x":8,"y":5,"buff":0},{"x":8,"y":7,"buff":0},{"x":2,"y":7,"buff":0},{"x":1,"y":11,"buff":0},{"x":0,"y":13,"buff":0}]}