{"l":205,"h":22,"w":11,"br":[{"x":3,"y":6,"hp":66,"w":1,"h":1,"t":0,"c":5,"e":-1,"r":0},{"x":5,"y":6,"hp":66,"w":1,"h":1,"t":0,"c":5,"e":-1,"r":0},{"x":0,"y":7,"hp":70,"w":1,"h":1,"t":0,"c":5,"e":-1,"r":0},{"x":1,"y":7,"hp":70,"w":1,"h":1,"t":0,"c":5,"e":-1,"r":0},{"x":2,"y":7,"hp":70,"w":1,"h":1,"t":0,"c":5,"e":-1,"r":0},{"x":3,"y":7,"hp":70,"w":1,"h":1,"t":0,"c":5,"e":-1,"r":0},{"x":4,"y":7,"hp":70,"w":1,"h":1,"t":0,"c":5,"e":-1,"r":0},{"x":5,"y":7,"hp":70,"w":1,"h":1,"t":0,"c":5,"e":-1,"r":0},{"x":0,"y":8,"hp":124,"w":1,"h":1,"t":0,"c":3,"e":-1,"r":0},{"x":1,"y":8,"hp":124,"w":1,"h":1,"t":0,"c":3,"e":-1,"r":0},{"x":2,"y":8,"hp":124,"w":1,"h":1,"t":0,"c":3,"e":7,"r":0},{"x":3,"y":8,"hp":124,"w":1,"h":1,"t":0,"c":3,"e":-1,"r":0},{"x":5,"y":8,"hp":124,"w":1,"h":1,"t":0,"c":3,"e":-1,"r":0},{"x":1,"y":9,"hp":138,"w":1,"h":1,"t":0,"c":5,"e":-1,"r":0},{"x":2,"y":9,"hp":138,"w":1,"h":1,"t":0,"c":5,"e":-1,"r":0},{"x":0,"y":10,"hp":65,"w":1,"h":1,"t":0,"c":5,"e":-1,"r":0},{"x":1,"y":10,"hp":65,"w":1,"h":1,"t":0,"c":5,"e":-1,"r":0},{"x":2,"y":10,"hp":65,"w":1,"h":1,"t":0,"c":5,"e":-1,"r":0},{"x":3,"y":10,"hp":65,"w":1,"h":1,"t":0,"c":5,"e":-1,"r":0},{"x":1,"y":11,"hp":177,"w":1,"h":1,"t":0,"c":3,"e":-1,"r":0},{"x":3,"y":11,"hp":177,"w":1,"h":1,"t":0,"c":3,"e":-1,"r":0},{"x":5,"y":11,"hp":177,"w":1,"h":1,"t":0,"c":3,"e":-1,"r":0},{"x":0,"y":12,"hp":87,"w":1,"h":1,"t":0,"c":5,"e":2,"r":0},{"x":1,"y":12,"hp":87,"w":1,"h":1,"t":0,"c":5,"e":-1,"r":0},{"x":2,"y":12,"hp":87,"w":1,"h":1,"t":0,"c":5,"e":-1,"r":0},{"x":5,"y":12,"hp":87,"w":1,"h":1,"t":0,"c":5,"e":-1,"r":0},{"x":4,"y":13,"hp":78,"w":1,"h":1,"t":0,"c":5,"e":-1,"r":0},{"x":5,"y":13,"hp":78,"w":1,"h":1,"t":0,"c":5,"e":-1,"r":0},{"x":1,"y":14,"hp":102,"w":1,"h":1,"t":0,"c":3,"e":-1,"r":0},{"x":2,"y":14,"hp":102,"w":1,"h":1,"t":0,"c":3,"e":0,"r":0},{"x":4,"y":14,"hp":102,"w":1,"h":1,"t":0,"c":3,"e":-1,"r":0},{"x":5,"y":14,"hp":102,"w":1,"h":1,"t":0,"c":3,"e":-1,"r":0},{"x":2,"y":15,"hp":87,"w":1,"h":1,"t":0,"c":5,"e":-1,"r":0},{"x":3,"y":15,"hp":87,"w":1,"h":1,"t":0,"c":5,"e":-1,"r":0},{"x":4,"y":15,"hp":87,"w":1,"h":1,"t":0,"c":5,"e":-1,"r":0},{"x":5,"y":15,"hp":87,"w":1,"h":1,"t":0,"c":5,"e":-1,"r":0},{"x":2,"y":16,"hp":141,"w":1,"h":1,"t":0,"c":3,"e":-1,"r":0},{"x":3,"y":16,"hp":141,"w":1,"h":1,"t":0,"c":3,"e":-1,"r":0},{"x":5,"y":16,"hp":141,"w":1,"h":1,"t":0,"c":3,"e":-1,"r":0},{"x":2,"y":17,"hp":77,"w":1,"h":1,"t":0,"c":5,"e":-1,"r":0},{"x":4,"y":17,"hp":77,"w":1,"h":1,"t":0,"c":5,"e":-1,"r":0},{"x":5,"y":17,"hp":77,"w":1,"h":1,"t":0,"c":5,"e":-1,"r":0},{"x":4,"y":18,"hp":117,"w":1,"h":1,"t":0,"c":5,"e":-1,"r":0},{"x":5,"y":18,"hp":117,"w":1,"h":1,"t":0,"c":5,"e":-1,"r":0},{"x":2,"y":19,"hp":135,"w":1,"h":1,"t":0,"c":3,"e":-1,"r":0},{"x":4,"y":19,"hp":135,"w":1,"h":1,"t":0,"c":3,"e":-1,"r":0},{"x":5,"y":19,"hp":135,"w":1,"h":1,"t":0,"c":3,"e":-1,"r":0},{"x":4,"y":20,"hp":177,"w":1,"h":1,"t":0,"c":5,"e":-1,"r":0},{"x":5,"y":20,"hp":177,"w":1,"h":1,"t":0,"c":5,"e":-1,"r":0},{"x":0,"y":21,"hp":110,"w":1,"h":1,"t":0,"c":5,"e":-1,"r":0},{"x":1,"y":21,"hp":110,"w":1,"h":1,"t":0,"c":5,"e":-1,"r":0},{"x":2,"y":21,"hp":110,"w":1,"h":1,"t":0,"c":5,"e":-1,"r":0},{"x":3,"y":21,"hp":110,"w":1,"h":1,"t":0,"c":5,"e":-1,"r":0},{"x":4,"y":21,"hp":110,"w":1,"h":1,"t":0,"c":5,"e":-1,"r":0},{"x":5,"y":21,"hp":110,"w":1,"h":1,"t":0,"c":5,"e":-1,"r":0},{"x":9,"y":6,"hp":66,"w":1,"h":1,"t":0,"c":5,"e":-1,"r":0},{"x":7,"y":6,"hp":66,"w":1,"h":1,"t":0,"c":5,"e":-1,"r":0},{"x":9,"y":7,"hp":70,"w":1,"h":1,"t":0,"c":5,"e":-1,"r":0},{"x":7,"y":7,"hp":70,"w":1,"h":1,"t":0,"c":5,"e":-1,"r":0},{"x":9,"y":8,"hp":124,"w":1,"h":1,"t":0,"c":3,"e":-1,"r":0},{"x":7,"y":8,"hp":124,"w":1,"h":1,"t":0,"c":3,"e":-1,"r":0},{"x":9,"y":10,"hp":65,"w":1,"h":1,"t":0,"c":5,"e":7,"r":0},{"x":8,"y":10,"hp":65,"w":1,"h":1,"t":0,"c":5,"e":-1,"r":0},{"x":7,"y":10,"hp":65,"w":1,"h":1,"t":0,"c":5,"e":-1,"r":0},{"x":9,"y":11,"hp":177,"w":1,"h":1,"t":0,"c":3,"e":-1,"r":0},{"x":7,"y":11,"hp":177,"w":1,"h":1,"t":0,"c":3,"e":-1,"r":0},{"x":10,"y":12,"hp":87,"w":1,"h":1,"t":0,"c":5,"e":-1,"r":0},{"x":9,"y":12,"hp":87,"w":1,"h":1,"t":0,"c":5,"e":-1,"r":0},{"x":8,"y":12,"hp":87,"w":1,"h":1,"t":0,"c":5,"e":-1,"r":0},{"x":8,"y":13,"hp":78,"w":1,"h":1,"t":0,"c":5,"e":-1,"r":0},{"x":6,"y":13,"hp":78,"w":1,"h":1,"t":0,"c":5,"e":-1,"r":0},{"x":10,"y":14,"hp":102,"w":1,"h":1,"t":0,"c":3,"e":-1,"r":0},{"x":8,"y":14,"hp":102,"w":1,"h":1,"t":0,"c":3,"e":-1,"r":0},{"x":6,"y":14,"hp":102,"w":1,"h":1,"t":0,"c":3,"e":-1,"r":0},{"x":10,"y":15,"hp":87,"w":1,"h":1,"t":0,"c":5,"e":-1,"r":0},{"x":7,"y":15,"hp":87,"w":1,"h":1,"t":0,"c":5,"e":-1,"r":0},{"x":6,"y":15,"hp":87,"w":1,"h":1,"t":0,"c":5,"e":-1,"r":0},{"x":10,"y":16,"hp":141,"w":1,"h":1,"t":0,"c":3,"e":-1,"r":0},{"x":9,"y":16,"hp":141,"w":1,"h":1,"t":0,"c":3,"e":-1,"r":0},{"x":7,"y":16,"hp":141,"w":1,"h":1,"t":0,"c":3,"e":-1,"r":0},{"x":6,"y":16,"hp":141,"w":1,"h":1,"t":0,"c":3,"e":-1,"r":0},{"x":8,"y":17,"hp":77,"w":1,"h":1,"t":0,"c":5,"e":-1,"r":0},{"x":6,"y":17,"hp":77,"w":1,"h":1,"t":0,"c":5,"e":-1,"r":0},{"x":6,"y":18,"hp":117,"w":1,"h":1,"t":0,"c":5,"e":-1,"r":0},{"x":9,"y":19,"hp":135,"w":1,"h":1,"t":0,"c":3,"e":-1,"r":0},{"x":8,"y":19,"hp":135,"w":1,"h":1,"t":0,"c":3,"e":-1,"r":0},{"x":6,"y":19,"hp":135,"w":1,"h":1,"t":0,"c":3,"e":-1,"r":0},{"x":8,"y":20,"hp":177,"w":1,"h":1,"t":0,"c":5,"e":-1,"r":0},{"x":7,"y":20,"hp":177,"w":1,"h":1,"t":0,"c":5,"e":-1,"r":0},{"x":6,"y":20,"hp":177,"w":1,"h":1,"t":0,"c":5,"e":-1,"r":0},{"x":10,"y":21,"hp":110,"w":1,"h":1,"t":0,"c":5,"e":-1,"r":0},{"x":9,"y":21,"hp":110,"w":1,"h":1,"t":0,"c":5,"e":-1,"r":0},{"x":6,"y":21,"hp":110,"w":1,"h":1,"t":0,"c":5,"e":-1,"r":0},{"x":7,"y":18,"hp":117,"w":1,"h":1,"t":0,"c":5,"e":-1,"r":0},{"x":8,"y":18,"hp":117,"w":1,"h":1,"t":0,"c":5,"e":-1,"r":0},{"x":3,"y":17,"hp":77,"w":1,"h":1,"t":0,"c":5,"e":-1,"r":0},{"x":1,"y":18,"hp":117,"w":1,"h":1,"t":0,"c":5,"e":-1,"r":0},{"x":2,"y":18,"hp":117,"w":1,"h":1,"t":0,"c":5,"e":-1,"r":0},{"x":3,"y":14,"hp":70,"w":1,"h":1,"t":0,"c":3,"e":-1,"r":0},{"x":7,"y":14,"hp":70,"w":1,"h":1,"t":0,"c":3,"e":-1,"r":0},{"x":0,"y":11,"hp":177,"w":1,"h":1,"t":0,"c":3,"e":-1,"r":0},{"x":0,"y":9,"hp":138,"w":1,"h":1,"t":0,"c":5,"e":-1,"r":0},{"x":2,"y":11,"hp":177,"w":1,"h":1,"t":0,"c":3,"e":-1,"r":0},{"x":7,"y":17,"hp":70,"w":1,"h":1,"t":0,"c":5,"e":-1,"r":0},{"x":7,"y":19,"hp":135,"w":1,"h":1,"t":0,"c":3,"e":-1,"r":0},{"x":3,"y":19,"hp":135,"w":1,"h":1,"t":0,"c":3,"e":-1,"r":0},{"x":3,"y":18,"hp":70,"w":1,"h":1,"t":0,"c":5,"e":-1,"r":0},{"x":4,"y":16,"hp":141,"w":1,"h":1,"t":0,"c":3,"e":-1,"r":0},{"x":1,"y":16,"hp":141,"w":1,"h":1,"t":0,"c":3,"e":-1,"r":0},{"x":1,"y":6,"hp":66,"w":1,"h":1,"t":0,"c":5,"e":-1,"r":0},{"x":0,"y":5,"hp":70,"w":1,"h":1,"t":0,"c":5,"e":-1,"r":0},{"x":2,"y":5,"hp":70,"w":1,"h":1,"t":0,"c":5,"e":-1,"r":0},{"x":4,"y":5,"hp":70,"w":1,"h":1,"t":0,"c":5,"e":-1,"r":0},{"x":6,"y":5,"hp":70,"w":1,"h":1,"t":0,"c":5,"e":-1,"r":0},{"x":8,"y":5,"hp":70,"w":1,"h":1,"t":0,"c":5,"e":-1,"r":0},{"x":6,"y":7,"hp":70,"w":1,"h":1,"t":0,"c":5,"e":-1,"r":0},{"x":8,"y":7,"hp":70,"w":1,"h":1,"t":0,"c":5,"e":-1,"r":0},{"x":2,"y":20,"hp":70,"w":1,"h":1,"t":0,"c":5,"e":-1,"r":0},{"x":1,"y":20,"hp":70,"w":1,"h":1,"t":0,"c":5,"e":-1,"r":0},{"x":0,"y":20,"hp":70,"w":1,"h":1,"t":0,"c":5,"e":-1,"r":0}],"bu":[{"x":7,"y":21,"buff":0},{"x":6,"y":12,"buff":0},{"x":3,"y":12,"buff":1},{"x":8,"y":15,"buff":1},{"x":10,"y":18,"buff":1},{"x":0,"y":17,"buff":1},{"x":9,"y":13,"buff":2},{"x":1,"y":15,"buff":3},{"x":10,"y":7,"buff":3},{"x":10,"y":8,"buff":3},{"x":0,"y":13,"buff":1},{"x":4,"y":8,"buff":0},{"x":6,"y":8,"buff":0},{"x":8,"y":8,"buff":0}]}