{"l":30,"h":13,"w":11,"br":[{"x":0,"y":8,"hp":35,"w":1,"h":1,"t":0,"c":4,"e":8,"r":0},{"x":1,"y":8,"hp":35,"w":1,"h":1,"t":0,"c":4,"e":8,"r":0},{"x":5,"y":8,"hp":35,"w":1,"h":1,"t":0,"c":4,"e":9,"r":0},{"x":5,"y":9,"hp":45,"w":1,"h":1,"t":0,"c":4,"e":-1,"r":0},{"x":0,"y":10,"hp":33,"w":1,"h":1,"t":0,"c":4,"e":-1,"r":0},{"x":2,"y":10,"hp":33,"w":1,"h":1,"t":0,"c":4,"e":-1,"r":0},{"x":4,"y":10,"hp":33,"w":1,"h":1,"t":0,"c":4,"e":-1,"r":0},{"x":1,"y":11,"hp":39,"w":1,"h":1,"t":0,"c":5,"e":-1,"r":0},{"x":4,"y":11,"hp":39,"w":1,"h":1,"t":0,"c":5,"e":-1,"r":0},{"x":5,"y":11,"hp":39,"w":1,"h":1,"t":0,"c":5,"e":-1,"r":0},{"x":5,"y":12,"hp":38,"w":1,"h":1,"t":0,"c":5,"e":-1,"r":0},{"x":10,"y":8,"hp":35,"w":1,"h":1,"t":0,"c":4,"e":8,"r":0},{"x":9,"y":8,"hp":35,"w":1,"h":1,"t":0,"c":4,"e":8,"r":0},{"x":10,"y":10,"hp":33,"w":1,"h":1,"t":0,"c":4,"e":-1,"r":0},{"x":8,"y":10,"hp":33,"w":1,"h":1,"t":0,"c":4,"e":-1,"r":0},{"x":6,"y":10,"hp":33,"w":1,"h":1,"t":0,"c":4,"e":-1,"r":0},{"x":9,"y":11,"hp":39,"w":1,"h":1,"t":0,"c":5,"e":-1,"r":0},{"x":6,"y":11,"hp":39,"w":1,"h":1,"t":0,"c":5,"e":-1,"r":0},{"x":8,"y":11,"hp":39,"w":1,"h":1,"t":4,"c":5,"e":-1,"r":0},{"x":2,"y":11,"hp":39,"w":1,"h":1,"t":4,"c":5,"e":-1,"r":0},{"x":4,"y":5,"hp":145,"w":3,"h":2,"t":0,"c":4,"e":-1,"r":0},{"x":2,"y":8,"hp":35,"w":1,"h":1,"t":0,"c":4,"e":8,"r":0},{"x":8,"y":8,"hp":35,"w":1,"h":1,"t":0,"c":4,"e":8,"r":0},{"x":8,"y":7,"hp":30,"w":1,"h":1,"t":0,"c":4,"e":-1,"r":0},{"x":8,"y":6,"hp":30,"w":1,"h":1,"t":0,"c":4,"e":-1,"r":0},{"x":9,"y":6,"hp":2,"w":1,"h":1,"t":0,"c":4,"e":-1,"r":0},{"x":10,"y":7,"hp":2,"w":1,"h":1,"t":0,"c":4,"e":-1,"r":0},{"x":2,"y":7,"hp":30,"w":1,"h":1,"t":0,"c":4,"e":-1,"r":0},{"x":0,"y":7,"hp":2,"w":1,"h":1,"t":0,"c":4,"e":-1,"r":0},{"x":1,"y":6,"hp":2,"w":1,"h":1,"t":0,"c":4,"e":-1,"r":0},{"x":2,"y":6,"hp":30,"w":1,"h":1,"t":0,"c":4,"e":-1,"r":0},{"x":5,"y":10,"hp":30,"w":1,"h":1,"t":0,"c":4,"e":-1,"r":0},{"x":9,"y":7,"hp":30,"w":1,"h":1,"t":1,"c":3,"e":-1,"r":1},{"x":1,"y":7,"hp":30,"w":1,"h":1,"t":1,"c":3,"e":-1,"r":0},{"x":9,"y":10,"hp":30,"w":1,"h":1,"t":2,"c":4,"e":-1,"r":0},{"x":1,"y":10,"hp":30,"w":1,"h":1,"t":2,"c":4,"e":-1,"r":0},{"x":0,"y":6,"hp":1,"w":1,"h":1,"t":1,"c":2,"e":-1,"r":3},{"x":3,"y":8,"hp":3,"w":1,"h":1,"t":0,"c":8,"e":-1,"r":0},{"x":4,"y":7,"hp":3,"w":1,"h":1,"t":0,"c":8,"e":-1,"r":0},{"x":5,"y":7,"hp":3,"w":1,"h":1,"t":0,"c":8,"e":-1,"r":0},{"x":6,"y":7,"hp":3,"w":1,"h":1,"t":0,"c":8,"e":-1,"r":0},{"x":7,"y":8,"hp":3,"w":1,"h":1,"t":0,"c":8,"e":-1,"r":0},{"x":7,"y":6,"hp":3,"w":1,"h":1,"t":0,"c":8,"e":-1,"r":0},{"x":3,"y":7,"hp":3,"w":1,"h":1,"t":0,"c":8,"e":-1,"r":0},{"x":3,"y":6,"hp":3,"w":1,"h":1,"t":0,"c":8,"e":-1,"r":0},{"x":7,"y":7,"hp":3,"w":1,"h":1,"t":0,"c":8,"e":-1,"r":0},{"x":2,"y":9,"hp":3,"w":1,"h":1,"t":0,"c":8,"e":-1,"r":0},{"x":1,"y":9,"hp":3,"w":1,"h":1,"t":0,"c":8,"e":-1,"r":0},{"x":9,"y":9,"hp":3,"w":1,"h":1,"t":0,"c":8,"e":-1,"r":0},{"x":8,"y":9,"hp":3,"w":1,"h":1,"t":0,"c":8,"e":-1,"r":0}],"bu":[{"x":3,"y":10,"buff":0},{"x":7,"y":10,"buff":0},{"x":9,"y":12,"buff":1},{"x":1,"y":12,"buff":1}]}