{"l":397,"h":50,"w":11,"br":[{"x":3,"y":5,"hp":55,"w":1,"h":1,"t":0,"c":5,"e":-1,"r":0},{"x":5,"y":5,"hp":55,"w":1,"h":1,"t":0,"c":5,"e":-1,"r":0},{"x":2,"y":6,"hp":49,"w":1,"h":1,"t":0,"c":5,"e":-1,"r":0},{"x":5,"y":6,"hp":49,"w":1,"h":1,"t":0,"c":5,"e":-1,"r":0},{"x":1,"y":7,"hp":56,"w":1,"h":1,"t":3,"c":5,"e":-1,"r":0},{"x":3,"y":7,"hp":56,"w":1,"h":1,"t":0,"c":5,"e":-1,"r":0},{"x":4,"y":7,"hp":56,"w":1,"h":1,"t":0,"c":5,"e":-1,"r":0},{"x":5,"y":7,"hp":56,"w":1,"h":1,"t":0,"c":5,"e":-1,"r":0},{"x":3,"y":8,"hp":63,"w":1,"h":1,"t":0,"c":5,"e":-1,"r":0},{"x":4,"y":8,"hp":63,"w":1,"h":1,"t":0,"c":5,"e":-1,"r":0},{"x":5,"y":8,"hp":63,"w":1,"h":1,"t":0,"c":5,"e":-1,"r":0},{"x":1,"y":9,"hp":45,"w":1,"h":1,"t":0,"c":0,"e":9,"r":0},{"x":1,"y":10,"hp":49,"w":1,"h":1,"t":0,"c":5,"e":-1,"r":0},{"x":2,"y":10,"hp":49,"w":1,"h":1,"t":0,"c":5,"e":-1,"r":0},{"x":3,"y":10,"hp":49,"w":1,"h":1,"t":0,"c":5,"e":-1,"r":0},{"x":5,"y":10,"hp":49,"w":1,"h":1,"t":2,"c":5,"e":-1,"r":0},{"x":2,"y":11,"hp":96,"w":1,"h":1,"t":0,"c":5,"e":-1,"r":0},{"x":3,"y":11,"hp":96,"w":1,"h":1,"t":0,"c":5,"e":-1,"r":0},{"x":5,"y":11,"hp":96,"w":1,"h":1,"t":3,"c":5,"e":-1,"r":0},{"x":1,"y":12,"hp":86,"w":1,"h":1,"t":0,"c":5,"e":-1,"r":0},{"x":5,"y":12,"hp":86,"w":1,"h":1,"t":0,"c":5,"e":-1,"r":0},{"x":2,"y":13,"hp":103,"w":1,"h":1,"t":0,"c":5,"e":-1,"r":0},{"x":3,"y":13,"hp":103,"w":1,"h":1,"t":0,"c":5,"e":-1,"r":0},{"x":4,"y":13,"hp":103,"w":1,"h":1,"t":0,"c":5,"e":-1,"r":0},{"x":5,"y":13,"hp":103,"w":1,"h":1,"t":0,"c":5,"e":-1,"r":0},{"x":1,"y":14,"hp":114,"w":1,"h":1,"t":0,"c":5,"e":-1,"r":0},{"x":3,"y":14,"hp":114,"w":1,"h":1,"t":0,"c":5,"e":-1,"r":0},{"x":4,"y":14,"hp":114,"w":1,"h":1,"t":5,"c":5,"e":-1,"r":0},{"x":5,"y":14,"hp":114,"w":1,"h":1,"t":2,"c":5,"e":-1,"r":0},{"x":1,"y":15,"hp":90,"w":1,"h":1,"t":0,"c":5,"e":-1,"r":0},{"x":2,"y":15,"hp":90,"w":1,"h":1,"t":0,"c":5,"e":-1,"r":0},{"x":4,"y":15,"hp":90,"w":1,"h":1,"t":0,"c":5,"e":-1,"r":0},{"x":5,"y":15,"hp":90,"w":1,"h":1,"t":0,"c":5,"e":-1,"r":0},{"x":3,"y":16,"hp":137,"w":1,"h":1,"t":0,"c":5,"e":-1,"r":0},{"x":4,"y":16,"hp":137,"w":1,"h":1,"t":2,"c":5,"e":-1,"r":2},{"x":5,"y":16,"hp":137,"w":1,"h":1,"t":0,"c":5,"e":0,"r":0},{"x":1,"y":17,"hp":241,"w":1,"h":1,"t":3,"c":5,"e":-1,"r":0},{"x":2,"y":17,"hp":241,"w":1,"h":1,"t":0,"c":5,"e":-1,"r":0},{"x":5,"y":17,"hp":241,"w":1,"h":1,"t":0,"c":5,"e":-1,"r":0},{"x":2,"y":18,"hp":214,"w":1,"h":1,"t":1,"c":5,"e":-1,"r":0},{"x":3,"y":18,"hp":214,"w":1,"h":1,"t":0,"c":5,"e":-1,"r":0},{"x":4,"y":18,"hp":214,"w":1,"h":1,"t":0,"c":5,"e":-1,"r":0},{"x":5,"y":18,"hp":214,"w":1,"h":1,"t":0,"c":5,"e":-1,"r":0},{"x":1,"y":19,"hp":114,"w":1,"h":1,"t":0,"c":5,"e":-1,"r":0},{"x":2,"y":19,"hp":114,"w":1,"h":1,"t":0,"c":5,"e":-1,"r":0},{"x":3,"y":19,"hp":114,"w":1,"h":1,"t":0,"c":5,"e":-1,"r":0},{"x":4,"y":19,"hp":114,"w":1,"h":1,"t":0,"c":5,"e":-1,"r":0},{"x":5,"y":19,"hp":114,"w":1,"h":1,"t":0,"c":5,"e":-1,"r":0},{"x":3,"y":20,"hp":280,"w":1,"h":1,"t":0,"c":5,"e":-1,"r":0},{"x":5,"y":20,"hp":280,"w":1,"h":1,"t":0,"c":5,"e":-1,"r":0},{"x":4,"y":21,"hp":105,"w":1,"h":1,"t":0,"c":5,"e":-1,"r":0},{"x":5,"y":21,"hp":105,"w":1,"h":1,"t":3,"c":5,"e":-1,"r":0},{"x":4,"y":22,"hp":186,"w":1,"h":1,"t":0,"c":5,"e":-1,"r":0},{"x":5,"y":22,"hp":186,"w":1,"h":1,"t":0,"c":5,"e":-1,"r":0},{"x":3,"y":23,"hp":325,"w":1,"h":1,"t":0,"c":5,"e":-1,"r":0},{"x":5,"y":23,"hp":325,"w":1,"h":1,"t":0,"c":5,"e":-1,"r":0},{"x":1,"y":25,"hp":87,"w":1,"h":1,"t":0,"c":5,"e":-1,"r":0},{"x":3,"y":25,"hp":87,"w":1,"h":1,"t":0,"c":5,"e":-1,"r":0},{"x":4,"y":25,"hp":87,"w":1,"h":1,"t":0,"c":5,"e":-1,"r":0},{"x":5,"y":25,"hp":87,"w":1,"h":1,"t":5,"c":5,"e":-1,"r":0},{"x":1,"y":26,"hp":118,"w":1,"h":1,"t":0,"c":5,"e":-1,"r":0},{"x":3,"y":26,"hp":118,"w":1,"h":1,"t":0,"c":5,"e":-1,"r":0},{"x":4,"y":26,"hp":118,"w":1,"h":1,"t":0,"c":5,"e":-1,"r":0},{"x":5,"y":26,"hp":118,"w":1,"h":1,"t":0,"c":5,"e":-1,"r":0},{"x":0,"y":27,"hp":201,"w":1,"h":1,"t":0,"c":5,"e":-1,"r":0},{"x":1,"y":27,"hp":201,"w":1,"h":1,"t":0,"c":5,"e":-1,"r":0},{"x":5,"y":27,"hp":201,"w":1,"h":1,"t":3,"c":5,"e":-1,"r":0},{"x":0,"y":28,"hp":89,"w":1,"h":1,"t":0,"c":5,"e":-1,"r":0},{"x":1,"y":28,"hp":89,"w":1,"h":1,"t":0,"c":5,"e":-1,"r":0},{"x":2,"y":28,"hp":89,"w":1,"h":1,"t":0,"c":5,"e":-1,"r":0},{"x":5,"y":28,"hp":89,"w":1,"h":1,"t":0,"c":5,"e":-1,"r":0},{"x":1,"y":29,"hp":310,"w":1,"h":1,"t":0,"c":5,"e":-1,"r":0},{"x":2,"y":29,"hp":310,"w":1,"h":1,"t":0,"c":5,"e":-1,"r":0},{"x":5,"y":29,"hp":310,"w":1,"h":1,"t":0,"c":5,"e":-1,"r":0},{"x":1,"y":30,"hp":99,"w":1,"h":1,"t":2,"c":5,"e":-1,"r":3},{"x":2,"y":30,"hp":99,"w":1,"h":1,"t":0,"c":5,"e":-1,"r":0},{"x":3,"y":30,"hp":99,"w":1,"h":1,"t":0,"c":5,"e":-1,"r":0},{"x":5,"y":30,"hp":99,"w":1,"h":1,"t":0,"c":5,"e":-1,"r":0},{"x":2,"y":31,"hp":154,"w":1,"h":1,"t":0,"c":5,"e":-1,"r":0},{"x":3,"y":31,"hp":154,"w":1,"h":1,"t":3,"c":5,"e":-1,"r":0},{"x":4,"y":31,"hp":154,"w":1,"h":1,"t":0,"c":5,"e":-1,"r":0},{"x":5,"y":31,"hp":154,"w":1,"h":1,"t":0,"c":5,"e":0,"r":0},{"x":2,"y":32,"hp":109,"w":1,"h":1,"t":1,"c":5,"e":-1,"r":2},{"x":3,"y":32,"hp":109,"w":1,"h":1,"t":0,"c":5,"e":-1,"r":0},{"x":4,"y":32,"hp":109,"w":1,"h":1,"t":0,"c":5,"e":-1,"r":0},{"x":2,"y":33,"hp":114,"w":1,"h":1,"t":0,"c":5,"e":-1,"r":0},{"x":3,"y":33,"hp":114,"w":1,"h":1,"t":0,"c":5,"e":-1,"r":0},{"x":4,"y":33,"hp":114,"w":1,"h":1,"t":0,"c":5,"e":-1,"r":0},{"x":5,"y":33,"hp":114,"w":1,"h":1,"t":0,"c":5,"e":-1,"r":0},{"x":2,"y":34,"hp":165,"w":1,"h":1,"t":3,"c":5,"e":-1,"r":0},{"x":1,"y":35,"hp":170,"w":1,"h":1,"t":0,"c":5,"e":-1,"r":0},{"x":2,"y":35,"hp":170,"w":1,"h":1,"t":0,"c":5,"e":-1,"r":0},{"x":3,"y":35,"hp":170,"w":1,"h":1,"t":0,"c":5,"e":-1,"r":0},{"x":1,"y":36,"hp":128,"w":1,"h":1,"t":4,"c":5,"e":-1,"r":0},{"x":3,"y":37,"hp":187,"w":1,"h":1,"t":0,"c":5,"e":-1,"r":0},{"x":4,"y":38,"hp":270,"w":1,"h":1,"t":0,"c":5,"e":-1,"r":0},{"x":5,"y":38,"hp":270,"w":1,"h":1,"t":0,"c":5,"e":-1,"r":0},{"x":1,"y":39,"hp":240,"w":1,"h":1,"t":0,"c":5,"e":-1,"r":0},{"x":5,"y":39,"hp":240,"w":1,"h":1,"t":2,"c":5,"e":-1,"r":1},{"x":0,"y":40,"hp":92,"w":1,"h":1,"t":0,"c":5,"e":-1,"r":0},{"x":1,"y":40,"hp":92,"w":1,"h":1,"t":0,"c":5,"e":-1,"r":0},{"x":2,"y":40,"hp":92,"w":1,"h":1,"t":0,"c":5,"e":-1,"r":0},{"x":5,"y":40,"hp":92,"w":1,"h":1,"t":0,"c":5,"e":-1,"r":0},{"x":0,"y":41,"hp":166,"w":1,"h":1,"t":0,"c":5,"e":-1,"r":0},{"x":1,"y":41,"hp":166,"w":1,"h":1,"t":0,"c":5,"e":-1,"r":0},{"x":2,"y":41,"hp":166,"w":1,"h":1,"t":4,"c":5,"e":-1,"r":0},{"x":3,"y":41,"hp":166,"w":1,"h":1,"t":0,"c":5,"e":-1,"r":0},{"x":5,"y":41,"hp":166,"w":1,"h":1,"t":0,"c":5,"e":-1,"r":0},{"x":2,"y":42,"hp":135,"w":1,"h":1,"t":3,"c":5,"e":-1,"r":0},{"x":4,"y":42,"hp":135,"w":1,"h":1,"t":0,"c":5,"e":-1,"r":0},{"x":5,"y":42,"hp":135,"w":1,"h":1,"t":0,"c":5,"e":-1,"r":0},{"x":2,"y":43,"hp":150,"w":1,"h":1,"t":0,"c":5,"e":-1,"r":0},{"x":2,"y":44,"hp":112,"w":1,"h":1,"t":5,"c":5,"e":-1,"r":0},{"x":4,"y":44,"hp":112,"w":1,"h":1,"t":0,"c":5,"e":-1,"r":0},{"x":2,"y":45,"hp":250,"w":1,"h":1,"t":0,"c":5,"e":-1,"r":0},{"x":3,"y":45,"hp":250,"w":1,"h":1,"t":4,"c":5,"e":-1,"r":0},{"x":4,"y":45,"hp":250,"w":1,"h":1,"t":0,"c":5,"e":-1,"r":0},{"x":1,"y":46,"hp":170,"w":1,"h":1,"t":0,"c":5,"e":-1,"r":0},{"x":3,"y":46,"hp":170,"w":1,"h":1,"t":0,"c":5,"e":-1,"r":0},{"x":4,"y":46,"hp":170,"w":1,"h":1,"t":0,"c":5,"e":-1,"r":0},{"x":5,"y":46,"hp":170,"w":1,"h":1,"t":0,"c":5,"e":-1,"r":0},{"x":1,"y":47,"hp":177,"w":1,"h":1,"t":5,"c":5,"e":-1,"r":0},{"x":4,"y":47,"hp":177,"w":1,"h":1,"t":0,"c":5,"e":-1,"r":0},{"x":5,"y":47,"hp":177,"w":1,"h":1,"t":0,"c":5,"e":-1,"r":0},{"x":7,"y":5,"hp":55,"w":1,"h":1,"t":0,"c":5,"e":-1,"r":0},{"x":8,"y":6,"hp":49,"w":1,"h":1,"t":0,"c":5,"e":-1,"r":0},{"x":9,"y":7,"hp":56,"w":1,"h":1,"t":3,"c":5,"e":-1,"r":0},{"x":7,"y":7,"hp":56,"w":1,"h":1,"t":0,"c":5,"e":-1,"r":0},{"x":6,"y":7,"hp":56,"w":1,"h":1,"t":0,"c":5,"e":-1,"r":0},{"x":7,"y":8,"hp":63,"w":1,"h":1,"t":0,"c":5,"e":-1,"r":0},{"x":6,"y":8,"hp":63,"w":1,"h":1,"t":0,"c":5,"e":0,"r":0},{"x":9,"y":9,"hp":45,"w":1,"h":1,"t":0,"c":0,"e":-1,"r":0},{"x":8,"y":10,"hp":49,"w":1,"h":1,"t":0,"c":5,"e":-1,"r":0},{"x":7,"y":10,"hp":49,"w":1,"h":1,"t":0,"c":5,"e":-1,"r":0},{"x":6,"y":10,"hp":49,"w":1,"h":1,"t":0,"c":5,"e":-1,"r":0},{"x":8,"y":11,"hp":96,"w":1,"h":1,"t":0,"c":5,"e":-1,"r":0},{"x":7,"y":11,"hp":96,"w":1,"h":1,"t":0,"c":5,"e":-1,"r":0},{"x":9,"y":12,"hp":86,"w":1,"h":1,"t":0,"c":5,"e":-1,"r":0},{"x":9,"y":13,"hp":103,"w":1,"h":1,"t":0,"c":5,"e":-1,"r":0},{"x":8,"y":13,"hp":103,"w":1,"h":1,"t":0,"c":5,"e":-1,"r":0},{"x":7,"y":13,"hp":103,"w":1,"h":1,"t":0,"c":5,"e":-1,"r":0},{"x":6,"y":13,"hp":103,"w":1,"h":1,"t":0,"c":5,"e":-1,"r":0},{"x":9,"y":14,"hp":114,"w":1,"h":1,"t":0,"c":5,"e":-1,"r":0},{"x":7,"y":14,"hp":114,"w":1,"h":1,"t":0,"c":5,"e":-1,"r":0},{"x":6,"y":14,"hp":114,"w":1,"h":1,"t":5,"c":5,"e":-1,"r":0},{"x":8,"y":15,"hp":90,"w":1,"h":1,"t":0,"c":5,"e":-1,"r":0},{"x":9,"y":17,"hp":241,"w":1,"h":1,"t":3,"c":5,"e":-1,"r":0},{"x":8,"y":17,"hp":241,"w":1,"h":1,"t":0,"c":5,"e":-1,"r":0},{"x":8,"y":18,"hp":214,"w":1,"h":1,"t":1,"c":5,"e":-1,"r":1},{"x":7,"y":18,"hp":214,"w":1,"h":1,"t":0,"c":5,"e":-1,"r":0},{"x":7,"y":19,"hp":114,"w":1,"h":1,"t":0,"c":5,"e":-1,"r":0},{"x":6,"y":19,"hp":114,"w":1,"h":1,"t":0,"c":5,"e":-1,"r":0},{"x":10,"y":20,"hp":280,"w":1,"h":1,"t":0,"c":5,"e":-1,"r":0},{"x":9,"y":20,"hp":280,"w":1,"h":1,"t":0,"c":5,"e":-1,"r":0},{"x":7,"y":20,"hp":280,"w":1,"h":1,"t":0,"c":5,"e":-1,"r":0},{"x":9,"y":21,"hp":105,"w":1,"h":1,"t":0,"c":5,"e":0,"r":0},{"x":8,"y":21,"hp":105,"w":1,"h":1,"t":0,"c":5,"e":-1,"r":0},{"x":7,"y":21,"hp":105,"w":1,"h":1,"t":5,"c":5,"e":-1,"r":0},{"x":6,"y":21,"hp":105,"w":1,"h":1,"t":0,"c":5,"e":-1,"r":0},{"x":10,"y":22,"hp":186,"w":1,"h":1,"t":4,"c":5,"e":-1,"r":0},{"x":8,"y":22,"hp":186,"w":1,"h":1,"t":0,"c":5,"e":-1,"r":0},{"x":7,"y":22,"hp":186,"w":1,"h":1,"t":0,"c":5,"e":-1,"r":0},{"x":6,"y":22,"hp":186,"w":1,"h":1,"t":0,"c":5,"e":-1,"r":0},{"x":7,"y":23,"hp":325,"w":1,"h":1,"t":0,"c":5,"e":-1,"r":0},{"x":9,"y":24,"hp":171,"w":1,"h":1,"t":4,"c":5,"e":-1,"r":0},{"x":10,"y":25,"hp":87,"w":1,"h":1,"t":0,"c":5,"e":-1,"r":0},{"x":9,"y":25,"hp":87,"w":1,"h":1,"t":0,"c":5,"e":-1,"r":0},{"x":7,"y":25,"hp":87,"w":1,"h":1,"t":0,"c":5,"e":-1,"r":0},{"x":6,"y":25,"hp":87,"w":1,"h":1,"t":0,"c":5,"e":-1,"r":0},{"x":10,"y":26,"hp":118,"w":1,"h":1,"t":0,"c":5,"e":-1,"r":0},{"x":9,"y":26,"hp":118,"w":1,"h":1,"t":0,"c":5,"e":-1,"r":0},{"x":7,"y":26,"hp":118,"w":1,"h":1,"t":0,"c":5,"e":-1,"r":0},{"x":6,"y":26,"hp":118,"w":1,"h":1,"t":0,"c":5,"e":-1,"r":0},{"x":7,"y":27,"hp":201,"w":1,"h":1,"t":0,"c":5,"e":-1,"r":0},{"x":10,"y":28,"hp":89,"w":1,"h":1,"t":0,"c":5,"e":-1,"r":0},{"x":8,"y":28,"hp":89,"w":1,"h":1,"t":0,"c":5,"e":-1,"r":0},{"x":7,"y":28,"hp":89,"w":1,"h":1,"t":0,"c":5,"e":-1,"r":0},{"x":6,"y":29,"hp":310,"w":1,"h":1,"t":5,"c":5,"e":-1,"r":0},{"x":7,"y":30,"hp":99,"w":1,"h":1,"t":0,"c":5,"e":-1,"r":0},{"x":9,"y":31,"hp":154,"w":1,"h":1,"t":0,"c":5,"e":-1,"r":0},{"x":8,"y":31,"hp":154,"w":1,"h":1,"t":0,"c":5,"e":-1,"r":0},{"x":7,"y":31,"hp":154,"w":1,"h":1,"t":3,"c":5,"e":-1,"r":0},{"x":6,"y":31,"hp":154,"w":1,"h":1,"t":0,"c":5,"e":-1,"r":0},{"x":9,"y":32,"hp":109,"w":1,"h":1,"t":0,"c":5,"e":-1,"r":0},{"x":8,"y":32,"hp":109,"w":1,"h":1,"t":1,"c":5,"e":-1,"r":3},{"x":6,"y":32,"hp":109,"w":1,"h":1,"t":0,"c":5,"e":-1,"r":0},{"x":9,"y":33,"hp":114,"w":1,"h":1,"t":0,"c":5,"e":-1,"r":0},{"x":8,"y":33,"hp":114,"w":1,"h":1,"t":0,"c":5,"e":-1,"r":0},{"x":7,"y":33,"hp":114,"w":1,"h":1,"t":0,"c":5,"e":-1,"r":0},{"x":6,"y":33,"hp":114,"w":1,"h":1,"t":0,"c":5,"e":-1,"r":0},{"x":8,"y":34,"hp":165,"w":1,"h":1,"t":3,"c":5,"e":-1,"r":0},{"x":6,"y":34,"hp":165,"w":1,"h":1,"t":0,"c":5,"e":-1,"r":0},{"x":7,"y":35,"hp":170,"w":1,"h":1,"t":0,"c":5,"e":-1,"r":0},{"x":6,"y":35,"hp":170,"w":1,"h":1,"t":0,"c":5,"e":-1,"r":0},{"x":9,"y":36,"hp":128,"w":1,"h":1,"t":4,"c":5,"e":-1,"r":0},{"x":6,"y":36,"hp":128,"w":1,"h":1,"t":0,"c":5,"e":-1,"r":0},{"x":8,"y":37,"hp":187,"w":1,"h":1,"t":0,"c":5,"e":-1,"r":0},{"x":7,"y":37,"hp":187,"w":1,"h":1,"t":0,"c":5,"e":-1,"r":0},{"x":6,"y":37,"hp":187,"w":1,"h":1,"t":0,"c":5,"e":-1,"r":0},{"x":6,"y":38,"hp":270,"w":1,"h":1,"t":0,"c":5,"e":-1,"r":0},{"x":10,"y":39,"hp":240,"w":1,"h":1,"t":0,"c":5,"e":-1,"r":0},{"x":7,"y":39,"hp":240,"w":1,"h":1,"t":4,"c":5,"e":-1,"r":0},{"x":8,"y":40,"hp":92,"w":1,"h":1,"t":0,"c":5,"e":-1,"r":0},{"x":8,"y":41,"hp":166,"w":1,"h":1,"t":4,"c":5,"e":-1,"r":0},{"x":7,"y":41,"hp":166,"w":1,"h":1,"t":0,"c":5,"e":-1,"r":0},{"x":8,"y":42,"hp":135,"w":1,"h":1,"t":3,"c":5,"e":-1,"r":0},{"x":6,"y":42,"hp":135,"w":1,"h":1,"t":0,"c":5,"e":-1,"r":0},{"x":8,"y":43,"hp":150,"w":1,"h":1,"t":0,"c":5,"e":-1,"r":0},{"x":9,"y":44,"hp":112,"w":1,"h":1,"t":0,"c":5,"e":-1,"r":0},{"x":8,"y":44,"hp":112,"w":1,"h":1,"t":5,"c":5,"e":-1,"r":0},{"x":9,"y":45,"hp":250,"w":1,"h":1,"t":0,"c":5,"e":-1,"r":0},{"x":8,"y":45,"hp":250,"w":1,"h":1,"t":0,"c":5,"e":-1,"r":0},{"x":7,"y":45,"hp":250,"w":1,"h":1,"t":4,"c":5,"e":-1,"r":0},{"x":6,"y":45,"hp":250,"w":1,"h":1,"t":0,"c":5,"e":-1,"r":0},{"x":9,"y":46,"hp":170,"w":1,"h":1,"t":0,"c":5,"e":-1,"r":0},{"x":7,"y":46,"hp":170,"w":1,"h":1,"t":0,"c":5,"e":-1,"r":0},{"x":6,"y":46,"hp":170,"w":1,"h":1,"t":0,"c":5,"e":-1,"r":0},{"x":9,"y":47,"hp":177,"w":1,"h":1,"t":5,"c":5,"e":-1,"r":0},{"x":6,"y":47,"hp":177,"w":1,"h":1,"t":0,"c":5,"e":-1,"r":0},{"x":5,"y":9,"hp":45,"w":1,"h":1,"t":0,"c":0,"e":-1,"r":0},{"x":6,"y":9,"hp":45,"w":1,"h":1,"t":0,"c":0,"e":-1,"r":0},{"x":3,"y":9,"hp":45,"w":1,"h":1,"t":0,"c":0,"e":-1,"r":0},{"x":2,"y":8,"hp":63,"w":1,"h":1,"t":0,"c":5,"e":-1,"r":0},{"x":0,"y":48,"hp":201,"w":1,"h":1,"t":0,"c":5,"e":-1,"r":0},{"x":1,"y":48,"hp":201,"w":1,"h":1,"t":0,"c":5,"e":-1,"r":0},{"x":2,"y":48,"hp":201,"w":1,"h":1,"t":0,"c":5,"e":0,"r":0},{"x":9,"y":48,"hp":201,"w":1,"h":1,"t":0,"c":5,"e":-1,"r":0},{"x":8,"y":48,"hp":201,"w":1,"h":1,"t":0,"c":5,"e":-1,"r":0},{"x":7,"y":48,"hp":201,"w":1,"h":1,"t":0,"c":5,"e":-1,"r":0},{"x":3,"y":44,"hp":90,"w":1,"h":1,"t":0,"c":5,"e":-1,"r":0},{"x":3,"y":43,"hp":150,"w":1,"h":1,"t":0,"c":5,"e":-1,"r":0},{"x":1,"y":38,"hp":270,"w":1,"h":1,"t":0,"c":5,"e":-1,"r":0},{"x":4,"y":34,"hp":165,"w":1,"h":1,"t":0,"c":5,"e":-1,"r":0},{"x":4,"y":35,"hp":170,"w":1,"h":1,"t":0,"c":5,"e":-1,"r":0},{"x":5,"y":36,"hp":128,"w":1,"h":1,"t":0,"c":5,"e":-1,"r":0},{"x":5,"y":35,"hp":170,"w":1,"h":1,"t":0,"c":5,"e":-1,"r":0},{"x":2,"y":22,"hp":186,"w":1,"h":1,"t":0,"c":5,"e":-1,"r":0},{"x":3,"y":22,"hp":186,"w":1,"h":1,"t":0,"c":5,"e":-1,"r":0},{"x":2,"y":23,"hp":325,"w":1,"h":1,"t":0,"c":5,"e":-1,"r":0},{"x":10,"y":9,"hp":45,"w":1,"h":1,"t":0,"c":0,"e":-1,"r":0},{"x":10,"y":10,"hp":49,"w":1,"h":1,"t":0,"c":5,"e":-1,"r":0},{"x":8,"y":9,"hp":45,"w":1,"h":1,"t":0,"c":0,"e":-1,"r":0},{"x":7,"y":9,"hp":45,"w":1,"h":1,"t":0,"c":0,"e":-1,"r":0},{"x":10,"y":41,"hp":166,"w":1,"h":1,"t":0,"c":5,"e":-1,"r":0},{"x":9,"y":16,"hp":137,"w":1,"h":1,"t":0,"c":5,"e":-1,"r":0},{"x":9,"y":15,"hp":90,"w":1,"h":1,"t":0,"c":5,"e":-1,"r":0},{"x":6,"y":15,"hp":90,"w":1,"h":1,"t":0,"c":5,"e":-1,"r":0},{"x":7,"y":15,"hp":90,"w":1,"h":1,"t":0,"c":5,"e":-1,"r":0},{"x":3,"y":15,"hp":90,"w":1,"h":1,"t":0,"c":5,"e":-1,"r":0},{"x":3,"y":17,"hp":241,"w":1,"h":1,"t":0,"c":5,"e":-1,"r":0},{"x":4,"y":17,"hp":241,"w":1,"h":1,"t":0,"c":5,"e":-1,"r":0},{"x":6,"y":16,"hp":137,"w":1,"h":1,"t":0,"c":5,"e":-1,"r":0},{"x":7,"y":16,"hp":137,"w":1,"h":1,"t":0,"c":5,"e":-1,"r":0},{"x":7,"y":17,"hp":241,"w":1,"h":1,"t":0,"c":5,"e":-1,"r":0},{"x":6,"y":20,"hp":280,"w":1,"h":1,"t":0,"c":5,"e":-1,"r":0},{"x":4,"y":20,"hp":280,"w":1,"h":1,"t":0,"c":5,"e":-1,"r":0},{"x":1,"y":23,"hp":325,"w":1,"h":1,"t":0,"c":5,"e":-1,"r":0},{"x":6,"y":23,"hp":325,"w":1,"h":1,"t":0,"c":5,"e":-1,"r":0},{"x":3,"y":24,"hp":171,"w":1,"h":1,"t":0,"c":5,"e":-1,"r":0},{"x":2,"y":24,"hp":171,"w":1,"h":1,"t":0,"c":5,"e":-1,"r":0},{"x":1,"y":24,"hp":171,"w":1,"h":1,"t":0,"c":5,"e":-1,"r":0},{"x":6,"y":28,"hp":89,"w":1,"h":1,"t":0,"c":5,"e":-1,"r":0},{"x":6,"y":27,"hp":201,"w":1,"h":1,"t":0,"c":5,"e":-1,"r":0},{"x":5,"y":32,"hp":90,"w":1,"h":1,"t":0,"c":5,"e":-1,"r":0},{"x":4,"y":30,"hp":90,"w":1,"h":1,"t":0,"c":5,"e":-1,"r":0},{"x":6,"y":30,"hp":90,"w":1,"h":1,"t":0,"c":5,"e":-1,"r":0},{"x":5,"y":34,"hp":165,"w":1,"h":1,"t":0,"c":5,"e":-1,"r":0},{"x":3,"y":34,"hp":165,"w":1,"h":1,"t":0,"c":5,"e":-1,"r":0},{"x":2,"y":36,"hp":128,"w":1,"h":1,"t":0,"c":5,"e":-1,"r":0},{"x":3,"y":36,"hp":128,"w":1,"h":1,"t":0,"c":5,"e":-1,"r":0},{"x":4,"y":36,"hp":128,"w":1,"h":1,"t":0,"c":5,"e":-1,"r":0},{"x":10,"y":37,"hp":187,"w":1,"h":1,"t":0,"c":5,"e":-1,"r":0},{"x":9,"y":37,"hp":187,"w":1,"h":1,"t":0,"c":5,"e":-1,"r":0},{"x":10,"y":38,"hp":270,"w":1,"h":1,"t":0,"c":5,"e":-1,"r":0},{"x":8,"y":38,"hp":270,"w":1,"h":1,"t":0,"c":5,"e":-1,"r":0},{"x":7,"y":38,"hp":270,"w":1,"h":1,"t":0,"c":5,"e":-1,"r":0},{"x":6,"y":40,"hp":90,"w":1,"h":1,"t":0,"c":5,"e":-1,"r":0},{"x":7,"y":40,"hp":90,"w":1,"h":1,"t":0,"c":5,"e":0,"r":0},{"x":10,"y":40,"hp":90,"w":1,"h":1,"t":0,"c":5,"e":-1,"r":0},{"x":7,"y":43,"hp":150,"w":1,"h":1,"t":0,"c":5,"e":-1,"r":0},{"x":7,"y":42,"hp":135,"w":1,"h":1,"t":0,"c":5,"e":-1,"r":0},{"x":7,"y":44,"hp":90,"w":1,"h":1,"t":0,"c":5,"e":-1,"r":0},{"x":6,"y":43,"hp":150,"w":1,"h":1,"t":0,"c":5,"e":-1,"r":0},{"x":5,"y":43,"hp":150,"w":1,"h":1,"t":0,"c":5,"e":-1,"r":0},{"x":4,"y":48,"hp":201,"w":1,"h":1,"t":0,"c":5,"e":-1,"r":0},{"x":3,"y":48,"hp":201,"w":1,"h":1,"t":0,"c":5,"e":-1,"r":0},{"x":8,"y":47,"hp":177,"w":1,"h":1,"t":0,"c":5,"e":-1,"r":0},{"x":4,"y":23,"hp":90,"w":1,"h":1,"t":0,"c":5,"e":-1,"r":0},{"x":2,"y":9,"hp":90,"w":1,"h":1,"t":0,"c":0,"e":-1,"r":0}],"bu":[{"x":10,"y":8,"buff":1},{"x":0,"y":8,"buff":1},{"x":0,"y":11,"buff":1},{"x":10,"y":16,"buff":1},{"x":0,"y":21,"buff":1},{"x":10,"y":23,"buff":1},{"x":0,"y":29,"buff":1},{"x":0,"y":33,"buff":1},{"x":10,"y":31,"buff":1},{"x":0,"y":38,"buff":1},{"x":9,"y":41,"buff":1},{"x":0,"y":43,"buff":1},{"x":3,"y":47,"buff":1},{"x":5,"y":49,"buff":1},{"x":6,"y":44,"buff":0},{"x":10,"y":35,"buff":0},{"x":10,"y":27,"buff":0},{"x":10,"y":18,"buff":0},{"x":3,"y":12,"buff":0},{"x":6,"y":6,"buff":0},{"x":8,"y":12,"buff":1},{"x":2,"y":16,"buff":1}]}