{"l":332,"h":26,"w":11,"br":[{"x":0,"y":5,"hp":170,"w":2,"h":1,"t":0,"c":0,"e":-1,"r":0},{"x":4,"y":5,"hp":220,"w":3,"h":1,"t":0,"c":0,"e":-1,"r":0},{"x":0,"y":7,"hp":75,"w":1,"h":1,"t":0,"c":3,"e":-1,"r":0},{"x":2,"y":7,"hp":75,"w":1,"h":1,"t":0,"c":3,"e":-1,"r":0},{"x":3,"y":7,"hp":75,"w":1,"h":1,"t":0,"c":3,"e":-1,"r":0},{"x":4,"y":7,"hp":75,"w":1,"h":1,"t":0,"c":3,"e":-1,"r":0},{"x":5,"y":7,"hp":75,"w":1,"h":1,"t":0,"c":3,"e":-1,"r":0},{"x":0,"y":8,"hp":87,"w":1,"h":1,"t":4,"c":3,"e":-1,"r":0},{"x":2,"y":8,"hp":87,"w":1,"h":1,"t":0,"c":3,"e":-1,"r":0},{"x":4,"y":8,"hp":87,"w":1,"h":1,"t":0,"c":3,"e":-1,"r":0},{"x":5,"y":8,"hp":87,"w":1,"h":1,"t":5,"c":3,"e":-1,"r":0},{"x":0,"y":9,"hp":87,"w":1,"h":1,"t":0,"c":3,"e":-1,"r":0},{"x":2,"y":9,"hp":87,"w":1,"h":1,"t":0,"c":3,"e":-1,"r":0},{"x":5,"y":9,"hp":87,"w":1,"h":1,"t":0,"c":3,"e":-1,"r":0},{"x":2,"y":10,"hp":66,"w":1,"h":1,"t":5,"c":3,"e":-1,"r":0},{"x":3,"y":10,"hp":66,"w":1,"h":1,"t":0,"c":3,"e":-1,"r":0},{"x":5,"y":10,"hp":66,"w":1,"h":1,"t":0,"c":3,"e":-1,"r":0},{"x":3,"y":11,"hp":63,"w":1,"h":1,"t":0,"c":3,"e":-1,"r":0},{"x":5,"y":11,"hp":63,"w":1,"h":1,"t":0,"c":3,"e":-1,"r":0},{"x":3,"y":12,"hp":69,"w":1,"h":1,"t":1,"c":3,"e":-1,"r":3},{"x":5,"y":12,"hp":69,"w":1,"h":1,"t":3,"c":3,"e":-1,"r":0},{"x":3,"y":13,"hp":102,"w":1,"h":1,"t":0,"c":3,"e":-1,"r":0},{"x":5,"y":13,"hp":102,"w":1,"h":1,"t":0,"c":3,"e":-1,"r":0},{"x":2,"y":14,"hp":130,"w":1,"h":1,"t":0,"c":3,"e":-1,"r":0},{"x":3,"y":14,"hp":130,"w":1,"h":1,"t":0,"c":3,"e":-1,"r":0},{"x":4,"y":14,"hp":130,"w":1,"h":1,"t":0,"c":3,"e":-1,"r":0},{"x":5,"y":14,"hp":130,"w":1,"h":1,"t":5,"c":3,"e":-1,"r":0},{"x":3,"y":15,"hp":190,"w":1,"h":1,"t":0,"c":3,"e":-1,"r":0},{"x":5,"y":15,"hp":190,"w":1,"h":1,"t":5,"c":3,"e":-1,"r":0},{"x":4,"y":16,"hp":148,"w":1,"h":1,"t":0,"c":3,"e":-1,"r":0},{"x":5,"y":16,"hp":148,"w":1,"h":1,"t":0,"c":3,"e":-1,"r":0},{"x":2,"y":17,"hp":92,"w":1,"h":1,"t":0,"c":3,"e":-1,"r":0},{"x":3,"y":17,"hp":92,"w":1,"h":1,"t":2,"c":3,"e":-1,"r":3},{"x":4,"y":17,"hp":92,"w":1,"h":1,"t":0,"c":3,"e":-1,"r":0},{"x":5,"y":17,"hp":92,"w":1,"h":1,"t":0,"c":3,"e":-1,"r":0},{"x":3,"y":18,"hp":250,"w":1,"h":1,"t":0,"c":3,"e":-1,"r":0},{"x":4,"y":18,"hp":250,"w":1,"h":1,"t":1,"c":3,"e":-1,"r":3},{"x":5,"y":18,"hp":250,"w":1,"h":1,"t":0,"c":3,"e":-1,"r":0},{"x":3,"y":19,"hp":138,"w":1,"h":1,"t":4,"c":3,"e":-1,"r":0},{"x":4,"y":19,"hp":138,"w":1,"h":1,"t":0,"c":3,"e":-1,"r":0},{"x":5,"y":19,"hp":138,"w":1,"h":1,"t":0,"c":3,"e":-1,"r":0},{"x":0,"y":20,"hp":154,"w":1,"h":1,"t":0,"c":3,"e":-1,"r":0},{"x":4,"y":20,"hp":154,"w":1,"h":1,"t":0,"c":3,"e":-1,"r":0},{"x":5,"y":20,"hp":154,"w":1,"h":1,"t":0,"c":3,"e":-1,"r":0},{"x":0,"y":21,"hp":210,"w":1,"h":1,"t":0,"c":3,"e":-1,"r":0},{"x":3,"y":21,"hp":210,"w":1,"h":1,"t":0,"c":3,"e":-1,"r":0},{"x":0,"y":22,"hp":130,"w":1,"h":1,"t":0,"c":3,"e":-1,"r":0},{"x":2,"y":22,"hp":130,"w":1,"h":1,"t":0,"c":3,"e":-1,"r":0},{"x":4,"y":22,"hp":130,"w":1,"h":1,"t":0,"c":3,"e":-1,"r":0},{"x":5,"y":22,"hp":130,"w":1,"h":1,"t":0,"c":3,"e":-1,"r":0},{"x":1,"y":23,"hp":180,"w":1,"h":1,"t":0,"c":3,"e":-1,"r":0},{"x":2,"y":23,"hp":180,"w":1,"h":1,"t":0,"c":3,"e":-1,"r":0},{"x":5,"y":23,"hp":180,"w":1,"h":1,"t":0,"c":3,"e":-1,"r":0},{"x":0,"y":24,"hp":221,"w":1,"h":1,"t":0,"c":3,"e":-1,"r":0},{"x":1,"y":24,"hp":221,"w":1,"h":1,"t":2,"c":3,"e":-1,"r":2},{"x":3,"y":24,"hp":221,"w":1,"h":1,"t":0,"c":3,"e":-1,"r":0},{"x":4,"y":24,"hp":221,"w":1,"h":1,"t":0,"c":3,"e":-1,"r":0},{"x":5,"y":24,"hp":221,"w":1,"h":1,"t":0,"c":3,"e":-1,"r":0},{"x":9,"y":5,"hp":170,"w":2,"h":1,"t":0,"c":0,"e":-1,"r":0},{"x":10,"y":7,"hp":75,"w":1,"h":1,"t":0,"c":3,"e":-1,"r":0},{"x":8,"y":7,"hp":75,"w":1,"h":1,"t":0,"c":3,"e":-1,"r":0},{"x":7,"y":7,"hp":75,"w":1,"h":1,"t":0,"c":3,"e":-1,"r":0},{"x":6,"y":7,"hp":75,"w":1,"h":1,"t":0,"c":3,"e":-1,"r":0},{"x":10,"y":8,"hp":87,"w":1,"h":1,"t":4,"c":3,"e":-1,"r":0},{"x":8,"y":8,"hp":87,"w":1,"h":1,"t":0,"c":3,"e":-1,"r":0},{"x":6,"y":8,"hp":87,"w":1,"h":1,"t":0,"c":3,"e":-1,"r":0},{"x":10,"y":9,"hp":87,"w":1,"h":1,"t":0,"c":3,"e":-1,"r":0},{"x":8,"y":9,"hp":87,"w":1,"h":1,"t":0,"c":3,"e":-1,"r":0},{"x":8,"y":10,"hp":66,"w":1,"h":1,"t":5,"c":3,"e":-1,"r":0},{"x":7,"y":10,"hp":66,"w":1,"h":1,"t":0,"c":3,"e":-1,"r":0},{"x":7,"y":11,"hp":63,"w":1,"h":1,"t":0,"c":3,"e":-1,"r":0},{"x":7,"y":12,"hp":69,"w":1,"h":1,"t":1,"c":3,"e":-1,"r":2},{"x":9,"y":13,"hp":102,"w":1,"h":1,"t":2,"c":3,"e":-1,"r":3},{"x":7,"y":13,"hp":102,"w":1,"h":1,"t":0,"c":3,"e":-1,"r":0},{"x":9,"y":14,"hp":130,"w":1,"h":1,"t":0,"c":3,"e":-1,"r":0},{"x":9,"y":15,"hp":190,"w":1,"h":1,"t":0,"c":3,"e":-1,"r":0},{"x":8,"y":15,"hp":190,"w":1,"h":1,"t":3,"c":3,"e":-1,"r":0},{"x":7,"y":15,"hp":190,"w":1,"h":1,"t":0,"c":3,"e":-1,"r":0},{"x":8,"y":16,"hp":148,"w":1,"h":1,"t":0,"c":3,"e":-1,"r":0},{"x":8,"y":17,"hp":92,"w":1,"h":1,"t":0,"c":3,"e":-1,"r":0},{"x":7,"y":17,"hp":92,"w":1,"h":1,"t":2,"c":3,"e":-1,"r":1},{"x":9,"y":18,"hp":250,"w":1,"h":1,"t":2,"c":3,"e":-1,"r":2},{"x":8,"y":18,"hp":250,"w":1,"h":1,"t":0,"c":3,"e":-1,"r":0},{"x":7,"y":18,"hp":250,"w":1,"h":1,"t":0,"c":3,"e":-1,"r":0},{"x":6,"y":18,"hp":250,"w":1,"h":1,"t":1,"c":3,"e":-1,"r":2},{"x":8,"y":19,"hp":138,"w":1,"h":1,"t":3,"c":3,"e":-1,"r":0},{"x":7,"y":19,"hp":138,"w":1,"h":1,"t":4,"c":3,"e":-1,"r":0},{"x":6,"y":19,"hp":138,"w":1,"h":1,"t":0,"c":3,"e":-1,"r":0},{"x":8,"y":20,"hp":154,"w":1,"h":1,"t":0,"c":3,"e":-1,"r":0},{"x":6,"y":20,"hp":154,"w":1,"h":1,"t":0,"c":3,"e":-1,"r":0},{"x":7,"y":21,"hp":210,"w":1,"h":1,"t":0,"c":3,"e":-1,"r":0},{"x":8,"y":22,"hp":130,"w":1,"h":1,"t":0,"c":3,"e":-1,"r":0},{"x":6,"y":22,"hp":130,"w":1,"h":1,"t":0,"c":3,"e":-1,"r":0},{"x":9,"y":23,"hp":180,"w":1,"h":1,"t":0,"c":3,"e":-1,"r":0},{"x":7,"y":23,"hp":180,"w":1,"h":1,"t":0,"c":3,"e":-1,"r":0},{"x":9,"y":24,"hp":221,"w":1,"h":1,"t":2,"c":3,"e":-1,"r":2},{"x":7,"y":24,"hp":221,"w":1,"h":1,"t":0,"c":3,"e":-1,"r":0},{"x":6,"y":24,"hp":221,"w":1,"h":1,"t":0,"c":3,"e":-1,"r":0},{"x":6,"y":13,"hp":102,"w":1,"h":1,"t":0,"c":3,"e":-1,"r":0},{"x":4,"y":13,"hp":102,"w":1,"h":1,"t":0,"c":3,"e":-1,"r":0},{"x":6,"y":16,"hp":148,"w":1,"h":1,"t":0,"c":3,"e":-1,"r":0},{"x":7,"y":16,"hp":148,"w":1,"h":1,"t":0,"c":3,"e":-1,"r":0},{"x":6,"y":17,"hp":92,"w":1,"h":1,"t":0,"c":3,"e":-1,"r":0},{"x":9,"y":20,"hp":154,"w":1,"h":1,"t":0,"c":3,"e":-1,"r":0},{"x":9,"y":19,"hp":138,"w":1,"h":1,"t":0,"c":3,"e":-1,"r":0},{"x":8,"y":21,"hp":210,"w":1,"h":1,"t":0,"c":3,"e":-1,"r":0},{"x":6,"y":21,"hp":210,"w":1,"h":1,"t":0,"c":3,"e":-1,"r":0},{"x":4,"y":21,"hp":210,"w":1,"h":1,"t":0,"c":3,"e":-1,"r":0},{"x":3,"y":22,"hp":130,"w":1,"h":1,"t":0,"c":3,"e":-1,"r":0},{"x":6,"y":23,"hp":180,"w":1,"h":1,"t":0,"c":3,"e":-1,"r":0},{"x":3,"y":23,"hp":180,"w":1,"h":1,"t":0,"c":3,"e":-1,"r":0},{"x":4,"y":23,"hp":180,"w":1,"h":1,"t":0,"c":3,"e":-1,"r":0},{"x":2,"y":15,"hp":70,"w":1,"h":1,"t":0,"c":3,"e":-1,"r":0},{"x":2,"y":16,"hp":70,"w":1,"h":1,"t":0,"c":3,"e":-1,"r":0},{"x":2,"y":18,"hp":70,"w":1,"h":1,"t":0,"c":3,"e":-1,"r":0},{"x":2,"y":19,"hp":70,"w":1,"h":1,"t":0,"c":3,"e":-1,"r":0},{"x":8,"y":23,"hp":70,"w":1,"h":1,"t":0,"c":3,"e":-1,"r":0},{"x":8,"y":24,"hp":70,"w":1,"h":1,"t":0,"c":3,"e":-1,"r":0},{"x":2,"y":21,"hp":70,"w":1,"h":1,"t":0,"c":3,"e":-1,"r":0},{"x":2,"y":20,"hp":70,"w":1,"h":1,"t":0,"c":3,"e":-1,"r":0},{"x":5,"y":21,"hp":70,"w":1,"h":1,"t":0,"c":3,"e":-1,"r":0}],"bu":[{"x":0,"y":10,"buff":1},{"x":3,"y":16,"buff":1},{"x":3,"y":20,"buff":1},{"x":4,"y":25,"buff":1},{"x":8,"y":14,"buff":0},{"x":10,"y":20,"buff":0},{"x":7,"y":25,"buff":0},{"x":7,"y":22,"buff":8},{"x":4,"y":15,"buff":8},{"x":0,"y":17,"buff":6},{"x":1,"y":7,"buff":1},{"x":9,"y":7,"buff":1},{"x":4,"y":10,"buff":1},{"x":6,"y":10,"buff":1},{"x":10,"y":11,"buff":1},{"x":0,"y":13,"buff":1},{"x":10,"y":15,"buff":1},{"x":10,"y":17,"buff":1},{"x":0,"y":19,"buff":1},{"x":7,"y":5,"buff":0},{"x":8,"y":5,"buff":0},{"x":3,"y":5,"buff":0},{"x":2,"y":5,"buff":0}]}