{"l":303,"h":37,"w":11,"br":[{"x":1,"y":5,"hp":280,"w":2,"h":2,"t":0,"c":3,"e":-1,"r":0},{"x":5,"y":7,"hp":37,"w":1,"h":1,"t":0,"c":1,"e":-1,"r":0},{"x":3,"y":8,"hp":60,"w":1,"h":1,"t":0,"c":1,"e":-1,"r":0},{"x":5,"y":8,"hp":60,"w":1,"h":1,"t":0,"c":1,"e":5,"r":0},{"x":1,"y":10,"hp":66,"w":1,"h":1,"t":0,"c":1,"e":-1,"r":0},{"x":3,"y":10,"hp":66,"w":1,"h":1,"t":0,"c":1,"e":-1,"r":0},{"x":2,"y":11,"hp":83,"w":1,"h":1,"t":0,"c":1,"e":-1,"r":0},{"x":4,"y":11,"hp":83,"w":1,"h":1,"t":0,"c":1,"e":-1,"r":0},{"x":5,"y":11,"hp":83,"w":1,"h":1,"t":0,"c":1,"e":-1,"r":0},{"x":1,"y":12,"hp":100,"w":1,"h":1,"t":0,"c":1,"e":-1,"r":0},{"x":2,"y":12,"hp":100,"w":1,"h":1,"t":0,"c":1,"e":-1,"r":0},{"x":4,"y":12,"hp":100,"w":1,"h":1,"t":0,"c":1,"e":-1,"r":0},{"x":5,"y":12,"hp":100,"w":1,"h":1,"t":0,"c":1,"e":-1,"r":0},{"x":1,"y":13,"hp":69,"w":1,"h":1,"t":0,"c":1,"e":-1,"r":0},{"x":4,"y":13,"hp":69,"w":1,"h":1,"t":0,"c":1,"e":-1,"r":0},{"x":5,"y":13,"hp":69,"w":1,"h":1,"t":0,"c":1,"e":5,"r":0},{"x":1,"y":14,"hp":95,"w":1,"h":1,"t":0,"c":1,"e":-1,"r":0},{"x":2,"y":14,"hp":95,"w":1,"h":1,"t":0,"c":1,"e":-1,"r":0},{"x":3,"y":14,"hp":95,"w":1,"h":1,"t":0,"c":1,"e":-1,"r":0},{"x":4,"y":14,"hp":95,"w":1,"h":1,"t":0,"c":1,"e":-1,"r":0},{"x":5,"y":14,"hp":95,"w":1,"h":1,"t":0,"c":1,"e":-1,"r":0},{"x":5,"y":15,"hp":130,"w":1,"h":1,"t":0,"c":1,"e":-1,"r":0},{"x":0,"y":16,"hp":83,"w":1,"h":1,"t":0,"c":1,"e":-1,"r":0},{"x":2,"y":16,"hp":83,"w":1,"h":1,"t":0,"c":1,"e":-1,"r":0},{"x":3,"y":16,"hp":83,"w":1,"h":1,"t":0,"c":1,"e":-1,"r":0},{"x":4,"y":16,"hp":83,"w":1,"h":1,"t":0,"c":1,"e":-1,"r":0},{"x":5,"y":16,"hp":83,"w":1,"h":1,"t":0,"c":1,"e":7,"r":0},{"x":4,"y":17,"hp":105,"w":1,"h":1,"t":0,"c":1,"e":-1,"r":0},{"x":5,"y":17,"hp":105,"w":1,"h":1,"t":0,"c":1,"e":-1,"r":0},{"x":2,"y":18,"hp":107,"w":1,"h":1,"t":0,"c":1,"e":-1,"r":0},{"x":3,"y":18,"hp":107,"w":1,"h":1,"t":0,"c":1,"e":-1,"r":0},{"x":4,"y":18,"hp":107,"w":1,"h":1,"t":0,"c":1,"e":-1,"r":0},{"x":5,"y":18,"hp":107,"w":1,"h":1,"t":0,"c":1,"e":-1,"r":0},{"x":2,"y":19,"hp":62,"w":1,"h":1,"t":0,"c":1,"e":-1,"r":0},{"x":5,"y":19,"hp":62,"w":1,"h":1,"t":0,"c":1,"e":-1,"r":0},{"x":2,"y":20,"hp":100,"w":1,"h":1,"t":0,"c":1,"e":-1,"r":0},{"x":5,"y":20,"hp":100,"w":1,"h":1,"t":0,"c":1,"e":-1,"r":0},{"x":1,"y":21,"hp":115,"w":1,"h":1,"t":0,"c":1,"e":-1,"r":0},{"x":2,"y":21,"hp":115,"w":1,"h":1,"t":0,"c":1,"e":5,"r":0},{"x":5,"y":21,"hp":115,"w":1,"h":1,"t":0,"c":1,"e":-1,"r":0},{"x":1,"y":22,"hp":80,"w":1,"h":1,"t":0,"c":1,"e":-1,"r":0},{"x":3,"y":22,"hp":80,"w":1,"h":1,"t":0,"c":1,"e":-1,"r":0},{"x":5,"y":22,"hp":80,"w":1,"h":1,"t":0,"c":1,"e":-1,"r":0},{"x":1,"y":23,"hp":154,"w":1,"h":1,"t":0,"c":1,"e":-1,"r":0},{"x":2,"y":23,"hp":154,"w":1,"h":1,"t":0,"c":1,"e":-1,"r":0},{"x":3,"y":23,"hp":154,"w":1,"h":1,"t":0,"c":1,"e":-1,"r":0},{"x":5,"y":23,"hp":154,"w":1,"h":1,"t":0,"c":1,"e":-1,"r":0},{"x":1,"y":24,"hp":74,"w":1,"h":1,"t":0,"c":1,"e":-1,"r":0},{"x":2,"y":24,"hp":74,"w":1,"h":1,"t":0,"c":1,"e":0,"r":0},{"x":5,"y":24,"hp":74,"w":1,"h":1,"t":0,"c":1,"e":-1,"r":0},{"x":2,"y":25,"hp":100,"w":1,"h":1,"t":0,"c":1,"e":-1,"r":0},{"x":4,"y":25,"hp":100,"w":1,"h":1,"t":0,"c":1,"e":-1,"r":0},{"x":2,"y":27,"hp":100,"w":1,"h":1,"t":0,"c":1,"e":-1,"r":0},{"x":3,"y":27,"hp":100,"w":1,"h":1,"t":0,"c":1,"e":-1,"r":0},{"x":0,"y":28,"hp":123,"w":1,"h":1,"t":0,"c":1,"e":-1,"r":0},{"x":3,"y":28,"hp":123,"w":1,"h":1,"t":0,"c":1,"e":-1,"r":0},{"x":4,"y":28,"hp":123,"w":1,"h":1,"t":0,"c":1,"e":-1,"r":0},{"x":5,"y":28,"hp":123,"w":1,"h":1,"t":0,"c":1,"e":-1,"r":0},{"x":0,"y":29,"hp":78,"w":1,"h":1,"t":0,"c":1,"e":-1,"r":0},{"x":2,"y":29,"hp":78,"w":1,"h":1,"t":0,"c":1,"e":-1,"r":0},{"x":5,"y":29,"hp":78,"w":1,"h":1,"t":0,"c":1,"e":5,"r":0},{"x":0,"y":30,"hp":110,"w":1,"h":1,"t":0,"c":1,"e":-1,"r":0},{"x":2,"y":30,"hp":110,"w":1,"h":1,"t":0,"c":1,"e":-1,"r":0},{"x":3,"y":30,"hp":110,"w":1,"h":1,"t":0,"c":1,"e":-1,"r":0},{"x":4,"y":30,"hp":110,"w":1,"h":1,"t":0,"c":1,"e":-1,"r":0},{"x":5,"y":30,"hp":110,"w":1,"h":1,"t":0,"c":1,"e":-1,"r":0},{"x":0,"y":31,"hp":88,"w":1,"h":1,"t":0,"c":1,"e":-1,"r":0},{"x":2,"y":31,"hp":88,"w":1,"h":1,"t":0,"c":1,"e":-1,"r":0},{"x":4,"y":31,"hp":88,"w":1,"h":1,"t":0,"c":1,"e":-1,"r":0},{"x":5,"y":31,"hp":88,"w":1,"h":1,"t":0,"c":1,"e":-1,"r":0},{"x":2,"y":32,"hp":153,"w":1,"h":1,"t":0,"c":1,"e":-1,"r":0},{"x":5,"y":32,"hp":153,"w":1,"h":1,"t":0,"c":1,"e":-1,"r":0},{"x":4,"y":33,"hp":82,"w":1,"h":1,"t":0,"c":1,"e":-1,"r":0},{"x":5,"y":33,"hp":82,"w":1,"h":1,"t":0,"c":1,"e":-1,"r":0},{"x":3,"y":34,"hp":114,"w":1,"h":1,"t":0,"c":1,"e":-1,"r":0},{"x":5,"y":34,"hp":114,"w":1,"h":1,"t":0,"c":1,"e":-1,"r":0},{"x":2,"y":35,"hp":150,"w":1,"h":1,"t":0,"c":1,"e":-1,"r":0},{"x":3,"y":35,"hp":150,"w":1,"h":1,"t":0,"c":1,"e":-1,"r":0},{"x":4,"y":35,"hp":150,"w":1,"h":1,"t":0,"c":1,"e":-1,"r":0},{"x":5,"y":35,"hp":150,"w":1,"h":1,"t":0,"c":1,"e":-1,"r":0},{"x":8,"y":5,"hp":280,"w":2,"h":2,"t":0,"c":3,"e":-1,"r":0},{"x":7,"y":8,"hp":60,"w":1,"h":1,"t":0,"c":1,"e":-1,"r":0},{"x":9,"y":10,"hp":66,"w":1,"h":1,"t":0,"c":1,"e":-1,"r":0},{"x":7,"y":10,"hp":66,"w":1,"h":1,"t":0,"c":1,"e":-1,"r":0},{"x":8,"y":11,"hp":83,"w":1,"h":1,"t":0,"c":1,"e":-1,"r":0},{"x":6,"y":11,"hp":83,"w":1,"h":1,"t":0,"c":1,"e":-1,"r":0},{"x":9,"y":12,"hp":100,"w":1,"h":1,"t":0,"c":1,"e":5,"r":0},{"x":8,"y":12,"hp":100,"w":1,"h":1,"t":0,"c":1,"e":-1,"r":0},{"x":6,"y":12,"hp":100,"w":1,"h":1,"t":0,"c":1,"e":-1,"r":0},{"x":9,"y":13,"hp":69,"w":1,"h":1,"t":0,"c":1,"e":-1,"r":0},{"x":7,"y":13,"hp":69,"w":1,"h":1,"t":0,"c":1,"e":-1,"r":0},{"x":6,"y":13,"hp":69,"w":1,"h":1,"t":0,"c":1,"e":-1,"r":0},{"x":9,"y":14,"hp":95,"w":1,"h":1,"t":0,"c":1,"e":-1,"r":0},{"x":8,"y":14,"hp":95,"w":1,"h":1,"t":0,"c":1,"e":-1,"r":0},{"x":7,"y":14,"hp":95,"w":1,"h":1,"t":0,"c":1,"e":-1,"r":0},{"x":6,"y":14,"hp":95,"w":1,"h":1,"t":0,"c":1,"e":-1,"r":0},{"x":9,"y":15,"hp":130,"w":1,"h":1,"t":0,"c":1,"e":-1,"r":0},{"x":8,"y":16,"hp":83,"w":1,"h":1,"t":0,"c":1,"e":-1,"r":0},{"x":6,"y":16,"hp":83,"w":1,"h":1,"t":0,"c":1,"e":-1,"r":0},{"x":10,"y":17,"hp":105,"w":1,"h":1,"t":0,"c":1,"e":-1,"r":0},{"x":9,"y":17,"hp":105,"w":1,"h":1,"t":0,"c":1,"e":-1,"r":0},{"x":8,"y":17,"hp":105,"w":1,"h":1,"t":0,"c":1,"e":-1,"r":0},{"x":6,"y":17,"hp":105,"w":1,"h":1,"t":0,"c":1,"e":-1,"r":0},{"x":10,"y":18,"hp":107,"w":1,"h":1,"t":0,"c":1,"e":-1,"r":0},{"x":9,"y":18,"hp":107,"w":1,"h":1,"t":0,"c":1,"e":5,"r":0},{"x":8,"y":18,"hp":107,"w":1,"h":1,"t":0,"c":1,"e":-1,"r":0},{"x":6,"y":18,"hp":107,"w":1,"h":1,"t":0,"c":1,"e":-1,"r":0},{"x":9,"y":20,"hp":100,"w":1,"h":1,"t":0,"c":1,"e":-1,"r":0},{"x":8,"y":20,"hp":100,"w":1,"h":1,"t":0,"c":1,"e":-1,"r":0},{"x":7,"y":20,"hp":100,"w":1,"h":1,"t":0,"c":1,"e":-1,"r":0},{"x":9,"y":21,"hp":115,"w":1,"h":1,"t":0,"c":1,"e":-1,"r":0},{"x":8,"y":21,"hp":115,"w":1,"h":1,"t":0,"c":1,"e":-1,"r":0},{"x":7,"y":21,"hp":115,"w":1,"h":1,"t":0,"c":1,"e":-1,"r":0},{"x":6,"y":21,"hp":115,"w":1,"h":1,"t":0,"c":1,"e":-1,"r":0},{"x":9,"y":22,"hp":80,"w":1,"h":1,"t":0,"c":1,"e":-1,"r":0},{"x":7,"y":22,"hp":80,"w":1,"h":1,"t":0,"c":1,"e":-1,"r":0},{"x":6,"y":22,"hp":80,"w":1,"h":1,"t":0,"c":1,"e":-1,"r":0},{"x":9,"y":23,"hp":154,"w":1,"h":1,"t":0,"c":1,"e":7,"r":0},{"x":8,"y":23,"hp":154,"w":1,"h":1,"t":0,"c":1,"e":-1,"r":0},{"x":7,"y":23,"hp":154,"w":1,"h":1,"t":0,"c":1,"e":-1,"r":0},{"x":9,"y":24,"hp":74,"w":1,"h":1,"t":0,"c":1,"e":-1,"r":0},{"x":8,"y":24,"hp":74,"w":1,"h":1,"t":0,"c":1,"e":-1,"r":0},{"x":8,"y":25,"hp":100,"w":1,"h":1,"t":0,"c":1,"e":-1,"r":0},{"x":6,"y":25,"hp":100,"w":1,"h":1,"t":0,"c":1,"e":-1,"r":0},{"x":9,"y":26,"hp":180,"w":1,"h":1,"t":0,"c":1,"e":-1,"r":0},{"x":8,"y":26,"hp":180,"w":1,"h":1,"t":0,"c":1,"e":-1,"r":0},{"x":7,"y":26,"hp":180,"w":1,"h":1,"t":0,"c":1,"e":-1,"r":0},{"x":6,"y":26,"hp":180,"w":1,"h":1,"t":0,"c":1,"e":-1,"r":0},{"x":9,"y":27,"hp":100,"w":1,"h":1,"t":0,"c":1,"e":-1,"r":0},{"x":8,"y":27,"hp":100,"w":1,"h":1,"t":0,"c":1,"e":-1,"r":0},{"x":7,"y":27,"hp":100,"w":1,"h":1,"t":0,"c":1,"e":-1,"r":0},{"x":9,"y":28,"hp":123,"w":1,"h":1,"t":0,"c":1,"e":-1,"r":0},{"x":7,"y":28,"hp":123,"w":1,"h":1,"t":0,"c":1,"e":-1,"r":0},{"x":8,"y":29,"hp":78,"w":1,"h":1,"t":0,"c":1,"e":-1,"r":0},{"x":8,"y":30,"hp":110,"w":1,"h":1,"t":0,"c":1,"e":-1,"r":0},{"x":7,"y":30,"hp":110,"w":1,"h":1,"t":0,"c":1,"e":-1,"r":0},{"x":7,"y":31,"hp":88,"w":1,"h":1,"t":0,"c":1,"e":-1,"r":0},{"x":8,"y":32,"hp":153,"w":1,"h":1,"t":0,"c":1,"e":-1,"r":0},{"x":10,"y":33,"hp":82,"w":1,"h":1,"t":0,"c":1,"e":-1,"r":0},{"x":9,"y":33,"hp":82,"w":1,"h":1,"t":0,"c":1,"e":-1,"r":0},{"x":8,"y":33,"hp":82,"w":1,"h":1,"t":0,"c":1,"e":-1,"r":0},{"x":7,"y":33,"hp":82,"w":1,"h":1,"t":0,"c":1,"e":-1,"r":0},{"x":6,"y":33,"hp":82,"w":1,"h":1,"t":0,"c":1,"e":-1,"r":0},{"x":10,"y":35,"hp":150,"w":1,"h":1,"t":0,"c":1,"e":-1,"r":0},{"x":8,"y":35,"hp":150,"w":1,"h":1,"t":0,"c":1,"e":-1,"r":0},{"x":6,"y":35,"hp":150,"w":1,"h":1,"t":0,"c":1,"e":-1,"r":0},{"x":4,"y":7,"hp":80,"w":1,"h":1,"t":0,"c":1,"e":-1,"r":0},{"x":6,"y":7,"hp":80,"w":1,"h":1,"t":0,"c":1,"e":-1,"r":0},{"x":4,"y":10,"hp":66,"w":1,"h":1,"t":0,"c":1,"e":-1,"r":0},{"x":5,"y":10,"hp":66,"w":1,"h":1,"t":0,"c":1,"e":-1,"r":0},{"x":6,"y":10,"hp":66,"w":1,"h":1,"t":0,"c":1,"e":-1,"r":0},{"x":4,"y":8,"hp":60,"w":1,"h":1,"t":0,"c":1,"e":-1,"r":0},{"x":6,"y":8,"hp":60,"w":1,"h":1,"t":0,"c":1,"e":-1,"r":0},{"x":7,"y":24,"hp":80,"w":1,"h":1,"t":0,"c":1,"e":-1,"r":0},{"x":6,"y":24,"hp":80,"w":1,"h":1,"t":0,"c":1,"e":-1,"r":0},{"x":6,"y":23,"hp":154,"w":1,"h":1,"t":0,"c":1,"e":-1,"r":0},{"x":4,"y":32,"hp":153,"w":1,"h":1,"t":0,"c":1,"e":-1,"r":0},{"x":9,"y":32,"hp":153,"w":1,"h":1,"t":0,"c":1,"e":-1,"r":0},{"x":8,"y":34,"hp":114,"w":1,"h":1,"t":0,"c":1,"e":-1,"r":0},{"x":9,"y":34,"hp":114,"w":1,"h":1,"t":0,"c":1,"e":-1,"r":0},{"x":10,"y":34,"hp":114,"w":1,"h":1,"t":0,"c":1,"e":-1,"r":0},{"x":6,"y":34,"hp":114,"w":1,"h":1,"t":0,"c":1,"e":-1,"r":0},{"x":4,"y":34,"hp":114,"w":1,"h":1,"t":0,"c":1,"e":-1,"r":0},{"x":8,"y":28,"hp":123,"w":1,"h":1,"t":0,"c":1,"e":-1,"r":0},{"x":6,"y":27,"hp":100,"w":1,"h":1,"t":0,"c":1,"e":-1,"r":0},{"x":7,"y":29,"hp":80,"w":1,"h":1,"t":0,"c":1,"e":-1,"r":0},{"x":9,"y":29,"hp":80,"w":1,"h":1,"t":0,"c":1,"e":-1,"r":0},{"x":3,"y":29,"hp":80,"w":1,"h":1,"t":0,"c":1,"e":-1,"r":0},{"x":4,"y":29,"hp":80,"w":1,"h":1,"t":0,"c":1,"e":-1,"r":0},{"x":8,"y":8,"hp":60,"w":1,"h":1,"t":0,"c":1,"e":-1,"r":0},{"x":8,"y":7,"hp":80,"w":1,"h":1,"t":0,"c":1,"e":-1,"r":0},{"x":2,"y":8,"hp":60,"w":1,"h":1,"t":0,"c":1,"e":-1,"r":0},{"x":2,"y":7,"hp":80,"w":1,"h":1,"t":0,"c":1,"e":-1,"r":0},{"x":0,"y":10,"hp":80,"w":1,"h":1,"t":7,"c":0,"e":-1,"r":0},{"x":2,"y":10,"hp":80,"w":1,"h":1,"t":7,"c":0,"e":-1,"r":0},{"x":8,"y":10,"hp":80,"w":1,"h":1,"t":7,"c":0,"e":-1,"r":0},{"x":10,"y":10,"hp":80,"w":1,"h":1,"t":7,"c":0,"e":-1,"r":0},{"x":1,"y":16,"hp":80,"w":1,"h":1,"t":7,"c":0,"e":-1,"r":0},{"x":7,"y":16,"hp":80,"w":1,"h":1,"t":7,"c":0,"e":-1,"r":0},{"x":1,"y":29,"hp":80,"w":1,"h":1,"t":7,"c":0,"e":-1,"r":0},{"x":1,"y":30,"hp":80,"w":1,"h":1,"t":7,"c":0,"e":-1,"r":0},{"x":1,"y":31,"hp":80,"w":1,"h":1,"t":7,"c":0,"e":-1,"r":0}],"bu":[{"x":9,"y":9,"buff":1},{"x":7,"y":15,"buff":1},{"x":7,"y":18,"buff":1},{"x":6,"y":28,"buff":1},{"x":3,"y":32,"buff":1},{"x":7,"y":36,"buff":1},{"x":4,"y":36,"buff":1},{"x":10,"y":26,"buff":0},{"x":10,"y":5,"buff":0},{"x":1,"y":9,"buff":0},{"x":10,"y":15,"buff":3},{"x":2,"y":22,"buff":2},{"x":4,"y":19,"buff":6},{"x":10,"y":11,"buff":1},{"x":1,"y":17,"buff":1},{"x":0,"y":5,"buff":0},{"x":0,"y":6,"buff":0},{"x":10,"y":6,"buff":0}]}