{"l":314,"h":31,"w":11,"br":[{"x":0,"y":6,"hp":68,"w":1,"h":1,"t":0,"c":1,"e":-1,"r":0},{"x":0,"y":7,"hp":45,"w":1,"h":1,"t":0,"c":1,"e":-1,"r":0},{"x":0,"y":8,"hp":75,"w":1,"h":1,"t":0,"c":1,"e":-1,"r":0},{"x":4,"y":8,"hp":75,"w":1,"h":1,"t":0,"c":1,"e":5,"r":0},{"x":0,"y":9,"hp":42,"w":1,"h":1,"t":0,"c":1,"e":-1,"r":0},{"x":4,"y":9,"hp":42,"w":1,"h":1,"t":0,"c":1,"e":5,"r":0},{"x":4,"y":10,"hp":55,"w":1,"h":1,"t":0,"c":1,"e":5,"r":0},{"x":5,"y":10,"hp":55,"w":1,"h":1,"t":0,"c":1,"e":-1,"r":0},{"x":0,"y":11,"hp":80,"w":1,"h":1,"t":0,"c":1,"e":-1,"r":0},{"x":4,"y":11,"hp":80,"w":1,"h":1,"t":0,"c":1,"e":-1,"r":0},{"x":0,"y":13,"hp":55,"w":1,"h":1,"t":0,"c":1,"e":-1,"r":0},{"x":2,"y":13,"hp":55,"w":1,"h":1,"t":1,"c":1,"e":-1,"r":3},{"x":5,"y":13,"hp":55,"w":1,"h":1,"t":0,"c":1,"e":-1,"r":0},{"x":0,"y":14,"hp":55,"w":1,"h":1,"t":0,"c":1,"e":-1,"r":0},{"x":2,"y":14,"hp":55,"w":1,"h":1,"t":0,"c":1,"e":-1,"r":0},{"x":4,"y":14,"hp":55,"w":1,"h":1,"t":0,"c":1,"e":-1,"r":0},{"x":5,"y":14,"hp":55,"w":1,"h":1,"t":0,"c":1,"e":-1,"r":0},{"x":2,"y":15,"hp":60,"w":1,"h":1,"t":0,"c":1,"e":-1,"r":0},{"x":3,"y":15,"hp":60,"w":1,"h":1,"t":0,"c":1,"e":-1,"r":0},{"x":5,"y":15,"hp":60,"w":1,"h":1,"t":0,"c":1,"e":-1,"r":0},{"x":1,"y":16,"hp":100,"w":1,"h":1,"t":0,"c":1,"e":-1,"r":0},{"x":3,"y":16,"hp":100,"w":1,"h":1,"t":0,"c":1,"e":-1,"r":0},{"x":3,"y":17,"hp":78,"w":1,"h":1,"t":0,"c":1,"e":-1,"r":0},{"x":5,"y":17,"hp":78,"w":1,"h":1,"t":0,"c":1,"e":-1,"r":0},{"x":4,"y":18,"hp":137,"w":1,"h":1,"t":0,"c":1,"e":-1,"r":0},{"x":5,"y":18,"hp":137,"w":1,"h":1,"t":0,"c":1,"e":-1,"r":0},{"x":0,"y":20,"hp":100,"w":1,"h":1,"t":0,"c":1,"e":-1,"r":0},{"x":3,"y":20,"hp":100,"w":1,"h":1,"t":0,"c":1,"e":-1,"r":0},{"x":4,"y":20,"hp":100,"w":1,"h":1,"t":0,"c":1,"e":-1,"r":0},{"x":5,"y":20,"hp":100,"w":1,"h":1,"t":0,"c":1,"e":-1,"r":0},{"x":0,"y":21,"hp":154,"w":1,"h":1,"t":0,"c":1,"e":-1,"r":0},{"x":4,"y":21,"hp":154,"w":1,"h":1,"t":0,"c":1,"e":-1,"r":0},{"x":5,"y":21,"hp":154,"w":1,"h":1,"t":0,"c":1,"e":-1,"r":0},{"x":3,"y":22,"hp":130,"w":1,"h":1,"t":5,"c":1,"e":-1,"r":0},{"x":4,"y":22,"hp":130,"w":1,"h":1,"t":0,"c":1,"e":-1,"r":0},{"x":3,"y":24,"hp":91,"w":1,"h":1,"t":0,"c":1,"e":-1,"r":0},{"x":5,"y":24,"hp":91,"w":1,"h":1,"t":0,"c":1,"e":-1,"r":0},{"x":3,"y":25,"hp":100,"w":1,"h":1,"t":0,"c":1,"e":-1,"r":0},{"x":4,"y":25,"hp":100,"w":1,"h":1,"t":4,"c":1,"e":-1,"r":0},{"x":5,"y":25,"hp":100,"w":1,"h":1,"t":3,"c":1,"e":-1,"r":0},{"x":1,"y":26,"hp":170,"w":1,"h":1,"t":0,"c":1,"e":-1,"r":0},{"x":3,"y":26,"hp":170,"w":1,"h":1,"t":1,"c":1,"e":-1,"r":3},{"x":4,"y":26,"hp":170,"w":1,"h":1,"t":0,"c":1,"e":-1,"r":0},{"x":5,"y":26,"hp":170,"w":1,"h":1,"t":0,"c":1,"e":-1,"r":0},{"x":2,"y":27,"hp":117,"w":1,"h":1,"t":5,"c":1,"e":-1,"r":0},{"x":3,"y":27,"hp":117,"w":1,"h":1,"t":0,"c":1,"e":-1,"r":0},{"x":5,"y":27,"hp":117,"w":1,"h":1,"t":0,"c":1,"e":-1,"r":0},{"x":0,"y":28,"hp":168,"w":1,"h":1,"t":0,"c":1,"e":-1,"r":0},{"x":1,"y":28,"hp":168,"w":1,"h":1,"t":0,"c":1,"e":-1,"r":0},{"x":2,"y":28,"hp":168,"w":1,"h":1,"t":0,"c":1,"e":-1,"r":0},{"x":3,"y":28,"hp":168,"w":1,"h":1,"t":2,"c":1,"e":-1,"r":0},{"x":0,"y":29,"hp":155,"w":1,"h":1,"t":3,"c":1,"e":-1,"r":0},{"x":1,"y":29,"hp":155,"w":1,"h":1,"t":5,"c":1,"e":-1,"r":0},{"x":4,"y":29,"hp":155,"w":1,"h":1,"t":0,"c":1,"e":-1,"r":0},{"x":5,"y":29,"hp":155,"w":1,"h":1,"t":0,"c":1,"e":-1,"r":0},{"x":9,"y":10,"hp":55,"w":1,"h":1,"t":0,"c":1,"e":7,"r":0},{"x":8,"y":10,"hp":55,"w":1,"h":1,"t":0,"c":1,"e":-1,"r":0},{"x":7,"y":10,"hp":55,"w":1,"h":1,"t":0,"c":1,"e":-1,"r":0},{"x":6,"y":10,"hp":55,"w":1,"h":1,"t":0,"c":1,"e":-1,"r":0},{"x":9,"y":11,"hp":80,"w":1,"h":1,"t":0,"c":1,"e":-1,"r":0},{"x":8,"y":11,"hp":80,"w":1,"h":1,"t":0,"c":1,"e":-1,"r":0},{"x":7,"y":11,"hp":80,"w":1,"h":1,"t":0,"c":1,"e":-1,"r":0},{"x":6,"y":11,"hp":80,"w":1,"h":1,"t":0,"c":1,"e":-1,"r":0},{"x":10,"y":13,"hp":55,"w":1,"h":1,"t":0,"c":1,"e":-1,"r":0},{"x":8,"y":13,"hp":55,"w":1,"h":1,"t":1,"c":1,"e":-1,"r":2},{"x":10,"y":14,"hp":55,"w":1,"h":1,"t":0,"c":1,"e":-1,"r":0},{"x":8,"y":14,"hp":55,"w":1,"h":1,"t":0,"c":1,"e":-1,"r":0},{"x":6,"y":14,"hp":55,"w":1,"h":1,"t":0,"c":1,"e":-1,"r":0},{"x":8,"y":15,"hp":60,"w":1,"h":1,"t":0,"c":1,"e":-1,"r":0},{"x":7,"y":15,"hp":60,"w":1,"h":1,"t":0,"c":1,"e":-1,"r":0},{"x":9,"y":16,"hp":100,"w":1,"h":1,"t":0,"c":1,"e":-1,"r":0},{"x":7,"y":16,"hp":100,"w":1,"h":1,"t":0,"c":1,"e":-1,"r":0},{"x":8,"y":17,"hp":78,"w":1,"h":1,"t":0,"c":1,"e":-1,"r":0},{"x":7,"y":17,"hp":78,"w":1,"h":1,"t":0,"c":1,"e":-1,"r":0},{"x":9,"y":18,"hp":137,"w":1,"h":1,"t":0,"c":1,"e":-1,"r":0},{"x":8,"y":18,"hp":137,"w":1,"h":1,"t":0,"c":1,"e":-1,"r":0},{"x":8,"y":19,"hp":138,"w":1,"h":1,"t":0,"c":1,"e":-1,"r":0},{"x":6,"y":20,"hp":100,"w":1,"h":1,"t":0,"c":1,"e":-1,"r":0},{"x":6,"y":21,"hp":154,"w":1,"h":1,"t":0,"c":1,"e":-1,"r":0},{"x":7,"y":22,"hp":130,"w":1,"h":1,"t":5,"c":1,"e":-1,"r":0},{"x":10,"y":23,"hp":154,"w":1,"h":1,"t":4,"c":1,"e":-1,"r":0},{"x":9,"y":23,"hp":154,"w":1,"h":1,"t":0,"c":1,"e":-1,"r":0},{"x":10,"y":24,"hp":91,"w":1,"h":1,"t":0,"c":1,"e":-1,"r":0},{"x":9,"y":24,"hp":91,"w":1,"h":1,"t":0,"c":1,"e":-1,"r":0},{"x":7,"y":24,"hp":91,"w":1,"h":1,"t":0,"c":1,"e":-1,"r":0},{"x":7,"y":25,"hp":100,"w":1,"h":1,"t":0,"c":1,"e":-1,"r":0},{"x":6,"y":25,"hp":100,"w":1,"h":1,"t":4,"c":1,"e":-1,"r":0},{"x":7,"y":26,"hp":170,"w":1,"h":1,"t":1,"c":1,"e":-1,"r":2},{"x":6,"y":26,"hp":170,"w":1,"h":1,"t":0,"c":1,"e":-1,"r":0},{"x":10,"y":27,"hp":117,"w":1,"h":1,"t":0,"c":1,"e":-1,"r":0},{"x":8,"y":27,"hp":117,"w":1,"h":1,"t":5,"c":1,"e":-1,"r":0},{"x":7,"y":27,"hp":117,"w":1,"h":1,"t":0,"c":1,"e":-1,"r":0},{"x":8,"y":28,"hp":168,"w":1,"h":1,"t":0,"c":1,"e":-1,"r":0},{"x":7,"y":28,"hp":168,"w":1,"h":1,"t":2,"c":1,"e":-1,"r":0},{"x":9,"y":29,"hp":155,"w":1,"h":1,"t":5,"c":1,"e":-1,"r":0},{"x":6,"y":29,"hp":155,"w":1,"h":1,"t":0,"c":1,"e":-1,"r":0},{"x":0,"y":10,"hp":55,"w":1,"h":1,"t":0,"c":1,"e":-1,"r":0},{"x":4,"y":7,"hp":50,"w":1,"h":1,"t":0,"c":1,"e":5,"r":0},{"x":4,"y":6,"hp":68,"w":1,"h":1,"t":0,"c":1,"e":-1,"r":0},{"x":6,"y":6,"hp":68,"w":1,"h":1,"t":0,"c":1,"e":-1,"r":0},{"x":6,"y":7,"hp":50,"w":1,"h":1,"t":0,"c":1,"e":-1,"r":0},{"x":8,"y":7,"hp":50,"w":1,"h":1,"t":0,"c":1,"e":-1,"r":0},{"x":8,"y":6,"hp":68,"w":1,"h":1,"t":0,"c":1,"e":-1,"r":0},{"x":9,"y":6,"hp":68,"w":1,"h":1,"t":0,"c":1,"e":-1,"r":0},{"x":3,"y":11,"hp":80,"w":1,"h":1,"t":2,"c":1,"e":-1,"r":1},{"x":3,"y":10,"hp":55,"w":1,"h":1,"t":2,"c":1,"e":-1,"r":1},{"x":3,"y":9,"hp":50,"w":1,"h":1,"t":2,"c":1,"e":-1,"r":1},{"x":3,"y":8,"hp":75,"w":1,"h":1,"t":2,"c":1,"e":-1,"r":1},{"x":3,"y":7,"hp":50,"w":1,"h":1,"t":2,"c":1,"e":-1,"r":1},{"x":3,"y":6,"hp":68,"w":1,"h":1,"t":2,"c":1,"e":-1,"r":1},{"x":1,"y":11,"hp":80,"w":1,"h":1,"t":2,"c":1,"e":-1,"r":3},{"x":1,"y":10,"hp":55,"w":1,"h":1,"t":2,"c":1,"e":-1,"r":3},{"x":1,"y":9,"hp":50,"w":1,"h":1,"t":2,"c":1,"e":-1,"r":3},{"x":1,"y":8,"hp":75,"w":1,"h":1,"t":2,"c":1,"e":-1,"r":3},{"x":1,"y":7,"hp":50,"w":1,"h":1,"t":2,"c":1,"e":-1,"r":3},{"x":1,"y":6,"hp":68,"w":1,"h":1,"t":2,"c":1,"e":-1,"r":3},{"x":5,"y":11,"hp":80,"w":1,"h":1,"t":3,"c":1,"e":-1,"r":0},{"x":4,"y":12,"hp":56,"w":1,"h":1,"t":5,"c":1,"e":-1,"r":0},{"x":5,"y":12,"hp":56,"w":1,"h":1,"t":5,"c":1,"e":-1,"r":0},{"x":6,"y":12,"hp":56,"w":1,"h":1,"t":5,"c":1,"e":-1,"r":0},{"x":4,"y":19,"hp":138,"w":1,"h":1,"t":0,"c":1,"e":-1,"r":0},{"x":3,"y":19,"hp":138,"w":1,"h":1,"t":0,"c":1,"e":-1,"r":0},{"x":0,"y":19,"hp":138,"w":1,"h":1,"t":0,"c":1,"e":-1,"r":0},{"x":9,"y":20,"hp":100,"w":1,"h":1,"t":0,"c":1,"e":-1,"r":0},{"x":8,"y":20,"hp":100,"w":1,"h":1,"t":0,"c":1,"e":-1,"r":0},{"x":6,"y":15,"hp":60,"w":1,"h":1,"t":0,"c":1,"e":-1,"r":0},{"x":4,"y":15,"hp":60,"w":1,"h":1,"t":0,"c":1,"e":-1,"r":0},{"x":3,"y":14,"hp":55,"w":1,"h":1,"t":0,"c":1,"e":-1,"r":0},{"x":7,"y":14,"hp":55,"w":1,"h":1,"t":0,"c":1,"e":-1,"r":0},{"x":7,"y":21,"hp":154,"w":1,"h":1,"t":0,"c":1,"e":-1,"r":0},{"x":9,"y":22,"hp":130,"w":1,"h":1,"t":0,"c":1,"e":-1,"r":0},{"x":9,"y":21,"hp":154,"w":1,"h":1,"t":0,"c":1,"e":-1,"r":0},{"x":8,"y":22,"hp":130,"w":1,"h":1,"t":0,"c":1,"e":-1,"r":0},{"x":6,"y":24,"hp":91,"w":1,"h":1,"t":0,"c":1,"e":-1,"r":0},{"x":4,"y":24,"hp":91,"w":1,"h":1,"t":0,"c":1,"e":-1,"r":0},{"x":1,"y":25,"hp":100,"w":1,"h":1,"t":0,"c":1,"e":-1,"r":0},{"x":4,"y":28,"hp":168,"w":1,"h":1,"t":0,"c":1,"e":-1,"r":0},{"x":4,"y":27,"hp":117,"w":1,"h":1,"t":0,"c":1,"e":-1,"r":0},{"x":7,"y":29,"hp":155,"w":1,"h":1,"t":0,"c":1,"e":-1,"r":0},{"x":8,"y":29,"hp":155,"w":1,"h":1,"t":0,"c":1,"e":-1,"r":0},{"x":5,"y":7,"hp":50,"w":1,"h":1,"t":0,"c":1,"e":-1,"r":0},{"x":5,"y":6,"hp":50,"w":1,"h":1,"t":0,"c":1,"e":-1,"r":0},{"x":7,"y":7,"hp":50,"w":1,"h":1,"t":0,"c":1,"e":-1,"r":0},{"x":7,"y":6,"hp":50,"w":1,"h":1,"t":0,"c":1,"e":-1,"r":0},{"x":9,"y":7,"hp":50,"w":1,"h":1,"t":0,"c":1,"e":7,"r":0},{"x":7,"y":18,"hp":50,"w":1,"h":1,"t":0,"c":1,"e":-1,"r":0},{"x":3,"y":18,"hp":50,"w":1,"h":1,"t":0,"c":1,"e":-1,"r":0},{"x":4,"y":17,"hp":50,"w":1,"h":1,"t":0,"c":1,"e":-1,"r":0},{"x":8,"y":16,"hp":50,"w":1,"h":1,"t":0,"c":1,"e":-1,"r":0},{"x":4,"y":16,"hp":50,"w":1,"h":1,"t":0,"c":1,"e":-1,"r":0},{"x":5,"y":16,"hp":50,"w":1,"h":1,"t":0,"c":1,"e":-1,"r":0},{"x":8,"y":21,"hp":50,"w":1,"h":1,"t":0,"c":1,"e":-1,"r":0},{"x":7,"y":9,"hp":50,"w":1,"h":1,"t":7,"c":0,"e":-1,"r":0},{"x":7,"y":8,"hp":50,"w":1,"h":1,"t":7,"c":0,"e":-1,"r":0},{"x":8,"y":8,"hp":50,"w":1,"h":1,"t":7,"c":0,"e":-1,"r":0},{"x":9,"y":8,"hp":50,"w":1,"h":1,"t":7,"c":0,"e":-1,"r":0},{"x":9,"y":9,"hp":50,"w":1,"h":1,"t":7,"c":0,"e":-1,"r":0},{"x":8,"y":9,"hp":50,"w":1,"h":1,"t":7,"c":0,"e":-1,"r":0},{"x":6,"y":9,"hp":50,"w":1,"h":1,"t":7,"c":0,"e":-1,"r":0},{"x":6,"y":8,"hp":50,"w":1,"h":1,"t":7,"c":0,"e":-1,"r":0},{"x":5,"y":9,"hp":50,"w":1,"h":1,"t":7,"c":0,"e":-1,"r":0},{"x":5,"y":8,"hp":50,"w":1,"h":1,"t":7,"c":0,"e":-1,"r":0},{"x":2,"y":20,"hp":50,"w":1,"h":1,"t":7,"c":0,"e":-1,"r":0},{"x":1,"y":20,"hp":50,"w":1,"h":1,"t":7,"c":0,"e":-1,"r":0},{"x":1,"y":19,"hp":50,"w":1,"h":1,"t":7,"c":0,"e":-1,"r":0},{"x":2,"y":19,"hp":50,"w":1,"h":1,"t":7,"c":0,"e":-1,"r":0},{"x":8,"y":24,"hp":50,"w":1,"h":1,"t":7,"c":0,"e":-1,"r":0},{"x":2,"y":24,"hp":50,"w":1,"h":1,"t":7,"c":0,"e":-1,"r":0},{"x":1,"y":24,"hp":50,"w":1,"h":1,"t":7,"c":0,"e":-1,"r":0},{"x":0,"y":24,"hp":50,"w":1,"h":1,"t":7,"c":0,"e":-1,"r":0}],"bu":[{"x":10,"y":15,"buff":1},{"x":2,"y":25,"buff":1},{"x":10,"y":26,"buff":1},{"x":6,"y":28,"buff":1},{"x":6,"y":30,"buff":1},{"x":10,"y":18,"buff":0},{"x":2,"y":22,"buff":0},{"x":2,"y":16,"buff":8},{"x":6,"y":13,"buff":8},{"x":10,"y":6,"buff":3},{"x":2,"y":6,"buff":11},{"x":2,"y":8,"buff":11},{"x":2,"y":10,"buff":11}]}