{"l":72,"h":19,"w":11,"br":[{"x":2,"y":7,"hp":43,"w":1,"h":1,"t":0,"c":2,"e":-1,"r":0},{"x":5,"y":7,"hp":43,"w":1,"h":1,"t":0,"c":2,"e":-1,"r":0},{"x":0,"y":8,"hp":37,"w":1,"h":1,"t":0,"c":3,"e":-1,"r":0},{"x":1,"y":8,"hp":37,"w":1,"h":1,"t":0,"c":3,"e":-1,"r":0},{"x":5,"y":8,"hp":37,"w":1,"h":1,"t":0,"c":3,"e":-1,"r":0},{"x":0,"y":9,"hp":67,"w":1,"h":1,"t":0,"c":3,"e":-1,"r":0},{"x":4,"y":9,"hp":67,"w":1,"h":1,"t":0,"c":3,"e":-1,"r":0},{"x":5,"y":9,"hp":67,"w":1,"h":1,"t":0,"c":3,"e":-1,"r":0},{"x":3,"y":10,"hp":80,"w":1,"h":1,"t":0,"c":4,"e":-1,"r":0},{"x":5,"y":10,"hp":80,"w":1,"h":1,"t":0,"c":4,"e":-1,"r":0},{"x":0,"y":11,"hp":85,"w":1,"h":1,"t":0,"c":4,"e":-1,"r":0},{"x":1,"y":11,"hp":85,"w":1,"h":1,"t":0,"c":4,"e":-1,"r":0},{"x":3,"y":11,"hp":85,"w":1,"h":1,"t":0,"c":4,"e":-1,"r":0},{"x":5,"y":11,"hp":85,"w":1,"h":1,"t":5,"c":4,"e":-1,"r":0},{"x":1,"y":12,"hp":107,"w":1,"h":1,"t":0,"c":4,"e":-1,"r":0},{"x":5,"y":12,"hp":107,"w":1,"h":1,"t":0,"c":4,"e":-1,"r":0},{"x":0,"y":13,"hp":35,"w":1,"h":1,"t":0,"c":3,"e":-1,"r":0},{"x":1,"y":13,"hp":35,"w":1,"h":1,"t":0,"c":3,"e":-1,"r":0},{"x":3,"y":13,"hp":35,"w":1,"h":1,"t":0,"c":3,"e":-1,"r":0},{"x":5,"y":13,"hp":35,"w":1,"h":1,"t":0,"c":3,"e":-1,"r":0},{"x":4,"y":14,"hp":60,"w":1,"h":1,"t":0,"c":3,"e":-1,"r":0},{"x":5,"y":14,"hp":60,"w":1,"h":1,"t":0,"c":3,"e":-1,"r":0},{"x":4,"y":15,"hp":55,"w":1,"h":1,"t":0,"c":4,"e":-1,"r":0},{"x":5,"y":15,"hp":55,"w":1,"h":1,"t":0,"c":4,"e":-1,"r":0},{"x":3,"y":16,"hp":55,"w":1,"h":1,"t":0,"c":3,"e":-1,"r":0},{"x":5,"y":16,"hp":55,"w":1,"h":1,"t":0,"c":3,"e":-1,"r":0},{"x":3,"y":17,"hp":35,"w":1,"h":1,"t":0,"c":4,"e":4,"r":0},{"x":4,"y":17,"hp":35,"w":1,"h":1,"t":0,"c":4,"e":4,"r":0},{"x":5,"y":17,"hp":35,"w":1,"h":1,"t":0,"c":4,"e":4,"r":0},{"x":5,"y":18,"hp":81,"w":1,"h":1,"t":0,"c":3,"e":-1,"r":0},{"x":8,"y":7,"hp":43,"w":1,"h":1,"t":0,"c":2,"e":-1,"r":0},{"x":10,"y":8,"hp":37,"w":1,"h":1,"t":0,"c":3,"e":-1,"r":0},{"x":10,"y":9,"hp":67,"w":1,"h":1,"t":0,"c":3,"e":-1,"r":0},{"x":6,"y":9,"hp":67,"w":1,"h":1,"t":0,"c":3,"e":-1,"r":0},{"x":7,"y":10,"hp":80,"w":1,"h":1,"t":0,"c":4,"e":-1,"r":0},{"x":10,"y":11,"hp":85,"w":1,"h":1,"t":0,"c":4,"e":-1,"r":0},{"x":9,"y":11,"hp":85,"w":1,"h":1,"t":0,"c":4,"e":-1,"r":0},{"x":7,"y":11,"hp":85,"w":1,"h":1,"t":0,"c":4,"e":-1,"r":0},{"x":9,"y":12,"hp":107,"w":1,"h":1,"t":0,"c":4,"e":-1,"r":0},{"x":7,"y":13,"hp":35,"w":1,"h":1,"t":0,"c":3,"e":-1,"r":0},{"x":6,"y":14,"hp":60,"w":1,"h":1,"t":0,"c":3,"e":-1,"r":0},{"x":10,"y":15,"hp":55,"w":1,"h":1,"t":0,"c":4,"e":-1,"r":0},{"x":9,"y":15,"hp":55,"w":1,"h":1,"t":0,"c":4,"e":-1,"r":0},{"x":8,"y":15,"hp":55,"w":1,"h":1,"t":0,"c":4,"e":-1,"r":0},{"x":9,"y":16,"hp":55,"w":1,"h":1,"t":0,"c":3,"e":-1,"r":0},{"x":8,"y":16,"hp":55,"w":1,"h":1,"t":0,"c":3,"e":-1,"r":0},{"x":7,"y":16,"hp":55,"w":1,"h":1,"t":0,"c":3,"e":-1,"r":0},{"x":10,"y":17,"hp":35,"w":1,"h":1,"t":0,"c":4,"e":-1,"r":0},{"x":9,"y":17,"hp":35,"w":1,"h":1,"t":0,"c":4,"e":-1,"r":0},{"x":7,"y":17,"hp":35,"w":1,"h":1,"t":0,"c":4,"e":-1,"r":0},{"x":9,"y":18,"hp":81,"w":1,"h":1,"t":0,"c":3,"e":-1,"r":0},{"x":8,"y":18,"hp":81,"w":1,"h":1,"t":0,"c":3,"e":-1,"r":0},{"x":1,"y":15,"hp":160,"w":3,"h":1,"t":0,"c":4,"e":-1,"r":0},{"x":2,"y":6,"hp":25,"w":1,"h":1,"t":0,"c":2,"e":-1,"r":0},{"x":8,"y":6,"hp":25,"w":1,"h":1,"t":0,"c":2,"e":-1,"r":0},{"x":10,"y":6,"hp":25,"w":1,"h":1,"t":0,"c":2,"e":-1,"r":0},{"x":0,"y":6,"hp":25,"w":1,"h":1,"t":0,"c":2,"e":-1,"r":0},{"x":7,"y":9,"hp":67,"w":1,"h":1,"t":1,"c":3,"e":-1,"r":3},{"x":3,"y":9,"hp":67,"w":1,"h":1,"t":1,"c":3,"e":-1,"r":2},{"x":8,"y":17,"hp":35,"w":1,"h":1,"t":0,"c":4,"e":-1,"r":0},{"x":4,"y":16,"hp":55,"w":1,"h":1,"t":0,"c":3,"e":-1,"r":0},{"x":6,"y":13,"hp":35,"w":1,"h":1,"t":0,"c":3,"e":-1,"r":0},{"x":4,"y":13,"hp":35,"w":1,"h":1,"t":0,"c":3,"e":-1,"r":0},{"x":2,"y":17,"hp":35,"w":1,"h":1,"t":0,"c":4,"e":-1,"r":0},{"x":1,"y":17,"hp":35,"w":1,"h":1,"t":0,"c":4,"e":-1,"r":0},{"x":4,"y":6,"hp":25,"w":1,"h":1,"t":0,"c":2,"e":-1,"r":0},{"x":5,"y":6,"hp":25,"w":1,"h":1,"t":0,"c":2,"e":-1,"r":0},{"x":6,"y":6,"hp":25,"w":1,"h":1,"t":0,"c":2,"e":-1,"r":0},{"x":9,"y":6,"hp":25,"w":1,"h":1,"t":0,"c":2,"e":-1,"r":0},{"x":1,"y":6,"hp":25,"w":1,"h":1,"t":0,"c":2,"e":-1,"r":0},{"x":3,"y":6,"hp":7,"w":1,"h":1,"t":0,"c":5,"e":-1,"r":0},{"x":7,"y":6,"hp":7,"w":1,"h":1,"t":0,"c":5,"e":-1,"r":0},{"x":10,"y":10,"hp":80,"w":1,"h":1,"t":1,"c":4,"e":-1,"r":0},{"x":0,"y":10,"hp":80,"w":1,"h":1,"t":1,"c":4,"e":-1,"r":1},{"x":0,"y":12,"hp":107,"w":1,"h":1,"t":1,"c":4,"e":-1,"r":0},{"x":10,"y":12,"hp":107,"w":1,"h":1,"t":1,"c":4,"e":-1,"r":1},{"x":8,"y":12,"hp":50,"w":1,"h":1,"t":1,"c":4,"e":-1,"r":2},{"x":8,"y":9,"hp":67,"w":1,"h":1,"t":1,"c":3,"e":-1,"r":1},{"x":9,"y":9,"hp":67,"w":1,"h":1,"t":0,"c":3,"e":-1,"r":0},{"x":6,"y":8,"hp":37,"w":1,"h":1,"t":0,"c":3,"e":-1,"r":0},{"x":4,"y":8,"hp":37,"w":1,"h":1,"t":0,"c":3,"e":-1,"r":0}],"bu":[{"x":8,"y":10,"buff":0},{"x":10,"y":16,"buff":0},{"x":4,"y":18,"buff":0},{"x":0,"y":16,"buff":0},{"x":6,"y":18,"buff":3},{"x":7,"y":15,"buff":2},{"x":10,"y":13,"buff":1},{"x":9,"y":10,"buff":0},{"x":7,"y":8,"buff":0},{"x":1,"y":10,"buff":0},{"x":1,"y":9,"buff":0},{"x":2,"y":10,"buff":10},{"x":2,"y":11,"buff":10},{"x":3,"y":7,"buff":10},{"x":3,"y":8,"buff":10},{"x":2,"y":9,"buff":10}]}