{"l":48,"h":13,"w":11,"br":[{"x":4,"y":5,"hp":37,"w":1,"h":1,"t":0,"c":4,"e":-1,"r":0},{"x":5,"y":5,"hp":37,"w":1,"h":1,"t":0,"c":4,"e":-1,"r":0},{"x":5,"y":6,"hp":50,"w":1,"h":1,"t":0,"c":4,"e":7,"r":0},{"x":1,"y":7,"hp":52,"w":1,"h":1,"t":0,"c":4,"e":-1,"r":0},{"x":2,"y":8,"hp":39,"w":1,"h":1,"t":0,"c":4,"e":8,"r":0},{"x":3,"y":8,"hp":39,"w":1,"h":1,"t":0,"c":4,"e":8,"r":0},{"x":3,"y":10,"hp":45,"w":1,"h":1,"t":0,"c":3,"e":7,"r":0},{"x":4,"y":10,"hp":45,"w":1,"h":1,"t":0,"c":3,"e":-1,"r":0},{"x":5,"y":11,"hp":37,"w":1,"h":1,"t":0,"c":2,"e":-1,"r":0},{"x":4,"y":12,"hp":37,"w":1,"h":1,"t":0,"c":1,"e":-1,"r":0},{"x":5,"y":12,"hp":37,"w":1,"h":1,"t":0,"c":1,"e":-1,"r":0},{"x":6,"y":5,"hp":37,"w":1,"h":1,"t":0,"c":4,"e":-1,"r":0},{"x":8,"y":7,"hp":52,"w":1,"h":1,"t":0,"c":4,"e":-1,"r":0},{"x":8,"y":8,"hp":39,"w":1,"h":1,"t":0,"c":4,"e":8,"r":0},{"x":7,"y":8,"hp":39,"w":1,"h":1,"t":0,"c":4,"e":8,"r":0},{"x":9,"y":10,"hp":45,"w":1,"h":1,"t":0,"c":3,"e":-1,"r":0},{"x":7,"y":10,"hp":45,"w":1,"h":1,"t":0,"c":3,"e":-1,"r":0},{"x":6,"y":12,"hp":37,"w":1,"h":1,"t":0,"c":1,"e":-1,"r":0},{"x":4,"y":11,"hp":37,"w":1,"h":1,"t":0,"c":2,"e":-1,"r":0},{"x":6,"y":11,"hp":37,"w":1,"h":1,"t":0,"c":2,"e":-1,"r":0},{"x":9,"y":8,"hp":39,"w":1,"h":1,"t":1,"c":4,"e":-1,"r":0},{"x":1,"y":8,"hp":39,"w":1,"h":1,"t":1,"c":4,"e":-1,"r":1},{"x":7,"y":12,"hp":37,"w":1,"h":1,"t":1,"c":1,"e":-1,"r":0},{"x":3,"y":12,"hp":37,"w":1,"h":1,"t":1,"c":1,"e":-1,"r":1},{"x":1,"y":5,"hp":37,"w":1,"h":1,"t":0,"c":4,"e":-1,"r":0},{"x":2,"y":5,"hp":37,"w":1,"h":1,"t":0,"c":4,"e":-1,"r":0},{"x":8,"y":5,"hp":37,"w":1,"h":1,"t":0,"c":4,"e":-1,"r":0},{"x":9,"y":5,"hp":37,"w":1,"h":1,"t":0,"c":4,"e":-1,"r":0},{"x":2,"y":10,"hp":45,"w":1,"h":1,"t":0,"c":3,"e":-1,"r":0},{"x":0,"y":10,"hp":45,"w":1,"h":1,"t":0,"c":3,"e":-1,"r":0},{"x":8,"y":10,"hp":45,"w":1,"h":1,"t":0,"c":3,"e":-1,"r":0},{"x":10,"y":10,"hp":45,"w":1,"h":1,"t":0,"c":3,"e":-1,"r":0},{"x":8,"y":11,"hp":37,"w":1,"h":1,"t":0,"c":2,"e":-1,"r":0},{"x":10,"y":11,"hp":37,"w":1,"h":1,"t":0,"c":2,"e":-1,"r":0},{"x":0,"y":11,"hp":37,"w":1,"h":1,"t":0,"c":2,"e":-1,"r":0},{"x":7,"y":11,"hp":37,"w":1,"h":1,"t":1,"c":2,"e":-1,"r":0},{"x":3,"y":11,"hp":37,"w":1,"h":1,"t":1,"c":2,"e":-1,"r":1},{"x":3,"y":6,"hp":37,"w":1,"h":1,"t":0,"c":2,"e":-1,"r":0},{"x":4,"y":7,"hp":37,"w":1,"h":1,"t":0,"c":2,"e":-1,"r":0},{"x":6,"y":7,"hp":37,"w":1,"h":1,"t":0,"c":2,"e":-1,"r":0},{"x":7,"y":6,"hp":37,"w":1,"h":1,"t":0,"c":2,"e":-1,"r":0},{"x":5,"y":8,"hp":37,"w":1,"h":1,"t":0,"c":2,"e":-1,"r":0},{"x":6,"y":10,"hp":45,"w":1,"h":1,"t":1,"c":3,"e":-1,"r":2}],"bu":[{"x":2,"y":9,"buff":2},{"x":8,"y":9,"buff":2},{"x":3,"y":7,"buff":0},{"x":4,"y":6,"buff":0},{"x":5,"y":7,"buff":0},{"x":6,"y":6,"buff":0},{"x":7,"y":7,"buff":0},{"x":8,"y":6,"buff":0},{"x":2,"y":6,"buff":0}]}