{"l":116,"h":18,"w":11,"br":[{"x":1,"y":5,"hp":32,"w":1,"h":1,"t":0,"c":1,"e":-1,"r":0},{"x":2,"y":5,"hp":32,"w":1,"h":1,"t":0,"c":1,"e":-1,"r":0},{"x":4,"y":5,"hp":32,"w":1,"h":1,"t":0,"c":1,"e":-1,"r":0},{"x":5,"y":5,"hp":32,"w":1,"h":1,"t":0,"c":1,"e":-1,"r":0},{"x":1,"y":6,"hp":35,"w":1,"h":1,"t":5,"c":0,"e":-1,"r":0},{"x":2,"y":6,"hp":35,"w":1,"h":1,"t":0,"c":0,"e":-1,"r":0},{"x":4,"y":6,"hp":35,"w":1,"h":1,"t":0,"c":0,"e":-1,"r":0},{"x":5,"y":6,"hp":35,"w":1,"h":1,"t":0,"c":0,"e":-1,"r":0},{"x":2,"y":7,"hp":71,"w":1,"h":1,"t":6,"c":0,"e":-1,"r":0},{"x":4,"y":7,"hp":71,"w":1,"h":1,"t":0,"c":0,"e":4,"r":0},{"x":5,"y":7,"hp":71,"w":1,"h":1,"t":0,"c":0,"e":-1,"r":0},{"x":0,"y":8,"hp":255,"w":1,"h":5,"t":0,"c":1,"e":-1,"r":0},{"x":4,"y":8,"hp":73,"w":1,"h":1,"t":0,"c":1,"e":-1,"r":0},{"x":5,"y":8,"hp":73,"w":1,"h":1,"t":0,"c":1,"e":-1,"r":0},{"x":3,"y":9,"hp":77,"w":1,"h":1,"t":0,"c":0,"e":4,"r":0},{"x":4,"y":9,"hp":77,"w":1,"h":1,"t":0,"c":0,"e":-1,"r":0},{"x":5,"y":9,"hp":77,"w":1,"h":1,"t":3,"c":0,"e":-1,"r":0},{"x":3,"y":10,"hp":109,"w":1,"h":1,"t":2,"c":0,"e":-1,"r":3},{"x":4,"y":10,"hp":109,"w":1,"h":1,"t":0,"c":0,"e":-1,"r":0},{"x":5,"y":10,"hp":109,"w":1,"h":1,"t":0,"c":0,"e":-1,"r":0},{"x":3,"y":11,"hp":77,"w":1,"h":1,"t":0,"c":0,"e":-1,"r":0},{"x":4,"y":11,"hp":77,"w":1,"h":1,"t":0,"c":0,"e":-1,"r":0},{"x":5,"y":11,"hp":77,"w":1,"h":1,"t":0,"c":0,"e":-1,"r":0},{"x":2,"y":12,"hp":108,"w":1,"h":1,"t":0,"c":0,"e":-1,"r":0},{"x":3,"y":12,"hp":108,"w":1,"h":1,"t":0,"c":0,"e":-1,"r":0},{"x":5,"y":12,"hp":108,"w":1,"h":1,"t":0,"c":0,"e":-1,"r":0},{"x":5,"y":13,"hp":90,"w":1,"h":1,"t":0,"c":0,"e":-1,"r":0},{"x":3,"y":14,"hp":88,"w":1,"h":1,"t":0,"c":0,"e":-1,"r":0},{"x":5,"y":14,"hp":88,"w":1,"h":1,"t":0,"c":0,"e":-1,"r":0},{"x":3,"y":15,"hp":102,"w":1,"h":1,"t":0,"c":0,"e":-1,"r":0},{"x":4,"y":15,"hp":102,"w":1,"h":1,"t":0,"c":0,"e":-1,"r":0},{"x":5,"y":15,"hp":102,"w":1,"h":1,"t":0,"c":0,"e":-1,"r":0},{"x":0,"y":16,"hp":105,"w":1,"h":1,"t":0,"c":0,"e":-1,"r":0},{"x":3,"y":16,"hp":105,"w":1,"h":1,"t":0,"c":0,"e":-1,"r":0},{"x":5,"y":16,"hp":105,"w":1,"h":1,"t":0,"c":0,"e":-1,"r":0},{"x":0,"y":17,"hp":80,"w":1,"h":1,"t":2,"c":0,"e":-1,"r":2},{"x":1,"y":17,"hp":80,"w":1,"h":1,"t":0,"c":0,"e":-1,"r":0},{"x":3,"y":17,"hp":80,"w":1,"h":1,"t":0,"c":0,"e":-1,"r":0},{"x":4,"y":17,"hp":80,"w":1,"h":1,"t":0,"c":0,"e":-1,"r":0},{"x":5,"y":17,"hp":80,"w":1,"h":1,"t":0,"c":0,"e":-1,"r":0},{"x":9,"y":5,"hp":32,"w":1,"h":1,"t":0,"c":1,"e":-1,"r":0},{"x":8,"y":5,"hp":32,"w":1,"h":1,"t":0,"c":1,"e":-1,"r":0},{"x":6,"y":5,"hp":32,"w":1,"h":1,"t":0,"c":1,"e":-1,"r":0},{"x":9,"y":6,"hp":35,"w":1,"h":1,"t":5,"c":0,"e":-1,"r":0},{"x":8,"y":6,"hp":35,"w":1,"h":1,"t":0,"c":0,"e":-1,"r":0},{"x":6,"y":6,"hp":35,"w":1,"h":1,"t":0,"c":0,"e":-1,"r":0},{"x":8,"y":7,"hp":71,"w":1,"h":1,"t":6,"c":0,"e":-1,"r":0},{"x":6,"y":7,"hp":71,"w":1,"h":1,"t":0,"c":0,"e":4,"r":0},{"x":10,"y":8,"hp":255,"w":1,"h":5,"t":0,"c":1,"e":-1,"r":0},{"x":6,"y":8,"hp":73,"w":1,"h":1,"t":0,"c":1,"e":-1,"r":0},{"x":7,"y":9,"hp":77,"w":1,"h":1,"t":0,"c":0,"e":4,"r":0},{"x":6,"y":9,"hp":77,"w":1,"h":1,"t":0,"c":0,"e":-1,"r":0},{"x":7,"y":10,"hp":109,"w":1,"h":1,"t":2,"c":0,"e":-1,"r":1},{"x":6,"y":10,"hp":109,"w":1,"h":1,"t":0,"c":0,"e":-1,"r":0},{"x":7,"y":11,"hp":77,"w":1,"h":1,"t":0,"c":0,"e":-1,"r":0},{"x":6,"y":11,"hp":77,"w":1,"h":1,"t":0,"c":0,"e":-1,"r":0},{"x":8,"y":12,"hp":108,"w":1,"h":1,"t":0,"c":0,"e":-1,"r":0},{"x":7,"y":12,"hp":108,"w":1,"h":1,"t":0,"c":0,"e":-1,"r":0},{"x":6,"y":15,"hp":102,"w":1,"h":1,"t":0,"c":0,"e":-1,"r":0},{"x":10,"y":16,"hp":105,"w":1,"h":1,"t":0,"c":0,"e":-1,"r":0},{"x":7,"y":17,"hp":80,"w":1,"h":1,"t":0,"c":0,"e":-1,"r":0},{"x":6,"y":17,"hp":80,"w":1,"h":1,"t":0,"c":0,"e":-1,"r":0},{"x":8,"y":13,"hp":90,"w":1,"h":1,"t":0,"c":0,"e":-1,"r":0},{"x":7,"y":13,"hp":90,"w":1,"h":1,"t":0,"c":0,"e":-1,"r":0},{"x":6,"y":13,"hp":90,"w":1,"h":1,"t":0,"c":0,"e":-1,"r":0},{"x":3,"y":13,"hp":90,"w":1,"h":1,"t":0,"c":0,"e":-1,"r":0},{"x":2,"y":13,"hp":90,"w":1,"h":1,"t":0,"c":0,"e":-1,"r":0},{"x":0,"y":14,"hp":88,"w":1,"h":1,"t":0,"c":0,"e":-1,"r":0},{"x":0,"y":13,"hp":90,"w":1,"h":1,"t":0,"c":0,"e":-1,"r":0},{"x":6,"y":14,"hp":88,"w":1,"h":1,"t":0,"c":0,"e":-1,"r":0},{"x":4,"y":14,"hp":88,"w":1,"h":1,"t":0,"c":0,"e":-1,"r":0},{"x":10,"y":15,"hp":60,"w":1,"h":1,"t":0,"c":0,"e":-1,"r":0},{"x":10,"y":14,"hp":88,"w":1,"h":1,"t":0,"c":0,"e":-1,"r":0},{"x":9,"y":15,"hp":60,"w":1,"h":1,"t":0,"c":0,"e":-1,"r":0},{"x":9,"y":14,"hp":88,"w":1,"h":1,"t":0,"c":0,"e":-1,"r":0},{"x":7,"y":14,"hp":88,"w":1,"h":1,"t":0,"c":0,"e":-1,"r":0},{"x":6,"y":16,"hp":60,"w":1,"h":1,"t":0,"c":0,"e":-1,"r":0},{"x":4,"y":16,"hp":60,"w":1,"h":1,"t":0,"c":0,"e":-1,"r":0},{"x":7,"y":16,"hp":60,"w":1,"h":1,"t":0,"c":0,"e":-1,"r":0},{"x":2,"y":15,"hp":60,"w":1,"h":1,"t":0,"c":0,"e":-1,"r":0},{"x":10,"y":17,"hp":80,"w":1,"h":1,"t":0,"c":0,"e":-1,"r":0},{"x":9,"y":16,"hp":60,"w":1,"h":1,"t":0,"c":0,"e":-1,"r":0}],"bu":[{"x":8,"y":11,"buff":0},{"x":4,"y":13,"buff":0},{"x":0,"y":15,"buff":0},{"x":8,"y":15,"buff":2},{"x":2,"y":17,"buff":3},{"x":8,"y":10,"buff":0},{"x":8,"y":9,"buff":0},{"x":2,"y":9,"buff":0},{"x":2,"y":10,"buff":0},{"x":2,"y":11,"buff":0},{"x":9,"y":9,"buff":0},{"x":9,"y":10,"buff":0},{"x":9,"y":11,"buff":0}]}