{"l":293,"h":37,"w":11,"br":[{"x":0,"y":5,"hp":263,"w":3,"h":1,"t":0,"c":5,"e":-1,"r":0},{"x":0,"y":7,"hp":263,"w":3,"h":1,"t":0,"c":5,"e":-1,"r":0},{"x":0,"y":10,"hp":380,"w":2,"h":3,"t":0,"c":6,"e":-1,"r":0},{"x":5,"y":10,"hp":110,"w":1,"h":2,"t":0,"c":6,"e":-1,"r":0},{"x":4,"y":13,"hp":89,"w":1,"h":1,"t":0,"c":4,"e":-1,"r":0},{"x":5,"y":13,"hp":89,"w":1,"h":1,"t":0,"c":4,"e":-1,"r":0},{"x":0,"y":14,"hp":78,"w":1,"h":1,"t":0,"c":4,"e":-1,"r":0},{"x":2,"y":14,"hp":78,"w":1,"h":1,"t":0,"c":4,"e":-1,"r":0},{"x":3,"y":14,"hp":78,"w":1,"h":1,"t":0,"c":4,"e":-1,"r":0},{"x":0,"y":15,"hp":45,"w":1,"h":1,"t":0,"c":4,"e":-1,"r":0},{"x":1,"y":15,"hp":45,"w":1,"h":1,"t":0,"c":4,"e":-1,"r":0},{"x":3,"y":15,"hp":45,"w":1,"h":1,"t":0,"c":4,"e":-1,"r":0},{"x":0,"y":16,"hp":73,"w":1,"h":1,"t":0,"c":4,"e":-1,"r":0},{"x":1,"y":16,"hp":73,"w":1,"h":1,"t":0,"c":4,"e":-1,"r":0},{"x":3,"y":16,"hp":73,"w":1,"h":1,"t":0,"c":4,"e":-1,"r":0},{"x":4,"y":16,"hp":73,"w":1,"h":1,"t":0,"c":4,"e":-1,"r":0},{"x":5,"y":16,"hp":73,"w":1,"h":1,"t":0,"c":4,"e":-1,"r":0},{"x":4,"y":17,"hp":150,"w":1,"h":1,"t":0,"c":4,"e":-1,"r":0},{"x":5,"y":17,"hp":150,"w":1,"h":1,"t":0,"c":4,"e":-1,"r":0},{"x":0,"y":18,"hp":127,"w":1,"h":1,"t":0,"c":4,"e":-1,"r":0},{"x":1,"y":18,"hp":127,"w":1,"h":1,"t":0,"c":4,"e":7,"r":0},{"x":4,"y":18,"hp":127,"w":1,"h":1,"t":0,"c":4,"e":-1,"r":0},{"x":5,"y":18,"hp":127,"w":1,"h":1,"t":0,"c":4,"e":-1,"r":0},{"x":0,"y":19,"hp":102,"w":1,"h":1,"t":0,"c":4,"e":-1,"r":0},{"x":1,"y":19,"hp":102,"w":1,"h":1,"t":0,"c":4,"e":-1,"r":0},{"x":2,"y":19,"hp":102,"w":1,"h":1,"t":0,"c":4,"e":-1,"r":0},{"x":5,"y":19,"hp":102,"w":1,"h":1,"t":0,"c":4,"e":-1,"r":0},{"x":1,"y":20,"hp":158,"w":1,"h":1,"t":0,"c":4,"e":-1,"r":0},{"x":2,"y":20,"hp":158,"w":1,"h":1,"t":0,"c":4,"e":-1,"r":0},{"x":2,"y":22,"hp":150,"w":1,"h":1,"t":0,"c":4,"e":-1,"r":0},{"x":3,"y":22,"hp":150,"w":1,"h":1,"t":0,"c":4,"e":-1,"r":0},{"x":5,"y":22,"hp":150,"w":1,"h":1,"t":0,"c":4,"e":-1,"r":0},{"x":2,"y":23,"hp":132,"w":1,"h":1,"t":0,"c":4,"e":-1,"r":0},{"x":4,"y":23,"hp":132,"w":1,"h":1,"t":0,"c":4,"e":-1,"r":0},{"x":5,"y":23,"hp":132,"w":1,"h":1,"t":0,"c":4,"e":-1,"r":0},{"x":2,"y":24,"hp":74,"w":1,"h":1,"t":0,"c":4,"e":-1,"r":0},{"x":3,"y":24,"hp":74,"w":1,"h":1,"t":0,"c":4,"e":-1,"r":0},{"x":5,"y":24,"hp":74,"w":1,"h":1,"t":0,"c":4,"e":-1,"r":0},{"x":0,"y":26,"hp":77,"w":1,"h":1,"t":0,"c":4,"e":-1,"r":0},{"x":2,"y":26,"hp":77,"w":1,"h":1,"t":0,"c":4,"e":-1,"r":0},{"x":3,"y":26,"hp":77,"w":1,"h":1,"t":0,"c":4,"e":-1,"r":0},{"x":5,"y":26,"hp":77,"w":1,"h":1,"t":0,"c":4,"e":-1,"r":0},{"x":1,"y":27,"hp":165,"w":1,"h":1,"t":0,"c":4,"e":-1,"r":0},{"x":2,"y":27,"hp":165,"w":1,"h":1,"t":0,"c":4,"e":-1,"r":0},{"x":4,"y":27,"hp":165,"w":1,"h":1,"t":0,"c":4,"e":-1,"r":0},{"x":5,"y":27,"hp":165,"w":1,"h":1,"t":0,"c":4,"e":-1,"r":0},{"x":1,"y":28,"hp":100,"w":1,"h":1,"t":0,"c":4,"e":-1,"r":0},{"x":2,"y":28,"hp":100,"w":1,"h":1,"t":0,"c":4,"e":-1,"r":0},{"x":4,"y":28,"hp":100,"w":1,"h":1,"t":0,"c":4,"e":-1,"r":0},{"x":5,"y":28,"hp":100,"w":1,"h":1,"t":0,"c":4,"e":-1,"r":0},{"x":1,"y":29,"hp":49,"w":1,"h":1,"t":0,"c":4,"e":-1,"r":0},{"x":2,"y":29,"hp":49,"w":1,"h":1,"t":0,"c":4,"e":-1,"r":0},{"x":3,"y":29,"hp":49,"w":1,"h":1,"t":0,"c":4,"e":-1,"r":0},{"x":5,"y":29,"hp":49,"w":1,"h":1,"t":0,"c":4,"e":-1,"r":0},{"x":2,"y":30,"hp":107,"w":1,"h":1,"t":0,"c":4,"e":-1,"r":0},{"x":5,"y":30,"hp":107,"w":1,"h":1,"t":0,"c":4,"e":-1,"r":0},{"x":5,"y":31,"hp":197,"w":1,"h":1,"t":0,"c":4,"e":-1,"r":0},{"x":1,"y":32,"hp":110,"w":1,"h":1,"t":0,"c":4,"e":-1,"r":0},{"x":2,"y":32,"hp":110,"w":1,"h":1,"t":0,"c":4,"e":-1,"r":0},{"x":4,"y":32,"hp":110,"w":1,"h":1,"t":0,"c":4,"e":-1,"r":0},{"x":5,"y":32,"hp":110,"w":1,"h":1,"t":0,"c":4,"e":-1,"r":0},{"x":3,"y":33,"hp":87,"w":1,"h":1,"t":0,"c":4,"e":-1,"r":0},{"x":4,"y":33,"hp":87,"w":1,"h":1,"t":0,"c":4,"e":-1,"r":0},{"x":5,"y":33,"hp":87,"w":1,"h":1,"t":0,"c":4,"e":-1,"r":0},{"x":1,"y":34,"hp":74,"w":1,"h":1,"t":0,"c":4,"e":-1,"r":0},{"x":2,"y":34,"hp":74,"w":1,"h":1,"t":0,"c":4,"e":-1,"r":0},{"x":5,"y":34,"hp":74,"w":1,"h":1,"t":0,"c":4,"e":-1,"r":0},{"x":1,"y":35,"hp":127,"w":1,"h":1,"t":0,"c":4,"e":-1,"r":0},{"x":2,"y":35,"hp":127,"w":1,"h":1,"t":0,"c":4,"e":-1,"r":0},{"x":3,"y":35,"hp":127,"w":1,"h":1,"t":0,"c":4,"e":-1,"r":0},{"x":4,"y":35,"hp":127,"w":1,"h":1,"t":0,"c":4,"e":-1,"r":0},{"x":5,"y":35,"hp":127,"w":1,"h":1,"t":0,"c":4,"e":-1,"r":0},{"x":9,"y":10,"hp":380,"w":2,"h":3,"t":0,"c":6,"e":-1,"r":0},{"x":6,"y":13,"hp":89,"w":1,"h":1,"t":0,"c":4,"e":-1,"r":0},{"x":8,"y":14,"hp":78,"w":1,"h":1,"t":0,"c":4,"e":-1,"r":0},{"x":7,"y":14,"hp":78,"w":1,"h":1,"t":0,"c":4,"e":7,"r":0},{"x":7,"y":15,"hp":45,"w":1,"h":1,"t":0,"c":4,"e":-1,"r":0},{"x":7,"y":16,"hp":73,"w":1,"h":1,"t":0,"c":4,"e":-1,"r":0},{"x":6,"y":16,"hp":73,"w":1,"h":1,"t":0,"c":4,"e":-1,"r":0},{"x":6,"y":17,"hp":150,"w":1,"h":1,"t":0,"c":4,"e":-1,"r":0},{"x":9,"y":19,"hp":102,"w":1,"h":1,"t":0,"c":4,"e":-1,"r":0},{"x":7,"y":19,"hp":102,"w":1,"h":1,"t":0,"c":4,"e":-1,"r":0},{"x":10,"y":22,"hp":150,"w":1,"h":1,"t":0,"c":4,"e":-1,"r":0},{"x":6,"y":23,"hp":132,"w":1,"h":1,"t":0,"c":4,"e":-1,"r":0},{"x":10,"y":24,"hp":74,"w":1,"h":1,"t":0,"c":4,"e":-1,"r":0},{"x":9,"y":24,"hp":74,"w":1,"h":1,"t":0,"c":4,"e":-1,"r":0},{"x":8,"y":24,"hp":74,"w":1,"h":1,"t":0,"c":4,"e":-1,"r":0},{"x":10,"y":25,"hp":89,"w":1,"h":1,"t":0,"c":4,"e":-1,"r":0},{"x":9,"y":25,"hp":89,"w":1,"h":1,"t":0,"c":4,"e":-1,"r":0},{"x":10,"y":26,"hp":77,"w":1,"h":1,"t":0,"c":4,"e":-1,"r":0},{"x":9,"y":26,"hp":77,"w":1,"h":1,"t":0,"c":4,"e":-1,"r":0},{"x":8,"y":26,"hp":77,"w":1,"h":1,"t":0,"c":4,"e":-1,"r":0},{"x":9,"y":27,"hp":165,"w":1,"h":1,"t":0,"c":4,"e":-1,"r":0},{"x":8,"y":27,"hp":165,"w":1,"h":1,"t":0,"c":4,"e":-1,"r":0},{"x":6,"y":27,"hp":165,"w":1,"h":1,"t":0,"c":4,"e":-1,"r":0},{"x":9,"y":28,"hp":100,"w":1,"h":1,"t":0,"c":4,"e":-1,"r":0},{"x":8,"y":28,"hp":100,"w":1,"h":1,"t":0,"c":4,"e":-1,"r":0},{"x":6,"y":28,"hp":100,"w":1,"h":1,"t":0,"c":4,"e":-1,"r":0},{"x":7,"y":29,"hp":49,"w":1,"h":1,"t":0,"c":4,"e":-1,"r":0},{"x":6,"y":29,"hp":49,"w":1,"h":1,"t":0,"c":4,"e":-1,"r":0},{"x":9,"y":30,"hp":107,"w":1,"h":1,"t":0,"c":4,"e":-1,"r":0},{"x":8,"y":30,"hp":107,"w":1,"h":1,"t":0,"c":4,"e":-1,"r":0},{"x":6,"y":30,"hp":107,"w":1,"h":1,"t":0,"c":4,"e":-1,"r":0},{"x":8,"y":31,"hp":197,"w":1,"h":1,"t":0,"c":4,"e":-1,"r":0},{"x":6,"y":31,"hp":197,"w":1,"h":1,"t":0,"c":4,"e":-1,"r":0},{"x":8,"y":32,"hp":110,"w":1,"h":1,"t":0,"c":4,"e":-1,"r":0},{"x":6,"y":32,"hp":110,"w":1,"h":1,"t":0,"c":4,"e":-1,"r":0},{"x":7,"y":33,"hp":87,"w":1,"h":1,"t":0,"c":4,"e":-1,"r":0},{"x":6,"y":33,"hp":87,"w":1,"h":1,"t":0,"c":4,"e":-1,"r":0},{"x":9,"y":34,"hp":74,"w":1,"h":1,"t":0,"c":4,"e":-1,"r":0},{"x":8,"y":34,"hp":74,"w":1,"h":1,"t":0,"c":4,"e":-1,"r":0},{"x":9,"y":35,"hp":127,"w":1,"h":1,"t":0,"c":4,"e":-1,"r":0},{"x":8,"y":35,"hp":127,"w":1,"h":1,"t":0,"c":4,"e":-1,"r":0},{"x":6,"y":35,"hp":127,"w":1,"h":1,"t":0,"c":4,"e":-1,"r":0},{"x":8,"y":5,"hp":263,"w":3,"h":1,"t":0,"c":5,"e":-1,"r":0},{"x":8,"y":7,"hp":263,"w":3,"h":1,"t":0,"c":5,"e":-1,"r":0},{"x":4,"y":7,"hp":263,"w":3,"h":1,"t":0,"c":5,"e":-1,"r":0},{"x":4,"y":5,"hp":263,"w":3,"h":1,"t":0,"c":5,"e":-1,"r":0},{"x":0,"y":9,"hp":84,"w":1,"h":1,"t":4,"c":4,"e":-1,"r":0},{"x":1,"y":9,"hp":84,"w":1,"h":1,"t":4,"c":4,"e":-1,"r":0},{"x":2,"y":9,"hp":84,"w":1,"h":1,"t":4,"c":4,"e":-1,"r":0},{"x":2,"y":11,"hp":38,"w":1,"h":1,"t":4,"c":4,"e":-1,"r":0},{"x":2,"y":12,"hp":38,"w":1,"h":1,"t":4,"c":4,"e":-1,"r":0},{"x":4,"y":11,"hp":38,"w":1,"h":1,"t":4,"c":4,"e":-1,"r":0},{"x":5,"y":9,"hp":84,"w":1,"h":1,"t":4,"c":4,"e":-1,"r":0},{"x":6,"y":11,"hp":38,"w":1,"h":1,"t":4,"c":4,"e":-1,"r":0},{"x":5,"y":12,"hp":38,"w":1,"h":1,"t":4,"c":4,"e":-1,"r":0},{"x":8,"y":12,"hp":38,"w":1,"h":1,"t":4,"c":4,"e":-1,"r":0},{"x":8,"y":11,"hp":38,"w":1,"h":1,"t":4,"c":4,"e":-1,"r":0},{"x":8,"y":9,"hp":84,"w":1,"h":1,"t":4,"c":4,"e":-1,"r":0},{"x":9,"y":9,"hp":84,"w":1,"h":1,"t":4,"c":4,"e":-1,"r":0},{"x":10,"y":9,"hp":84,"w":1,"h":1,"t":4,"c":4,"e":-1,"r":0},{"x":2,"y":21,"hp":110,"w":1,"h":1,"t":0,"c":4,"e":-1,"r":0},{"x":3,"y":21,"hp":110,"w":1,"h":1,"t":0,"c":4,"e":-1,"r":0},{"x":4,"y":21,"hp":110,"w":1,"h":1,"t":0,"c":4,"e":-1,"r":0},{"x":5,"y":21,"hp":110,"w":1,"h":1,"t":0,"c":4,"e":-1,"r":0},{"x":6,"y":21,"hp":110,"w":1,"h":1,"t":0,"c":4,"e":-1,"r":0},{"x":7,"y":21,"hp":110,"w":1,"h":1,"t":0,"c":4,"e":-1,"r":0},{"x":6,"y":25,"hp":89,"w":1,"h":1,"t":0,"c":4,"e":-1,"r":0},{"x":5,"y":25,"hp":89,"w":1,"h":1,"t":0,"c":4,"e":-1,"r":0},{"x":4,"y":14,"hp":78,"w":1,"h":1,"t":0,"c":4,"e":-1,"r":0},{"x":5,"y":14,"hp":78,"w":1,"h":1,"t":0,"c":4,"e":-1,"r":0},{"x":6,"y":14,"hp":78,"w":1,"h":1,"t":0,"c":4,"e":-1,"r":0},{"x":6,"y":15,"hp":45,"w":1,"h":1,"t":0,"c":4,"e":-1,"r":0},{"x":5,"y":15,"hp":45,"w":1,"h":1,"t":0,"c":4,"e":-1,"r":0},{"x":4,"y":15,"hp":45,"w":1,"h":1,"t":0,"c":4,"e":-1,"r":0},{"x":6,"y":18,"hp":127,"w":1,"h":1,"t":0,"c":4,"e":-1,"r":0},{"x":9,"y":18,"hp":127,"w":1,"h":1,"t":0,"c":4,"e":-1,"r":0},{"x":10,"y":18,"hp":127,"w":1,"h":1,"t":0,"c":4,"e":-1,"r":0},{"x":9,"y":17,"hp":150,"w":1,"h":1,"t":0,"c":4,"e":-1,"r":0},{"x":6,"y":22,"hp":150,"w":1,"h":1,"t":0,"c":4,"e":-1,"r":0},{"x":4,"y":22,"hp":150,"w":1,"h":1,"t":0,"c":4,"e":-1,"r":0},{"x":4,"y":24,"hp":74,"w":1,"h":1,"t":0,"c":4,"e":-1,"r":0},{"x":4,"y":25,"hp":89,"w":1,"h":1,"t":0,"c":4,"e":-1,"r":0},{"x":3,"y":25,"hp":89,"w":1,"h":1,"t":0,"c":4,"e":-1,"r":0},{"x":2,"y":25,"hp":89,"w":1,"h":1,"t":0,"c":4,"e":-1,"r":0},{"x":7,"y":30,"hp":107,"w":1,"h":1,"t":0,"c":4,"e":-1,"r":0},{"x":7,"y":31,"hp":197,"w":1,"h":1,"t":0,"c":4,"e":-1,"r":0},{"x":7,"y":32,"hp":110,"w":1,"h":1,"t":0,"c":4,"e":-1,"r":0},{"x":10,"y":35,"hp":127,"w":1,"h":1,"t":0,"c":4,"e":-1,"r":0},{"x":10,"y":34,"hp":74,"w":1,"h":1,"t":0,"c":4,"e":-1,"r":0},{"x":10,"y":33,"hp":87,"w":1,"h":1,"t":0,"c":4,"e":-1,"r":0},{"x":10,"y":32,"hp":110,"w":1,"h":1,"t":0,"c":4,"e":-1,"r":0},{"x":10,"y":31,"hp":197,"w":1,"h":1,"t":0,"c":4,"e":-1,"r":0},{"x":0,"y":34,"hp":74,"w":1,"h":1,"t":0,"c":4,"e":-1,"r":0},{"x":6,"y":34,"hp":74,"w":1,"h":1,"t":0,"c":4,"e":-1,"r":0},{"x":6,"y":26,"hp":77,"w":1,"h":1,"t":0,"c":4,"e":-1,"r":0},{"x":4,"y":26,"hp":77,"w":1,"h":1,"t":0,"c":4,"e":-1,"r":0},{"x":6,"y":12,"hp":45,"w":1,"h":1,"t":1,"c":4,"e":-1,"r":0},{"x":4,"y":12,"hp":45,"w":1,"h":1,"t":1,"c":4,"e":-1,"r":1},{"x":4,"y":9,"hp":84,"w":1,"h":1,"t":1,"c":4,"e":-1,"r":2},{"x":6,"y":9,"hp":84,"w":1,"h":1,"t":1,"c":4,"e":-1,"r":3},{"x":6,"y":19,"hp":70,"w":1,"h":1,"t":0,"c":4,"e":-1,"r":0},{"x":6,"y":20,"hp":70,"w":1,"h":1,"t":0,"c":4,"e":-1,"r":0},{"x":7,"y":20,"hp":70,"w":1,"h":1,"t":0,"c":4,"e":-1,"r":0},{"x":5,"y":20,"hp":70,"w":1,"h":1,"t":0,"c":4,"e":-1,"r":0},{"x":8,"y":10,"hp":38,"w":1,"h":1,"t":4,"c":4,"e":-1,"r":0},{"x":4,"y":10,"hp":38,"w":1,"h":1,"t":4,"c":4,"e":-1,"r":0},{"x":2,"y":10,"hp":38,"w":1,"h":1,"t":4,"c":4,"e":-1,"r":0},{"x":6,"y":10,"hp":38,"w":1,"h":1,"t":4,"c":4,"e":-1,"r":0}],"bu":[{"x":3,"y":10,"buff":1},{"x":7,"y":12,"buff":1},{"x":10,"y":14,"buff":1},{"x":3,"y":17,"buff":1},{"x":4,"y":20,"buff":1},{"x":7,"y":24,"buff":1},{"x":4,"y":30,"buff":1},{"x":9,"y":31,"buff":1},{"x":4,"y":36,"buff":1},{"x":7,"y":35,"buff":0},{"x":7,"y":27,"buff":0},{"x":0,"y":25,"buff":0},{"x":9,"y":21,"buff":0},{"x":10,"y":17,"buff":0},{"x":5,"y":8,"buff":0},{"x":2,"y":33,"buff":3},{"x":10,"y":27,"buff":2},{"x":0,"y":29,"buff":3},{"x":1,"y":13,"buff":1},{"x":3,"y":7,"buff":1},{"x":7,"y":7,"buff":1},{"x":10,"y":8,"buff":1},{"x":0,"y":8,"buff":1},{"x":1,"y":6,"buff":0},{"x":9,"y":6,"buff":0}]}