{"l":316,"h":32,"w":11,"br":[{"x":4,"y":5,"hp":50,"w":1,"h":1,"t":0,"c":1,"e":1,"r":0},{"x":5,"y":5,"hp":50,"w":1,"h":1,"t":0,"c":1,"e":-1,"r":0},{"x":1,"y":7,"hp":52,"w":1,"h":1,"t":0,"c":1,"e":-1,"r":0},{"x":2,"y":7,"hp":52,"w":1,"h":1,"t":0,"c":1,"e":-1,"r":0},{"x":1,"y":8,"hp":75,"w":1,"h":1,"t":0,"c":1,"e":-1,"r":0},{"x":2,"y":8,"hp":75,"w":1,"h":1,"t":0,"c":1,"e":2,"r":0},{"x":4,"y":8,"hp":75,"w":1,"h":1,"t":0,"c":1,"e":-1,"r":0},{"x":5,"y":8,"hp":75,"w":1,"h":1,"t":0,"c":1,"e":-1,"r":0},{"x":5,"y":9,"hp":55,"w":1,"h":1,"t":0,"c":1,"e":-1,"r":0},{"x":0,"y":10,"hp":107,"w":1,"h":1,"t":0,"c":1,"e":-1,"r":0},{"x":1,"y":10,"hp":107,"w":1,"h":1,"t":0,"c":1,"e":-1,"r":0},{"x":2,"y":10,"hp":107,"w":1,"h":1,"t":0,"c":1,"e":-1,"r":0},{"x":5,"y":10,"hp":107,"w":1,"h":1,"t":0,"c":1,"e":-1,"r":0},{"x":1,"y":11,"hp":157,"w":1,"h":1,"t":0,"c":1,"e":-1,"r":0},{"x":2,"y":11,"hp":157,"w":1,"h":1,"t":0,"c":1,"e":-1,"r":0},{"x":5,"y":11,"hp":157,"w":1,"h":1,"t":0,"c":1,"e":-1,"r":0},{"x":1,"y":12,"hp":88,"w":1,"h":1,"t":0,"c":1,"e":-1,"r":0},{"x":1,"y":13,"hp":55,"w":1,"h":1,"t":0,"c":1,"e":-1,"r":0},{"x":2,"y":13,"hp":55,"w":1,"h":1,"t":0,"c":1,"e":-1,"r":0},{"x":5,"y":13,"hp":55,"w":1,"h":1,"t":0,"c":1,"e":-1,"r":0},{"x":0,"y":14,"hp":114,"w":1,"h":1,"t":0,"c":1,"e":-1,"r":0},{"x":3,"y":14,"hp":114,"w":1,"h":1,"t":0,"c":1,"e":-1,"r":0},{"x":4,"y":14,"hp":114,"w":1,"h":1,"t":0,"c":1,"e":-1,"r":0},{"x":0,"y":15,"hp":60,"w":1,"h":1,"t":0,"c":1,"e":-1,"r":0},{"x":2,"y":15,"hp":60,"w":1,"h":1,"t":0,"c":1,"e":-1,"r":0},{"x":4,"y":15,"hp":60,"w":1,"h":1,"t":0,"c":1,"e":-1,"r":0},{"x":5,"y":15,"hp":60,"w":1,"h":1,"t":0,"c":1,"e":-1,"r":0},{"x":0,"y":16,"hp":100,"w":1,"h":1,"t":0,"c":1,"e":-1,"r":0},{"x":2,"y":16,"hp":100,"w":1,"h":1,"t":0,"c":1,"e":-1,"r":0},{"x":3,"y":16,"hp":100,"w":1,"h":1,"t":0,"c":1,"e":-1,"r":0},{"x":4,"y":16,"hp":100,"w":1,"h":1,"t":0,"c":1,"e":-1,"r":0},{"x":5,"y":16,"hp":100,"w":1,"h":1,"t":0,"c":1,"e":-1,"r":0},{"x":2,"y":17,"hp":78,"w":1,"h":1,"t":0,"c":1,"e":-1,"r":0},{"x":3,"y":17,"hp":78,"w":1,"h":1,"t":0,"c":1,"e":-1,"r":0},{"x":4,"y":17,"hp":78,"w":1,"h":1,"t":0,"c":1,"e":-1,"r":0},{"x":2,"y":18,"hp":137,"w":1,"h":1,"t":0,"c":1,"e":-1,"r":0},{"x":4,"y":18,"hp":137,"w":1,"h":1,"t":0,"c":1,"e":-1,"r":0},{"x":5,"y":18,"hp":137,"w":1,"h":1,"t":0,"c":1,"e":-1,"r":0},{"x":5,"y":19,"hp":138,"w":1,"h":1,"t":0,"c":1,"e":-1,"r":0},{"x":2,"y":20,"hp":100,"w":1,"h":1,"t":0,"c":1,"e":-1,"r":0},{"x":3,"y":20,"hp":100,"w":1,"h":1,"t":0,"c":1,"e":-1,"r":0},{"x":5,"y":20,"hp":100,"w":1,"h":1,"t":0,"c":1,"e":-1,"r":0},{"x":0,"y":21,"hp":154,"w":1,"h":1,"t":0,"c":1,"e":-1,"r":0},{"x":2,"y":21,"hp":154,"w":1,"h":1,"t":0,"c":1,"e":-1,"r":0},{"x":3,"y":21,"hp":154,"w":1,"h":1,"t":0,"c":1,"e":-1,"r":0},{"x":5,"y":21,"hp":154,"w":1,"h":1,"t":0,"c":1,"e":-1,"r":0},{"x":2,"y":22,"hp":130,"w":1,"h":1,"t":0,"c":1,"e":-1,"r":0},{"x":3,"y":22,"hp":130,"w":1,"h":1,"t":0,"c":1,"e":-1,"r":0},{"x":4,"y":22,"hp":130,"w":1,"h":1,"t":0,"c":1,"e":-1,"r":0},{"x":2,"y":23,"hp":180,"w":1,"h":1,"t":0,"c":1,"e":-1,"r":0},{"x":3,"y":23,"hp":180,"w":1,"h":1,"t":0,"c":1,"e":-1,"r":0},{"x":4,"y":23,"hp":180,"w":1,"h":1,"t":0,"c":1,"e":-1,"r":0},{"x":5,"y":23,"hp":180,"w":1,"h":1,"t":0,"c":1,"e":-1,"r":0},{"x":2,"y":24,"hp":42,"w":1,"h":1,"t":0,"c":1,"e":-1,"r":0},{"x":3,"y":24,"hp":42,"w":1,"h":1,"t":0,"c":1,"e":-1,"r":0},{"x":5,"y":24,"hp":42,"w":1,"h":1,"t":0,"c":1,"e":-1,"r":0},{"x":1,"y":25,"hp":100,"w":1,"h":1,"t":0,"c":1,"e":-1,"r":0},{"x":2,"y":25,"hp":100,"w":1,"h":1,"t":0,"c":1,"e":-1,"r":0},{"x":4,"y":25,"hp":100,"w":1,"h":1,"t":0,"c":1,"e":-1,"r":0},{"x":5,"y":25,"hp":100,"w":1,"h":1,"t":0,"c":1,"e":-1,"r":0},{"x":2,"y":26,"hp":170,"w":1,"h":1,"t":0,"c":1,"e":-1,"r":0},{"x":3,"y":26,"hp":170,"w":1,"h":1,"t":0,"c":1,"e":-1,"r":0},{"x":4,"y":26,"hp":170,"w":1,"h":1,"t":0,"c":1,"e":-1,"r":0},{"x":2,"y":27,"hp":117,"w":1,"h":1,"t":0,"c":1,"e":-1,"r":0},{"x":3,"y":27,"hp":117,"w":1,"h":1,"t":0,"c":1,"e":-1,"r":0},{"x":4,"y":27,"hp":117,"w":1,"h":1,"t":0,"c":1,"e":-1,"r":0},{"x":0,"y":28,"hp":168,"w":1,"h":1,"t":0,"c":1,"e":-1,"r":0},{"x":2,"y":28,"hp":168,"w":1,"h":1,"t":0,"c":1,"e":-1,"r":0},{"x":3,"y":28,"hp":168,"w":1,"h":1,"t":0,"c":1,"e":-1,"r":0},{"x":4,"y":28,"hp":168,"w":1,"h":1,"t":0,"c":1,"e":-1,"r":0},{"x":1,"y":29,"hp":250,"w":1,"h":1,"t":0,"c":1,"e":-1,"r":0},{"x":1,"y":31,"hp":100,"w":1,"h":1,"t":0,"c":1,"e":-1,"r":0},{"x":2,"y":31,"hp":100,"w":1,"h":1,"t":0,"c":1,"e":-1,"r":0},{"x":3,"y":31,"hp":100,"w":1,"h":1,"t":0,"c":1,"e":-1,"r":0},{"x":4,"y":31,"hp":100,"w":1,"h":1,"t":0,"c":1,"e":-1,"r":0},{"x":5,"y":31,"hp":100,"w":1,"h":1,"t":0,"c":1,"e":-1,"r":0},{"x":8,"y":5,"hp":50,"w":1,"h":1,"t":0,"c":1,"e":-1,"r":0},{"x":7,"y":5,"hp":50,"w":1,"h":1,"t":0,"c":1,"e":-1,"r":0},{"x":6,"y":5,"hp":50,"w":1,"h":1,"t":0,"c":1,"e":-1,"r":0},{"x":9,"y":6,"hp":57,"w":1,"h":1,"t":0,"c":1,"e":-1,"r":0},{"x":8,"y":6,"hp":57,"w":1,"h":1,"t":0,"c":1,"e":-1,"r":0},{"x":7,"y":6,"hp":57,"w":1,"h":1,"t":0,"c":1,"e":-1,"r":0},{"x":10,"y":7,"hp":52,"w":1,"h":1,"t":0,"c":1,"e":-1,"r":0},{"x":9,"y":7,"hp":52,"w":1,"h":1,"t":0,"c":1,"e":-1,"r":0},{"x":8,"y":7,"hp":52,"w":1,"h":1,"t":0,"c":1,"e":-1,"r":0},{"x":10,"y":8,"hp":75,"w":1,"h":1,"t":0,"c":1,"e":-1,"r":0},{"x":9,"y":8,"hp":75,"w":1,"h":1,"t":0,"c":1,"e":-1,"r":0},{"x":8,"y":8,"hp":75,"w":1,"h":1,"t":0,"c":1,"e":-1,"r":0},{"x":6,"y":8,"hp":75,"w":1,"h":1,"t":0,"c":1,"e":-1,"r":0},{"x":10,"y":9,"hp":55,"w":1,"h":1,"t":0,"c":1,"e":-1,"r":0},{"x":10,"y":10,"hp":107,"w":1,"h":1,"t":0,"c":1,"e":-1,"r":0},{"x":9,"y":10,"hp":107,"w":1,"h":1,"t":0,"c":1,"e":-1,"r":0},{"x":8,"y":10,"hp":107,"w":1,"h":1,"t":0,"c":1,"e":-1,"r":0},{"x":9,"y":11,"hp":157,"w":1,"h":1,"t":0,"c":1,"e":-1,"r":0},{"x":8,"y":11,"hp":157,"w":1,"h":1,"t":0,"c":1,"e":-1,"r":0},{"x":9,"y":12,"hp":88,"w":1,"h":1,"t":0,"c":1,"e":-1,"r":0},{"x":9,"y":13,"hp":55,"w":1,"h":1,"t":0,"c":1,"e":-1,"r":0},{"x":8,"y":13,"hp":55,"w":1,"h":1,"t":0,"c":1,"e":-1,"r":0},{"x":7,"y":14,"hp":114,"w":1,"h":1,"t":0,"c":1,"e":-1,"r":0},{"x":6,"y":14,"hp":114,"w":1,"h":1,"t":0,"c":1,"e":-1,"r":0},{"x":8,"y":15,"hp":60,"w":1,"h":1,"t":0,"c":1,"e":-1,"r":0},{"x":6,"y":15,"hp":60,"w":1,"h":1,"t":0,"c":1,"e":-1,"r":0},{"x":7,"y":16,"hp":100,"w":1,"h":1,"t":0,"c":1,"e":-1,"r":0},{"x":9,"y":17,"hp":78,"w":1,"h":1,"t":0,"c":1,"e":-1,"r":0},{"x":8,"y":17,"hp":78,"w":1,"h":1,"t":0,"c":1,"e":-1,"r":0},{"x":7,"y":17,"hp":78,"w":1,"h":1,"t":0,"c":1,"e":-1,"r":0},{"x":9,"y":18,"hp":137,"w":1,"h":1,"t":0,"c":1,"e":-1,"r":0},{"x":6,"y":18,"hp":137,"w":1,"h":1,"t":0,"c":1,"e":-1,"r":0},{"x":8,"y":19,"hp":138,"w":1,"h":1,"t":0,"c":1,"e":-1,"r":0},{"x":7,"y":19,"hp":138,"w":1,"h":1,"t":0,"c":1,"e":-1,"r":0},{"x":7,"y":23,"hp":180,"w":1,"h":1,"t":0,"c":1,"e":-1,"r":0},{"x":6,"y":23,"hp":180,"w":1,"h":1,"t":0,"c":1,"e":-1,"r":0},{"x":9,"y":24,"hp":42,"w":1,"h":1,"t":0,"c":1,"e":-1,"r":0},{"x":8,"y":25,"hp":100,"w":1,"h":1,"t":0,"c":1,"e":-1,"r":0},{"x":6,"y":25,"hp":100,"w":1,"h":1,"t":0,"c":1,"e":-1,"r":0},{"x":9,"y":26,"hp":170,"w":1,"h":1,"t":0,"c":1,"e":-1,"r":0},{"x":8,"y":26,"hp":170,"w":1,"h":1,"t":0,"c":1,"e":-1,"r":0},{"x":9,"y":27,"hp":117,"w":1,"h":1,"t":0,"c":1,"e":-1,"r":0},{"x":8,"y":27,"hp":117,"w":1,"h":1,"t":0,"c":1,"e":-1,"r":0},{"x":7,"y":27,"hp":117,"w":1,"h":1,"t":0,"c":1,"e":-1,"r":0},{"x":6,"y":27,"hp":117,"w":1,"h":1,"t":0,"c":1,"e":-1,"r":0},{"x":7,"y":28,"hp":168,"w":1,"h":1,"t":0,"c":1,"e":-1,"r":0},{"x":6,"y":28,"hp":168,"w":1,"h":1,"t":0,"c":1,"e":-1,"r":0},{"x":9,"y":29,"hp":250,"w":1,"h":1,"t":0,"c":1,"e":-1,"r":0},{"x":9,"y":31,"hp":100,"w":1,"h":1,"t":0,"c":1,"e":-1,"r":0},{"x":8,"y":31,"hp":100,"w":1,"h":1,"t":0,"c":1,"e":-1,"r":0},{"x":7,"y":31,"hp":100,"w":1,"h":1,"t":0,"c":1,"e":-1,"r":0},{"x":4,"y":9,"hp":55,"w":1,"h":1,"t":0,"c":1,"e":-1,"r":0},{"x":4,"y":10,"hp":107,"w":1,"h":1,"t":0,"c":1,"e":-1,"r":0},{"x":8,"y":9,"hp":55,"w":1,"h":1,"t":0,"c":1,"e":-1,"r":0},{"x":9,"y":9,"hp":55,"w":1,"h":1,"t":0,"c":1,"e":-1,"r":0},{"x":6,"y":9,"hp":55,"w":1,"h":1,"t":0,"c":1,"e":-1,"r":0},{"x":6,"y":11,"hp":157,"w":1,"h":1,"t":0,"c":1,"e":-1,"r":0},{"x":6,"y":10,"hp":107,"w":1,"h":1,"t":0,"c":1,"e":-1,"r":0},{"x":3,"y":13,"hp":55,"w":1,"h":1,"t":0,"c":1,"e":-1,"r":0},{"x":4,"y":13,"hp":55,"w":1,"h":1,"t":0,"c":1,"e":-1,"r":0},{"x":7,"y":13,"hp":55,"w":1,"h":1,"t":0,"c":1,"e":-1,"r":0},{"x":6,"y":13,"hp":55,"w":1,"h":1,"t":0,"c":1,"e":-1,"r":0},{"x":5,"y":14,"hp":114,"w":1,"h":1,"t":0,"c":1,"e":-1,"r":0},{"x":3,"y":15,"hp":60,"w":1,"h":1,"t":0,"c":1,"e":-1,"r":0},{"x":7,"y":15,"hp":60,"w":1,"h":1,"t":0,"c":1,"e":-1,"r":0},{"x":8,"y":16,"hp":100,"w":1,"h":1,"t":0,"c":1,"e":-1,"r":0},{"x":9,"y":16,"hp":100,"w":1,"h":1,"t":0,"c":1,"e":-1,"r":0},{"x":7,"y":18,"hp":137,"w":1,"h":1,"t":0,"c":1,"e":-1,"r":0},{"x":6,"y":19,"hp":138,"w":1,"h":1,"t":0,"c":1,"e":-1,"r":0},{"x":6,"y":20,"hp":100,"w":1,"h":1,"t":0,"c":1,"e":-1,"r":0},{"x":6,"y":21,"hp":154,"w":1,"h":1,"t":0,"c":1,"e":-1,"r":0},{"x":8,"y":20,"hp":100,"w":1,"h":1,"t":0,"c":1,"e":-1,"r":0},{"x":4,"y":20,"hp":100,"w":1,"h":1,"t":0,"c":1,"e":-1,"r":0},{"x":0,"y":20,"hp":100,"w":1,"h":1,"t":0,"c":1,"e":-1,"r":0},{"x":0,"y":22,"hp":130,"w":1,"h":1,"t":0,"c":1,"e":-1,"r":0},{"x":3,"y":25,"hp":100,"w":1,"h":1,"t":0,"c":1,"e":-1,"r":0},{"x":4,"y":24,"hp":50,"w":1,"h":1,"t":0,"c":1,"e":-1,"r":0},{"x":6,"y":24,"hp":50,"w":1,"h":1,"t":0,"c":1,"e":-1,"r":0},{"x":8,"y":29,"hp":250,"w":1,"h":1,"t":0,"c":1,"e":-1,"r":0},{"x":7,"y":29,"hp":250,"w":1,"h":1,"t":0,"c":1,"e":-1,"r":0},{"x":6,"y":29,"hp":250,"w":1,"h":1,"t":0,"c":1,"e":-1,"r":0},{"x":4,"y":29,"hp":250,"w":1,"h":1,"t":0,"c":1,"e":-1,"r":0},{"x":2,"y":29,"hp":250,"w":1,"h":1,"t":0,"c":1,"e":-1,"r":0},{"x":2,"y":30,"hp":110,"w":1,"h":1,"t":0,"c":1,"e":-1,"r":0},{"x":4,"y":30,"hp":110,"w":1,"h":1,"t":0,"c":1,"e":-1,"r":0},{"x":5,"y":30,"hp":110,"w":1,"h":1,"t":0,"c":1,"e":-1,"r":0},{"x":6,"y":30,"hp":110,"w":1,"h":1,"t":0,"c":1,"e":-1,"r":0},{"x":7,"y":30,"hp":110,"w":1,"h":1,"t":0,"c":1,"e":-1,"r":0},{"x":8,"y":30,"hp":110,"w":1,"h":1,"t":0,"c":1,"e":-1,"r":0},{"x":5,"y":17,"hp":78,"w":1,"h":1,"t":0,"c":1,"e":-1,"r":0},{"x":3,"y":5,"hp":50,"w":1,"h":1,"t":0,"c":1,"e":-1,"r":0},{"x":2,"y":5,"hp":50,"w":1,"h":1,"t":0,"c":1,"e":-1,"r":0},{"x":2,"y":6,"hp":50,"w":1,"h":1,"t":0,"c":1,"e":-1,"r":0}],"bu":[{"x":10,"y":16,"buff":1},{"x":10,"y":24,"buff":1},{"x":10,"y":26,"buff":1},{"x":1,"y":27,"buff":1},{"x":3,"y":29,"buff":0},{"x":9,"y":20,"buff":0},{"x":1,"y":18,"buff":0},{"x":0,"y":7,"buff":1},{"x":4,"y":7,"buff":0},{"x":5,"y":7,"buff":0},{"x":6,"y":7,"buff":0},{"x":6,"y":6,"buff":0},{"x":5,"y":6,"buff":0},{"x":4,"y":6,"buff":0},{"x":3,"y":7,"buff":0},{"x":7,"y":7,"buff":0},{"x":7,"y":8,"buff":0}]}