{"l":315,"h":27,"w":11,"br":[{"x":4,"y":5,"hp":68,"w":1,"h":1,"t":0,"c":3,"e":-1,"r":0},{"x":5,"y":5,"hp":68,"w":1,"h":1,"t":0,"c":3,"e":-1,"r":0},{"x":4,"y":6,"hp":66,"w":1,"h":1,"t":0,"c":1,"e":-1,"r":0},{"x":5,"y":6,"hp":66,"w":1,"h":1,"t":0,"c":1,"e":-1,"r":0},{"x":4,"y":7,"hp":77,"w":1,"h":1,"t":0,"c":1,"e":-1,"r":0},{"x":5,"y":7,"hp":77,"w":1,"h":1,"t":0,"c":1,"e":-1,"r":0},{"x":5,"y":8,"hp":75,"w":1,"h":1,"t":0,"c":1,"e":-1,"r":0},{"x":4,"y":9,"hp":87,"w":1,"h":1,"t":0,"c":1,"e":7,"r":0},{"x":4,"y":10,"hp":107,"w":1,"h":1,"t":0,"c":1,"e":-1,"r":0},{"x":1,"y":11,"hp":80,"w":1,"h":1,"t":0,"c":1,"e":-1,"r":0},{"x":3,"y":11,"hp":80,"w":1,"h":1,"t":0,"c":1,"e":-1,"r":0},{"x":4,"y":11,"hp":80,"w":1,"h":1,"t":0,"c":1,"e":-1,"r":0},{"x":1,"y":12,"hp":70,"w":1,"h":1,"t":0,"c":1,"e":-1,"r":0},{"x":3,"y":12,"hp":70,"w":1,"h":1,"t":0,"c":1,"e":-1,"r":0},{"x":5,"y":12,"hp":70,"w":1,"h":1,"t":0,"c":1,"e":-1,"r":0},{"x":3,"y":13,"hp":55,"w":1,"h":1,"t":1,"c":1,"e":-1,"r":0},{"x":5,"y":13,"hp":55,"w":1,"h":1,"t":0,"c":1,"e":-1,"r":0},{"x":3,"y":14,"hp":80,"w":1,"h":1,"t":0,"c":1,"e":-1,"r":0},{"x":5,"y":14,"hp":80,"w":1,"h":1,"t":5,"c":1,"e":-1,"r":0},{"x":2,"y":15,"hp":130,"w":1,"h":1,"t":0,"c":1,"e":-1,"r":0},{"x":3,"y":15,"hp":130,"w":1,"h":1,"t":0,"c":1,"e":-1,"r":0},{"x":4,"y":15,"hp":130,"w":1,"h":1,"t":0,"c":1,"e":-1,"r":0},{"x":5,"y":15,"hp":130,"w":1,"h":1,"t":1,"c":1,"e":-1,"r":2},{"x":0,"y":16,"hp":100,"w":1,"h":1,"t":0,"c":1,"e":-1,"r":0},{"x":3,"y":16,"hp":100,"w":1,"h":1,"t":0,"c":1,"e":-1,"r":0},{"x":5,"y":16,"hp":100,"w":1,"h":1,"t":0,"c":1,"e":-1,"r":0},{"x":0,"y":17,"hp":78,"w":1,"h":1,"t":0,"c":1,"e":-1,"r":0},{"x":2,"y":17,"hp":78,"w":1,"h":1,"t":0,"c":1,"e":-1,"r":0},{"x":3,"y":17,"hp":78,"w":1,"h":1,"t":0,"c":1,"e":-1,"r":0},{"x":4,"y":17,"hp":78,"w":1,"h":1,"t":0,"c":1,"e":-1,"r":0},{"x":5,"y":17,"hp":78,"w":1,"h":1,"t":0,"c":1,"e":-1,"r":0},{"x":0,"y":18,"hp":137,"w":1,"h":1,"t":0,"c":1,"e":-1,"r":0},{"x":5,"y":18,"hp":137,"w":1,"h":1,"t":0,"c":1,"e":-1,"r":0},{"x":3,"y":19,"hp":88,"w":1,"h":1,"t":0,"c":1,"e":-1,"r":0},{"x":5,"y":19,"hp":88,"w":1,"h":1,"t":0,"c":1,"e":-1,"r":0},{"x":2,"y":20,"hp":100,"w":1,"h":1,"t":0,"c":1,"e":-1,"r":0},{"x":3,"y":20,"hp":100,"w":1,"h":1,"t":2,"c":1,"e":-1,"r":0},{"x":5,"y":20,"hp":100,"w":1,"h":1,"t":0,"c":1,"e":-1,"r":0},{"x":1,"y":21,"hp":154,"w":1,"h":1,"t":0,"c":1,"e":-1,"r":0},{"x":2,"y":21,"hp":154,"w":1,"h":1,"t":0,"c":1,"e":-1,"r":0},{"x":3,"y":21,"hp":154,"w":1,"h":1,"t":1,"c":1,"e":-1,"r":3},{"x":5,"y":21,"hp":154,"w":1,"h":1,"t":0,"c":1,"e":-1,"r":0},{"x":2,"y":22,"hp":130,"w":1,"h":1,"t":0,"c":1,"e":-1,"r":0},{"x":5,"y":22,"hp":130,"w":1,"h":1,"t":0,"c":1,"e":-1,"r":0},{"x":1,"y":23,"hp":60,"w":1,"h":1,"t":0,"c":1,"e":-1,"r":0},{"x":2,"y":23,"hp":60,"w":1,"h":1,"t":0,"c":1,"e":-1,"r":0},{"x":3,"y":23,"hp":60,"w":1,"h":1,"t":0,"c":1,"e":-1,"r":0},{"x":4,"y":23,"hp":60,"w":1,"h":1,"t":0,"c":1,"e":-1,"r":0},{"x":5,"y":23,"hp":60,"w":1,"h":1,"t":0,"c":1,"e":-1,"r":0},{"x":2,"y":24,"hp":91,"w":1,"h":1,"t":4,"c":1,"e":-1,"r":0},{"x":3,"y":24,"hp":91,"w":1,"h":1,"t":0,"c":1,"e":-1,"r":0},{"x":5,"y":24,"hp":91,"w":1,"h":1,"t":0,"c":1,"e":-1,"r":0},{"x":1,"y":25,"hp":100,"w":1,"h":1,"t":0,"c":1,"e":-1,"r":0},{"x":2,"y":25,"hp":100,"w":1,"h":1,"t":0,"c":1,"e":-1,"r":0},{"x":3,"y":25,"hp":100,"w":1,"h":1,"t":0,"c":1,"e":-1,"r":0},{"x":5,"y":25,"hp":100,"w":1,"h":1,"t":0,"c":1,"e":-1,"r":0},{"x":1,"y":26,"hp":170,"w":1,"h":1,"t":0,"c":1,"e":-1,"r":0},{"x":2,"y":26,"hp":170,"w":1,"h":1,"t":0,"c":1,"e":-1,"r":0},{"x":3,"y":26,"hp":170,"w":1,"h":1,"t":0,"c":1,"e":-1,"r":0},{"x":5,"y":26,"hp":170,"w":1,"h":1,"t":0,"c":1,"e":-1,"r":0},{"x":8,"y":5,"hp":68,"w":1,"h":1,"t":0,"c":3,"e":-1,"r":0},{"x":6,"y":5,"hp":68,"w":1,"h":1,"t":0,"c":3,"e":-1,"r":0},{"x":8,"y":6,"hp":66,"w":1,"h":1,"t":0,"c":1,"e":-1,"r":0},{"x":6,"y":6,"hp":66,"w":1,"h":1,"t":0,"c":1,"e":-1,"r":0},{"x":8,"y":7,"hp":77,"w":1,"h":1,"t":0,"c":1,"e":-1,"r":0},{"x":6,"y":7,"hp":77,"w":1,"h":1,"t":0,"c":1,"e":-1,"r":0},{"x":8,"y":8,"hp":75,"w":1,"h":1,"t":0,"c":1,"e":-1,"r":0},{"x":10,"y":9,"hp":87,"w":1,"h":1,"t":5,"c":1,"e":-1,"r":0},{"x":8,"y":9,"hp":87,"w":1,"h":1,"t":0,"c":1,"e":-1,"r":0},{"x":7,"y":9,"hp":87,"w":1,"h":1,"t":5,"c":1,"e":-1,"r":0},{"x":6,"y":9,"hp":87,"w":1,"h":1,"t":0,"c":1,"e":-1,"r":0},{"x":10,"y":10,"hp":107,"w":1,"h":1,"t":0,"c":1,"e":-1,"r":0},{"x":8,"y":10,"hp":107,"w":1,"h":1,"t":0,"c":1,"e":-1,"r":0},{"x":6,"y":10,"hp":107,"w":1,"h":1,"t":0,"c":1,"e":-1,"r":0},{"x":6,"y":11,"hp":80,"w":1,"h":1,"t":0,"c":1,"e":-1,"r":0},{"x":10,"y":12,"hp":70,"w":1,"h":1,"t":0,"c":1,"e":-1,"r":0},{"x":9,"y":12,"hp":70,"w":1,"h":1,"t":0,"c":1,"e":-1,"r":0},{"x":8,"y":12,"hp":70,"w":1,"h":1,"t":0,"c":1,"e":-1,"r":0},{"x":7,"y":13,"hp":55,"w":1,"h":1,"t":1,"c":1,"e":-1,"r":1},{"x":9,"y":15,"hp":130,"w":1,"h":1,"t":0,"c":1,"e":-1,"r":0},{"x":8,"y":15,"hp":130,"w":1,"h":1,"t":0,"c":1,"e":-1,"r":0},{"x":8,"y":17,"hp":78,"w":1,"h":1,"t":0,"c":1,"e":-1,"r":0},{"x":7,"y":17,"hp":78,"w":1,"h":1,"t":0,"c":1,"e":-1,"r":0},{"x":6,"y":17,"hp":78,"w":1,"h":1,"t":0,"c":1,"e":7,"r":0},{"x":6,"y":18,"hp":137,"w":1,"h":1,"t":0,"c":1,"e":-1,"r":0},{"x":9,"y":19,"hp":88,"w":1,"h":1,"t":0,"c":1,"e":-1,"r":0},{"x":7,"y":19,"hp":88,"w":1,"h":1,"t":0,"c":1,"e":-1,"r":0},{"x":6,"y":19,"hp":88,"w":1,"h":1,"t":0,"c":1,"e":-1,"r":0},{"x":10,"y":20,"hp":100,"w":1,"h":1,"t":0,"c":1,"e":-1,"r":0},{"x":7,"y":20,"hp":100,"w":1,"h":1,"t":2,"c":1,"e":-1,"r":0},{"x":6,"y":20,"hp":100,"w":1,"h":1,"t":0,"c":1,"e":-1,"r":0},{"x":7,"y":21,"hp":154,"w":1,"h":1,"t":1,"c":1,"e":-1,"r":2},{"x":6,"y":21,"hp":154,"w":1,"h":1,"t":0,"c":1,"e":-1,"r":0},{"x":9,"y":23,"hp":60,"w":1,"h":1,"t":0,"c":1,"e":-1,"r":0},{"x":7,"y":23,"hp":60,"w":1,"h":1,"t":0,"c":1,"e":-1,"r":0},{"x":6,"y":23,"hp":60,"w":1,"h":1,"t":0,"c":1,"e":-1,"r":0},{"x":7,"y":24,"hp":91,"w":1,"h":1,"t":0,"c":1,"e":-1,"r":0},{"x":9,"y":25,"hp":100,"w":1,"h":1,"t":0,"c":1,"e":-1,"r":0},{"x":8,"y":25,"hp":100,"w":1,"h":1,"t":0,"c":1,"e":-1,"r":0},{"x":7,"y":25,"hp":100,"w":1,"h":1,"t":0,"c":1,"e":-1,"r":0},{"x":9,"y":26,"hp":170,"w":1,"h":1,"t":0,"c":1,"e":-1,"r":0},{"x":7,"y":26,"hp":170,"w":1,"h":1,"t":0,"c":1,"e":-1,"r":0},{"x":6,"y":12,"hp":70,"w":1,"h":1,"t":3,"c":1,"e":-1,"r":0},{"x":4,"y":12,"hp":70,"w":1,"h":1,"t":3,"c":1,"e":-1,"r":0},{"x":7,"y":10,"hp":107,"w":1,"h":1,"t":1,"c":1,"e":-1,"r":3},{"x":3,"y":10,"hp":107,"w":1,"h":1,"t":1,"c":1,"e":-1,"r":2},{"x":7,"y":8,"hp":75,"w":1,"h":1,"t":1,"c":1,"e":-1,"r":1},{"x":6,"y":26,"hp":170,"w":1,"h":1,"t":0,"c":1,"e":-1,"r":0},{"x":6,"y":25,"hp":100,"w":1,"h":1,"t":0,"c":1,"e":-1,"r":0},{"x":6,"y":24,"hp":91,"w":1,"h":1,"t":0,"c":1,"e":-1,"r":0},{"x":10,"y":24,"hp":91,"w":1,"h":1,"t":0,"c":1,"e":-1,"r":0},{"x":10,"y":21,"hp":154,"w":1,"h":1,"t":0,"c":1,"e":-1,"r":0},{"x":7,"y":22,"hp":130,"w":1,"h":1,"t":0,"c":1,"e":-1,"r":0},{"x":6,"y":22,"hp":130,"w":1,"h":1,"t":0,"c":1,"e":7,"r":0},{"x":7,"y":18,"hp":137,"w":1,"h":1,"t":0,"c":1,"e":-1,"r":0},{"x":2,"y":19,"hp":88,"w":1,"h":1,"t":0,"c":1,"e":-1,"r":0},{"x":9,"y":18,"hp":137,"w":1,"h":1,"t":0,"c":1,"e":-1,"r":0},{"x":9,"y":17,"hp":78,"w":1,"h":1,"t":0,"c":1,"e":-1,"r":0},{"x":4,"y":16,"hp":100,"w":1,"h":1,"t":0,"c":1,"e":-1,"r":0},{"x":6,"y":16,"hp":100,"w":1,"h":1,"t":0,"c":1,"e":-1,"r":0},{"x":1,"y":14,"hp":80,"w":1,"h":1,"t":0,"c":1,"e":-1,"r":0},{"x":2,"y":14,"hp":80,"w":1,"h":1,"t":0,"c":1,"e":-1,"r":0},{"x":4,"y":14,"hp":80,"w":1,"h":1,"t":0,"c":1,"e":-1,"r":0},{"x":6,"y":14,"hp":80,"w":1,"h":1,"t":0,"c":1,"e":-1,"r":0},{"x":8,"y":14,"hp":80,"w":1,"h":1,"t":0,"c":1,"e":-1,"r":0},{"x":6,"y":13,"hp":55,"w":1,"h":1,"t":0,"c":1,"e":-1,"r":0},{"x":4,"y":13,"hp":55,"w":1,"h":1,"t":0,"c":1,"e":-1,"r":0},{"x":7,"y":5,"hp":50,"w":1,"h":1,"t":0,"c":3,"e":-1,"r":0},{"x":7,"y":6,"hp":66,"w":1,"h":1,"t":0,"c":1,"e":-1,"r":0},{"x":7,"y":7,"hp":77,"w":1,"h":1,"t":0,"c":1,"e":-1,"r":0},{"x":9,"y":7,"hp":77,"w":1,"h":1,"t":0,"c":1,"e":9,"r":0},{"x":9,"y":6,"hp":66,"w":1,"h":1,"t":0,"c":1,"e":-1,"r":0},{"x":9,"y":5,"hp":50,"w":1,"h":1,"t":0,"c":3,"e":-1,"r":0},{"x":3,"y":7,"hp":77,"w":1,"h":1,"t":0,"c":1,"e":-1,"r":0},{"x":3,"y":6,"hp":66,"w":1,"h":1,"t":0,"c":1,"e":-1,"r":0},{"x":3,"y":5,"hp":50,"w":1,"h":1,"t":0,"c":3,"e":-1,"r":0},{"x":2,"y":5,"hp":50,"w":1,"h":1,"t":0,"c":3,"e":-1,"r":0},{"x":2,"y":6,"hp":66,"w":1,"h":1,"t":0,"c":1,"e":-1,"r":0},{"x":2,"y":7,"hp":77,"w":1,"h":1,"t":0,"c":1,"e":-1,"r":0},{"x":1,"y":7,"hp":77,"w":1,"h":1,"t":0,"c":1,"e":-1,"r":0},{"x":1,"y":6,"hp":66,"w":1,"h":1,"t":0,"c":1,"e":-1,"r":0},{"x":1,"y":5,"hp":50,"w":1,"h":1,"t":0,"c":3,"e":-1,"r":0},{"x":8,"y":13,"hp":55,"w":1,"h":1,"t":0,"c":1,"e":-1,"r":0},{"x":2,"y":13,"hp":55,"w":1,"h":1,"t":0,"c":1,"e":-1,"r":0}],"bu":[{"x":10,"y":15,"buff":1},{"x":9,"y":22,"buff":1},{"x":1,"y":20,"buff":1},{"x":0,"y":23,"buff":1},{"x":0,"y":25,"buff":1},{"x":9,"y":13,"buff":0},{"x":2,"y":12,"buff":5},{"x":10,"y":23,"buff":3},{"x":0,"y":14,"buff":1},{"x":10,"y":18,"buff":1},{"x":1,"y":17,"buff":1},{"x":0,"y":5,"buff":0},{"x":0,"y":6,"buff":0},{"x":0,"y":7,"buff":0},{"x":0,"y":11,"buff":0},{"x":0,"y":12,"buff":0}]}