{"l":277,"h":33,"w":11,"br":[{"x":5,"y":5,"hp":54,"w":1,"h":1,"t":0,"c":4,"e":-1,"r":0},{"x":1,"y":6,"hp":82,"w":1,"h":1,"t":0,"c":4,"e":-1,"r":0},{"x":2,"y":6,"hp":82,"w":1,"h":1,"t":0,"c":4,"e":-1,"r":0},{"x":4,"y":6,"hp":82,"w":1,"h":1,"t":0,"c":4,"e":-1,"r":0},{"x":4,"y":7,"hp":66,"w":1,"h":1,"t":0,"c":4,"e":-1,"r":0},{"x":4,"y":8,"hp":50,"w":1,"h":1,"t":0,"c":4,"e":-1,"r":0},{"x":4,"y":9,"hp":80,"w":1,"h":1,"t":0,"c":4,"e":-1,"r":0},{"x":4,"y":10,"hp":90,"w":1,"h":1,"t":0,"c":4,"e":7,"r":0},{"x":1,"y":11,"hp":61,"w":1,"h":1,"t":0,"c":4,"e":-1,"r":0},{"x":2,"y":11,"hp":61,"w":1,"h":1,"t":0,"c":4,"e":-1,"r":0},{"x":3,"y":11,"hp":61,"w":1,"h":1,"t":0,"c":4,"e":-1,"r":0},{"x":4,"y":11,"hp":61,"w":1,"h":1,"t":0,"c":4,"e":-1,"r":0},{"x":1,"y":12,"hp":48,"w":1,"h":1,"t":0,"c":4,"e":-1,"r":0},{"x":2,"y":13,"hp":46,"w":1,"h":1,"t":0,"c":4,"e":-1,"r":0},{"x":3,"y":14,"hp":66,"w":1,"h":1,"t":0,"c":4,"e":-1,"r":0},{"x":5,"y":14,"hp":66,"w":1,"h":1,"t":0,"c":4,"e":-1,"r":0},{"x":3,"y":15,"hp":100,"w":1,"h":1,"t":0,"c":4,"e":-1,"r":0},{"x":5,"y":15,"hp":100,"w":1,"h":1,"t":0,"c":4,"e":-1,"r":0},{"x":1,"y":16,"hp":73,"w":1,"h":1,"t":0,"c":4,"e":-1,"r":0},{"x":3,"y":16,"hp":73,"w":1,"h":1,"t":0,"c":4,"e":-1,"r":0},{"x":5,"y":16,"hp":73,"w":1,"h":1,"t":0,"c":4,"e":-1,"r":0},{"x":5,"y":17,"hp":150,"w":1,"h":1,"t":0,"c":4,"e":-1,"r":0},{"x":2,"y":18,"hp":127,"w":1,"h":1,"t":0,"c":4,"e":-1,"r":0},{"x":3,"y":18,"hp":127,"w":1,"h":1,"t":0,"c":4,"e":-1,"r":0},{"x":3,"y":19,"hp":100,"w":1,"h":1,"t":0,"c":4,"e":-1,"r":0},{"x":4,"y":19,"hp":100,"w":1,"h":1,"t":0,"c":4,"e":-1,"r":0},{"x":5,"y":19,"hp":100,"w":1,"h":1,"t":0,"c":4,"e":-1,"r":0},{"x":4,"y":20,"hp":100,"w":1,"h":1,"t":0,"c":4,"e":-1,"r":0},{"x":1,"y":21,"hp":80,"w":1,"h":1,"t":0,"c":4,"e":-1,"r":0},{"x":5,"y":21,"hp":80,"w":1,"h":1,"t":0,"c":4,"e":-1,"r":0},{"x":3,"y":22,"hp":131,"w":1,"h":1,"t":0,"c":4,"e":-1,"r":0},{"x":4,"y":22,"hp":131,"w":1,"h":1,"t":0,"c":4,"e":-1,"r":0},{"x":5,"y":22,"hp":131,"w":1,"h":1,"t":0,"c":4,"e":-1,"r":0},{"x":5,"y":23,"hp":132,"w":1,"h":1,"t":5,"c":4,"e":-1,"r":0},{"x":1,"y":24,"hp":74,"w":1,"h":1,"t":0,"c":4,"e":-1,"r":0},{"x":2,"y":24,"hp":74,"w":1,"h":1,"t":0,"c":4,"e":-1,"r":0},{"x":5,"y":24,"hp":74,"w":1,"h":1,"t":0,"c":4,"e":-1,"r":0},{"x":1,"y":25,"hp":100,"w":1,"h":1,"t":0,"c":4,"e":-1,"r":0},{"x":5,"y":25,"hp":100,"w":1,"h":1,"t":0,"c":4,"e":-1,"r":0},{"x":5,"y":26,"hp":77,"w":1,"h":1,"t":0,"c":4,"e":-1,"r":0},{"x":1,"y":28,"hp":100,"w":1,"h":1,"t":0,"c":4,"e":-1,"r":0},{"x":2,"y":28,"hp":100,"w":1,"h":1,"t":0,"c":4,"e":-1,"r":0},{"x":5,"y":28,"hp":100,"w":1,"h":1,"t":0,"c":4,"e":-1,"r":0},{"x":3,"y":29,"hp":92,"w":1,"h":1,"t":0,"c":4,"e":-1,"r":0},{"x":5,"y":29,"hp":92,"w":1,"h":1,"t":0,"c":4,"e":-1,"r":0},{"x":0,"y":30,"hp":107,"w":1,"h":1,"t":0,"c":4,"e":-1,"r":0},{"x":3,"y":30,"hp":107,"w":1,"h":1,"t":0,"c":4,"e":-1,"r":0},{"x":5,"y":30,"hp":107,"w":1,"h":1,"t":0,"c":4,"e":-1,"r":0},{"x":0,"y":31,"hp":200,"w":1,"h":1,"t":0,"c":4,"e":-1,"r":0},{"x":1,"y":31,"hp":200,"w":1,"h":1,"t":0,"c":4,"e":-1,"r":0},{"x":2,"y":31,"hp":200,"w":1,"h":1,"t":0,"c":4,"e":-1,"r":0},{"x":5,"y":31,"hp":200,"w":1,"h":1,"t":0,"c":4,"e":-1,"r":0},{"x":9,"y":6,"hp":82,"w":1,"h":1,"t":0,"c":4,"e":-1,"r":0},{"x":8,"y":6,"hp":82,"w":1,"h":1,"t":0,"c":4,"e":-1,"r":0},{"x":6,"y":6,"hp":82,"w":1,"h":1,"t":0,"c":4,"e":-1,"r":0},{"x":6,"y":7,"hp":66,"w":1,"h":1,"t":0,"c":4,"e":-1,"r":0},{"x":6,"y":8,"hp":50,"w":1,"h":1,"t":0,"c":4,"e":-1,"r":0},{"x":6,"y":9,"hp":80,"w":1,"h":1,"t":0,"c":4,"e":-1,"r":0},{"x":6,"y":10,"hp":90,"w":1,"h":1,"t":0,"c":4,"e":-1,"r":0},{"x":9,"y":11,"hp":61,"w":1,"h":1,"t":0,"c":4,"e":-1,"r":0},{"x":8,"y":11,"hp":61,"w":1,"h":1,"t":0,"c":4,"e":-1,"r":0},{"x":7,"y":11,"hp":61,"w":1,"h":1,"t":0,"c":4,"e":-1,"r":0},{"x":6,"y":11,"hp":61,"w":1,"h":1,"t":0,"c":4,"e":-1,"r":0},{"x":9,"y":12,"hp":48,"w":1,"h":1,"t":0,"c":4,"e":-1,"r":0},{"x":8,"y":13,"hp":46,"w":1,"h":1,"t":0,"c":4,"e":-1,"r":0},{"x":9,"y":14,"hp":66,"w":1,"h":1,"t":0,"c":4,"e":-1,"r":0},{"x":7,"y":14,"hp":66,"w":1,"h":1,"t":0,"c":4,"e":-1,"r":0},{"x":8,"y":15,"hp":100,"w":1,"h":1,"t":0,"c":4,"e":-1,"r":0},{"x":7,"y":15,"hp":100,"w":1,"h":1,"t":0,"c":4,"e":-1,"r":0},{"x":10,"y":16,"hp":73,"w":1,"h":1,"t":0,"c":4,"e":-1,"r":0},{"x":7,"y":16,"hp":73,"w":1,"h":1,"t":0,"c":4,"e":-1,"r":0},{"x":10,"y":17,"hp":150,"w":1,"h":1,"t":0,"c":4,"e":-1,"r":0},{"x":8,"y":18,"hp":127,"w":1,"h":1,"t":0,"c":4,"e":-1,"r":0},{"x":7,"y":18,"hp":127,"w":1,"h":1,"t":0,"c":4,"e":-1,"r":0},{"x":10,"y":19,"hp":100,"w":1,"h":1,"t":0,"c":4,"e":-1,"r":0},{"x":9,"y":19,"hp":100,"w":1,"h":1,"t":0,"c":4,"e":-1,"r":0},{"x":7,"y":19,"hp":100,"w":1,"h":1,"t":0,"c":4,"e":-1,"r":0},{"x":6,"y":19,"hp":100,"w":1,"h":1,"t":0,"c":4,"e":-1,"r":0},{"x":6,"y":20,"hp":100,"w":1,"h":1,"t":0,"c":4,"e":-1,"r":0},{"x":8,"y":23,"hp":132,"w":1,"h":1,"t":0,"c":4,"e":-1,"r":0},{"x":7,"y":23,"hp":132,"w":1,"h":1,"t":0,"c":4,"e":-1,"r":0},{"x":6,"y":23,"hp":132,"w":1,"h":1,"t":0,"c":4,"e":-1,"r":0},{"x":8,"y":24,"hp":74,"w":1,"h":1,"t":0,"c":4,"e":-1,"r":0},{"x":6,"y":24,"hp":74,"w":1,"h":1,"t":0,"c":4,"e":-1,"r":0},{"x":8,"y":26,"hp":77,"w":1,"h":1,"t":1,"c":4,"e":-1,"r":0},{"x":7,"y":26,"hp":77,"w":1,"h":1,"t":0,"c":4,"e":-1,"r":0},{"x":6,"y":26,"hp":77,"w":1,"h":1,"t":0,"c":4,"e":-1,"r":0},{"x":10,"y":27,"hp":120,"w":1,"h":1,"t":0,"c":4,"e":-1,"r":0},{"x":10,"y":28,"hp":100,"w":1,"h":1,"t":0,"c":4,"e":-1,"r":0},{"x":9,"y":28,"hp":100,"w":1,"h":1,"t":0,"c":4,"e":-1,"r":0},{"x":8,"y":28,"hp":100,"w":1,"h":1,"t":0,"c":4,"e":-1,"r":0},{"x":7,"y":29,"hp":92,"w":1,"h":1,"t":0,"c":4,"e":-1,"r":0},{"x":8,"y":30,"hp":107,"w":1,"h":1,"t":0,"c":4,"e":-1,"r":0},{"x":7,"y":30,"hp":107,"w":1,"h":1,"t":0,"c":4,"e":-1,"r":0},{"x":10,"y":31,"hp":200,"w":1,"h":1,"t":0,"c":4,"e":-1,"r":0},{"x":9,"y":31,"hp":200,"w":1,"h":1,"t":0,"c":4,"e":-1,"r":0},{"x":8,"y":31,"hp":200,"w":1,"h":1,"t":0,"c":4,"e":-1,"r":0},{"x":8,"y":12,"hp":50,"w":1,"h":1,"t":5,"c":4,"e":-1,"r":0},{"x":2,"y":12,"hp":50,"w":1,"h":1,"t":5,"c":4,"e":-1,"r":0},{"x":1,"y":18,"hp":127,"w":1,"h":1,"t":5,"c":4,"e":-1,"r":0},{"x":3,"y":13,"hp":50,"w":1,"h":1,"t":4,"c":4,"e":-1,"r":0},{"x":7,"y":13,"hp":50,"w":1,"h":1,"t":4,"c":4,"e":-1,"r":0},{"x":7,"y":20,"hp":100,"w":1,"h":1,"t":4,"c":4,"e":-1,"r":0},{"x":3,"y":20,"hp":100,"w":1,"h":1,"t":4,"c":4,"e":-1,"r":0},{"x":3,"y":31,"hp":200,"w":1,"h":1,"t":4,"c":4,"e":-1,"r":0},{"x":7,"y":31,"hp":200,"w":1,"h":1,"t":4,"c":4,"e":-1,"r":0},{"x":4,"y":29,"hp":92,"w":1,"h":1,"t":3,"c":4,"e":-1,"r":0},{"x":6,"y":29,"hp":92,"w":1,"h":1,"t":3,"c":4,"e":-1,"r":0},{"x":9,"y":29,"hp":92,"w":1,"h":1,"t":1,"c":4,"e":-1,"r":1},{"x":2,"y":26,"hp":77,"w":1,"h":1,"t":1,"c":4,"e":-1,"r":1},{"x":5,"y":20,"hp":100,"w":1,"h":1,"t":2,"c":4,"e":-1,"r":0},{"x":2,"y":21,"hp":80,"w":1,"h":1,"t":2,"c":4,"e":-1,"r":1},{"x":6,"y":31,"hp":200,"w":1,"h":1,"t":1,"c":4,"e":-1,"r":1},{"x":8,"y":21,"hp":80,"w":1,"h":1,"t":2,"c":4,"e":-1,"r":3},{"x":4,"y":14,"hp":66,"w":1,"h":1,"t":3,"c":4,"e":-1,"r":0},{"x":6,"y":14,"hp":66,"w":1,"h":1,"t":3,"c":4,"e":-1,"r":0},{"x":3,"y":12,"hp":50,"w":1,"h":1,"t":1,"c":4,"e":-1,"r":3},{"x":7,"y":12,"hp":50,"w":1,"h":1,"t":1,"c":4,"e":-1,"r":2},{"x":4,"y":28,"hp":100,"w":1,"h":1,"t":0,"c":4,"e":-1,"r":0},{"x":3,"y":28,"hp":100,"w":1,"h":1,"t":0,"c":4,"e":-1,"r":0},{"x":2,"y":29,"hp":92,"w":1,"h":1,"t":0,"c":4,"e":-1,"r":0},{"x":2,"y":25,"hp":100,"w":1,"h":1,"t":0,"c":4,"e":-1,"r":0},{"x":3,"y":25,"hp":100,"w":1,"h":1,"t":0,"c":4,"e":-1,"r":0},{"x":4,"y":25,"hp":100,"w":1,"h":1,"t":0,"c":4,"e":-1,"r":0},{"x":4,"y":26,"hp":77,"w":1,"h":1,"t":0,"c":4,"e":-1,"r":0},{"x":3,"y":26,"hp":77,"w":1,"h":1,"t":0,"c":4,"e":-1,"r":0},{"x":3,"y":27,"hp":120,"w":1,"h":1,"t":0,"c":4,"e":-1,"r":0},{"x":2,"y":27,"hp":120,"w":1,"h":1,"t":0,"c":4,"e":-1,"r":0},{"x":1,"y":27,"hp":120,"w":1,"h":1,"t":0,"c":4,"e":-1,"r":0},{"x":10,"y":8,"hp":50,"w":1,"h":1,"t":0,"c":4,"e":-1,"r":0},{"x":0,"y":8,"hp":50,"w":1,"h":1,"t":0,"c":4,"e":-1,"r":0},{"x":10,"y":14,"hp":66,"w":1,"h":1,"t":0,"c":4,"e":-1,"r":0},{"x":8,"y":14,"hp":66,"w":1,"h":1,"t":0,"c":4,"e":-1,"r":0},{"x":6,"y":16,"hp":73,"w":1,"h":1,"t":0,"c":4,"e":-1,"r":0},{"x":4,"y":16,"hp":73,"w":1,"h":1,"t":0,"c":4,"e":-1,"r":0},{"x":8,"y":16,"hp":73,"w":1,"h":1,"t":0,"c":4,"e":-1,"r":0},{"x":4,"y":15,"hp":100,"w":1,"h":1,"t":0,"c":4,"e":-1,"r":0},{"x":6,"y":15,"hp":100,"w":1,"h":1,"t":0,"c":4,"e":-1,"r":0},{"x":7,"y":17,"hp":150,"w":1,"h":1,"t":0,"c":4,"e":7,"r":0},{"x":6,"y":17,"hp":150,"w":1,"h":1,"t":0,"c":4,"e":-1,"r":0},{"x":6,"y":21,"hp":80,"w":1,"h":1,"t":0,"c":4,"e":-1,"r":0},{"x":4,"y":21,"hp":80,"w":1,"h":1,"t":0,"c":4,"e":-1,"r":0},{"x":3,"y":21,"hp":80,"w":1,"h":1,"t":0,"c":4,"e":-1,"r":0},{"x":7,"y":21,"hp":80,"w":1,"h":1,"t":0,"c":4,"e":-1,"r":0},{"x":3,"y":24,"hp":74,"w":1,"h":1,"t":0,"c":4,"e":-1,"r":0},{"x":4,"y":24,"hp":74,"w":1,"h":1,"t":0,"c":4,"e":-1,"r":0},{"x":4,"y":23,"hp":132,"w":1,"h":1,"t":0,"c":4,"e":-1,"r":0},{"x":3,"y":23,"hp":132,"w":1,"h":1,"t":0,"c":4,"e":-1,"r":0},{"x":7,"y":10,"hp":50,"w":1,"h":1,"t":1,"c":4,"e":-1,"r":3},{"x":3,"y":10,"hp":50,"w":1,"h":1,"t":1,"c":4,"e":-1,"r":2},{"x":1,"y":10,"hp":50,"w":1,"h":1,"t":1,"c":4,"e":-1,"r":2},{"x":9,"y":10,"hp":50,"w":1,"h":1,"t":1,"c":4,"e":-1,"r":3},{"x":8,"y":10,"hp":50,"w":1,"h":1,"t":1,"c":4,"e":-1,"r":2},{"x":2,"y":10,"hp":50,"w":1,"h":1,"t":1,"c":4,"e":-1,"r":3},{"x":9,"y":13,"hp":50,"w":1,"h":1,"t":1,"c":4,"e":-1,"r":0},{"x":1,"y":13,"hp":50,"w":1,"h":1,"t":1,"c":4,"e":-1,"r":1},{"x":10,"y":6,"hp":82,"w":1,"h":1,"t":0,"c":4,"e":-1,"r":0},{"x":10,"y":7,"hp":66,"w":1,"h":1,"t":0,"c":4,"e":-1,"r":0},{"x":0,"y":6,"hp":82,"w":1,"h":1,"t":0,"c":4,"e":-1,"r":0},{"x":0,"y":7,"hp":66,"w":1,"h":1,"t":0,"c":4,"e":-1,"r":0},{"x":9,"y":8,"hp":50,"w":1,"h":1,"t":0,"c":4,"e":-1,"r":0},{"x":9,"y":7,"hp":66,"w":1,"h":1,"t":0,"c":4,"e":-1,"r":0},{"x":8,"y":7,"hp":66,"w":1,"h":1,"t":0,"c":4,"e":-1,"r":0},{"x":1,"y":8,"hp":50,"w":1,"h":1,"t":0,"c":4,"e":-1,"r":0},{"x":1,"y":7,"hp":66,"w":1,"h":1,"t":0,"c":4,"e":-1,"r":0},{"x":2,"y":7,"hp":66,"w":1,"h":1,"t":0,"c":4,"e":-1,"r":0},{"x":5,"y":6,"hp":72,"w":1,"h":1,"t":4,"c":2,"e":-1,"r":0},{"x":5,"y":7,"hp":62,"w":1,"h":1,"t":4,"c":2,"e":-1,"r":0},{"x":5,"y":8,"hp":52,"w":1,"h":1,"t":4,"c":2,"e":-1,"r":0},{"x":5,"y":9,"hp":52,"w":1,"h":1,"t":4,"c":2,"e":-1,"r":0},{"x":5,"y":10,"hp":52,"w":1,"h":1,"t":4,"c":2,"e":-1,"r":0},{"x":5,"y":11,"hp":52,"w":1,"h":1,"t":4,"c":2,"e":-1,"r":0}],"bu":[{"x":10,"y":12,"buff":1},{"x":0,"y":12,"buff":1},{"x":2,"y":14,"buff":1},{"x":0,"y":21,"buff":1},{"x":9,"y":24,"buff":1},{"x":9,"y":27,"buff":1},{"x":4,"y":32,"buff":1},{"x":8,"y":32,"buff":0},{"x":6,"y":28,"buff":0},{"x":8,"y":19,"buff":0},{"x":4,"y":17,"buff":0},{"x":10,"y":10,"buff":0},{"x":4,"y":12,"buff":8},{"x":6,"y":12,"buff":8},{"x":6,"y":25,"buff":5},{"x":0,"y":29,"buff":3},{"x":10,"y":20,"buff":3},{"x":7,"y":8,"buff":1},{"x":3,"y":8,"buff":1},{"x":3,"y":6,"buff":1},{"x":7,"y":6,"buff":1},{"x":8,"y":9,"buff":5}]}