{"l":238,"h":34,"w":11,"br":[{"x":3,"y":5,"hp":56,"w":1,"h":1,"t":0,"c":5,"e":-1,"r":0},{"x":4,"y":5,"hp":56,"w":1,"h":1,"t":0,"c":5,"e":-1,"r":0},{"x":5,"y":5,"hp":56,"w":1,"h":1,"t":0,"c":5,"e":-1,"r":0},{"x":2,"y":6,"hp":70,"w":1,"h":1,"t":0,"c":5,"e":-1,"r":0},{"x":4,"y":6,"hp":70,"w":1,"h":1,"t":0,"c":5,"e":-1,"r":0},{"x":5,"y":6,"hp":70,"w":1,"h":1,"t":0,"c":5,"e":-1,"r":0},{"x":2,"y":7,"hp":60,"w":1,"h":1,"t":0,"c":5,"e":4,"r":0},{"x":4,"y":7,"hp":60,"w":1,"h":1,"t":0,"c":5,"e":-1,"r":0},{"x":5,"y":7,"hp":60,"w":1,"h":1,"t":0,"c":5,"e":-1,"r":0},{"x":0,"y":8,"hp":54,"w":1,"h":1,"t":1,"c":5,"e":-1,"r":0},{"x":2,"y":8,"hp":54,"w":1,"h":1,"t":0,"c":5,"e":-1,"r":0},{"x":4,"y":8,"hp":54,"w":1,"h":1,"t":0,"c":5,"e":-1,"r":0},{"x":5,"y":8,"hp":54,"w":1,"h":1,"t":0,"c":5,"e":-1,"r":0},{"x":2,"y":9,"hp":116,"w":1,"h":1,"t":0,"c":5,"e":-1,"r":0},{"x":4,"y":9,"hp":116,"w":1,"h":1,"t":0,"c":5,"e":-1,"r":0},{"x":5,"y":9,"hp":116,"w":1,"h":1,"t":0,"c":5,"e":-1,"r":0},{"x":0,"y":10,"hp":77,"w":1,"h":1,"t":0,"c":4,"e":-1,"r":0},{"x":4,"y":10,"hp":77,"w":1,"h":1,"t":0,"c":4,"e":-1,"r":0},{"x":5,"y":10,"hp":77,"w":1,"h":1,"t":3,"c":4,"e":-1,"r":0},{"x":0,"y":11,"hp":100,"w":1,"h":1,"t":0,"c":3,"e":-1,"r":0},{"x":1,"y":11,"hp":100,"w":1,"h":1,"t":0,"c":3,"e":-1,"r":0},{"x":5,"y":11,"hp":100,"w":1,"h":1,"t":0,"c":3,"e":-1,"r":0},{"x":1,"y":12,"hp":122,"w":1,"h":1,"t":0,"c":2,"e":-1,"r":0},{"x":2,"y":12,"hp":122,"w":1,"h":1,"t":5,"c":2,"e":-1,"r":0},{"x":3,"y":12,"hp":122,"w":1,"h":1,"t":0,"c":2,"e":-1,"r":0},{"x":5,"y":12,"hp":122,"w":1,"h":1,"t":0,"c":2,"e":-1,"r":0},{"x":2,"y":13,"hp":58,"w":1,"h":1,"t":0,"c":3,"e":-1,"r":0},{"x":3,"y":13,"hp":58,"w":1,"h":1,"t":0,"c":3,"e":-1,"r":0},{"x":4,"y":13,"hp":58,"w":1,"h":1,"t":0,"c":3,"e":-1,"r":0},{"x":5,"y":13,"hp":58,"w":1,"h":1,"t":0,"c":3,"e":-1,"r":0},{"x":0,"y":14,"hp":65,"w":1,"h":1,"t":0,"c":4,"e":-1,"r":0},{"x":4,"y":14,"hp":65,"w":1,"h":1,"t":0,"c":4,"e":-1,"r":0},{"x":5,"y":14,"hp":65,"w":1,"h":1,"t":0,"c":4,"e":-1,"r":0},{"x":0,"y":15,"hp":77,"w":1,"h":1,"t":0,"c":5,"e":-1,"r":0},{"x":1,"y":15,"hp":77,"w":1,"h":1,"t":0,"c":5,"e":-1,"r":0},{"x":3,"y":15,"hp":77,"w":1,"h":1,"t":0,"c":5,"e":-1,"r":0},{"x":4,"y":15,"hp":77,"w":1,"h":1,"t":0,"c":5,"e":-1,"r":0},{"x":5,"y":15,"hp":77,"w":1,"h":1,"t":0,"c":5,"e":-1,"r":0},{"x":0,"y":16,"hp":47,"w":1,"h":1,"t":0,"c":5,"e":-1,"r":0},{"x":1,"y":16,"hp":47,"w":1,"h":1,"t":1,"c":5,"e":-1,"r":0},{"x":3,"y":16,"hp":47,"w":1,"h":1,"t":0,"c":5,"e":-1,"r":0},{"x":4,"y":16,"hp":47,"w":1,"h":1,"t":0,"c":5,"e":-1,"r":0},{"x":5,"y":16,"hp":47,"w":1,"h":1,"t":0,"c":5,"e":-1,"r":0},{"x":0,"y":17,"hp":60,"w":1,"h":1,"t":0,"c":5,"e":-1,"r":0},{"x":1,"y":17,"hp":60,"w":1,"h":1,"t":0,"c":5,"e":-1,"r":0},{"x":3,"y":17,"hp":60,"w":1,"h":1,"t":0,"c":5,"e":-1,"r":0},{"x":4,"y":17,"hp":60,"w":1,"h":1,"t":4,"c":5,"e":-1,"r":0},{"x":5,"y":17,"hp":60,"w":1,"h":1,"t":0,"c":5,"e":-1,"r":0},{"x":0,"y":18,"hp":117,"w":1,"h":1,"t":1,"c":5,"e":-1,"r":3},{"x":2,"y":18,"hp":117,"w":1,"h":1,"t":0,"c":5,"e":-1,"r":0},{"x":4,"y":18,"hp":117,"w":1,"h":1,"t":0,"c":5,"e":-1,"r":0},{"x":5,"y":18,"hp":117,"w":1,"h":1,"t":0,"c":5,"e":-1,"r":0},{"x":0,"y":19,"hp":88,"w":1,"h":1,"t":0,"c":5,"e":-1,"r":0},{"x":2,"y":19,"hp":88,"w":1,"h":1,"t":0,"c":5,"e":-1,"r":0},{"x":4,"y":19,"hp":88,"w":1,"h":1,"t":0,"c":5,"e":4,"r":0},{"x":5,"y":19,"hp":88,"w":1,"h":1,"t":0,"c":5,"e":-1,"r":0},{"x":0,"y":20,"hp":90,"w":1,"h":1,"t":0,"c":5,"e":-1,"r":0},{"x":1,"y":20,"hp":90,"w":1,"h":1,"t":0,"c":5,"e":-1,"r":0},{"x":2,"y":20,"hp":90,"w":1,"h":1,"t":0,"c":5,"e":-1,"r":0},{"x":5,"y":20,"hp":90,"w":1,"h":1,"t":0,"c":5,"e":-1,"r":0},{"x":5,"y":21,"hp":80,"w":1,"h":1,"t":0,"c":5,"e":-1,"r":0},{"x":3,"y":22,"hp":141,"w":1,"h":1,"t":0,"c":5,"e":-1,"r":0},{"x":4,"y":22,"hp":141,"w":1,"h":1,"t":1,"c":5,"e":-1,"r":2},{"x":5,"y":22,"hp":141,"w":1,"h":1,"t":0,"c":5,"e":-1,"r":0},{"x":0,"y":23,"hp":76,"w":1,"h":1,"t":0,"c":5,"e":4,"r":0},{"x":2,"y":23,"hp":76,"w":1,"h":1,"t":0,"c":5,"e":-1,"r":0},{"x":3,"y":23,"hp":76,"w":1,"h":1,"t":0,"c":5,"e":-1,"r":0},{"x":5,"y":23,"hp":76,"w":1,"h":1,"t":0,"c":5,"e":-1,"r":0},{"x":1,"y":24,"hp":163,"w":1,"h":1,"t":0,"c":5,"e":-1,"r":0},{"x":3,"y":24,"hp":163,"w":1,"h":1,"t":0,"c":5,"e":-1,"r":0},{"x":1,"y":25,"hp":100,"w":1,"h":1,"t":0,"c":5,"e":-1,"r":0},{"x":2,"y":25,"hp":100,"w":1,"h":1,"t":0,"c":5,"e":-1,"r":0},{"x":4,"y":25,"hp":100,"w":1,"h":1,"t":0,"c":5,"e":-1,"r":0},{"x":5,"y":25,"hp":100,"w":1,"h":1,"t":0,"c":5,"e":-1,"r":0},{"x":0,"y":26,"hp":77,"w":1,"h":1,"t":0,"c":5,"e":-1,"r":0},{"x":2,"y":26,"hp":77,"w":1,"h":1,"t":0,"c":5,"e":-1,"r":0},{"x":5,"y":26,"hp":77,"w":1,"h":1,"t":0,"c":5,"e":-1,"r":0},{"x":3,"y":27,"hp":100,"w":1,"h":1,"t":0,"c":5,"e":-1,"r":0},{"x":4,"y":27,"hp":100,"w":1,"h":1,"t":0,"c":5,"e":-1,"r":0},{"x":5,"y":27,"hp":100,"w":1,"h":1,"t":0,"c":5,"e":-1,"r":0},{"x":1,"y":28,"hp":80,"w":1,"h":1,"t":0,"c":5,"e":-1,"r":0},{"x":2,"y":28,"hp":80,"w":1,"h":1,"t":0,"c":5,"e":-1,"r":0},{"x":3,"y":28,"hp":80,"w":1,"h":1,"t":0,"c":5,"e":-1,"r":0},{"x":4,"y":28,"hp":80,"w":1,"h":1,"t":2,"c":5,"e":-1,"r":3},{"x":5,"y":28,"hp":80,"w":1,"h":1,"t":0,"c":5,"e":-1,"r":0},{"x":3,"y":29,"hp":92,"w":1,"h":1,"t":0,"c":5,"e":-1,"r":0},{"x":4,"y":29,"hp":92,"w":1,"h":1,"t":0,"c":5,"e":-1,"r":0},{"x":5,"y":29,"hp":92,"w":1,"h":1,"t":0,"c":5,"e":-1,"r":0},{"x":0,"y":30,"hp":107,"w":1,"h":1,"t":0,"c":5,"e":-1,"r":0},{"x":1,"y":30,"hp":107,"w":1,"h":1,"t":0,"c":5,"e":-1,"r":0},{"x":4,"y":30,"hp":107,"w":1,"h":1,"t":0,"c":5,"e":-1,"r":0},{"x":5,"y":30,"hp":107,"w":1,"h":1,"t":0,"c":5,"e":-1,"r":0},{"x":0,"y":31,"hp":77,"w":1,"h":1,"t":0,"c":5,"e":-1,"r":0},{"x":1,"y":31,"hp":77,"w":1,"h":1,"t":0,"c":5,"e":-1,"r":0},{"x":2,"y":31,"hp":77,"w":1,"h":1,"t":0,"c":5,"e":-1,"r":0},{"x":3,"y":31,"hp":77,"w":1,"h":1,"t":0,"c":5,"e":-1,"r":0},{"x":4,"y":31,"hp":77,"w":1,"h":1,"t":0,"c":5,"e":-1,"r":0},{"x":5,"y":31,"hp":77,"w":1,"h":1,"t":0,"c":5,"e":-1,"r":0},{"x":1,"y":32,"hp":137,"w":1,"h":1,"t":0,"c":5,"e":-1,"r":0},{"x":2,"y":32,"hp":137,"w":1,"h":1,"t":0,"c":5,"e":-1,"r":0},{"x":4,"y":32,"hp":137,"w":1,"h":1,"t":0,"c":5,"e":-1,"r":0},{"x":5,"y":32,"hp":137,"w":1,"h":1,"t":0,"c":5,"e":-1,"r":0},{"x":7,"y":5,"hp":56,"w":1,"h":1,"t":0,"c":5,"e":-1,"r":0},{"x":6,"y":5,"hp":56,"w":1,"h":1,"t":0,"c":5,"e":-1,"r":0},{"x":8,"y":6,"hp":70,"w":1,"h":1,"t":0,"c":5,"e":-1,"r":0},{"x":6,"y":6,"hp":70,"w":1,"h":1,"t":0,"c":5,"e":-1,"r":0},{"x":8,"y":7,"hp":60,"w":1,"h":1,"t":0,"c":5,"e":4,"r":0},{"x":6,"y":7,"hp":60,"w":1,"h":1,"t":0,"c":5,"e":-1,"r":0},{"x":10,"y":8,"hp":54,"w":1,"h":1,"t":1,"c":5,"e":-1,"r":1},{"x":8,"y":8,"hp":54,"w":1,"h":1,"t":0,"c":5,"e":-1,"r":0},{"x":6,"y":8,"hp":54,"w":1,"h":1,"t":0,"c":5,"e":-1,"r":0},{"x":8,"y":9,"hp":116,"w":1,"h":1,"t":0,"c":5,"e":9,"r":0},{"x":6,"y":9,"hp":116,"w":1,"h":1,"t":0,"c":5,"e":-1,"r":0},{"x":10,"y":10,"hp":77,"w":1,"h":1,"t":0,"c":4,"e":-1,"r":0},{"x":6,"y":10,"hp":77,"w":1,"h":1,"t":0,"c":4,"e":-1,"r":0},{"x":10,"y":11,"hp":100,"w":1,"h":1,"t":0,"c":3,"e":-1,"r":0},{"x":9,"y":11,"hp":100,"w":1,"h":1,"t":0,"c":3,"e":-1,"r":0},{"x":9,"y":12,"hp":122,"w":1,"h":1,"t":0,"c":2,"e":-1,"r":0},{"x":8,"y":12,"hp":122,"w":1,"h":1,"t":5,"c":2,"e":-1,"r":0},{"x":7,"y":12,"hp":122,"w":1,"h":1,"t":0,"c":2,"e":-1,"r":0},{"x":8,"y":13,"hp":58,"w":1,"h":1,"t":0,"c":3,"e":-1,"r":0},{"x":7,"y":13,"hp":58,"w":1,"h":1,"t":0,"c":3,"e":-1,"r":0},{"x":6,"y":13,"hp":58,"w":1,"h":1,"t":0,"c":3,"e":4,"r":0},{"x":6,"y":14,"hp":65,"w":1,"h":1,"t":0,"c":4,"e":-1,"r":0},{"x":7,"y":15,"hp":77,"w":1,"h":1,"t":0,"c":5,"e":-1,"r":0},{"x":6,"y":15,"hp":77,"w":1,"h":1,"t":0,"c":5,"e":-1,"r":0},{"x":7,"y":16,"hp":47,"w":1,"h":1,"t":0,"c":5,"e":1,"r":0},{"x":6,"y":16,"hp":47,"w":1,"h":1,"t":0,"c":5,"e":-1,"r":0},{"x":7,"y":17,"hp":60,"w":1,"h":1,"t":0,"c":5,"e":-1,"r":0},{"x":6,"y":17,"hp":60,"w":1,"h":1,"t":4,"c":5,"e":-1,"r":0},{"x":10,"y":18,"hp":117,"w":1,"h":1,"t":1,"c":5,"e":-1,"r":2},{"x":8,"y":18,"hp":117,"w":1,"h":1,"t":0,"c":5,"e":-1,"r":0},{"x":6,"y":18,"hp":117,"w":1,"h":1,"t":0,"c":5,"e":-1,"r":0},{"x":10,"y":19,"hp":88,"w":1,"h":1,"t":0,"c":5,"e":-1,"r":0},{"x":8,"y":19,"hp":88,"w":1,"h":1,"t":0,"c":5,"e":-1,"r":0},{"x":7,"y":19,"hp":88,"w":1,"h":1,"t":0,"c":5,"e":-1,"r":0},{"x":6,"y":19,"hp":88,"w":1,"h":1,"t":0,"c":5,"e":-1,"r":0},{"x":10,"y":20,"hp":90,"w":1,"h":1,"t":0,"c":5,"e":-1,"r":0},{"x":8,"y":20,"hp":90,"w":1,"h":1,"t":0,"c":5,"e":-1,"r":0},{"x":7,"y":20,"hp":90,"w":1,"h":1,"t":0,"c":5,"e":-1,"r":0},{"x":10,"y":21,"hp":80,"w":1,"h":1,"t":0,"c":5,"e":-1,"r":0},{"x":9,"y":21,"hp":80,"w":1,"h":1,"t":0,"c":5,"e":-1,"r":0},{"x":7,"y":21,"hp":80,"w":1,"h":1,"t":0,"c":5,"e":-1,"r":0},{"x":7,"y":22,"hp":141,"w":1,"h":1,"t":0,"c":5,"e":-1,"r":0},{"x":10,"y":23,"hp":76,"w":1,"h":1,"t":0,"c":5,"e":4,"r":0},{"x":8,"y":23,"hp":76,"w":1,"h":1,"t":0,"c":5,"e":-1,"r":0},{"x":7,"y":23,"hp":76,"w":1,"h":1,"t":0,"c":5,"e":-1,"r":0},{"x":10,"y":24,"hp":163,"w":1,"h":1,"t":0,"c":5,"e":-1,"r":0},{"x":7,"y":24,"hp":163,"w":1,"h":1,"t":0,"c":5,"e":-1,"r":0},{"x":10,"y":25,"hp":100,"w":1,"h":1,"t":0,"c":5,"e":-1,"r":0},{"x":8,"y":25,"hp":100,"w":1,"h":1,"t":0,"c":5,"e":-1,"r":0},{"x":7,"y":25,"hp":100,"w":1,"h":1,"t":3,"c":5,"e":-1,"r":0},{"x":6,"y":25,"hp":100,"w":1,"h":1,"t":0,"c":5,"e":-1,"r":0},{"x":10,"y":26,"hp":77,"w":1,"h":1,"t":0,"c":5,"e":-1,"r":0},{"x":8,"y":26,"hp":77,"w":1,"h":1,"t":0,"c":5,"e":-1,"r":0},{"x":7,"y":27,"hp":100,"w":1,"h":1,"t":0,"c":5,"e":4,"r":0},{"x":6,"y":27,"hp":100,"w":1,"h":1,"t":0,"c":5,"e":-1,"r":0},{"x":7,"y":28,"hp":80,"w":1,"h":1,"t":0,"c":5,"e":-1,"r":0},{"x":6,"y":28,"hp":80,"w":1,"h":1,"t":2,"c":5,"e":-1,"r":1},{"x":7,"y":29,"hp":92,"w":1,"h":1,"t":0,"c":5,"e":-1,"r":0},{"x":6,"y":29,"hp":92,"w":1,"h":1,"t":0,"c":5,"e":-1,"r":0},{"x":6,"y":30,"hp":107,"w":1,"h":1,"t":0,"c":5,"e":4,"r":0},{"x":9,"y":31,"hp":77,"w":1,"h":1,"t":0,"c":5,"e":-1,"r":0},{"x":8,"y":31,"hp":77,"w":1,"h":1,"t":0,"c":5,"e":-1,"r":0},{"x":7,"y":31,"hp":77,"w":1,"h":1,"t":0,"c":5,"e":-1,"r":0},{"x":6,"y":31,"hp":77,"w":1,"h":1,"t":0,"c":5,"e":-1,"r":0},{"x":9,"y":32,"hp":137,"w":1,"h":1,"t":0,"c":5,"e":-1,"r":0},{"x":8,"y":32,"hp":137,"w":1,"h":1,"t":0,"c":5,"e":-1,"r":0},{"x":6,"y":32,"hp":137,"w":1,"h":1,"t":0,"c":5,"e":-1,"r":0},{"x":4,"y":20,"hp":90,"w":1,"h":1,"t":0,"c":5,"e":-1,"r":0},{"x":6,"y":20,"hp":90,"w":1,"h":1,"t":0,"c":5,"e":-1,"r":0},{"x":4,"y":23,"hp":60,"w":1,"h":1,"t":0,"c":5,"e":-1,"r":0},{"x":4,"y":24,"hp":163,"w":1,"h":1,"t":0,"c":5,"e":2,"r":0},{"x":5,"y":24,"hp":163,"w":1,"h":1,"t":0,"c":5,"e":-1,"r":0},{"x":6,"y":24,"hp":163,"w":1,"h":1,"t":0,"c":5,"e":-1,"r":0},{"x":6,"y":23,"hp":60,"w":1,"h":1,"t":0,"c":5,"e":-1,"r":0},{"x":8,"y":24,"hp":163,"w":1,"h":1,"t":0,"c":5,"e":-1,"r":0},{"x":7,"y":32,"hp":137,"w":1,"h":1,"t":0,"c":5,"e":-1,"r":0},{"x":0,"y":32,"hp":137,"w":1,"h":1,"t":0,"c":5,"e":-1,"r":0},{"x":1,"y":29,"hp":92,"w":1,"h":1,"t":0,"c":5,"e":-1,"r":0},{"x":2,"y":29,"hp":92,"w":1,"h":1,"t":0,"c":5,"e":-1,"r":0},{"x":3,"y":6,"hp":60,"w":1,"h":1,"t":0,"c":5,"e":-1,"r":0},{"x":7,"y":6,"hp":60,"w":1,"h":1,"t":0,"c":5,"e":-1,"r":0},{"x":3,"y":8,"hp":60,"w":1,"h":1,"t":0,"c":5,"e":-1,"r":0},{"x":7,"y":8,"hp":60,"w":1,"h":1,"t":0,"c":5,"e":-1,"r":0},{"x":10,"y":6,"hp":60,"w":1,"h":1,"t":0,"c":5,"e":-1,"r":0},{"x":10,"y":7,"hp":60,"w":1,"h":1,"t":0,"c":5,"e":-1,"r":0},{"x":0,"y":6,"hp":60,"w":1,"h":1,"t":0,"c":5,"e":-1,"r":0},{"x":0,"y":7,"hp":60,"w":1,"h":1,"t":0,"c":5,"e":-1,"r":0},{"x":10,"y":15,"hp":60,"w":1,"h":1,"t":0,"c":5,"e":-1,"r":0},{"x":10,"y":16,"hp":60,"w":1,"h":1,"t":0,"c":5,"e":-1,"r":0},{"x":9,"y":15,"hp":60,"w":1,"h":1,"t":0,"c":5,"e":-1,"r":0},{"x":10,"y":14,"hp":60,"w":1,"h":1,"t":0,"c":4,"e":-1,"r":0},{"x":1,"y":9,"hp":60,"w":1,"h":1,"t":7,"c":0,"e":-1,"r":0},{"x":9,"y":9,"hp":60,"w":1,"h":1,"t":7,"c":0,"e":-1,"r":0},{"x":8,"y":15,"hp":60,"w":1,"h":1,"t":7,"c":0,"e":-1,"r":0},{"x":2,"y":15,"hp":60,"w":1,"h":1,"t":7,"c":0,"e":-1,"r":0},{"x":9,"y":23,"hp":60,"w":1,"h":1,"t":7,"c":0,"e":-1,"r":0},{"x":9,"y":24,"hp":60,"w":1,"h":1,"t":7,"c":0,"e":-1,"r":0},{"x":9,"y":25,"hp":60,"w":1,"h":1,"t":7,"c":0,"e":-1,"r":0},{"x":9,"y":26,"hp":60,"w":1,"h":1,"t":7,"c":0,"e":-1,"r":0}],"bu":[{"x":9,"y":6,"buff":1},{"x":1,"y":6,"buff":1},{"x":1,"y":8,"buff":1},{"x":3,"y":11,"buff":1},{"x":9,"y":13,"buff":1},{"x":3,"y":19,"buff":1},{"x":3,"y":26,"buff":1},{"x":8,"y":27,"buff":1},{"x":8,"y":29,"buff":1},{"x":3,"y":30,"buff":1},{"x":7,"y":33,"buff":1},{"x":9,"y":33,"buff":1},{"x":9,"y":22,"buff":0},{"x":2,"y":17,"buff":0},{"x":0,"y":28,"buff":3},{"x":6,"y":22,"buff":2},{"x":10,"y":12,"buff":1},{"x":8,"y":16,"buff":1}]}