{"l":150,"h":24,"w":11,"br":[{"x":0,"y":5,"hp":38,"w":1,"h":1,"t":0,"c":4,"e":-1,"r":0},{"x":2,"y":5,"hp":38,"w":1,"h":1,"t":0,"c":4,"e":-1,"r":0},{"x":3,"y":5,"hp":38,"w":1,"h":1,"t":0,"c":4,"e":-1,"r":0},{"x":4,"y":5,"hp":38,"w":1,"h":1,"t":0,"c":4,"e":-1,"r":0},{"x":5,"y":5,"hp":38,"w":1,"h":1,"t":0,"c":4,"e":-1,"r":0},{"x":0,"y":6,"hp":44,"w":1,"h":1,"t":0,"c":4,"e":-1,"r":0},{"x":2,"y":6,"hp":44,"w":1,"h":1,"t":0,"c":4,"e":-1,"r":0},{"x":3,"y":6,"hp":44,"w":1,"h":1,"t":4,"c":4,"e":-1,"r":0},{"x":4,"y":6,"hp":44,"w":1,"h":1,"t":0,"c":4,"e":-1,"r":0},{"x":5,"y":6,"hp":44,"w":1,"h":1,"t":0,"c":4,"e":-1,"r":0},{"x":4,"y":7,"hp":40,"w":1,"h":1,"t":0,"c":4,"e":-1,"r":0},{"x":5,"y":7,"hp":40,"w":1,"h":1,"t":0,"c":4,"e":-1,"r":0},{"x":5,"y":8,"hp":66,"w":1,"h":1,"t":0,"c":4,"e":-1,"r":0},{"x":4,"y":9,"hp":90,"w":1,"h":1,"t":5,"c":4,"e":-1,"r":0},{"x":5,"y":9,"hp":90,"w":1,"h":1,"t":0,"c":4,"e":-1,"r":0},{"x":3,"y":10,"hp":105,"w":1,"h":1,"t":0,"c":2,"e":-1,"r":0},{"x":4,"y":10,"hp":105,"w":1,"h":1,"t":0,"c":2,"e":-1,"r":0},{"x":5,"y":10,"hp":105,"w":1,"h":1,"t":0,"c":2,"e":-1,"r":0},{"x":2,"y":11,"hp":89,"w":1,"h":1,"t":0,"c":4,"e":-1,"r":0},{"x":5,"y":11,"hp":89,"w":1,"h":1,"t":0,"c":4,"e":-1,"r":0},{"x":2,"y":12,"hp":98,"w":1,"h":1,"t":0,"c":4,"e":-1,"r":0},{"x":5,"y":12,"hp":98,"w":1,"h":1,"t":0,"c":4,"e":-1,"r":0},{"x":2,"y":13,"hp":90,"w":1,"h":1,"t":0,"c":4,"e":-1,"r":0},{"x":3,"y":13,"hp":90,"w":1,"h":1,"t":0,"c":4,"e":-1,"r":0},{"x":4,"y":13,"hp":90,"w":1,"h":1,"t":0,"c":4,"e":-1,"r":0},{"x":2,"y":14,"hp":84,"w":1,"h":1,"t":0,"c":4,"e":-1,"r":0},{"x":3,"y":14,"hp":84,"w":1,"h":1,"t":0,"c":4,"e":-1,"r":0},{"x":4,"y":14,"hp":84,"w":1,"h":1,"t":0,"c":4,"e":-1,"r":0},{"x":5,"y":14,"hp":84,"w":1,"h":1,"t":0,"c":4,"e":-1,"r":0},{"x":0,"y":15,"hp":117,"w":1,"h":1,"t":0,"c":4,"e":-1,"r":0},{"x":2,"y":15,"hp":117,"w":1,"h":1,"t":0,"c":4,"e":-1,"r":0},{"x":4,"y":15,"hp":117,"w":1,"h":1,"t":0,"c":4,"e":-1,"r":0},{"x":5,"y":15,"hp":117,"w":1,"h":1,"t":0,"c":4,"e":-1,"r":0},{"x":0,"y":16,"hp":80,"w":1,"h":1,"t":0,"c":4,"e":-1,"r":0},{"x":5,"y":16,"hp":80,"w":1,"h":1,"t":0,"c":4,"e":-1,"r":0},{"x":5,"y":17,"hp":80,"w":1,"h":1,"t":0,"c":4,"e":-1,"r":0},{"x":5,"y":18,"hp":81,"w":1,"h":1,"t":0,"c":4,"e":-1,"r":0},{"x":2,"y":19,"hp":108,"w":1,"h":1,"t":0,"c":4,"e":-1,"r":0},{"x":3,"y":19,"hp":108,"w":1,"h":1,"t":0,"c":4,"e":-1,"r":0},{"x":1,"y":20,"hp":65,"w":1,"h":1,"t":0,"c":4,"e":-1,"r":0},{"x":2,"y":20,"hp":65,"w":1,"h":1,"t":0,"c":4,"e":-1,"r":0},{"x":3,"y":20,"hp":65,"w":1,"h":1,"t":4,"c":4,"e":-1,"r":0},{"x":1,"y":21,"hp":100,"w":1,"h":1,"t":0,"c":4,"e":-1,"r":0},{"x":2,"y":21,"hp":100,"w":1,"h":1,"t":0,"c":4,"e":-1,"r":0},{"x":3,"y":21,"hp":100,"w":1,"h":1,"t":0,"c":4,"e":-1,"r":0},{"x":5,"y":22,"hp":100,"w":1,"h":1,"t":0,"c":4,"e":-1,"r":0},{"x":0,"y":23,"hp":102,"w":1,"h":1,"t":0,"c":4,"e":-1,"r":0},{"x":3,"y":23,"hp":102,"w":1,"h":1,"t":0,"c":4,"e":-1,"r":0},{"x":5,"y":23,"hp":102,"w":1,"h":1,"t":0,"c":4,"e":-1,"r":0},{"x":10,"y":5,"hp":38,"w":1,"h":1,"t":0,"c":4,"e":-1,"r":0},{"x":8,"y":5,"hp":38,"w":1,"h":1,"t":0,"c":4,"e":-1,"r":0},{"x":7,"y":5,"hp":38,"w":1,"h":1,"t":0,"c":4,"e":-1,"r":0},{"x":6,"y":5,"hp":38,"w":1,"h":1,"t":0,"c":4,"e":-1,"r":0},{"x":10,"y":6,"hp":44,"w":1,"h":1,"t":0,"c":4,"e":-1,"r":0},{"x":8,"y":6,"hp":44,"w":1,"h":1,"t":0,"c":4,"e":-1,"r":0},{"x":7,"y":6,"hp":44,"w":1,"h":1,"t":4,"c":4,"e":-1,"r":0},{"x":6,"y":6,"hp":44,"w":1,"h":1,"t":0,"c":4,"e":-1,"r":0},{"x":10,"y":7,"hp":40,"w":1,"h":1,"t":0,"c":4,"e":-1,"r":0},{"x":6,"y":7,"hp":40,"w":1,"h":1,"t":0,"c":4,"e":-1,"r":0},{"x":8,"y":8,"hp":66,"w":1,"h":1,"t":0,"c":4,"e":-1,"r":0},{"x":6,"y":9,"hp":90,"w":1,"h":1,"t":5,"c":4,"e":-1,"r":0},{"x":8,"y":10,"hp":105,"w":1,"h":1,"t":0,"c":2,"e":-1,"r":0},{"x":7,"y":10,"hp":105,"w":1,"h":1,"t":0,"c":2,"e":-1,"r":0},{"x":6,"y":10,"hp":105,"w":1,"h":1,"t":0,"c":2,"e":-1,"r":0},{"x":8,"y":11,"hp":89,"w":1,"h":1,"t":0,"c":4,"e":-1,"r":0},{"x":9,"y":12,"hp":98,"w":1,"h":1,"t":0,"c":4,"e":-1,"r":0},{"x":8,"y":12,"hp":98,"w":1,"h":1,"t":0,"c":4,"e":-1,"r":0},{"x":10,"y":13,"hp":90,"w":1,"h":1,"t":0,"c":4,"e":-1,"r":0},{"x":8,"y":13,"hp":90,"w":1,"h":1,"t":0,"c":4,"e":-1,"r":0},{"x":7,"y":13,"hp":90,"w":1,"h":1,"t":0,"c":4,"e":-1,"r":0},{"x":6,"y":13,"hp":90,"w":1,"h":1,"t":0,"c":4,"e":-1,"r":0},{"x":7,"y":14,"hp":84,"w":1,"h":1,"t":0,"c":4,"e":-1,"r":0},{"x":6,"y":14,"hp":84,"w":1,"h":1,"t":0,"c":4,"e":-1,"r":0},{"x":9,"y":15,"hp":117,"w":1,"h":1,"t":0,"c":4,"e":-1,"r":0},{"x":8,"y":15,"hp":117,"w":1,"h":1,"t":0,"c":4,"e":-1,"r":0},{"x":6,"y":15,"hp":117,"w":1,"h":1,"t":0,"c":4,"e":-1,"r":0},{"x":8,"y":16,"hp":80,"w":1,"h":1,"t":4,"c":4,"e":-1,"r":0},{"x":7,"y":16,"hp":80,"w":1,"h":1,"t":0,"c":4,"e":-1,"r":0},{"x":9,"y":17,"hp":80,"w":1,"h":1,"t":0,"c":4,"e":-1,"r":0},{"x":8,"y":17,"hp":80,"w":1,"h":1,"t":0,"c":4,"e":-1,"r":0},{"x":7,"y":17,"hp":80,"w":1,"h":1,"t":2,"c":4,"e":-1,"r":3},{"x":6,"y":17,"hp":80,"w":1,"h":1,"t":1,"c":4,"e":-1,"r":2},{"x":8,"y":18,"hp":81,"w":1,"h":1,"t":0,"c":4,"e":-1,"r":0},{"x":7,"y":18,"hp":81,"w":1,"h":1,"t":2,"c":4,"e":-1,"r":3},{"x":9,"y":19,"hp":108,"w":1,"h":1,"t":4,"c":4,"e":-1,"r":0},{"x":8,"y":19,"hp":108,"w":1,"h":1,"t":0,"c":4,"e":-1,"r":0},{"x":7,"y":19,"hp":108,"w":1,"h":1,"t":0,"c":4,"e":-1,"r":0},{"x":6,"y":19,"hp":108,"w":1,"h":1,"t":0,"c":4,"e":-1,"r":0},{"x":10,"y":20,"hp":65,"w":1,"h":1,"t":0,"c":4,"e":-1,"r":0},{"x":9,"y":20,"hp":65,"w":1,"h":1,"t":0,"c":4,"e":-1,"r":0},{"x":8,"y":20,"hp":65,"w":1,"h":1,"t":0,"c":4,"e":-1,"r":0},{"x":7,"y":20,"hp":65,"w":1,"h":1,"t":4,"c":4,"e":-1,"r":0},{"x":6,"y":20,"hp":65,"w":1,"h":1,"t":0,"c":4,"e":-1,"r":0},{"x":9,"y":21,"hp":100,"w":1,"h":1,"t":0,"c":4,"e":-1,"r":0},{"x":8,"y":21,"hp":100,"w":1,"h":1,"t":0,"c":4,"e":-1,"r":0},{"x":7,"y":21,"hp":100,"w":1,"h":1,"t":0,"c":4,"e":-1,"r":0},{"x":6,"y":21,"hp":100,"w":1,"h":1,"t":0,"c":4,"e":-1,"r":0},{"x":7,"y":22,"hp":100,"w":1,"h":1,"t":0,"c":4,"e":-1,"r":0},{"x":7,"y":23,"hp":102,"w":1,"h":1,"t":0,"c":4,"e":-1,"r":0},{"x":6,"y":23,"hp":102,"w":1,"h":1,"t":0,"c":4,"e":-1,"r":0},{"x":9,"y":10,"hp":105,"w":1,"h":1,"t":0,"c":2,"e":-1,"r":0},{"x":2,"y":23,"hp":50,"w":1,"h":1,"t":0,"c":4,"e":-1,"r":0},{"x":1,"y":23,"hp":50,"w":1,"h":1,"t":0,"c":4,"e":-1,"r":0},{"x":2,"y":22,"hp":50,"w":1,"h":1,"t":0,"c":4,"e":-1,"r":0},{"x":1,"y":22,"hp":50,"w":1,"h":1,"t":0,"c":4,"e":-1,"r":0},{"x":0,"y":22,"hp":50,"w":1,"h":1,"t":0,"c":4,"e":-1,"r":0},{"x":3,"y":22,"hp":50,"w":1,"h":1,"t":0,"c":4,"e":-1,"r":0},{"x":8,"y":22,"hp":50,"w":1,"h":1,"t":0,"c":4,"e":-1,"r":0},{"x":9,"y":22,"hp":50,"w":1,"h":1,"t":0,"c":4,"e":-1,"r":0},{"x":6,"y":16,"hp":80,"w":1,"h":1,"t":0,"c":4,"e":-1,"r":0},{"x":6,"y":18,"hp":50,"w":1,"h":1,"t":0,"c":4,"e":-1,"r":0},{"x":9,"y":16,"hp":80,"w":1,"h":1,"t":0,"c":4,"e":-1,"r":0},{"x":3,"y":15,"hp":50,"w":1,"h":1,"t":0,"c":4,"e":-1,"r":0},{"x":2,"y":16,"hp":80,"w":1,"h":1,"t":0,"c":4,"e":-1,"r":0},{"x":3,"y":16,"hp":80,"w":1,"h":1,"t":0,"c":4,"e":-1,"r":0},{"x":4,"y":16,"hp":80,"w":1,"h":1,"t":0,"c":4,"e":-1,"r":0},{"x":1,"y":19,"hp":108,"w":1,"h":1,"t":0,"c":4,"e":-1,"r":0},{"x":1,"y":13,"hp":90,"w":1,"h":1,"t":0,"c":4,"e":-1,"r":0},{"x":1,"y":12,"hp":50,"w":1,"h":1,"t":0,"c":4,"e":-1,"r":0},{"x":1,"y":11,"hp":50,"w":1,"h":1,"t":0,"c":4,"e":-1,"r":0},{"x":0,"y":11,"hp":50,"w":1,"h":1,"t":0,"c":4,"e":-1,"r":0},{"x":0,"y":10,"hp":50,"w":1,"h":1,"t":0,"c":2,"e":-1,"r":0},{"x":1,"y":10,"hp":50,"w":1,"h":1,"t":0,"c":2,"e":-1,"r":0},{"x":1,"y":8,"hp":66,"w":1,"h":1,"t":0,"c":4,"e":-1,"r":0},{"x":10,"y":8,"hp":66,"w":1,"h":1,"t":1,"c":4,"e":-1,"r":1},{"x":7,"y":8,"hp":66,"w":1,"h":1,"t":1,"c":4,"e":-1,"r":1},{"x":1,"y":9,"hp":90,"w":1,"h":1,"t":1,"c":4,"e":-1,"r":0},{"x":0,"y":7,"hp":40,"w":1,"h":1,"t":1,"c":4,"e":-1,"r":0},{"x":5,"y":13,"hp":90,"w":1,"h":1,"t":1,"c":4,"e":-1,"r":0},{"x":8,"y":14,"hp":84,"w":1,"h":1,"t":1,"c":4,"e":-1,"r":0}],"bu":[{"x":9,"y":9,"buff":0},{"x":10,"y":12,"buff":0},{"x":1,"y":14,"buff":0},{"x":10,"y":19,"buff":0},{"x":6,"y":22,"buff":0},{"x":2,"y":7,"buff":1},{"x":5,"y":19,"buff":3},{"x":10,"y":15,"buff":3},{"x":0,"y":20,"buff":3},{"x":9,"y":6,"buff":1},{"x":0,"y":9,"buff":1},{"x":0,"y":12,"buff":1},{"x":4,"y":12,"buff":1}]}