{"l":50,"h":12,"w":11,"br":[{"x":5,"y":7,"hp":48,"w":1,"h":1,"t":0,"c":4,"e":-1,"r":0},{"x":8,"y":7,"hp":48,"w":1,"h":1,"t":0,"c":4,"e":-1,"r":0},{"x":5,"y":9,"hp":47,"w":1,"h":1,"t":0,"c":4,"e":-1,"r":0},{"x":8,"y":9,"hp":47,"w":1,"h":1,"t":0,"c":4,"e":-1,"r":0},{"x":8,"y":11,"hp":45,"w":1,"h":1,"t":0,"c":4,"e":-1,"r":0},{"x":5,"y":11,"hp":45,"w":1,"h":1,"t":0,"c":4,"e":-1,"r":0},{"x":0,"y":10,"hp":55,"w":1,"h":1,"t":0,"c":4,"e":-1,"r":0},{"x":0,"y":9,"hp":55,"w":1,"h":1,"t":0,"c":4,"e":-1,"r":0},{"x":0,"y":8,"hp":55,"w":1,"h":1,"t":0,"c":4,"e":9,"r":0},{"x":0,"y":7,"hp":55,"w":1,"h":1,"t":0,"c":4,"e":-1,"r":0},{"x":0,"y":6,"hp":55,"w":1,"h":1,"t":0,"c":4,"e":-1,"r":0},{"x":5,"y":5,"hp":51,"w":1,"h":1,"t":0,"c":4,"e":-1,"r":0},{"x":8,"y":5,"hp":51,"w":1,"h":1,"t":0,"c":4,"e":-1,"r":0},{"x":9,"y":5,"hp":101,"w":2,"h":1,"t":0,"c":0,"e":-1,"r":0},{"x":6,"y":5,"hp":101,"w":2,"h":1,"t":0,"c":0,"e":-1,"r":0},{"x":3,"y":5,"hp":101,"w":2,"h":1,"t":0,"c":0,"e":-1,"r":0},{"x":9,"y":7,"hp":101,"w":2,"h":1,"t":0,"c":0,"e":-1,"r":0},{"x":6,"y":7,"hp":101,"w":2,"h":1,"t":0,"c":0,"e":-1,"r":0},{"x":3,"y":7,"hp":101,"w":2,"h":1,"t":0,"c":0,"e":-1,"r":0},{"x":3,"y":9,"hp":101,"w":2,"h":1,"t":0,"c":0,"e":-1,"r":0},{"x":3,"y":11,"hp":101,"w":2,"h":1,"t":0,"c":0,"e":-1,"r":0},{"x":6,"y":11,"hp":101,"w":2,"h":1,"t":0,"c":0,"e":-1,"r":0},{"x":6,"y":9,"hp":101,"w":2,"h":1,"t":0,"c":0,"e":-1,"r":0},{"x":9,"y":9,"hp":101,"w":2,"h":1,"t":0,"c":0,"e":-1,"r":0},{"x":9,"y":11,"hp":101,"w":2,"h":1,"t":0,"c":0,"e":-1,"r":0},{"x":0,"y":11,"hp":55,"w":1,"h":1,"t":0,"c":4,"e":-1,"r":0},{"x":0,"y":5,"hp":55,"w":1,"h":1,"t":0,"c":4,"e":-1,"r":0}],"bu":[{"x":1,"y":5,"buff":0},{"x":2,"y":7,"buff":0},{"x":1,"y":9,"buff":0},{"x":2,"y":11,"buff":0}]}