{"l":118,"h":17,"w":11,"br":[{"x":0,"y":5,"hp":345,"w":2,"h":2,"t":0,"c":5,"e":-1,"r":0},{"x":4,"y":5,"hp":40,"w":1,"h":1,"t":0,"c":5,"e":-1,"r":0},{"x":5,"y":5,"hp":40,"w":1,"h":1,"t":0,"c":5,"e":-1,"r":0},{"x":3,"y":6,"hp":62,"w":1,"h":1,"t":0,"c":0,"e":-1,"r":0},{"x":4,"y":6,"hp":62,"w":1,"h":1,"t":0,"c":0,"e":-1,"r":0},{"x":5,"y":6,"hp":62,"w":1,"h":1,"t":0,"c":0,"e":-1,"r":0},{"x":4,"y":7,"hp":52,"w":1,"h":1,"t":0,"c":0,"e":5,"r":0},{"x":5,"y":7,"hp":52,"w":1,"h":1,"t":0,"c":0,"e":5,"r":0},{"x":0,"y":8,"hp":105,"w":1,"h":1,"t":0,"c":0,"e":-1,"r":0},{"x":5,"y":8,"hp":105,"w":1,"h":1,"t":0,"c":0,"e":3,"r":0},{"x":4,"y":9,"hp":65,"w":1,"h":1,"t":3,"c":0,"e":-1,"r":0},{"x":5,"y":9,"hp":65,"w":1,"h":1,"t":2,"c":0,"e":-1,"r":0},{"x":0,"y":10,"hp":112,"w":1,"h":1,"t":0,"c":0,"e":-1,"r":0},{"x":1,"y":10,"hp":112,"w":1,"h":1,"t":0,"c":0,"e":-1,"r":0},{"x":1,"y":11,"hp":157,"w":1,"h":1,"t":0,"c":0,"e":7,"r":0},{"x":2,"y":11,"hp":157,"w":1,"h":1,"t":2,"c":0,"e":-1,"r":0},{"x":4,"y":11,"hp":157,"w":1,"h":1,"t":5,"c":0,"e":-1,"r":0},{"x":3,"y":12,"hp":99,"w":1,"h":1,"t":4,"c":0,"e":-1,"r":0},{"x":2,"y":13,"hp":178,"w":1,"h":1,"t":0,"c":0,"e":-1,"r":0},{"x":3,"y":13,"hp":178,"w":1,"h":1,"t":0,"c":0,"e":-1,"r":0},{"x":4,"y":13,"hp":178,"w":1,"h":1,"t":3,"c":0,"e":-1,"r":0},{"x":5,"y":13,"hp":178,"w":1,"h":1,"t":0,"c":0,"e":-1,"r":0},{"x":1,"y":15,"hp":102,"w":1,"h":1,"t":0,"c":0,"e":-1,"r":0},{"x":2,"y":15,"hp":102,"w":1,"h":1,"t":0,"c":0,"e":-1,"r":0},{"x":3,"y":15,"hp":102,"w":1,"h":1,"t":0,"c":0,"e":7,"r":0},{"x":4,"y":15,"hp":102,"w":1,"h":1,"t":0,"c":0,"e":-1,"r":0},{"x":5,"y":15,"hp":102,"w":1,"h":1,"t":0,"c":0,"e":-1,"r":0},{"x":3,"y":16,"hp":138,"w":1,"h":1,"t":0,"c":0,"e":-1,"r":0},{"x":4,"y":16,"hp":138,"w":1,"h":1,"t":0,"c":0,"e":-1,"r":0},{"x":5,"y":16,"hp":138,"w":1,"h":1,"t":0,"c":0,"e":-1,"r":0},{"x":9,"y":5,"hp":345,"w":2,"h":2,"t":0,"c":5,"e":-1,"r":0},{"x":6,"y":5,"hp":40,"w":1,"h":1,"t":0,"c":5,"e":-1,"r":0},{"x":7,"y":6,"hp":62,"w":1,"h":1,"t":0,"c":0,"e":-1,"r":0},{"x":6,"y":6,"hp":62,"w":1,"h":1,"t":0,"c":0,"e":-1,"r":0},{"x":6,"y":7,"hp":52,"w":1,"h":1,"t":0,"c":0,"e":5,"r":0},{"x":10,"y":8,"hp":105,"w":1,"h":1,"t":0,"c":0,"e":-1,"r":0},{"x":6,"y":9,"hp":65,"w":1,"h":1,"t":3,"c":0,"e":-1,"r":0},{"x":10,"y":10,"hp":112,"w":1,"h":1,"t":0,"c":0,"e":-1,"r":0},{"x":9,"y":10,"hp":112,"w":1,"h":1,"t":0,"c":0,"e":-1,"r":0},{"x":9,"y":11,"hp":157,"w":1,"h":1,"t":0,"c":0,"e":-1,"r":0},{"x":8,"y":11,"hp":157,"w":1,"h":1,"t":2,"c":0,"e":-1,"r":0},{"x":6,"y":11,"hp":157,"w":1,"h":1,"t":5,"c":0,"e":-1,"r":0},{"x":7,"y":12,"hp":99,"w":1,"h":1,"t":4,"c":0,"e":-1,"r":0},{"x":10,"y":13,"hp":178,"w":1,"h":1,"t":0,"c":0,"e":-1,"r":0},{"x":8,"y":13,"hp":178,"w":1,"h":1,"t":0,"c":0,"e":-1,"r":0},{"x":7,"y":13,"hp":178,"w":1,"h":1,"t":0,"c":0,"e":-1,"r":0},{"x":6,"y":13,"hp":178,"w":1,"h":1,"t":3,"c":0,"e":-1,"r":0},{"x":9,"y":15,"hp":102,"w":1,"h":1,"t":0,"c":0,"e":-1,"r":0},{"x":8,"y":15,"hp":102,"w":1,"h":1,"t":0,"c":0,"e":-1,"r":0},{"x":7,"y":15,"hp":102,"w":1,"h":1,"t":0,"c":0,"e":-1,"r":0},{"x":6,"y":15,"hp":102,"w":1,"h":1,"t":0,"c":0,"e":-1,"r":0},{"x":10,"y":16,"hp":138,"w":1,"h":1,"t":0,"c":0,"e":-1,"r":0},{"x":9,"y":16,"hp":138,"w":1,"h":1,"t":0,"c":0,"e":4,"r":0},{"x":7,"y":16,"hp":138,"w":1,"h":1,"t":0,"c":0,"e":-1,"r":0},{"x":6,"y":16,"hp":138,"w":1,"h":1,"t":0,"c":0,"e":-1,"r":0},{"x":1,"y":14,"hp":410,"w":8,"h":1,"t":0,"c":5,"e":-1,"r":0},{"x":1,"y":16,"hp":138,"w":1,"h":1,"t":0,"c":0,"e":-1,"r":0},{"x":8,"y":16,"hp":138,"w":1,"h":1,"t":0,"c":0,"e":-1,"r":0},{"x":3,"y":5,"hp":60,"w":1,"h":1,"t":6,"c":5,"e":-1,"r":0},{"x":7,"y":5,"hp":60,"w":1,"h":1,"t":6,"c":5,"e":-1,"r":0},{"x":10,"y":7,"hp":60,"w":1,"h":1,"t":0,"c":0,"e":-1,"r":0},{"x":0,"y":7,"hp":60,"w":1,"h":1,"t":0,"c":0,"e":-1,"r":0},{"x":9,"y":8,"hp":105,"w":1,"h":1,"t":0,"c":0,"e":-1,"r":0},{"x":9,"y":7,"hp":60,"w":1,"h":1,"t":0,"c":0,"e":-1,"r":0},{"x":0,"y":12,"hp":60,"w":1,"h":1,"t":0,"c":0,"e":-1,"r":0},{"x":10,"y":12,"hp":60,"w":1,"h":1,"t":0,"c":0,"e":-1,"r":0},{"x":1,"y":8,"hp":105,"w":1,"h":1,"t":0,"c":0,"e":-1,"r":0},{"x":3,"y":10,"hp":55,"w":1,"h":1,"t":7,"c":0,"e":-1,"r":0},{"x":4,"y":10,"hp":55,"w":1,"h":1,"t":7,"c":0,"e":-1,"r":0},{"x":5,"y":10,"hp":55,"w":1,"h":1,"t":7,"c":0,"e":-1,"r":0},{"x":6,"y":10,"hp":55,"w":1,"h":1,"t":7,"c":0,"e":-1,"r":0},{"x":7,"y":10,"hp":55,"w":1,"h":1,"t":7,"c":0,"e":-1,"r":0},{"x":8,"y":9,"hp":60,"w":1,"h":1,"t":7,"c":0,"e":-1,"r":0},{"x":7,"y":9,"hp":60,"w":1,"h":1,"t":7,"c":0,"e":-1,"r":0},{"x":3,"y":9,"hp":60,"w":1,"h":1,"t":7,"c":0,"e":-1,"r":0},{"x":2,"y":9,"hp":60,"w":1,"h":1,"t":7,"c":0,"e":-1,"r":0}],"bu":[{"x":5,"y":12,"buff":1},{"x":0,"y":15,"buff":1},{"x":1,"y":7,"buff":0},{"x":2,"y":7,"buff":0},{"x":3,"y":7,"buff":0},{"x":2,"y":8,"buff":0}]}