{"l":14,"h":20,"w":17,"br":[{"x":2,"y":6,"hp":1140,"w":1,"h":1,"t":0,"c":5,"e":-1,"r":0},{"x":4,"y":6,"hp":1140,"w":1,"h":1,"t":0,"c":5,"e":-1,"r":0},{"x":6,"y":6,"hp":1140,"w":1,"h":1,"t":0,"c":5,"e":-1,"r":0},{"x":8,"y":6,"hp":1140,"w":1,"h":1,"t":0,"c":5,"e":-1,"r":0},{"x":10,"y":6,"hp":1140,"w":1,"h":1,"t":0,"c":5,"e":-1,"r":0},{"x":12,"y":6,"hp":1140,"w":1,"h":1,"t":0,"c":5,"e":-1,"r":0},{"x":14,"y":6,"hp":1140,"w":1,"h":1,"t":0,"c":5,"e":-1,"r":0},{"x":1,"y":12,"hp":1140,"w":1,"h":1,"t":0,"c":5,"e":-1,"r":0},{"x":3,"y":12,"hp":1140,"w":1,"h":1,"t":0,"c":5,"e":-1,"r":0},{"x":5,"y":12,"hp":1140,"w":1,"h":1,"t":0,"c":5,"e":-1,"r":0},{"x":7,"y":12,"hp":1140,"w":1,"h":1,"t":0,"c":5,"e":-1,"r":0},{"x":9,"y":12,"hp":1140,"w":1,"h":1,"t":0,"c":5,"e":-1,"r":0},{"x":13,"y":12,"hp":1140,"w":1,"h":1,"t":0,"c":5,"e":-1,"r":0},{"x":11,"y":12,"hp":1140,"w":1,"h":1,"t":0,"c":5,"e":-1,"r":0},{"x":0,"y":6,"hp":1140,"w":1,"h":1,"t":0,"c":5,"e":-1,"r":0},{"x":3,"y":9,"hp":1140,"w":1,"h":1,"t":0,"c":5,"e":-1,"r":0},{"x":5,"y":9,"hp":1140,"w":1,"h":1,"t":0,"c":5,"e":-1,"r":0},{"x":7,"y":9,"hp":1140,"w":1,"h":1,"t":0,"c":5,"e":-1,"r":0},{"x":9,"y":9,"hp":1140,"w":1,"h":1,"t":0,"c":5,"e":-1,"r":0},{"x":11,"y":9,"hp":1140,"w":1,"h":1,"t":0,"c":5,"e":-1,"r":0},{"x":13,"y":9,"hp":1140,"w":1,"h":1,"t":0,"c":5,"e":-1,"r":0},{"x":15,"y":9,"hp":1140,"w":1,"h":1,"t":0,"c":5,"e":-1,"r":0},{"x":15,"y":15,"hp":1140,"w":1,"h":1,"t":0,"c":5,"e":-1,"r":0},{"x":13,"y":15,"hp":1140,"w":1,"h":1,"t":0,"c":5,"e":-1,"r":0},{"x":11,"y":15,"hp":1140,"w":1,"h":1,"t":0,"c":5,"e":-1,"r":0},{"x":9,"y":15,"hp":1140,"w":1,"h":1,"t":0,"c":5,"e":-1,"r":0},{"x":7,"y":15,"hp":1140,"w":1,"h":1,"t":0,"c":5,"e":-1,"r":0},{"x":5,"y":15,"hp":1140,"w":1,"h":1,"t":0,"c":5,"e":-1,"r":0},{"x":3,"y":15,"hp":1140,"w":1,"h":1,"t":0,"c":5,"e":-1,"r":0},{"x":8,"y":18,"hp":303,"w":2,"h":2,"t":8,"c":0,"e":-1,"r":0},{"x":8,"y":17,"hp":225,"w":1,"h":1,"t":0,"c":8,"e":-1,"r":0},{"x":9,"y":17,"hp":225,"w":1,"h":1,"t":0,"c":8,"e":-1,"r":0},{"x":15,"y":6,"hp":1140,"w":1,"h":1,"t":0,"c":7,"e":-1,"r":0},{"x":13,"y":6,"hp":1140,"w":1,"h":1,"t":0,"c":7,"e":-1,"r":0},{"x":11,"y":6,"hp":1140,"w":1,"h":1,"t":0,"c":7,"e":-1,"r":0},{"x":9,"y":6,"hp":1140,"w":1,"h":1,"t":0,"c":7,"e":-1,"r":0},{"x":7,"y":6,"hp":1140,"w":1,"h":1,"t":0,"c":7,"e":-1,"r":0},{"x":5,"y":6,"hp":1140,"w":1,"h":1,"t":0,"c":7,"e":-1,"r":0},{"x":3,"y":6,"hp":1140,"w":1,"h":1,"t":0,"c":7,"e":-1,"r":0},{"x":1,"y":6,"hp":1140,"w":1,"h":1,"t":0,"c":7,"e":-1,"r":0},{"x":2,"y":9,"hp":1140,"w":1,"h":1,"t":0,"c":7,"e":-1,"r":0},{"x":4,"y":9,"hp":1140,"w":1,"h":1,"t":0,"c":7,"e":-1,"r":0},{"x":6,"y":9,"hp":1140,"w":1,"h":1,"t":0,"c":7,"e":-1,"r":0},{"x":8,"y":9,"hp":1140,"w":1,"h":1,"t":0,"c":7,"e":-1,"r":0},{"x":10,"y":9,"hp":1140,"w":1,"h":1,"t":0,"c":7,"e":-1,"r":0},{"x":12,"y":9,"hp":1140,"w":1,"h":1,"t":0,"c":7,"e":-1,"r":0},{"x":14,"y":9,"hp":1140,"w":1,"h":1,"t":0,"c":7,"e":-1,"r":0},{"x":16,"y":9,"hp":1140,"w":1,"h":1,"t":0,"c":7,"e":-1,"r":0},{"x":14,"y":12,"hp":1140,"w":1,"h":1,"t":0,"c":7,"e":-1,"r":0},{"x":12,"y":12,"hp":1140,"w":1,"h":1,"t":0,"c":7,"e":-1,"r":0},{"x":10,"y":12,"hp":1140,"w":1,"h":1,"t":0,"c":7,"e":-1,"r":0},{"x":8,"y":12,"hp":1140,"w":1,"h":1,"t":0,"c":7,"e":-1,"r":0},{"x":6,"y":12,"hp":1140,"w":1,"h":1,"t":0,"c":7,"e":-1,"r":0},{"x":4,"y":12,"hp":1140,"w":1,"h":1,"t":0,"c":7,"e":-1,"r":0},{"x":2,"y":12,"hp":1140,"w":1,"h":1,"t":0,"c":7,"e":-1,"r":0},{"x":0,"y":12,"hp":1140,"w":1,"h":1,"t":0,"c":7,"e":-1,"r":0},{"x":2,"y":15,"hp":1140,"w":1,"h":1,"t":0,"c":7,"e":-1,"r":0},{"x":4,"y":15,"hp":1140,"w":1,"h":1,"t":0,"c":7,"e":-1,"r":0},{"x":6,"y":15,"hp":1140,"w":1,"h":1,"t":0,"c":7,"e":-1,"r":0},{"x":8,"y":15,"hp":1140,"w":1,"h":1,"t":0,"c":7,"e":-1,"r":0},{"x":10,"y":15,"hp":1140,"w":1,"h":1,"t":0,"c":7,"e":-1,"r":0},{"x":12,"y":15,"hp":1140,"w":1,"h":1,"t":0,"c":7,"e":-1,"r":0},{"x":14,"y":15,"hp":1140,"w":1,"h":1,"t":0,"c":7,"e":-1,"r":0},{"x":16,"y":15,"hp":1140,"w":1,"h":1,"t":0,"c":7,"e":-1,"r":0},{"x":6,"y":17,"hp":225,"w":1,"h":1,"t":0,"c":6,"e":-1,"r":0},{"x":11,"y":17,"hp":225,"w":1,"h":1,"t":0,"c":6,"e":-1,"r":0},{"x":10,"y":17,"hp":225,"w":1,"h":1,"t":0,"c":6,"e":-1,"r":0},{"x":7,"y":17,"hp":225,"w":1,"h":1,"t":0,"c":6,"e":-1,"r":0}],"bu":[{"x":0,"y":10,"buff":0},{"x":1,"y":10,"buff":0},{"x":1,"y":9,"buff":0},{"x":0,"y":9,"buff":0},{"x":0,"y":8,"buff":0},{"x":1,"y":8,"buff":0},{"x":15,"y":13,"buff":0},{"x":16,"y":13,"buff":0},{"x":16,"y":12,"buff":0},{"x":16,"y":11,"buff":0},{"x":15,"y":11,"buff":0},{"x":15,"y":12,"buff":0}]}