{"l":163,"h":19,"w":17,"br":[{"x":1,"y":5,"hp":1250,"w":1,"h":1,"t":0,"c":8,"e":-1,"r":0},{"x":1,"y":6,"hp":1250,"w":1,"h":1,"t":0,"c":8,"e":-1,"r":0},{"x":9,"y":7,"hp":1250,"w":1,"h":1,"t":0,"c":8,"e":-1,"r":0},{"x":9,"y":8,"hp":1250,"w":1,"h":1,"t":0,"c":8,"e":-1,"r":0},{"x":9,"y":9,"hp":1250,"w":1,"h":1,"t":0,"c":8,"e":-1,"r":0},{"x":3,"y":12,"hp":1250,"w":1,"h":1,"t":0,"c":8,"e":-1,"r":0},{"x":1,"y":10,"hp":1250,"w":1,"h":1,"t":0,"c":8,"e":-1,"r":0},{"x":2,"y":11,"hp":1250,"w":1,"h":1,"t":0,"c":8,"e":-1,"r":0},{"x":1,"y":11,"hp":1250,"w":1,"h":1,"t":1,"c":8,"e":-1,"r":1},{"x":2,"y":12,"hp":1250,"w":1,"h":1,"t":1,"c":8,"e":-1,"r":1},{"x":1,"y":7,"hp":1250,"w":1,"h":1,"t":1,"c":8,"e":-1,"r":1},{"x":2,"y":8,"hp":1250,"w":1,"h":1,"t":1,"c":8,"e":-1,"r":1},{"x":3,"y":9,"hp":1250,"w":1,"h":1,"t":1,"c":8,"e":-1,"r":1},{"x":4,"y":10,"hp":1250,"w":1,"h":1,"t":1,"c":8,"e":-1,"r":1},{"x":5,"y":11,"hp":1250,"w":1,"h":1,"t":1,"c":8,"e":-1,"r":1},{"x":6,"y":12,"hp":1250,"w":1,"h":1,"t":1,"c":8,"e":-1,"r":1},{"x":1,"y":9,"hp":1250,"w":1,"h":1,"t":1,"c":8,"e":-1,"r":3},{"x":2,"y":10,"hp":1266,"w":1,"h":1,"t":1,"c":8,"e":-1,"r":3},{"x":3,"y":11,"hp":1266,"w":1,"h":1,"t":1,"c":8,"e":-1,"r":3},{"x":4,"y":12,"hp":1250,"w":1,"h":1,"t":1,"c":8,"e":-1,"r":3},{"x":2,"y":7,"hp":1250,"w":1,"h":1,"t":1,"c":8,"e":-1,"r":3},{"x":3,"y":8,"hp":1250,"w":1,"h":1,"t":1,"c":8,"e":-1,"r":3},{"x":4,"y":9,"hp":1250,"w":1,"h":1,"t":1,"c":8,"e":-1,"r":3},{"x":5,"y":10,"hp":1250,"w":1,"h":1,"t":1,"c":8,"e":-1,"r":3},{"x":6,"y":11,"hp":1250,"w":1,"h":1,"t":1,"c":8,"e":-1,"r":3},{"x":15,"y":5,"hp":1250,"w":1,"h":1,"t":0,"c":8,"e":-1,"r":0},{"x":1,"y":18,"hp":1250,"w":1,"h":1,"t":0,"c":8,"e":-1,"r":0},{"x":15,"y":18,"hp":1250,"w":1,"h":1,"t":0,"c":8,"e":-1,"r":0},{"x":1,"y":17,"hp":1250,"w":1,"h":1,"t":0,"c":8,"e":-1,"r":0},{"x":1,"y":16,"hp":1250,"w":1,"h":1,"t":0,"c":8,"e":-1,"r":0},{"x":1,"y":15,"hp":1250,"w":1,"h":1,"t":0,"c":8,"e":-1,"r":0},{"x":1,"y":14,"hp":1250,"w":1,"h":1,"t":0,"c":8,"e":-1,"r":0},{"x":1,"y":13,"hp":1250,"w":1,"h":1,"t":1,"c":8,"e":-1,"r":3},{"x":2,"y":14,"hp":1250,"w":1,"h":1,"t":1,"c":8,"e":-1,"r":3},{"x":3,"y":15,"hp":1250,"w":1,"h":1,"t":1,"c":8,"e":-1,"r":3},{"x":4,"y":16,"hp":1250,"w":1,"h":1,"t":1,"c":8,"e":-1,"r":3},{"x":5,"y":17,"hp":1250,"w":1,"h":1,"t":1,"c":8,"e":-1,"r":3},{"x":7,"y":12,"hp":1250,"w":1,"h":1,"t":1,"c":8,"e":-1,"r":3},{"x":9,"y":10,"hp":1250,"w":1,"h":1,"t":1,"c":8,"e":-1,"r":1},{"x":10,"y":11,"hp":1250,"w":1,"h":1,"t":1,"c":8,"e":-1,"r":1},{"x":11,"y":12,"hp":1250,"w":1,"h":1,"t":1,"c":8,"e":-1,"r":1},{"x":12,"y":13,"hp":1250,"w":1,"h":1,"t":1,"c":8,"e":-1,"r":1},{"x":13,"y":14,"hp":1250,"w":1,"h":1,"t":1,"c":8,"e":-1,"r":1},{"x":14,"y":15,"hp":1250,"w":1,"h":1,"t":1,"c":8,"e":-1,"r":1},{"x":15,"y":17,"hp":1250,"w":1,"h":1,"t":0,"c":8,"e":-1,"r":0},{"x":15,"y":16,"hp":1250,"w":1,"h":1,"t":0,"c":8,"e":-1,"r":0},{"x":15,"y":15,"hp":1250,"w":1,"h":1,"t":1,"c":8,"e":-1,"r":3},{"x":14,"y":14,"hp":1250,"w":1,"h":1,"t":1,"c":8,"e":-1,"r":3},{"x":13,"y":13,"hp":1250,"w":1,"h":1,"t":1,"c":8,"e":-1,"r":3},{"x":12,"y":12,"hp":1250,"w":1,"h":1,"t":1,"c":8,"e":-1,"r":3},{"x":11,"y":11,"hp":1250,"w":1,"h":1,"t":1,"c":8,"e":-1,"r":3},{"x":10,"y":10,"hp":1250,"w":1,"h":1,"t":1,"c":8,"e":-1,"r":3},{"x":15,"y":11,"hp":1250,"w":1,"h":1,"t":0,"c":8,"e":-1,"r":0},{"x":15,"y":10,"hp":1250,"w":1,"h":1,"t":0,"c":8,"e":-1,"r":0},{"x":15,"y":9,"hp":1250,"w":1,"h":1,"t":0,"c":8,"e":-1,"r":0},{"x":15,"y":8,"hp":1250,"w":1,"h":1,"t":0,"c":8,"e":-1,"r":0},{"x":15,"y":7,"hp":1250,"w":1,"h":1,"t":0,"c":8,"e":-1,"r":0},{"x":15,"y":6,"hp":1250,"w":1,"h":1,"t":0,"c":8,"e":-1,"r":0},{"x":12,"y":8,"hp":1250,"w":1,"h":1,"t":0,"c":8,"e":-1,"r":0},{"x":12,"y":7,"hp":1250,"w":1,"h":1,"t":0,"c":8,"e":-1,"r":0},{"x":12,"y":9,"hp":1250,"w":1,"h":1,"t":1,"c":8,"e":-1,"r":1},{"x":13,"y":10,"hp":1250,"w":1,"h":1,"t":1,"c":8,"e":-1,"r":1},{"x":14,"y":11,"hp":1250,"w":1,"h":1,"t":1,"c":8,"e":-1,"r":1},{"x":15,"y":12,"hp":1250,"w":1,"h":1,"t":1,"c":8,"e":-1,"r":1},{"x":13,"y":9,"hp":1250,"w":1,"h":1,"t":1,"c":8,"e":-1,"r":3},{"x":14,"y":10,"hp":1250,"w":1,"h":1,"t":1,"c":8,"e":-1,"r":3},{"x":2,"y":15,"hp":1250,"w":1,"h":1,"t":1,"c":8,"e":-1,"r":1},{"x":3,"y":16,"hp":1250,"w":1,"h":1,"t":1,"c":8,"e":-1,"r":1},{"x":4,"y":17,"hp":1250,"w":1,"h":1,"t":1,"c":8,"e":-1,"r":1},{"x":4,"y":6,"hp":814,"w":2,"h":2,"t":8,"c":0,"e":-1,"r":0},{"x":7,"y":13,"hp":1250,"w":1,"h":1,"t":1,"c":8,"e":-1,"r":1},{"x":8,"y":14,"hp":1250,"w":1,"h":1,"t":1,"c":8,"e":-1,"r":1},{"x":3,"y":13,"hp":1250,"w":1,"h":1,"t":1,"c":8,"e":-1,"r":1},{"x":4,"y":14,"hp":1250,"w":1,"h":1,"t":1,"c":8,"e":-1,"r":1},{"x":5,"y":13,"hp":1250,"w":1,"h":1,"t":1,"c":8,"e":-1,"r":3},{"x":6,"y":14,"hp":1250,"w":1,"h":1,"t":1,"c":8,"e":-1,"r":3},{"x":8,"y":13,"hp":1250,"w":1,"h":1,"t":1,"c":8,"e":-1,"r":3},{"x":9,"y":14,"hp":1250,"w":1,"h":1,"t":1,"c":8,"e":-1,"r":3},{"x":4,"y":13,"hp":1250,"w":1,"h":1,"t":0,"c":8,"e":-1,"r":0},{"x":5,"y":14,"hp":1250,"w":1,"h":1,"t":0,"c":8,"e":-1,"r":0},{"x":2,"y":18,"hp":1257,"w":1,"h":1,"t":0,"c":5,"e":-1,"r":0},{"x":3,"y":18,"hp":1257,"w":1,"h":1,"t":0,"c":5,"e":-1,"r":0},{"x":4,"y":18,"hp":1257,"w":1,"h":1,"t":0,"c":5,"e":-1,"r":0},{"x":5,"y":18,"hp":1257,"w":1,"h":1,"t":0,"c":5,"e":-1,"r":0},{"x":6,"y":18,"hp":1257,"w":1,"h":1,"t":0,"c":5,"e":-1,"r":0},{"x":7,"y":18,"hp":1257,"w":1,"h":1,"t":0,"c":5,"e":-1,"r":0},{"x":8,"y":18,"hp":1257,"w":1,"h":1,"t":0,"c":5,"e":-1,"r":0},{"x":9,"y":18,"hp":1257,"w":1,"h":1,"t":0,"c":5,"e":-1,"r":0},{"x":10,"y":18,"hp":1257,"w":1,"h":1,"t":0,"c":5,"e":-1,"r":0},{"x":11,"y":18,"hp":1257,"w":1,"h":1,"t":0,"c":5,"e":-1,"r":0},{"x":12,"y":18,"hp":1257,"w":1,"h":1,"t":0,"c":5,"e":-1,"r":0},{"x":13,"y":18,"hp":1257,"w":1,"h":1,"t":0,"c":5,"e":-1,"r":0},{"x":14,"y":18,"hp":1257,"w":1,"h":1,"t":0,"c":5,"e":-1,"r":0},{"x":2,"y":5,"hp":1257,"w":1,"h":1,"t":0,"c":5,"e":-1,"r":0},{"x":3,"y":5,"hp":1257,"w":1,"h":1,"t":0,"c":5,"e":-1,"r":0},{"x":4,"y":5,"hp":1257,"w":1,"h":1,"t":0,"c":5,"e":-1,"r":0},{"x":5,"y":5,"hp":1257,"w":1,"h":1,"t":0,"c":5,"e":-1,"r":0},{"x":6,"y":5,"hp":1257,"w":1,"h":1,"t":0,"c":5,"e":-1,"r":0},{"x":7,"y":5,"hp":1257,"w":1,"h":1,"t":0,"c":5,"e":-1,"r":0},{"x":8,"y":5,"hp":1257,"w":1,"h":1,"t":0,"c":5,"e":-1,"r":0},{"x":9,"y":5,"hp":1257,"w":1,"h":1,"t":0,"c":5,"e":-1,"r":0},{"x":10,"y":5,"hp":1257,"w":1,"h":1,"t":0,"c":5,"e":-1,"r":0},{"x":11,"y":5,"hp":1257,"w":1,"h":1,"t":0,"c":5,"e":-1,"r":0},{"x":12,"y":5,"hp":1257,"w":1,"h":1,"t":0,"c":5,"e":-1,"r":0},{"x":13,"y":5,"hp":1257,"w":1,"h":1,"t":0,"c":5,"e":-1,"r":0},{"x":14,"y":5,"hp":1257,"w":1,"h":1,"t":0,"c":5,"e":-1,"r":0}],"bu":[{"x":1,"y":8,"buff":0},{"x":2,"y":9,"buff":0},{"x":3,"y":10,"buff":0},{"x":4,"y":11,"buff":0},{"x":5,"y":12,"buff":0},{"x":1,"y":12,"buff":0},{"x":2,"y":13,"buff":0},{"x":3,"y":14,"buff":0},{"x":6,"y":13,"buff":0},{"x":7,"y":14,"buff":0},{"x":11,"y":10,"buff":0},{"x":12,"y":11,"buff":0},{"x":13,"y":12,"buff":0},{"x":14,"y":13,"buff":0},{"x":15,"y":14,"buff":0},{"x":10,"y":9,"buff":0}]}