{"l":178,"h":18,"w":11,"br":[{"x":3,"y":6,"hp":32,"w":1,"h":1,"t":0,"c":4,"e":-1,"r":0},{"x":2,"y":7,"hp":30,"w":1,"h":1,"t":0,"c":4,"e":-1,"r":0},{"x":1,"y":8,"hp":29,"w":1,"h":1,"t":0,"c":4,"e":-1,"r":0},{"x":4,"y":9,"hp":96,"w":1,"h":1,"t":0,"c":4,"e":-1,"r":0},{"x":4,"y":10,"hp":102,"w":1,"h":1,"t":0,"c":3,"e":-1,"r":0},{"x":1,"y":11,"hp":105,"w":1,"h":1,"t":0,"c":2,"e":-1,"r":0},{"x":3,"y":11,"hp":105,"w":1,"h":1,"t":0,"c":2,"e":-1,"r":0},{"x":4,"y":11,"hp":105,"w":1,"h":1,"t":0,"c":2,"e":-1,"r":0},{"x":1,"y":12,"hp":132,"w":1,"h":1,"t":0,"c":1,"e":-1,"r":0},{"x":2,"y":12,"hp":132,"w":1,"h":1,"t":0,"c":1,"e":-1,"r":0},{"x":3,"y":12,"hp":132,"w":1,"h":1,"t":0,"c":1,"e":-1,"r":0},{"x":4,"y":12,"hp":132,"w":1,"h":1,"t":0,"c":1,"e":-1,"r":0},{"x":3,"y":13,"hp":67,"w":1,"h":1,"t":0,"c":3,"e":-1,"r":0},{"x":5,"y":13,"hp":67,"w":1,"h":1,"t":0,"c":3,"e":-1,"r":0},{"x":4,"y":14,"hp":109,"w":1,"h":1,"t":0,"c":2,"e":-1,"r":0},{"x":5,"y":14,"hp":109,"w":1,"h":1,"t":0,"c":2,"e":-1,"r":0},{"x":0,"y":15,"hp":125,"w":1,"h":1,"t":0,"c":1,"e":-1,"r":0},{"x":2,"y":15,"hp":125,"w":1,"h":1,"t":0,"c":1,"e":-1,"r":0},{"x":3,"y":15,"hp":125,"w":1,"h":1,"t":0,"c":1,"e":-1,"r":0},{"x":4,"y":15,"hp":125,"w":1,"h":1,"t":0,"c":1,"e":-1,"r":0},{"x":0,"y":16,"hp":130,"w":1,"h":1,"t":0,"c":0,"e":-1,"r":0},{"x":2,"y":16,"hp":130,"w":1,"h":1,"t":0,"c":0,"e":-1,"r":0},{"x":3,"y":16,"hp":130,"w":1,"h":1,"t":0,"c":0,"e":-1,"r":0},{"x":4,"y":16,"hp":130,"w":1,"h":1,"t":0,"c":0,"e":-1,"r":0},{"x":5,"y":16,"hp":130,"w":1,"h":1,"t":0,"c":0,"e":-1,"r":0},{"x":0,"y":17,"hp":102,"w":1,"h":1,"t":0,"c":4,"e":-1,"r":0},{"x":2,"y":17,"hp":102,"w":1,"h":1,"t":0,"c":4,"e":-1,"r":0},{"x":4,"y":17,"hp":102,"w":1,"h":1,"t":0,"c":4,"e":-1,"r":0},{"x":5,"y":17,"hp":102,"w":1,"h":1,"t":0,"c":4,"e":-1,"r":0},{"x":7,"y":6,"hp":32,"w":1,"h":1,"t":0,"c":4,"e":-1,"r":0},{"x":10,"y":7,"hp":30,"w":1,"h":1,"t":0,"c":4,"e":-1,"r":0},{"x":9,"y":8,"hp":29,"w":1,"h":1,"t":0,"c":4,"e":-1,"r":0},{"x":6,"y":10,"hp":102,"w":1,"h":1,"t":0,"c":3,"e":-1,"r":0},{"x":9,"y":11,"hp":105,"w":1,"h":1,"t":0,"c":2,"e":-1,"r":0},{"x":7,"y":11,"hp":105,"w":1,"h":1,"t":0,"c":2,"e":-1,"r":0},{"x":6,"y":11,"hp":105,"w":1,"h":1,"t":0,"c":2,"e":-1,"r":0},{"x":9,"y":12,"hp":132,"w":1,"h":1,"t":0,"c":1,"e":-1,"r":0},{"x":8,"y":12,"hp":132,"w":1,"h":1,"t":0,"c":1,"e":-1,"r":0},{"x":7,"y":12,"hp":132,"w":1,"h":1,"t":0,"c":1,"e":-1,"r":0},{"x":6,"y":12,"hp":132,"w":1,"h":1,"t":0,"c":1,"e":-1,"r":0},{"x":10,"y":13,"hp":67,"w":1,"h":1,"t":0,"c":3,"e":-1,"r":0},{"x":8,"y":13,"hp":67,"w":1,"h":1,"t":0,"c":3,"e":-1,"r":0},{"x":7,"y":13,"hp":67,"w":1,"h":1,"t":0,"c":3,"e":-1,"r":0},{"x":9,"y":14,"hp":109,"w":1,"h":1,"t":0,"c":2,"e":-1,"r":0},{"x":8,"y":14,"hp":109,"w":1,"h":1,"t":0,"c":2,"e":-1,"r":0},{"x":10,"y":15,"hp":125,"w":1,"h":1,"t":0,"c":1,"e":-1,"r":0},{"x":9,"y":15,"hp":125,"w":1,"h":1,"t":0,"c":1,"e":-1,"r":0},{"x":8,"y":15,"hp":125,"w":1,"h":1,"t":0,"c":1,"e":-1,"r":0},{"x":7,"y":15,"hp":125,"w":1,"h":1,"t":0,"c":1,"e":-1,"r":0},{"x":10,"y":16,"hp":130,"w":1,"h":1,"t":0,"c":0,"e":-1,"r":0},{"x":10,"y":17,"hp":102,"w":1,"h":1,"t":0,"c":4,"e":-1,"r":0},{"x":9,"y":17,"hp":102,"w":1,"h":1,"t":0,"c":4,"e":-1,"r":0},{"x":8,"y":17,"hp":102,"w":1,"h":1,"t":0,"c":4,"e":-1,"r":0},{"x":7,"y":17,"hp":102,"w":1,"h":1,"t":0,"c":4,"e":-1,"r":0},{"x":6,"y":17,"hp":102,"w":1,"h":1,"t":0,"c":4,"e":-1,"r":0},{"x":6,"y":7,"hp":40,"w":1,"h":1,"t":0,"c":4,"e":-1,"r":0},{"x":8,"y":9,"hp":96,"w":1,"h":1,"t":0,"c":4,"e":-1,"r":0},{"x":2,"y":11,"hp":105,"w":1,"h":1,"t":0,"c":2,"e":-1,"r":0},{"x":3,"y":10,"hp":102,"w":1,"h":1,"t":0,"c":3,"e":-1,"r":0},{"x":1,"y":10,"hp":102,"w":1,"h":1,"t":0,"c":3,"e":-1,"r":0},{"x":2,"y":10,"hp":102,"w":1,"h":1,"t":0,"c":3,"e":-1,"r":0},{"x":7,"y":10,"hp":102,"w":1,"h":1,"t":0,"c":3,"e":-1,"r":0},{"x":8,"y":10,"hp":102,"w":1,"h":1,"t":0,"c":3,"e":-1,"r":0},{"x":9,"y":10,"hp":102,"w":1,"h":1,"t":0,"c":3,"e":-1,"r":0},{"x":8,"y":11,"hp":105,"w":1,"h":1,"t":0,"c":2,"e":-1,"r":0},{"x":9,"y":6,"hp":77,"w":1,"h":1,"t":0,"c":4,"e":-1,"r":0},{"x":8,"y":7,"hp":77,"w":1,"h":1,"t":0,"c":4,"e":-1,"r":0},{"x":7,"y":8,"hp":77,"w":1,"h":1,"t":0,"c":4,"e":-1,"r":0},{"x":6,"y":9,"hp":96,"w":1,"h":1,"t":0,"c":4,"e":-1,"r":0},{"x":4,"y":7,"hp":77,"w":1,"h":1,"t":0,"c":4,"e":-1,"r":0},{"x":3,"y":8,"hp":77,"w":1,"h":1,"t":0,"c":4,"e":-1,"r":0},{"x":2,"y":9,"hp":96,"w":1,"h":1,"t":0,"c":4,"e":-1,"r":0},{"x":1,"y":6,"hp":77,"w":1,"h":1,"t":0,"c":4,"e":-1,"r":0},{"x":0,"y":7,"hp":77,"w":1,"h":1,"t":0,"c":4,"e":-1,"r":0},{"x":8,"y":5,"hp":40,"w":1,"h":1,"t":0,"c":4,"e":-1,"r":0},{"x":2,"y":5,"hp":40,"w":1,"h":1,"t":0,"c":4,"e":-1,"r":0}],"bu":[{"x":0,"y":12,"buff":0},{"x":3,"y":14,"buff":0},{"x":9,"y":16,"buff":0},{"x":3,"y":17,"buff":7},{"x":6,"y":14,"buff":5},{"x":4,"y":6,"buff":1},{"x":6,"y":6,"buff":1},{"x":6,"y":8,"buff":1},{"x":4,"y":8,"buff":1},{"x":0,"y":10,"buff":1},{"x":10,"y":10,"buff":1},{"x":3,"y":7,"buff":8},{"x":7,"y":7,"buff":8},{"x":5,"y":12,"buff":8},{"x":1,"y":16,"buff":8},{"x":3,"y":9,"buff":8},{"x":7,"y":9,"buff":8},{"x":2,"y":6,"buff":8},{"x":8,"y":6,"buff":8}]}