{"l":108,"h":21,"w":11,"br":[{"x":0,"y":5,"hp":355,"w":1,"h":3,"t":0,"c":8,"e":-1,"r":0},{"x":2,"y":6,"hp":45,"w":1,"h":1,"t":0,"c":0,"e":-1,"r":0},{"x":3,"y":6,"hp":45,"w":1,"h":1,"t":0,"c":0,"e":-1,"r":0},{"x":4,"y":6,"hp":45,"w":1,"h":1,"t":0,"c":0,"e":-1,"r":0},{"x":3,"y":7,"hp":127,"w":1,"h":1,"t":0,"c":0,"e":-1,"r":0},{"x":4,"y":7,"hp":127,"w":1,"h":1,"t":0,"c":0,"e":-1,"r":0},{"x":3,"y":8,"hp":98,"w":1,"h":1,"t":0,"c":0,"e":-1,"r":0},{"x":2,"y":9,"hp":78,"w":1,"h":1,"t":0,"c":1,"e":-1,"r":0},{"x":5,"y":10,"hp":120,"w":1,"h":1,"t":0,"c":0,"e":-1,"r":0},{"x":3,"y":11,"hp":78,"w":1,"h":1,"t":0,"c":1,"e":-1,"r":0},{"x":4,"y":11,"hp":78,"w":1,"h":1,"t":0,"c":1,"e":-1,"r":0},{"x":5,"y":11,"hp":78,"w":1,"h":1,"t":0,"c":1,"e":4,"r":0},{"x":0,"y":12,"hp":131,"w":1,"h":1,"t":0,"c":0,"e":-1,"r":0},{"x":1,"y":12,"hp":131,"w":1,"h":1,"t":0,"c":0,"e":-1,"r":0},{"x":3,"y":12,"hp":131,"w":1,"h":1,"t":0,"c":0,"e":-1,"r":0},{"x":5,"y":12,"hp":131,"w":1,"h":1,"t":0,"c":0,"e":-1,"r":0},{"x":5,"y":13,"hp":83,"w":1,"h":1,"t":0,"c":1,"e":-1,"r":0},{"x":1,"y":14,"hp":118,"w":1,"h":1,"t":0,"c":7,"e":-1,"r":0},{"x":2,"y":14,"hp":118,"w":1,"h":1,"t":0,"c":7,"e":-1,"r":0},{"x":4,"y":14,"hp":118,"w":1,"h":1,"t":0,"c":7,"e":-1,"r":0},{"x":5,"y":14,"hp":118,"w":1,"h":1,"t":0,"c":7,"e":-1,"r":0},{"x":3,"y":15,"hp":100,"w":1,"h":1,"t":0,"c":8,"e":-1,"r":0},{"x":5,"y":15,"hp":100,"w":1,"h":1,"t":0,"c":8,"e":-1,"r":0},{"x":2,"y":16,"hp":130,"w":1,"h":1,"t":0,"c":0,"e":-1,"r":0},{"x":5,"y":16,"hp":130,"w":1,"h":1,"t":0,"c":0,"e":-1,"r":0},{"x":2,"y":17,"hp":99,"w":1,"h":1,"t":0,"c":1,"e":-1,"r":0},{"x":4,"y":18,"hp":107,"w":1,"h":1,"t":0,"c":0,"e":-1,"r":0},{"x":5,"y":18,"hp":107,"w":1,"h":1,"t":0,"c":0,"e":-1,"r":0},{"x":0,"y":19,"hp":121,"w":1,"h":1,"t":0,"c":1,"e":-1,"r":0},{"x":1,"y":19,"hp":121,"w":1,"h":1,"t":0,"c":1,"e":-1,"r":0},{"x":0,"y":20,"hp":77,"w":1,"h":1,"t":0,"c":0,"e":-1,"r":0},{"x":1,"y":20,"hp":77,"w":1,"h":1,"t":0,"c":0,"e":-1,"r":0},{"x":2,"y":20,"hp":77,"w":1,"h":1,"t":0,"c":0,"e":-1,"r":0},{"x":4,"y":20,"hp":77,"w":1,"h":1,"t":0,"c":0,"e":-1,"r":0},{"x":5,"y":20,"hp":77,"w":1,"h":1,"t":0,"c":0,"e":-1,"r":0},{"x":10,"y":5,"hp":355,"w":1,"h":3,"t":0,"c":8,"e":-1,"r":0},{"x":8,"y":6,"hp":45,"w":1,"h":1,"t":0,"c":0,"e":-1,"r":0},{"x":7,"y":6,"hp":45,"w":1,"h":1,"t":0,"c":0,"e":-1,"r":0},{"x":6,"y":6,"hp":45,"w":1,"h":1,"t":0,"c":0,"e":-1,"r":0},{"x":7,"y":7,"hp":127,"w":1,"h":1,"t":0,"c":0,"e":7,"r":0},{"x":6,"y":7,"hp":127,"w":1,"h":1,"t":0,"c":0,"e":-1,"r":0},{"x":7,"y":8,"hp":98,"w":1,"h":1,"t":0,"c":0,"e":-1,"r":0},{"x":8,"y":9,"hp":78,"w":1,"h":1,"t":0,"c":1,"e":-1,"r":0},{"x":7,"y":11,"hp":78,"w":1,"h":1,"t":0,"c":1,"e":-1,"r":0},{"x":6,"y":11,"hp":78,"w":1,"h":1,"t":0,"c":1,"e":-1,"r":0},{"x":9,"y":12,"hp":131,"w":1,"h":1,"t":0,"c":0,"e":-1,"r":0},{"x":7,"y":12,"hp":131,"w":1,"h":1,"t":0,"c":0,"e":-1,"r":0},{"x":9,"y":14,"hp":118,"w":1,"h":1,"t":0,"c":7,"e":-1,"r":0},{"x":6,"y":14,"hp":118,"w":1,"h":1,"t":0,"c":7,"e":-1,"r":0},{"x":7,"y":15,"hp":100,"w":1,"h":1,"t":0,"c":8,"e":-1,"r":0},{"x":8,"y":16,"hp":130,"w":1,"h":1,"t":0,"c":0,"e":-1,"r":0},{"x":7,"y":16,"hp":130,"w":1,"h":1,"t":0,"c":0,"e":-1,"r":0},{"x":6,"y":16,"hp":130,"w":1,"h":1,"t":0,"c":0,"e":-1,"r":0},{"x":10,"y":17,"hp":99,"w":1,"h":1,"t":0,"c":1,"e":-1,"r":0},{"x":8,"y":17,"hp":99,"w":1,"h":1,"t":0,"c":1,"e":-1,"r":0},{"x":6,"y":17,"hp":99,"w":1,"h":1,"t":0,"c":1,"e":-1,"r":0},{"x":10,"y":18,"hp":107,"w":1,"h":1,"t":0,"c":0,"e":-1,"r":0},{"x":9,"y":18,"hp":107,"w":1,"h":1,"t":0,"c":0,"e":5,"r":0},{"x":7,"y":18,"hp":107,"w":1,"h":1,"t":0,"c":0,"e":-1,"r":0},{"x":6,"y":18,"hp":107,"w":1,"h":1,"t":0,"c":0,"e":-1,"r":0},{"x":10,"y":19,"hp":121,"w":1,"h":1,"t":0,"c":1,"e":-1,"r":0},{"x":9,"y":19,"hp":121,"w":1,"h":1,"t":0,"c":1,"e":-1,"r":0},{"x":10,"y":20,"hp":77,"w":1,"h":1,"t":0,"c":0,"e":-1,"r":0},{"x":9,"y":20,"hp":77,"w":1,"h":1,"t":0,"c":0,"e":-1,"r":0},{"x":6,"y":20,"hp":77,"w":1,"h":1,"t":0,"c":0,"e":7,"r":0},{"x":2,"y":8,"hp":98,"w":1,"h":1,"t":0,"c":0,"e":-1,"r":0},{"x":2,"y":7,"hp":127,"w":1,"h":1,"t":0,"c":0,"e":-1,"r":0},{"x":8,"y":8,"hp":98,"w":1,"h":1,"t":0,"c":0,"e":-1,"r":0},{"x":8,"y":7,"hp":127,"w":1,"h":1,"t":0,"c":0,"e":-1,"r":0},{"x":3,"y":9,"hp":78,"w":1,"h":1,"t":0,"c":1,"e":-1,"r":0},{"x":7,"y":9,"hp":78,"w":1,"h":1,"t":0,"c":1,"e":-1,"r":0},{"x":6,"y":19,"hp":121,"w":1,"h":1,"t":0,"c":1,"e":-1,"r":0},{"x":7,"y":19,"hp":121,"w":1,"h":1,"t":0,"c":1,"e":-1,"r":0},{"x":4,"y":15,"hp":100,"w":1,"h":1,"t":0,"c":8,"e":-1,"r":0},{"x":6,"y":15,"hp":100,"w":1,"h":1,"t":0,"c":8,"e":-1,"r":0},{"x":6,"y":13,"hp":83,"w":1,"h":1,"t":0,"c":1,"e":-1,"r":0},{"x":7,"y":13,"hp":83,"w":1,"h":1,"t":0,"c":1,"e":-1,"r":0},{"x":9,"y":13,"hp":83,"w":1,"h":1,"t":0,"c":1,"e":-1,"r":0},{"x":1,"y":13,"hp":83,"w":1,"h":1,"t":0,"c":1,"e":-1,"r":0},{"x":1,"y":17,"hp":99,"w":1,"h":1,"t":0,"c":1,"e":-1,"r":0},{"x":0,"y":17,"hp":99,"w":1,"h":1,"t":0,"c":1,"e":-1,"r":0},{"x":7,"y":20,"hp":50,"w":1,"h":1,"t":0,"c":0,"e":-1,"r":0},{"x":4,"y":16,"hp":130,"w":1,"h":1,"t":0,"c":0,"e":-1,"r":0},{"x":1,"y":15,"hp":100,"w":1,"h":1,"t":0,"c":8,"e":-1,"r":0},{"x":4,"y":13,"hp":83,"w":1,"h":1,"t":0,"c":1,"e":-1,"r":0},{"x":3,"y":14,"hp":118,"w":1,"h":1,"t":0,"c":7,"e":-1,"r":0},{"x":1,"y":7,"hp":127,"w":1,"h":1,"t":0,"c":0,"e":-1,"r":0},{"x":9,"y":6,"hp":30,"w":1,"h":1,"t":0,"c":0,"e":-1,"r":0},{"x":0,"y":11,"hp":78,"w":1,"h":1,"t":0,"c":1,"e":-1,"r":0},{"x":1,"y":11,"hp":78,"w":1,"h":1,"t":0,"c":1,"e":-1,"r":0},{"x":9,"y":11,"hp":78,"w":1,"h":1,"t":0,"c":1,"e":-1,"r":0},{"x":10,"y":11,"hp":78,"w":1,"h":1,"t":0,"c":1,"e":-1,"r":0},{"x":10,"y":10,"hp":120,"w":1,"h":1,"t":0,"c":0,"e":-1,"r":0},{"x":0,"y":10,"hp":120,"w":1,"h":1,"t":0,"c":0,"e":-1,"r":0},{"x":1,"y":10,"hp":120,"w":1,"h":1,"t":0,"c":0,"e":-1,"r":0},{"x":9,"y":10,"hp":120,"w":1,"h":1,"t":0,"c":0,"e":-1,"r":0},{"x":8,"y":10,"hp":120,"w":1,"h":1,"t":0,"c":0,"e":-1,"r":0},{"x":3,"y":10,"hp":120,"w":1,"h":1,"t":0,"c":0,"e":-1,"r":0},{"x":1,"y":9,"hp":78,"w":1,"h":1,"t":0,"c":1,"e":-1,"r":0},{"x":10,"y":9,"hp":78,"w":1,"h":1,"t":0,"c":1,"e":-1,"r":0},{"x":5,"y":19,"hp":121,"w":1,"h":1,"t":1,"c":1,"e":-1,"r":0},{"x":5,"y":17,"hp":99,"w":1,"h":1,"t":1,"c":1,"e":-1,"r":0},{"x":4,"y":17,"hp":99,"w":1,"h":1,"t":1,"c":1,"e":-1,"r":0},{"x":2,"y":5,"hp":50,"w":1,"h":1,"t":0,"c":7,"e":-1,"r":0},{"x":3,"y":5,"hp":50,"w":1,"h":1,"t":0,"c":7,"e":-1,"r":0},{"x":4,"y":5,"hp":50,"w":1,"h":1,"t":0,"c":7,"e":-1,"r":0},{"x":6,"y":5,"hp":50,"w":1,"h":1,"t":0,"c":7,"e":-1,"r":0},{"x":7,"y":5,"hp":50,"w":1,"h":1,"t":0,"c":7,"e":-1,"r":0},{"x":8,"y":5,"hp":50,"w":1,"h":1,"t":0,"c":7,"e":-1,"r":0}],"bu":[{"x":3,"y":13,"buff":0},{"x":7,"y":17,"buff":0},{"x":2,"y":19,"buff":0},{"x":5,"y":9,"buff":7},{"x":7,"y":14,"buff":5},{"x":3,"y":17,"buff":3},{"x":8,"y":19,"buff":1},{"x":4,"y":10,"buff":0},{"x":4,"y":9,"buff":0},{"x":4,"y":8,"buff":0},{"x":5,"y":8,"buff":0},{"x":6,"y":8,"buff":0},{"x":6,"y":9,"buff":0},{"x":6,"y":10,"buff":0},{"x":2,"y":15,"buff":0},{"x":8,"y":12,"buff":0},{"x":9,"y":8,"buff":0},{"x":1,"y":8,"buff":0}]}