{"l":184,"h":25,"w":11,"br":[{"x":1,"y":5,"hp":37,"w":1,"h":1,"t":0,"c":2,"e":-1,"r":0},{"x":1,"y":6,"hp":56,"w":1,"h":1,"t":0,"c":3,"e":-1,"r":0},{"x":5,"y":6,"hp":56,"w":1,"h":1,"t":0,"c":3,"e":-1,"r":0},{"x":4,"y":7,"hp":35,"w":1,"h":1,"t":0,"c":4,"e":7,"r":0},{"x":5,"y":8,"hp":131,"w":1,"h":1,"t":4,"c":4,"e":-1,"r":0},{"x":0,"y":11,"hp":87,"w":1,"h":1,"t":0,"c":4,"e":-1,"r":0},{"x":1,"y":11,"hp":87,"w":1,"h":1,"t":0,"c":4,"e":-1,"r":0},{"x":4,"y":11,"hp":87,"w":1,"h":1,"t":0,"c":4,"e":-1,"r":0},{"x":5,"y":11,"hp":87,"w":1,"h":1,"t":0,"c":4,"e":-1,"r":0},{"x":1,"y":12,"hp":151,"w":1,"h":1,"t":0,"c":4,"e":-1,"r":0},{"x":5,"y":12,"hp":151,"w":1,"h":1,"t":0,"c":4,"e":-1,"r":0},{"x":5,"y":13,"hp":67,"w":1,"h":1,"t":5,"c":4,"e":-1,"r":0},{"x":0,"y":15,"hp":125,"w":1,"h":1,"t":0,"c":4,"e":-1,"r":0},{"x":0,"y":16,"hp":140,"w":1,"h":1,"t":0,"c":4,"e":-1,"r":0},{"x":4,"y":16,"hp":140,"w":1,"h":1,"t":0,"c":4,"e":-1,"r":0},{"x":5,"y":16,"hp":140,"w":1,"h":1,"t":0,"c":4,"e":-1,"r":0},{"x":4,"y":17,"hp":132,"w":1,"h":1,"t":4,"c":3,"e":-1,"r":0},{"x":5,"y":17,"hp":132,"w":1,"h":1,"t":0,"c":3,"e":-1,"r":0},{"x":0,"y":18,"hp":81,"w":1,"h":1,"t":0,"c":4,"e":-1,"r":0},{"x":5,"y":18,"hp":81,"w":1,"h":1,"t":0,"c":4,"e":-1,"r":0},{"x":4,"y":19,"hp":109,"w":1,"h":1,"t":4,"c":4,"e":-1,"r":0},{"x":5,"y":19,"hp":109,"w":1,"h":1,"t":0,"c":4,"e":-1,"r":0},{"x":2,"y":20,"hp":103,"w":1,"h":1,"t":0,"c":3,"e":-1,"r":0},{"x":4,"y":20,"hp":103,"w":1,"h":1,"t":0,"c":3,"e":-1,"r":0},{"x":5,"y":20,"hp":103,"w":1,"h":1,"t":0,"c":3,"e":-1,"r":0},{"x":3,"y":21,"hp":78,"w":1,"h":1,"t":0,"c":4,"e":-1,"r":0},{"x":4,"y":21,"hp":78,"w":1,"h":1,"t":4,"c":4,"e":-1,"r":0},{"x":5,"y":21,"hp":78,"w":1,"h":1,"t":0,"c":4,"e":-1,"r":0},{"x":1,"y":22,"hp":102,"w":1,"h":1,"t":0,"c":4,"e":-1,"r":0},{"x":2,"y":22,"hp":102,"w":1,"h":1,"t":0,"c":4,"e":-1,"r":0},{"x":4,"y":22,"hp":102,"w":1,"h":1,"t":0,"c":4,"e":-1,"r":0},{"x":5,"y":22,"hp":102,"w":1,"h":1,"t":0,"c":4,"e":-1,"r":0},{"x":2,"y":23,"hp":102,"w":1,"h":1,"t":0,"c":3,"e":-1,"r":0},{"x":3,"y":23,"hp":102,"w":1,"h":1,"t":0,"c":3,"e":-1,"r":0},{"x":4,"y":23,"hp":102,"w":1,"h":1,"t":0,"c":3,"e":-1,"r":0},{"x":5,"y":23,"hp":102,"w":1,"h":1,"t":2,"c":3,"e":-1,"r":1},{"x":0,"y":24,"hp":132,"w":1,"h":1,"t":0,"c":4,"e":-1,"r":0},{"x":1,"y":24,"hp":132,"w":1,"h":1,"t":0,"c":4,"e":-1,"r":0},{"x":2,"y":24,"hp":132,"w":1,"h":1,"t":0,"c":4,"e":-1,"r":0},{"x":3,"y":24,"hp":132,"w":1,"h":1,"t":0,"c":4,"e":-1,"r":0},{"x":5,"y":24,"hp":132,"w":1,"h":1,"t":0,"c":4,"e":-1,"r":0},{"x":9,"y":5,"hp":37,"w":1,"h":1,"t":0,"c":2,"e":-1,"r":0},{"x":9,"y":6,"hp":56,"w":1,"h":1,"t":0,"c":3,"e":-1,"r":0},{"x":8,"y":6,"hp":56,"w":1,"h":1,"t":1,"c":3,"e":-1,"r":2},{"x":6,"y":7,"hp":35,"w":1,"h":1,"t":0,"c":4,"e":-1,"r":0},{"x":10,"y":11,"hp":87,"w":1,"h":1,"t":0,"c":4,"e":-1,"r":0},{"x":9,"y":11,"hp":87,"w":1,"h":1,"t":0,"c":4,"e":-1,"r":0},{"x":6,"y":11,"hp":87,"w":1,"h":1,"t":0,"c":4,"e":-1,"r":0},{"x":9,"y":12,"hp":151,"w":1,"h":1,"t":0,"c":4,"e":-1,"r":0},{"x":10,"y":15,"hp":125,"w":1,"h":1,"t":0,"c":4,"e":-1,"r":0},{"x":10,"y":16,"hp":140,"w":1,"h":1,"t":0,"c":4,"e":-1,"r":0},{"x":9,"y":16,"hp":140,"w":1,"h":1,"t":0,"c":4,"e":-1,"r":0},{"x":6,"y":16,"hp":140,"w":1,"h":1,"t":0,"c":4,"e":-1,"r":0},{"x":6,"y":17,"hp":132,"w":1,"h":1,"t":4,"c":3,"e":-1,"r":0},{"x":10,"y":18,"hp":81,"w":1,"h":1,"t":0,"c":4,"e":-1,"r":0},{"x":8,"y":19,"hp":109,"w":1,"h":1,"t":0,"c":4,"e":-1,"r":0},{"x":6,"y":19,"hp":109,"w":1,"h":1,"t":4,"c":4,"e":-1,"r":0},{"x":10,"y":20,"hp":103,"w":1,"h":1,"t":0,"c":3,"e":-1,"r":0},{"x":8,"y":20,"hp":103,"w":1,"h":1,"t":0,"c":3,"e":-1,"r":0},{"x":6,"y":20,"hp":103,"w":1,"h":1,"t":0,"c":3,"e":-1,"r":0},{"x":10,"y":21,"hp":78,"w":1,"h":1,"t":0,"c":4,"e":-1,"r":0},{"x":7,"y":21,"hp":78,"w":1,"h":1,"t":0,"c":4,"e":-1,"r":0},{"x":6,"y":21,"hp":78,"w":1,"h":1,"t":4,"c":4,"e":-1,"r":0},{"x":8,"y":22,"hp":102,"w":1,"h":1,"t":0,"c":4,"e":-1,"r":0},{"x":7,"y":22,"hp":102,"w":1,"h":1,"t":0,"c":4,"e":-1,"r":0},{"x":6,"y":22,"hp":102,"w":1,"h":1,"t":0,"c":4,"e":7,"r":0},{"x":8,"y":23,"hp":102,"w":1,"h":1,"t":0,"c":3,"e":-1,"r":0},{"x":7,"y":23,"hp":102,"w":1,"h":1,"t":0,"c":3,"e":-1,"r":0},{"x":6,"y":23,"hp":102,"w":1,"h":1,"t":0,"c":3,"e":-1,"r":0},{"x":8,"y":24,"hp":132,"w":1,"h":1,"t":0,"c":4,"e":-1,"r":0},{"x":7,"y":24,"hp":132,"w":1,"h":1,"t":0,"c":4,"e":-1,"r":0},{"x":6,"y":18,"hp":81,"w":1,"h":1,"t":0,"c":4,"e":-1,"r":0},{"x":10,"y":6,"hp":50,"w":1,"h":1,"t":1,"c":3,"e":-1,"r":3},{"x":0,"y":6,"hp":50,"w":1,"h":1,"t":1,"c":3,"e":-1,"r":2},{"x":2,"y":14,"hp":521,"w":7,"h":1,"t":0,"c":2,"e":-1,"r":0},{"x":4,"y":8,"hp":131,"w":1,"h":1,"t":0,"c":4,"e":-1,"r":0},{"x":6,"y":8,"hp":131,"w":1,"h":1,"t":0,"c":4,"e":-1,"r":0},{"x":10,"y":17,"hp":50,"w":1,"h":1,"t":0,"c":3,"e":-1,"r":0},{"x":9,"y":17,"hp":50,"w":1,"h":1,"t":0,"c":3,"e":-1,"r":0},{"x":4,"y":18,"hp":50,"w":1,"h":1,"t":0,"c":4,"e":-1,"r":0},{"x":3,"y":20,"hp":50,"w":1,"h":1,"t":0,"c":3,"e":-1,"r":0},{"x":7,"y":20,"hp":50,"w":1,"h":1,"t":0,"c":3,"e":-1,"r":0},{"x":7,"y":19,"hp":50,"w":1,"h":1,"t":0,"c":4,"e":-1,"r":0},{"x":2,"y":7,"hp":50,"w":1,"h":1,"t":1,"c":4,"e":-1,"r":0},{"x":0,"y":7,"hp":50,"w":1,"h":1,"t":1,"c":4,"e":-1,"r":1},{"x":2,"y":6,"hp":50,"w":1,"h":1,"t":1,"c":3,"e":-1,"r":3},{"x":10,"y":7,"hp":50,"w":1,"h":1,"t":1,"c":4,"e":-1,"r":0},{"x":8,"y":7,"hp":50,"w":1,"h":1,"t":1,"c":4,"e":-1,"r":1},{"x":5,"y":7,"hp":50,"w":1,"h":1,"t":0,"c":4,"e":-1,"r":0},{"x":0,"y":10,"hp":101,"w":1,"h":1,"t":1,"c":4,"e":-1,"r":2},{"x":2,"y":10,"hp":101,"w":1,"h":1,"t":1,"c":4,"e":-1,"r":3},{"x":2,"y":11,"hp":87,"w":1,"h":1,"t":0,"c":4,"e":-1,"r":0},{"x":10,"y":10,"hp":101,"w":1,"h":1,"t":1,"c":4,"e":-1,"r":3},{"x":8,"y":10,"hp":101,"w":1,"h":1,"t":1,"c":4,"e":-1,"r":2},{"x":8,"y":11,"hp":87,"w":1,"h":1,"t":0,"c":4,"e":-1,"r":0},{"x":3,"y":17,"hp":50,"w":1,"h":1,"t":0,"c":3,"e":-1,"r":0},{"x":3,"y":16,"hp":50,"w":1,"h":1,"t":0,"c":4,"e":-1,"r":0},{"x":7,"y":17,"hp":50,"w":1,"h":1,"t":0,"c":3,"e":-1,"r":0},{"x":7,"y":16,"hp":50,"w":1,"h":1,"t":0,"c":4,"e":-1,"r":0},{"x":1,"y":9,"hp":121,"w":1,"h":1,"t":0,"c":4,"e":-1,"r":0},{"x":1,"y":8,"hp":131,"w":1,"h":1,"t":0,"c":4,"e":-1,"r":0},{"x":9,"y":9,"hp":121,"w":1,"h":1,"t":0,"c":4,"e":-1,"r":0},{"x":9,"y":8,"hp":131,"w":1,"h":1,"t":0,"c":4,"e":-1,"r":0},{"x":4,"y":10,"hp":101,"w":1,"h":1,"t":0,"c":4,"e":-1,"r":0},{"x":4,"y":9,"hp":121,"w":1,"h":1,"t":0,"c":4,"e":-1,"r":0},{"x":5,"y":9,"hp":121,"w":1,"h":1,"t":0,"c":4,"e":-1,"r":0},{"x":5,"y":10,"hp":101,"w":1,"h":1,"t":0,"c":4,"e":-1,"r":0},{"x":6,"y":10,"hp":101,"w":1,"h":1,"t":0,"c":4,"e":-1,"r":0},{"x":6,"y":9,"hp":121,"w":1,"h":1,"t":0,"c":4,"e":-1,"r":0},{"x":5,"y":5,"hp":50,"w":1,"h":1,"t":0,"c":2,"e":-1,"r":0},{"x":6,"y":6,"hp":50,"w":1,"h":1,"t":1,"c":3,"e":-1,"r":3},{"x":4,"y":6,"hp":50,"w":1,"h":1,"t":1,"c":3,"e":-1,"r":2},{"x":6,"y":13,"hp":50,"w":1,"h":1,"t":1,"c":4,"e":-1,"r":3},{"x":4,"y":13,"hp":50,"w":1,"h":1,"t":1,"c":4,"e":-1,"r":2}],"bu":[{"x":9,"y":21,"buff":0},{"x":0,"y":23,"buff":0},{"x":6,"y":24,"buff":0},{"x":4,"y":24,"buff":3},{"x":1,"y":21,"buff":2},{"x":7,"y":18,"buff":1},{"x":2,"y":16,"buff":1},{"x":9,"y":13,"buff":1},{"x":8,"y":17,"buff":4},{"x":2,"y":13,"buff":1},{"x":6,"y":15,"buff":1},{"x":8,"y":9,"buff":10},{"x":8,"y":8,"buff":10},{"x":2,"y":9,"buff":10},{"x":2,"y":8,"buff":10},{"x":3,"y":11,"buff":10},{"x":7,"y":11,"buff":10}]}