{"l":249,"h":34,"w":11,"br":[{"x":2,"y":8,"hp":70,"w":1,"h":1,"t":0,"c":4,"e":-1,"r":0},{"x":4,"y":8,"hp":70,"w":1,"h":1,"t":0,"c":4,"e":5,"r":0},{"x":5,"y":8,"hp":70,"w":1,"h":1,"t":0,"c":4,"e":-1,"r":0},{"x":3,"y":9,"hp":100,"w":1,"h":1,"t":0,"c":5,"e":-1,"r":0},{"x":4,"y":9,"hp":100,"w":1,"h":1,"t":0,"c":5,"e":-1,"r":0},{"x":5,"y":9,"hp":100,"w":1,"h":1,"t":0,"c":5,"e":-1,"r":0},{"x":1,"y":10,"hp":107,"w":1,"h":1,"t":0,"c":4,"e":-1,"r":0},{"x":2,"y":10,"hp":107,"w":1,"h":1,"t":0,"c":4,"e":-1,"r":0},{"x":1,"y":11,"hp":62,"w":1,"h":1,"t":0,"c":5,"e":-1,"r":0},{"x":2,"y":11,"hp":62,"w":1,"h":1,"t":0,"c":5,"e":-1,"r":0},{"x":4,"y":11,"hp":62,"w":1,"h":1,"t":0,"c":5,"e":-1,"r":0},{"x":1,"y":12,"hp":122,"w":1,"h":1,"t":0,"c":4,"e":-1,"r":0},{"x":2,"y":12,"hp":122,"w":1,"h":1,"t":0,"c":4,"e":-1,"r":0},{"x":3,"y":12,"hp":122,"w":1,"h":1,"t":0,"c":4,"e":-1,"r":0},{"x":1,"y":13,"hp":100,"w":1,"h":1,"t":0,"c":5,"e":-1,"r":0},{"x":2,"y":13,"hp":100,"w":1,"h":1,"t":0,"c":5,"e":-1,"r":0},{"x":4,"y":13,"hp":100,"w":1,"h":1,"t":0,"c":5,"e":-1,"r":0},{"x":5,"y":13,"hp":100,"w":1,"h":1,"t":0,"c":5,"e":-1,"r":0},{"x":0,"y":14,"hp":120,"w":1,"h":1,"t":0,"c":4,"e":-1,"r":0},{"x":1,"y":14,"hp":120,"w":1,"h":1,"t":0,"c":4,"e":-1,"r":0},{"x":2,"y":14,"hp":120,"w":1,"h":1,"t":0,"c":4,"e":-1,"r":0},{"x":3,"y":14,"hp":120,"w":1,"h":1,"t":0,"c":4,"e":-1,"r":0},{"x":5,"y":14,"hp":120,"w":1,"h":1,"t":0,"c":4,"e":-1,"r":0},{"x":1,"y":15,"hp":78,"w":1,"h":1,"t":0,"c":5,"e":-1,"r":0},{"x":2,"y":15,"hp":78,"w":1,"h":1,"t":0,"c":5,"e":-1,"r":0},{"x":3,"y":15,"hp":78,"w":1,"h":1,"t":0,"c":5,"e":-1,"r":0},{"x":4,"y":15,"hp":78,"w":1,"h":1,"t":0,"c":5,"e":-1,"r":0},{"x":5,"y":15,"hp":78,"w":1,"h":1,"t":0,"c":5,"e":-1,"r":0},{"x":0,"y":16,"hp":88,"w":1,"h":1,"t":0,"c":4,"e":-1,"r":0},{"x":2,"y":16,"hp":88,"w":1,"h":1,"t":0,"c":4,"e":-1,"r":0},{"x":5,"y":16,"hp":88,"w":1,"h":1,"t":0,"c":4,"e":-1,"r":0},{"x":1,"y":17,"hp":150,"w":1,"h":1,"t":0,"c":5,"e":-1,"r":0},{"x":2,"y":17,"hp":150,"w":1,"h":1,"t":0,"c":5,"e":-1,"r":0},{"x":4,"y":17,"hp":150,"w":1,"h":1,"t":0,"c":5,"e":-1,"r":0},{"x":5,"y":17,"hp":150,"w":1,"h":1,"t":0,"c":5,"e":-1,"r":0},{"x":1,"y":18,"hp":70,"w":1,"h":1,"t":0,"c":4,"e":7,"r":0},{"x":2,"y":18,"hp":70,"w":1,"h":1,"t":0,"c":4,"e":-1,"r":0},{"x":4,"y":18,"hp":70,"w":1,"h":1,"t":0,"c":4,"e":5,"r":0},{"x":5,"y":18,"hp":70,"w":1,"h":1,"t":0,"c":4,"e":-1,"r":0},{"x":0,"y":19,"hp":122,"w":1,"h":1,"t":0,"c":5,"e":-1,"r":0},{"x":1,"y":19,"hp":122,"w":1,"h":1,"t":0,"c":5,"e":-1,"r":0},{"x":2,"y":19,"hp":122,"w":1,"h":1,"t":0,"c":5,"e":-1,"r":0},{"x":4,"y":19,"hp":122,"w":1,"h":1,"t":0,"c":5,"e":-1,"r":0},{"x":0,"y":20,"hp":120,"w":1,"h":1,"t":0,"c":4,"e":-1,"r":0},{"x":1,"y":20,"hp":120,"w":1,"h":1,"t":0,"c":4,"e":-1,"r":0},{"x":2,"y":20,"hp":120,"w":1,"h":1,"t":0,"c":4,"e":-1,"r":0},{"x":5,"y":20,"hp":120,"w":1,"h":1,"t":0,"c":4,"e":-1,"r":0},{"x":1,"y":21,"hp":80,"w":1,"h":1,"t":0,"c":5,"e":-1,"r":0},{"x":2,"y":21,"hp":80,"w":1,"h":1,"t":0,"c":5,"e":-1,"r":0},{"x":3,"y":21,"hp":80,"w":1,"h":1,"t":0,"c":5,"e":-1,"r":0},{"x":4,"y":21,"hp":80,"w":1,"h":1,"t":0,"c":5,"e":-1,"r":0},{"x":5,"y":21,"hp":80,"w":1,"h":1,"t":0,"c":5,"e":-1,"r":0},{"x":1,"y":22,"hp":108,"w":1,"h":1,"t":0,"c":4,"e":-1,"r":0},{"x":3,"y":22,"hp":108,"w":1,"h":1,"t":0,"c":4,"e":-1,"r":0},{"x":4,"y":22,"hp":108,"w":1,"h":1,"t":0,"c":4,"e":-1,"r":0},{"x":5,"y":22,"hp":108,"w":1,"h":1,"t":0,"c":4,"e":-1,"r":0},{"x":1,"y":23,"hp":132,"w":1,"h":1,"t":0,"c":5,"e":-1,"r":0},{"x":2,"y":23,"hp":132,"w":1,"h":1,"t":0,"c":5,"e":-1,"r":0},{"x":3,"y":23,"hp":132,"w":1,"h":1,"t":0,"c":5,"e":-1,"r":0},{"x":4,"y":23,"hp":132,"w":1,"h":1,"t":0,"c":5,"e":-1,"r":0},{"x":5,"y":23,"hp":132,"w":1,"h":1,"t":0,"c":5,"e":-1,"r":0},{"x":1,"y":24,"hp":88,"w":1,"h":1,"t":0,"c":4,"e":-1,"r":0},{"x":3,"y":24,"hp":88,"w":1,"h":1,"t":0,"c":4,"e":-1,"r":0},{"x":4,"y":24,"hp":88,"w":1,"h":1,"t":0,"c":4,"e":-1,"r":0},{"x":5,"y":24,"hp":88,"w":1,"h":1,"t":0,"c":4,"e":-1,"r":0},{"x":3,"y":25,"hp":99,"w":1,"h":1,"t":0,"c":5,"e":-1,"r":0},{"x":4,"y":25,"hp":99,"w":1,"h":1,"t":0,"c":5,"e":-1,"r":0},{"x":5,"y":25,"hp":99,"w":1,"h":1,"t":0,"c":5,"e":-1,"r":0},{"x":2,"y":26,"hp":118,"w":1,"h":1,"t":0,"c":4,"e":-1,"r":0},{"x":3,"y":26,"hp":118,"w":1,"h":1,"t":0,"c":4,"e":-1,"r":0},{"x":4,"y":26,"hp":118,"w":1,"h":1,"t":0,"c":4,"e":-1,"r":0},{"x":5,"y":26,"hp":118,"w":1,"h":1,"t":0,"c":4,"e":-1,"r":0},{"x":1,"y":27,"hp":120,"w":1,"h":1,"t":0,"c":5,"e":5,"r":0},{"x":2,"y":27,"hp":120,"w":1,"h":1,"t":0,"c":5,"e":-1,"r":0},{"x":3,"y":27,"hp":120,"w":1,"h":1,"t":0,"c":5,"e":-1,"r":0},{"x":0,"y":28,"hp":150,"w":1,"h":1,"t":0,"c":4,"e":-1,"r":0},{"x":2,"y":28,"hp":150,"w":1,"h":1,"t":0,"c":4,"e":-1,"r":0},{"x":0,"y":29,"hp":92,"w":1,"h":1,"t":0,"c":5,"e":-1,"r":0},{"x":3,"y":29,"hp":92,"w":1,"h":1,"t":0,"c":5,"e":-1,"r":0},{"x":4,"y":29,"hp":92,"w":1,"h":1,"t":0,"c":5,"e":-1,"r":0},{"x":5,"y":29,"hp":92,"w":1,"h":1,"t":0,"c":5,"e":-1,"r":0},{"x":0,"y":30,"hp":107,"w":1,"h":1,"t":0,"c":4,"e":-1,"r":0},{"x":2,"y":30,"hp":107,"w":1,"h":1,"t":0,"c":4,"e":-1,"r":0},{"x":4,"y":30,"hp":107,"w":1,"h":1,"t":0,"c":4,"e":-1,"r":0},{"x":5,"y":30,"hp":107,"w":1,"h":1,"t":0,"c":4,"e":-1,"r":0},{"x":1,"y":31,"hp":77,"w":1,"h":1,"t":0,"c":5,"e":-1,"r":0},{"x":2,"y":31,"hp":77,"w":1,"h":1,"t":0,"c":5,"e":-1,"r":0},{"x":3,"y":31,"hp":77,"w":1,"h":1,"t":0,"c":5,"e":-1,"r":0},{"x":5,"y":31,"hp":77,"w":1,"h":1,"t":0,"c":5,"e":-1,"r":0},{"x":1,"y":32,"hp":122,"w":1,"h":1,"t":0,"c":4,"e":-1,"r":0},{"x":4,"y":32,"hp":122,"w":1,"h":1,"t":0,"c":4,"e":-1,"r":0},{"x":5,"y":32,"hp":122,"w":1,"h":1,"t":0,"c":4,"e":-1,"r":0},{"x":8,"y":8,"hp":70,"w":1,"h":1,"t":0,"c":4,"e":-1,"r":0},{"x":6,"y":8,"hp":70,"w":1,"h":1,"t":0,"c":4,"e":5,"r":0},{"x":7,"y":9,"hp":100,"w":1,"h":1,"t":0,"c":5,"e":-1,"r":0},{"x":6,"y":9,"hp":100,"w":1,"h":1,"t":0,"c":5,"e":-1,"r":0},{"x":9,"y":10,"hp":107,"w":1,"h":1,"t":0,"c":4,"e":-1,"r":0},{"x":8,"y":10,"hp":107,"w":1,"h":1,"t":0,"c":4,"e":-1,"r":0},{"x":9,"y":11,"hp":62,"w":1,"h":1,"t":0,"c":5,"e":-1,"r":0},{"x":8,"y":11,"hp":62,"w":1,"h":1,"t":0,"c":5,"e":7,"r":0},{"x":6,"y":11,"hp":62,"w":1,"h":1,"t":0,"c":5,"e":-1,"r":0},{"x":9,"y":12,"hp":122,"w":1,"h":1,"t":0,"c":4,"e":-1,"r":0},{"x":8,"y":12,"hp":122,"w":1,"h":1,"t":0,"c":4,"e":-1,"r":0},{"x":7,"y":12,"hp":122,"w":1,"h":1,"t":0,"c":4,"e":-1,"r":0},{"x":9,"y":13,"hp":100,"w":1,"h":1,"t":0,"c":5,"e":5,"r":0},{"x":8,"y":13,"hp":100,"w":1,"h":1,"t":0,"c":5,"e":-1,"r":0},{"x":6,"y":13,"hp":100,"w":1,"h":1,"t":0,"c":5,"e":-1,"r":0},{"x":9,"y":14,"hp":120,"w":1,"h":1,"t":0,"c":4,"e":-1,"r":0},{"x":8,"y":14,"hp":120,"w":1,"h":1,"t":0,"c":4,"e":-1,"r":0},{"x":7,"y":14,"hp":120,"w":1,"h":1,"t":0,"c":4,"e":-1,"r":0},{"x":8,"y":15,"hp":78,"w":1,"h":1,"t":0,"c":5,"e":-1,"r":0},{"x":7,"y":15,"hp":78,"w":1,"h":1,"t":0,"c":5,"e":-1,"r":0},{"x":6,"y":15,"hp":78,"w":1,"h":1,"t":0,"c":5,"e":-1,"r":0},{"x":9,"y":17,"hp":150,"w":1,"h":1,"t":0,"c":5,"e":-1,"r":0},{"x":6,"y":17,"hp":150,"w":1,"h":1,"t":0,"c":5,"e":-1,"r":0},{"x":9,"y":18,"hp":70,"w":1,"h":1,"t":0,"c":4,"e":-1,"r":0},{"x":8,"y":18,"hp":70,"w":1,"h":1,"t":0,"c":4,"e":-1,"r":0},{"x":10,"y":19,"hp":122,"w":1,"h":1,"t":0,"c":5,"e":-1,"r":0},{"x":9,"y":19,"hp":122,"w":1,"h":1,"t":0,"c":5,"e":-1,"r":0},{"x":8,"y":19,"hp":122,"w":1,"h":1,"t":0,"c":5,"e":-1,"r":0},{"x":7,"y":19,"hp":122,"w":1,"h":1,"t":0,"c":5,"e":-1,"r":0},{"x":10,"y":20,"hp":120,"w":1,"h":1,"t":0,"c":4,"e":-1,"r":0},{"x":9,"y":20,"hp":120,"w":1,"h":1,"t":0,"c":4,"e":-1,"r":0},{"x":8,"y":20,"hp":120,"w":1,"h":1,"t":0,"c":4,"e":-1,"r":0},{"x":9,"y":21,"hp":80,"w":1,"h":1,"t":0,"c":5,"e":-1,"r":0},{"x":8,"y":21,"hp":80,"w":1,"h":1,"t":0,"c":5,"e":-1,"r":0},{"x":7,"y":21,"hp":80,"w":1,"h":1,"t":0,"c":5,"e":-1,"r":0},{"x":6,"y":21,"hp":80,"w":1,"h":1,"t":0,"c":5,"e":-1,"r":0},{"x":7,"y":22,"hp":108,"w":1,"h":1,"t":0,"c":4,"e":-1,"r":0},{"x":6,"y":22,"hp":108,"w":1,"h":1,"t":0,"c":4,"e":-1,"r":0},{"x":9,"y":23,"hp":132,"w":1,"h":1,"t":0,"c":5,"e":-1,"r":0},{"x":8,"y":23,"hp":132,"w":1,"h":1,"t":0,"c":5,"e":-1,"r":0},{"x":7,"y":23,"hp":132,"w":1,"h":1,"t":0,"c":5,"e":-1,"r":0},{"x":6,"y":23,"hp":132,"w":1,"h":1,"t":0,"c":5,"e":-1,"r":0},{"x":9,"y":24,"hp":88,"w":1,"h":1,"t":0,"c":4,"e":5,"r":0},{"x":7,"y":24,"hp":88,"w":1,"h":1,"t":0,"c":4,"e":-1,"r":0},{"x":6,"y":24,"hp":88,"w":1,"h":1,"t":0,"c":4,"e":-1,"r":0},{"x":7,"y":25,"hp":99,"w":1,"h":1,"t":0,"c":5,"e":-1,"r":0},{"x":6,"y":25,"hp":99,"w":1,"h":1,"t":0,"c":5,"e":-1,"r":0},{"x":8,"y":26,"hp":118,"w":1,"h":1,"t":0,"c":4,"e":-1,"r":0},{"x":7,"y":26,"hp":118,"w":1,"h":1,"t":0,"c":4,"e":-1,"r":0},{"x":6,"y":26,"hp":118,"w":1,"h":1,"t":0,"c":4,"e":-1,"r":0},{"x":8,"y":27,"hp":120,"w":1,"h":1,"t":0,"c":5,"e":-1,"r":0},{"x":7,"y":29,"hp":92,"w":1,"h":1,"t":0,"c":5,"e":-1,"r":0},{"x":6,"y":29,"hp":92,"w":1,"h":1,"t":0,"c":5,"e":-1,"r":0},{"x":6,"y":30,"hp":107,"w":1,"h":1,"t":0,"c":4,"e":-1,"r":0},{"x":10,"y":31,"hp":77,"w":1,"h":1,"t":0,"c":5,"e":-1,"r":0},{"x":9,"y":31,"hp":77,"w":1,"h":1,"t":0,"c":5,"e":-1,"r":0},{"x":7,"y":31,"hp":77,"w":1,"h":1,"t":0,"c":5,"e":-1,"r":0},{"x":9,"y":32,"hp":122,"w":1,"h":1,"t":0,"c":4,"e":-1,"r":0},{"x":6,"y":32,"hp":122,"w":1,"h":1,"t":0,"c":4,"e":-1,"r":0},{"x":0,"y":7,"hp":70,"w":1,"h":1,"t":0,"c":5,"e":-1,"r":0},{"x":0,"y":6,"hp":70,"w":1,"h":1,"t":0,"c":4,"e":-1,"r":0},{"x":0,"y":5,"hp":70,"w":1,"h":1,"t":0,"c":5,"e":-1,"r":0},{"x":1,"y":5,"hp":70,"w":1,"h":1,"t":0,"c":5,"e":-1,"r":0},{"x":2,"y":5,"hp":70,"w":1,"h":1,"t":0,"c":5,"e":-1,"r":0},{"x":3,"y":5,"hp":70,"w":1,"h":1,"t":0,"c":5,"e":-1,"r":0},{"x":3,"y":6,"hp":70,"w":1,"h":1,"t":0,"c":4,"e":-1,"r":0},{"x":7,"y":6,"hp":70,"w":1,"h":1,"t":0,"c":4,"e":-1,"r":0},{"x":7,"y":5,"hp":70,"w":1,"h":1,"t":0,"c":5,"e":-1,"r":0},{"x":8,"y":5,"hp":70,"w":1,"h":1,"t":0,"c":5,"e":-1,"r":0},{"x":9,"y":5,"hp":70,"w":1,"h":1,"t":0,"c":5,"e":-1,"r":0},{"x":10,"y":5,"hp":70,"w":1,"h":1,"t":0,"c":5,"e":-1,"r":0},{"x":10,"y":6,"hp":70,"w":1,"h":1,"t":0,"c":4,"e":-1,"r":0},{"x":10,"y":7,"hp":70,"w":1,"h":1,"t":0,"c":5,"e":-1,"r":0},{"x":6,"y":16,"hp":88,"w":1,"h":1,"t":0,"c":4,"e":-1,"r":0},{"x":7,"y":16,"hp":88,"w":1,"h":1,"t":0,"c":4,"e":-1,"r":0},{"x":0,"y":18,"hp":70,"w":1,"h":1,"t":0,"c":4,"e":-1,"r":0},{"x":0,"y":17,"hp":150,"w":1,"h":1,"t":0,"c":5,"e":-1,"r":0},{"x":2,"y":22,"hp":108,"w":1,"h":1,"t":0,"c":4,"e":-1,"r":0},{"x":8,"y":24,"hp":88,"w":1,"h":1,"t":0,"c":4,"e":-1,"r":0},{"x":2,"y":24,"hp":88,"w":1,"h":1,"t":0,"c":4,"e":-1,"r":0},{"x":9,"y":26,"hp":118,"w":1,"h":1,"t":0,"c":4,"e":-1,"r":0},{"x":10,"y":26,"hp":118,"w":1,"h":1,"t":0,"c":4,"e":-1,"r":0},{"x":3,"y":28,"hp":150,"w":1,"h":1,"t":0,"c":4,"e":-1,"r":0},{"x":4,"y":28,"hp":150,"w":1,"h":1,"t":0,"c":4,"e":-1,"r":0},{"x":5,"y":28,"hp":150,"w":1,"h":1,"t":0,"c":4,"e":-1,"r":0},{"x":6,"y":28,"hp":150,"w":1,"h":1,"t":0,"c":4,"e":-1,"r":0},{"x":8,"y":28,"hp":150,"w":1,"h":1,"t":0,"c":4,"e":-1,"r":0},{"x":9,"y":28,"hp":150,"w":1,"h":1,"t":0,"c":4,"e":-1,"r":0},{"x":4,"y":27,"hp":120,"w":1,"h":1,"t":0,"c":5,"e":-1,"r":0},{"x":5,"y":27,"hp":120,"w":1,"h":1,"t":0,"c":5,"e":-1,"r":0},{"x":6,"y":27,"hp":120,"w":1,"h":1,"t":0,"c":5,"e":-1,"r":0},{"x":7,"y":27,"hp":120,"w":1,"h":1,"t":0,"c":5,"e":-1,"r":0},{"x":9,"y":30,"hp":107,"w":1,"h":1,"t":0,"c":4,"e":-1,"r":0},{"x":7,"y":30,"hp":107,"w":1,"h":1,"t":0,"c":4,"e":-1,"r":0},{"x":3,"y":30,"hp":107,"w":1,"h":1,"t":0,"c":4,"e":-1,"r":0},{"x":3,"y":32,"hp":122,"w":1,"h":1,"t":0,"c":4,"e":-1,"r":0},{"x":2,"y":32,"hp":122,"w":1,"h":1,"t":0,"c":4,"e":-1,"r":0},{"x":10,"y":32,"hp":122,"w":1,"h":1,"t":0,"c":4,"e":-1,"r":0},{"x":6,"y":31,"hp":77,"w":1,"h":1,"t":0,"c":5,"e":-1,"r":0},{"x":4,"y":31,"hp":77,"w":1,"h":1,"t":0,"c":5,"e":-1,"r":0},{"x":7,"y":11,"hp":70,"w":1,"h":1,"t":0,"c":5,"e":-1,"r":0},{"x":7,"y":10,"hp":107,"w":1,"h":1,"t":0,"c":4,"e":-1,"r":0},{"x":3,"y":11,"hp":70,"w":1,"h":1,"t":0,"c":5,"e":-1,"r":0},{"x":3,"y":10,"hp":107,"w":1,"h":1,"t":0,"c":4,"e":-1,"r":0},{"x":9,"y":6,"hp":70,"w":1,"h":1,"t":0,"c":4,"e":-1,"r":0},{"x":1,"y":6,"hp":70,"w":1,"h":1,"t":0,"c":4,"e":-1,"r":0},{"x":9,"y":9,"hp":70,"w":1,"h":1,"t":0,"c":5,"e":-1,"r":0},{"x":1,"y":9,"hp":70,"w":1,"h":1,"t":0,"c":5,"e":-1,"r":0},{"x":0,"y":10,"hp":70,"w":1,"h":1,"t":0,"c":4,"e":-1,"r":0},{"x":4,"y":10,"hp":70,"w":1,"h":1,"t":0,"c":4,"e":-1,"r":0}],"bu":[{"x":9,"y":8,"buff":0},{"x":3,"y":17,"buff":0},{"x":3,"y":20,"buff":1},{"x":10,"y":15,"buff":1},{"x":10,"y":11,"buff":1},{"x":10,"y":22,"buff":1},{"x":8,"y":30,"buff":1},{"x":3,"y":33,"buff":0},{"x":7,"y":32,"buff":0},{"x":9,"y":27,"buff":0},{"x":1,"y":25,"buff":0},{"x":0,"y":9,"buff":3},{"x":10,"y":10,"buff":3},{"x":2,"y":25,"buff":2},{"x":7,"y":20,"buff":3},{"x":2,"y":29,"buff":2},{"x":8,"y":29,"buff":5},{"x":0,"y":23,"buff":3},{"x":8,"y":16,"buff":3},{"x":4,"y":5,"buff":1},{"x":6,"y":5,"buff":1},{"x":0,"y":13,"buff":1},{"x":10,"y":18,"buff":1},{"x":6,"y":6,"buff":0},{"x":4,"y":6,"buff":0},{"x":2,"y":6,"buff":0},{"x":8,"y":6,"buff":0}]}