{"l":349,"h":19,"w":17,"br":[{"x":0,"y":7,"hp":1300,"w":1,"h":1,"t":0,"c":3,"e":-1,"r":0},{"x":1,"y":7,"hp":1300,"w":1,"h":1,"t":0,"c":3,"e":-1,"r":0},{"x":2,"y":7,"hp":1300,"w":1,"h":1,"t":0,"c":3,"e":-1,"r":0},{"x":3,"y":7,"hp":1300,"w":1,"h":1,"t":0,"c":3,"e":-1,"r":0},{"x":4,"y":7,"hp":1300,"w":1,"h":1,"t":0,"c":3,"e":-1,"r":0},{"x":2,"y":8,"hp":900,"w":1,"h":1,"t":0,"c":3,"e":-1,"r":0},{"x":3,"y":8,"hp":900,"w":1,"h":1,"t":0,"c":3,"e":-1,"r":0},{"x":4,"y":8,"hp":900,"w":1,"h":1,"t":0,"c":3,"e":-1,"r":0},{"x":3,"y":9,"hp":850,"w":1,"h":1,"t":0,"c":3,"e":-1,"r":0},{"x":4,"y":10,"hp":700,"w":1,"h":1,"t":0,"c":3,"e":-1,"r":0},{"x":4,"y":11,"hp":650,"w":1,"h":1,"t":0,"c":3,"e":-1,"r":0},{"x":5,"y":11,"hp":650,"w":1,"h":1,"t":0,"c":3,"e":-1,"r":0},{"x":5,"y":12,"hp":550,"w":1,"h":1,"t":0,"c":3,"e":-1,"r":0},{"x":3,"y":10,"hp":700,"w":1,"h":1,"t":0,"c":3,"e":-1,"r":0},{"x":2,"y":9,"hp":850,"w":1,"h":1,"t":0,"c":3,"e":-1,"r":0},{"x":1,"y":8,"hp":900,"w":1,"h":1,"t":0,"c":3,"e":-1,"r":0},{"x":0,"y":8,"hp":900,"w":1,"h":1,"t":0,"c":3,"e":-1,"r":0},{"x":1,"y":9,"hp":850,"w":1,"h":1,"t":0,"c":3,"e":-1,"r":0},{"x":1,"y":10,"hp":700,"w":1,"h":1,"t":0,"c":3,"e":-1,"r":0},{"x":2,"y":10,"hp":700,"w":1,"h":1,"t":0,"c":3,"e":-1,"r":0},{"x":3,"y":11,"hp":650,"w":1,"h":1,"t":0,"c":3,"e":-1,"r":0},{"x":6,"y":12,"hp":550,"w":1,"h":1,"t":0,"c":3,"e":-1,"r":0},{"x":8,"y":12,"hp":550,"w":1,"h":1,"t":0,"c":3,"e":-1,"r":0},{"x":13,"y":14,"hp":500,"w":1,"h":1,"t":0,"c":3,"e":-1,"r":0},{"x":12,"y":14,"hp":500,"w":1,"h":1,"t":0,"c":3,"e":-1,"r":0},{"x":11,"y":13,"hp":500,"w":1,"h":1,"t":0,"c":3,"e":-1,"r":0},{"x":13,"y":13,"hp":500,"w":1,"h":1,"t":0,"c":3,"e":-1,"r":0},{"x":12,"y":13,"hp":500,"w":1,"h":1,"t":0,"c":3,"e":-1,"r":0},{"x":8,"y":13,"hp":500,"w":1,"h":1,"t":0,"c":3,"e":-1,"r":0},{"x":7,"y":13,"hp":500,"w":1,"h":1,"t":0,"c":3,"e":-1,"r":0},{"x":4,"y":12,"hp":550,"w":1,"h":1,"t":0,"c":3,"e":-1,"r":0},{"x":7,"y":12,"hp":550,"w":1,"h":1,"t":0,"c":3,"e":-1,"r":0},{"x":9,"y":12,"hp":550,"w":1,"h":1,"t":0,"c":3,"e":-1,"r":0},{"x":10,"y":12,"hp":550,"w":1,"h":1,"t":0,"c":3,"e":3,"r":0},{"x":10,"y":11,"hp":650,"w":1,"h":1,"t":0,"c":3,"e":-1,"r":0},{"x":11,"y":11,"hp":650,"w":1,"h":1,"t":0,"c":3,"e":-1,"r":0},{"x":12,"y":11,"hp":650,"w":1,"h":1,"t":0,"c":3,"e":-1,"r":0},{"x":12,"y":10,"hp":700,"w":1,"h":1,"t":0,"c":3,"e":-1,"r":0},{"x":13,"y":10,"hp":700,"w":1,"h":1,"t":0,"c":3,"e":3,"r":0},{"x":10,"y":13,"hp":500,"w":1,"h":1,"t":0,"c":3,"e":-1,"r":0},{"x":9,"y":13,"hp":500,"w":1,"h":1,"t":0,"c":3,"e":-1,"r":0},{"x":8,"y":14,"hp":500,"w":1,"h":1,"t":0,"c":3,"e":-1,"r":0},{"x":7,"y":14,"hp":500,"w":1,"h":1,"t":0,"c":3,"e":-1,"r":0},{"x":6,"y":13,"hp":500,"w":1,"h":1,"t":0,"c":3,"e":-1,"r":0},{"x":5,"y":13,"hp":500,"w":1,"h":1,"t":0,"c":3,"e":-1,"r":0},{"x":3,"y":12,"hp":550,"w":1,"h":1,"t":0,"c":3,"e":-1,"r":0},{"x":2,"y":11,"hp":650,"w":1,"h":1,"t":0,"c":3,"e":-1,"r":0},{"x":1,"y":11,"hp":650,"w":1,"h":1,"t":0,"c":3,"e":-1,"r":0},{"x":0,"y":11,"hp":650,"w":1,"h":1,"t":0,"c":3,"e":-1,"r":0},{"x":0,"y":9,"hp":850,"w":1,"h":1,"t":0,"c":3,"e":-1,"r":0},{"x":0,"y":10,"hp":700,"w":1,"h":1,"t":0,"c":3,"e":-1,"r":0},{"x":2,"y":12,"hp":550,"w":1,"h":1,"t":0,"c":3,"e":-1,"r":0},{"x":1,"y":12,"hp":550,"w":1,"h":1,"t":0,"c":3,"e":-1,"r":0},{"x":0,"y":12,"hp":550,"w":1,"h":1,"t":0,"c":3,"e":-1,"r":0},{"x":5,"y":6,"hp":1300,"w":1,"h":1,"t":0,"c":3,"e":-1,"r":0},{"x":4,"y":6,"hp":1300,"w":1,"h":1,"t":0,"c":3,"e":-1,"r":0},{"x":3,"y":6,"hp":1300,"w":1,"h":1,"t":0,"c":3,"e":-1,"r":0},{"x":1,"y":6,"hp":1300,"w":1,"h":1,"t":0,"c":3,"e":-1,"r":0},{"x":2,"y":6,"hp":1300,"w":1,"h":1,"t":0,"c":3,"e":-1,"r":0},{"x":11,"y":16,"hp":450,"w":1,"h":1,"t":0,"c":3,"e":-1,"r":0},{"x":10,"y":16,"hp":450,"w":1,"h":1,"t":0,"c":3,"e":-1,"r":0},{"x":9,"y":15,"hp":450,"w":1,"h":1,"t":0,"c":3,"e":-1,"r":0},{"x":9,"y":14,"hp":500,"w":1,"h":1,"t":0,"c":3,"e":-1,"r":0},{"x":7,"y":16,"hp":450,"w":1,"h":1,"t":0,"c":3,"e":-1,"r":0},{"x":6,"y":15,"hp":450,"w":1,"h":1,"t":0,"c":3,"e":-1,"r":0},{"x":5,"y":14,"hp":500,"w":1,"h":1,"t":0,"c":3,"e":-1,"r":0},{"x":4,"y":14,"hp":500,"w":1,"h":1,"t":0,"c":3,"e":-1,"r":0},{"x":4,"y":13,"hp":500,"w":1,"h":1,"t":0,"c":3,"e":-1,"r":0},{"x":14,"y":14,"hp":60,"w":1,"h":1,"t":0,"c":5,"e":-1,"r":0},{"x":14,"y":15,"hp":60,"w":1,"h":1,"t":0,"c":5,"e":-1,"r":0},{"x":15,"y":15,"hp":60,"w":1,"h":1,"t":0,"c":5,"e":-1,"r":0},{"x":15,"y":14,"hp":60,"w":1,"h":1,"t":0,"c":5,"e":-1,"r":0},{"x":12,"y":17,"hp":58,"w":1,"h":1,"t":0,"c":5,"e":-1,"r":0},{"x":11,"y":17,"hp":58,"w":1,"h":1,"t":0,"c":5,"e":-1,"r":0},{"x":14,"y":10,"hp":59,"w":1,"h":1,"t":0,"c":5,"e":-1,"r":0},{"x":15,"y":10,"hp":59,"w":1,"h":1,"t":0,"c":5,"e":-1,"r":0},{"x":5,"y":8,"hp":80,"w":1,"h":1,"t":0,"c":5,"e":-1,"r":0},{"x":6,"y":8,"hp":78,"w":1,"h":1,"t":0,"c":5,"e":-1,"r":0},{"x":7,"y":17,"hp":58,"w":1,"h":1,"t":0,"c":5,"e":-1,"r":0},{"x":8,"y":17,"hp":58,"w":1,"h":1,"t":0,"c":5,"e":-1,"r":0},{"x":8,"y":16,"hp":58,"w":1,"h":1,"t":0,"c":5,"e":-1,"r":0},{"x":0,"y":6,"hp":1300,"w":1,"h":1,"t":0,"c":3,"e":-1,"r":0},{"x":1,"y":13,"hp":610,"w":2,"h":2,"t":8,"c":0,"e":-1,"r":0}],"bu":[{"x":14,"y":11,"buff":13},{"x":15,"y":11,"buff":13},{"x":15,"y":16,"buff":13},{"x":14,"y":16,"buff":13},{"x":16,"y":15,"buff":13},{"x":16,"y":14,"buff":13},{"x":16,"y":10,"buff":13},{"x":12,"y":18,"buff":13},{"x":11,"y":18,"buff":13},{"x":13,"y":17,"buff":13},{"x":7,"y":18,"buff":13},{"x":8,"y":18,"buff":13},{"x":9,"y":17,"buff":13},{"x":5,"y":9,"buff":13},{"x":6,"y":9,"buff":13},{"x":7,"y":8,"buff":13}]}