{"l":346,"h":21,"w":11,"br":[{"x":3,"y":5,"hp":74,"w":1,"h":1,"t":0,"c":3,"e":-1,"r":0},{"x":4,"y":5,"hp":74,"w":1,"h":1,"t":0,"c":3,"e":-1,"r":0},{"x":5,"y":5,"hp":74,"w":1,"h":1,"t":5,"c":3,"e":-1,"r":0},{"x":1,"y":6,"hp":86,"w":1,"h":1,"t":0,"c":4,"e":-1,"r":0},{"x":4,"y":6,"hp":86,"w":1,"h":1,"t":0,"c":4,"e":-1,"r":0},{"x":5,"y":6,"hp":86,"w":1,"h":1,"t":0,"c":4,"e":-1,"r":0},{"x":1,"y":7,"hp":55,"w":1,"h":1,"t":0,"c":5,"e":-1,"r":0},{"x":5,"y":7,"hp":55,"w":1,"h":1,"t":0,"c":5,"e":-1,"r":0},{"x":1,"y":8,"hp":86,"w":1,"h":1,"t":0,"c":5,"e":-1,"r":0},{"x":4,"y":8,"hp":86,"w":1,"h":1,"t":2,"c":5,"e":-1,"r":3},{"x":5,"y":8,"hp":86,"w":1,"h":1,"t":0,"c":5,"e":-1,"r":0},{"x":4,"y":9,"hp":75,"w":1,"h":1,"t":0,"c":5,"e":-1,"r":0},{"x":3,"y":10,"hp":122,"w":1,"h":1,"t":5,"c":5,"e":-1,"r":0},{"x":4,"y":10,"hp":122,"w":1,"h":1,"t":0,"c":5,"e":-1,"r":0},{"x":1,"y":11,"hp":87,"w":1,"h":1,"t":0,"c":5,"e":-1,"r":0},{"x":3,"y":11,"hp":87,"w":1,"h":1,"t":0,"c":5,"e":-1,"r":0},{"x":4,"y":11,"hp":87,"w":1,"h":1,"t":0,"c":5,"e":-1,"r":0},{"x":1,"y":12,"hp":75,"w":1,"h":1,"t":0,"c":5,"e":-1,"r":0},{"x":3,"y":12,"hp":75,"w":1,"h":1,"t":0,"c":5,"e":-1,"r":0},{"x":4,"y":12,"hp":75,"w":1,"h":1,"t":0,"c":5,"e":7,"r":0},{"x":1,"y":13,"hp":102,"w":1,"h":1,"t":0,"c":5,"e":-1,"r":0},{"x":2,"y":13,"hp":102,"w":1,"h":1,"t":0,"c":5,"e":-1,"r":0},{"x":4,"y":13,"hp":102,"w":1,"h":1,"t":0,"c":5,"e":-1,"r":0},{"x":5,"y":13,"hp":102,"w":1,"h":1,"t":0,"c":5,"e":-1,"r":0},{"x":2,"y":14,"hp":141,"w":1,"h":1,"t":0,"c":5,"e":-1,"r":0},{"x":3,"y":14,"hp":141,"w":1,"h":1,"t":1,"c":5,"e":-1,"r":0},{"x":5,"y":14,"hp":141,"w":1,"h":1,"t":0,"c":5,"e":-1,"r":0},{"x":2,"y":15,"hp":182,"w":1,"h":1,"t":0,"c":5,"e":-1,"r":0},{"x":4,"y":15,"hp":182,"w":1,"h":1,"t":0,"c":5,"e":-1,"r":0},{"x":5,"y":15,"hp":182,"w":1,"h":1,"t":0,"c":5,"e":-1,"r":0},{"x":2,"y":16,"hp":132,"w":1,"h":1,"t":3,"c":5,"e":-1,"r":0},{"x":3,"y":16,"hp":132,"w":1,"h":1,"t":0,"c":5,"e":-1,"r":0},{"x":5,"y":16,"hp":132,"w":1,"h":1,"t":0,"c":5,"e":-1,"r":0},{"x":2,"y":17,"hp":85,"w":1,"h":1,"t":0,"c":5,"e":-1,"r":0},{"x":3,"y":17,"hp":85,"w":1,"h":1,"t":1,"c":5,"e":-1,"r":3},{"x":4,"y":17,"hp":85,"w":1,"h":1,"t":0,"c":5,"e":-1,"r":0},{"x":5,"y":17,"hp":85,"w":1,"h":1,"t":3,"c":5,"e":-1,"r":0},{"x":2,"y":18,"hp":263,"w":1,"h":1,"t":0,"c":5,"e":-1,"r":0},{"x":3,"y":18,"hp":263,"w":1,"h":1,"t":2,"c":5,"e":-1,"r":1},{"x":5,"y":18,"hp":263,"w":1,"h":1,"t":0,"c":5,"e":-1,"r":0},{"x":2,"y":19,"hp":138,"w":1,"h":1,"t":0,"c":5,"e":-1,"r":0},{"x":3,"y":19,"hp":138,"w":1,"h":1,"t":3,"c":5,"e":-1,"r":0},{"x":5,"y":19,"hp":138,"w":1,"h":1,"t":0,"c":5,"e":-1,"r":0},{"x":7,"y":5,"hp":74,"w":1,"h":1,"t":0,"c":3,"e":-1,"r":0},{"x":6,"y":5,"hp":74,"w":1,"h":1,"t":0,"c":3,"e":-1,"r":0},{"x":9,"y":6,"hp":86,"w":1,"h":1,"t":0,"c":4,"e":-1,"r":0},{"x":6,"y":6,"hp":86,"w":1,"h":1,"t":0,"c":4,"e":-1,"r":0},{"x":9,"y":7,"hp":55,"w":1,"h":1,"t":0,"c":5,"e":-1,"r":0},{"x":6,"y":8,"hp":86,"w":1,"h":1,"t":2,"c":5,"e":-1,"r":1},{"x":9,"y":9,"hp":75,"w":1,"h":1,"t":0,"c":5,"e":-1,"r":0},{"x":8,"y":9,"hp":75,"w":1,"h":1,"t":0,"c":5,"e":-1,"r":0},{"x":6,"y":9,"hp":75,"w":1,"h":1,"t":0,"c":5,"e":-1,"r":0},{"x":7,"y":10,"hp":122,"w":1,"h":1,"t":5,"c":5,"e":-1,"r":0},{"x":6,"y":10,"hp":122,"w":1,"h":1,"t":0,"c":5,"e":-1,"r":0},{"x":7,"y":11,"hp":87,"w":1,"h":1,"t":0,"c":5,"e":-1,"r":0},{"x":6,"y":11,"hp":87,"w":1,"h":1,"t":0,"c":5,"e":-1,"r":0},{"x":9,"y":12,"hp":75,"w":1,"h":1,"t":0,"c":5,"e":-1,"r":0},{"x":7,"y":12,"hp":75,"w":1,"h":1,"t":0,"c":5,"e":-1,"r":0},{"x":6,"y":12,"hp":75,"w":1,"h":1,"t":0,"c":5,"e":-1,"r":0},{"x":10,"y":13,"hp":102,"w":1,"h":1,"t":0,"c":5,"e":-1,"r":0},{"x":9,"y":13,"hp":102,"w":1,"h":1,"t":0,"c":5,"e":4,"r":0},{"x":6,"y":13,"hp":102,"w":1,"h":1,"t":0,"c":5,"e":-1,"r":0},{"x":8,"y":14,"hp":141,"w":1,"h":1,"t":0,"c":5,"e":-1,"r":0},{"x":6,"y":15,"hp":182,"w":1,"h":1,"t":0,"c":5,"e":-1,"r":0},{"x":9,"y":16,"hp":132,"w":1,"h":1,"t":0,"c":5,"e":-1,"r":0},{"x":7,"y":16,"hp":132,"w":1,"h":1,"t":0,"c":5,"e":-1,"r":0},{"x":9,"y":17,"hp":85,"w":1,"h":1,"t":0,"c":5,"e":-1,"r":0},{"x":7,"y":17,"hp":85,"w":1,"h":1,"t":1,"c":5,"e":-1,"r":2},{"x":6,"y":17,"hp":85,"w":1,"h":1,"t":0,"c":5,"e":4,"r":0},{"x":7,"y":18,"hp":263,"w":1,"h":1,"t":2,"c":5,"e":-1,"r":3},{"x":8,"y":19,"hp":138,"w":1,"h":1,"t":0,"c":5,"e":-1,"r":0},{"x":7,"y":19,"hp":138,"w":1,"h":1,"t":3,"c":5,"e":-1,"r":0},{"x":2,"y":5,"hp":80,"w":1,"h":1,"t":0,"c":3,"e":-1,"r":0},{"x":8,"y":5,"hp":80,"w":1,"h":1,"t":0,"c":3,"e":-1,"r":0},{"x":9,"y":15,"hp":182,"w":1,"h":1,"t":0,"c":5,"e":-1,"r":0},{"x":10,"y":15,"hp":182,"w":1,"h":1,"t":0,"c":5,"e":-1,"r":0},{"x":1,"y":15,"hp":182,"w":1,"h":1,"t":0,"c":5,"e":-1,"r":0},{"x":1,"y":14,"hp":141,"w":1,"h":1,"t":0,"c":5,"e":-1,"r":0},{"x":10,"y":14,"hp":141,"w":1,"h":1,"t":0,"c":5,"e":-1,"r":0},{"x":6,"y":18,"hp":263,"w":1,"h":1,"t":0,"c":5,"e":-1,"r":0},{"x":4,"y":18,"hp":263,"w":1,"h":1,"t":0,"c":5,"e":-1,"r":0},{"x":9,"y":18,"hp":263,"w":1,"h":1,"t":0,"c":5,"e":-1,"r":0},{"x":2,"y":8,"hp":80,"w":1,"h":1,"t":0,"c":5,"e":4,"r":0},{"x":2,"y":7,"hp":55,"w":1,"h":1,"t":0,"c":5,"e":-1,"r":0},{"x":2,"y":6,"hp":80,"w":1,"h":1,"t":0,"c":4,"e":-1,"r":0},{"x":3,"y":6,"hp":80,"w":1,"h":1,"t":0,"c":4,"e":-1,"r":0},{"x":8,"y":7,"hp":55,"w":1,"h":1,"t":0,"c":5,"e":-1,"r":0},{"x":8,"y":6,"hp":80,"w":1,"h":1,"t":0,"c":4,"e":-1,"r":0},{"x":7,"y":6,"hp":80,"w":1,"h":1,"t":0,"c":4,"e":-1,"r":0},{"x":7,"y":7,"hp":55,"w":1,"h":1,"t":0,"c":5,"e":-1,"r":0},{"x":3,"y":7,"hp":55,"w":1,"h":1,"t":0,"c":5,"e":-1,"r":0},{"x":6,"y":19,"hp":138,"w":1,"h":1,"t":0,"c":5,"e":7,"r":0},{"x":4,"y":19,"hp":138,"w":1,"h":1,"t":0,"c":5,"e":-1,"r":0},{"x":1,"y":19,"hp":138,"w":1,"h":1,"t":0,"c":5,"e":-1,"r":0},{"x":6,"y":16,"hp":132,"w":1,"h":1,"t":0,"c":5,"e":-1,"r":0},{"x":3,"y":15,"hp":182,"w":1,"h":1,"t":0,"c":5,"e":-1,"r":0},{"x":4,"y":14,"hp":141,"w":1,"h":1,"t":0,"c":5,"e":-1,"r":0},{"x":6,"y":14,"hp":141,"w":1,"h":1,"t":0,"c":5,"e":-1,"r":0},{"x":9,"y":14,"hp":141,"w":1,"h":1,"t":0,"c":5,"e":-1,"r":0},{"x":8,"y":10,"hp":80,"w":1,"h":1,"t":0,"c":5,"e":-1,"r":0},{"x":9,"y":8,"hp":80,"w":1,"h":1,"t":0,"c":2,"e":9,"r":0},{"x":1,"y":10,"hp":80,"w":1,"h":1,"t":7,"c":0,"e":-1,"r":0},{"x":9,"y":11,"hp":80,"w":1,"h":1,"t":7,"c":0,"e":-1,"r":0},{"x":9,"y":10,"hp":80,"w":1,"h":1,"t":7,"c":0,"e":-1,"r":0},{"x":1,"y":9,"hp":80,"w":1,"h":1,"t":7,"c":0,"e":-1,"r":0}],"bu":[{"x":10,"y":6,"buff":1},{"x":10,"y":10,"buff":1},{"x":8,"y":20,"buff":0},{"x":5,"y":20,"buff":0},{"x":2,"y":11,"buff":0},{"x":8,"y":16,"buff":0},{"x":5,"y":10,"buff":0},{"x":0,"y":6,"buff":0},{"x":10,"y":16,"buff":3},{"x":7,"y":13,"buff":1},{"x":1,"y":17,"buff":1}]}