{"l":4,"h":13,"w":11,"br":[{"x":1,"y":10,"hp":15,"w":1,"h":1,"t":0,"c":3,"e":-1,"r":0},{"x":9,"y":10,"hp":15,"w":1,"h":1,"t":0,"c":3,"e":-1,"r":0},{"x":2,"y":10,"hp":15,"w":1,"h":1,"t":0,"c":3,"e":7,"r":0},{"x":8,"y":10,"hp":15,"w":1,"h":1,"t":0,"c":3,"e":7,"r":0},{"x":4,"y":10,"hp":15,"w":1,"h":1,"t":0,"c":3,"e":-1,"r":0},{"x":6,"y":10,"hp":15,"w":1,"h":1,"t":0,"c":3,"e":-1,"r":0},{"x":5,"y":10,"hp":15,"w":1,"h":1,"t":0,"c":3,"e":7,"r":0},{"x":3,"y":7,"hp":7,"w":1,"h":1,"t":0,"c":1,"e":4,"r":0},{"x":5,"y":7,"hp":7,"w":1,"h":1,"t":0,"c":1,"e":4,"r":0},{"x":7,"y":7,"hp":7,"w":1,"h":1,"t":0,"c":1,"e":4,"r":0},{"x":9,"y":7,"hp":7,"w":1,"h":1,"t":0,"c":1,"e":4,"r":0},{"x":1,"y":7,"hp":7,"w":1,"h":1,"t":0,"c":1,"e":4,"r":0},{"x":1,"y":6,"hp":19,"w":1,"h":1,"t":0,"c":0,"e":-1,"r":0},{"x":2,"y":6,"hp":19,"w":1,"h":1,"t":0,"c":0,"e":-1,"r":0},{"x":3,"y":6,"hp":19,"w":1,"h":1,"t":0,"c":0,"e":-1,"r":0},{"x":4,"y":6,"hp":19,"w":1,"h":1,"t":0,"c":0,"e":-1,"r":0},{"x":5,"y":6,"hp":19,"w":1,"h":1,"t":0,"c":0,"e":-1,"r":0},{"x":6,"y":6,"hp":19,"w":1,"h":1,"t":0,"c":0,"e":-1,"r":0},{"x":7,"y":6,"hp":19,"w":1,"h":1,"t":0,"c":0,"e":-1,"r":0},{"x":8,"y":6,"hp":19,"w":1,"h":1,"t":0,"c":0,"e":-1,"r":0},{"x":9,"y":6,"hp":19,"w":1,"h":1,"t":0,"c":0,"e":-1,"r":0},{"x":3,"y":10,"hp":15,"w":1,"h":1,"t":0,"c":3,"e":-1,"r":0},{"x":7,"y":10,"hp":15,"w":1,"h":1,"t":0,"c":3,"e":-1,"r":0},{"x":9,"y":9,"hp":18,"w":1,"h":1,"t":0,"c":2,"e":-1,"r":0},{"x":1,"y":9,"hp":18,"w":1,"h":1,"t":0,"c":2,"e":-1,"r":0},{"x":1,"y":11,"hp":10,"w":1,"h":1,"t":0,"c":5,"e":-1,"r":0},{"x":2,"y":11,"hp":10,"w":1,"h":1,"t":0,"c":5,"e":-1,"r":0},{"x":3,"y":11,"hp":10,"w":1,"h":1,"t":0,"c":5,"e":-1,"r":0},{"x":4,"y":11,"hp":10,"w":1,"h":1,"t":0,"c":5,"e":-1,"r":0},{"x":5,"y":11,"hp":10,"w":1,"h":1,"t":0,"c":5,"e":-1,"r":0},{"x":6,"y":11,"hp":10,"w":1,"h":1,"t":0,"c":5,"e":-1,"r":0},{"x":7,"y":11,"hp":10,"w":1,"h":1,"t":0,"c":5,"e":-1,"r":0},{"x":8,"y":11,"hp":10,"w":1,"h":1,"t":0,"c":5,"e":-1,"r":0},{"x":9,"y":11,"hp":10,"w":1,"h":1,"t":0,"c":5,"e":-1,"r":0},{"x":2,"y":7,"hp":7,"w":1,"h":1,"t":0,"c":1,"e":-1,"r":0},{"x":4,"y":7,"hp":7,"w":1,"h":1,"t":0,"c":1,"e":-1,"r":0},{"x":6,"y":7,"hp":7,"w":1,"h":1,"t":0,"c":1,"e":-1,"r":0},{"x":8,"y":7,"hp":7,"w":1,"h":1,"t":0,"c":1,"e":-1,"r":0},{"x":2,"y":12,"hp":12,"w":1,"h":1,"t":0,"c":5,"e":-1,"r":0},{"x":3,"y":12,"hp":12,"w":1,"h":1,"t":0,"c":5,"e":-1,"r":0},{"x":7,"y":12,"hp":12,"w":1,"h":1,"t":0,"c":5,"e":-1,"r":0},{"x":8,"y":12,"hp":12,"w":1,"h":1,"t":0,"c":5,"e":-1,"r":0}],"bu":[{"x":2,"y":9,"buff":0},{"x":4,"y":9,"buff":0},{"x":6,"y":9,"buff":0},{"x":8,"y":9,"buff":0}]}