{"l":382,"h":29,"w":11,"br":[{"x":2,"y":5,"hp":69,"w":1,"h":1,"t":0,"c":5,"e":-1,"r":0},{"x":3,"y":5,"hp":69,"w":1,"h":1,"t":0,"c":5,"e":-1,"r":0},{"x":4,"y":5,"hp":69,"w":1,"h":1,"t":1,"c":5,"e":-1,"r":3},{"x":5,"y":5,"hp":69,"w":1,"h":1,"t":0,"c":5,"e":-1,"r":0},{"x":0,"y":6,"hp":83,"w":1,"h":1,"t":0,"c":5,"e":-1,"r":0},{"x":3,"y":6,"hp":83,"w":1,"h":1,"t":0,"c":5,"e":-1,"r":0},{"x":4,"y":6,"hp":83,"w":1,"h":1,"t":0,"c":5,"e":-1,"r":0},{"x":5,"y":6,"hp":83,"w":1,"h":1,"t":0,"c":5,"e":-1,"r":0},{"x":0,"y":7,"hp":74,"w":1,"h":1,"t":5,"c":5,"e":-1,"r":0},{"x":1,"y":7,"hp":74,"w":1,"h":1,"t":0,"c":5,"e":-1,"r":0},{"x":0,"y":8,"hp":67,"w":1,"h":1,"t":0,"c":5,"e":-1,"r":0},{"x":3,"y":8,"hp":67,"w":1,"h":1,"t":0,"c":5,"e":-1,"r":0},{"x":5,"y":8,"hp":67,"w":1,"h":1,"t":0,"c":5,"e":-1,"r":0},{"x":2,"y":9,"hp":74,"w":1,"h":1,"t":0,"c":2,"e":-1,"r":0},{"x":3,"y":9,"hp":74,"w":1,"h":1,"t":3,"c":2,"e":-1,"r":0},{"x":5,"y":9,"hp":74,"w":1,"h":1,"t":2,"c":2,"e":-1,"r":3},{"x":2,"y":10,"hp":87,"w":1,"h":1,"t":3,"c":5,"e":-1,"r":0},{"x":3,"y":10,"hp":87,"w":1,"h":1,"t":4,"c":5,"e":-1,"r":0},{"x":4,"y":10,"hp":87,"w":1,"h":1,"t":0,"c":5,"e":-1,"r":0},{"x":5,"y":10,"hp":87,"w":1,"h":1,"t":0,"c":5,"e":-1,"r":0},{"x":2,"y":11,"hp":104,"w":1,"h":1,"t":1,"c":5,"e":-1,"r":1},{"x":3,"y":11,"hp":104,"w":1,"h":1,"t":0,"c":5,"e":-1,"r":0},{"x":4,"y":11,"hp":104,"w":1,"h":1,"t":0,"c":5,"e":-1,"r":0},{"x":3,"y":12,"hp":54,"w":1,"h":1,"t":0,"c":5,"e":-1,"r":0},{"x":4,"y":12,"hp":54,"w":1,"h":1,"t":0,"c":5,"e":-1,"r":0},{"x":5,"y":12,"hp":54,"w":1,"h":1,"t":0,"c":5,"e":-1,"r":0},{"x":1,"y":13,"hp":100,"w":1,"h":1,"t":0,"c":5,"e":-1,"r":0},{"x":2,"y":13,"hp":100,"w":1,"h":1,"t":0,"c":5,"e":-1,"r":0},{"x":4,"y":13,"hp":100,"w":1,"h":1,"t":0,"c":5,"e":-1,"r":0},{"x":5,"y":13,"hp":100,"w":1,"h":1,"t":0,"c":5,"e":-1,"r":0},{"x":2,"y":14,"hp":114,"w":1,"h":1,"t":0,"c":5,"e":-1,"r":0},{"x":3,"y":14,"hp":114,"w":1,"h":1,"t":0,"c":5,"e":-1,"r":0},{"x":5,"y":14,"hp":114,"w":1,"h":1,"t":0,"c":5,"e":-1,"r":0},{"x":2,"y":15,"hp":120,"w":1,"h":1,"t":0,"c":5,"e":-1,"r":0},{"x":3,"y":15,"hp":120,"w":1,"h":1,"t":0,"c":5,"e":-1,"r":0},{"x":5,"y":15,"hp":120,"w":1,"h":1,"t":5,"c":5,"e":-1,"r":0},{"x":2,"y":16,"hp":128,"w":1,"h":1,"t":0,"c":5,"e":-1,"r":0},{"x":5,"y":16,"hp":128,"w":1,"h":1,"t":0,"c":5,"e":-1,"r":0},{"x":5,"y":17,"hp":177,"w":1,"h":1,"t":0,"c":5,"e":-1,"r":0},{"x":4,"y":18,"hp":300,"w":1,"h":1,"t":0,"c":5,"e":-1,"r":0},{"x":5,"y":18,"hp":300,"w":1,"h":1,"t":0,"c":5,"e":-1,"r":0},{"x":1,"y":19,"hp":105,"w":1,"h":1,"t":0,"c":5,"e":-1,"r":0},{"x":4,"y":19,"hp":105,"w":1,"h":1,"t":0,"c":5,"e":-1,"r":0},{"x":5,"y":19,"hp":105,"w":1,"h":1,"t":0,"c":5,"e":7,"r":0},{"x":3,"y":20,"hp":154,"w":1,"h":1,"t":0,"c":5,"e":-1,"r":0},{"x":4,"y":20,"hp":154,"w":1,"h":1,"t":0,"c":5,"e":-1,"r":0},{"x":0,"y":21,"hp":75,"w":1,"h":1,"t":0,"c":5,"e":-1,"r":0},{"x":1,"y":21,"hp":75,"w":1,"h":1,"t":0,"c":5,"e":-1,"r":0},{"x":2,"y":22,"hp":132,"w":1,"h":1,"t":0,"c":5,"e":-1,"r":0},{"x":3,"y":22,"hp":132,"w":1,"h":1,"t":0,"c":5,"e":5,"r":0},{"x":5,"y":22,"hp":132,"w":1,"h":1,"t":0,"c":5,"e":-1,"r":0},{"x":1,"y":23,"hp":118,"w":1,"h":1,"t":0,"c":5,"e":-1,"r":0},{"x":2,"y":23,"hp":118,"w":1,"h":1,"t":0,"c":5,"e":-1,"r":0},{"x":3,"y":23,"hp":118,"w":1,"h":1,"t":0,"c":5,"e":-1,"r":0},{"x":4,"y":23,"hp":118,"w":1,"h":1,"t":3,"c":5,"e":-1,"r":0},{"x":5,"y":23,"hp":118,"w":1,"h":1,"t":0,"c":5,"e":-1,"r":0},{"x":1,"y":24,"hp":171,"w":1,"h":1,"t":5,"c":5,"e":-1,"r":0},{"x":2,"y":24,"hp":171,"w":1,"h":1,"t":0,"c":5,"e":-1,"r":0},{"x":5,"y":24,"hp":171,"w":1,"h":1,"t":0,"c":5,"e":-1,"r":0},{"x":4,"y":25,"hp":88,"w":1,"h":1,"t":0,"c":5,"e":-1,"r":0},{"x":5,"y":25,"hp":88,"w":1,"h":1,"t":0,"c":5,"e":-1,"r":0},{"x":1,"y":26,"hp":118,"w":1,"h":1,"t":3,"c":5,"e":-1,"r":0},{"x":2,"y":26,"hp":118,"w":1,"h":1,"t":0,"c":5,"e":-1,"r":0},{"x":3,"y":26,"hp":118,"w":1,"h":1,"t":0,"c":5,"e":-1,"r":0},{"x":4,"y":26,"hp":118,"w":1,"h":1,"t":4,"c":5,"e":-1,"r":0},{"x":2,"y":27,"hp":201,"w":1,"h":1,"t":3,"c":5,"e":-1,"r":0},{"x":3,"y":27,"hp":201,"w":1,"h":1,"t":5,"c":5,"e":-1,"r":0},{"x":4,"y":27,"hp":201,"w":1,"h":1,"t":0,"c":5,"e":-1,"r":0},{"x":8,"y":5,"hp":69,"w":1,"h":1,"t":0,"c":5,"e":-1,"r":0},{"x":7,"y":5,"hp":69,"w":1,"h":1,"t":0,"c":5,"e":-1,"r":0},{"x":6,"y":5,"hp":69,"w":1,"h":1,"t":1,"c":5,"e":-1,"r":2},{"x":10,"y":6,"hp":83,"w":1,"h":1,"t":0,"c":5,"e":-1,"r":0},{"x":9,"y":6,"hp":83,"w":1,"h":1,"t":0,"c":5,"e":-1,"r":0},{"x":8,"y":6,"hp":83,"w":1,"h":1,"t":0,"c":5,"e":-1,"r":0},{"x":7,"y":6,"hp":83,"w":1,"h":1,"t":0,"c":5,"e":-1,"r":0},{"x":6,"y":6,"hp":83,"w":1,"h":1,"t":0,"c":5,"e":-1,"r":0},{"x":10,"y":7,"hp":74,"w":1,"h":1,"t":5,"c":5,"e":-1,"r":0},{"x":9,"y":7,"hp":74,"w":1,"h":1,"t":0,"c":5,"e":-1,"r":0},{"x":8,"y":7,"hp":74,"w":1,"h":1,"t":0,"c":5,"e":-1,"r":0},{"x":10,"y":8,"hp":67,"w":1,"h":1,"t":0,"c":5,"e":-1,"r":0},{"x":7,"y":8,"hp":67,"w":1,"h":1,"t":0,"c":5,"e":-1,"r":0},{"x":8,"y":9,"hp":74,"w":1,"h":1,"t":0,"c":2,"e":-1,"r":0},{"x":7,"y":9,"hp":74,"w":1,"h":1,"t":3,"c":2,"e":-1,"r":0},{"x":8,"y":10,"hp":87,"w":1,"h":1,"t":3,"c":5,"e":-1,"r":0},{"x":7,"y":10,"hp":87,"w":1,"h":1,"t":4,"c":5,"e":-1,"r":0},{"x":6,"y":10,"hp":87,"w":1,"h":1,"t":0,"c":5,"e":-1,"r":0},{"x":8,"y":11,"hp":104,"w":1,"h":1,"t":1,"c":5,"e":-1,"r":0},{"x":7,"y":11,"hp":104,"w":1,"h":1,"t":0,"c":5,"e":-1,"r":0},{"x":6,"y":11,"hp":104,"w":1,"h":1,"t":0,"c":5,"e":5,"r":0},{"x":7,"y":12,"hp":54,"w":1,"h":1,"t":0,"c":5,"e":-1,"r":0},{"x":6,"y":12,"hp":54,"w":1,"h":1,"t":0,"c":5,"e":-1,"r":0},{"x":9,"y":13,"hp":100,"w":1,"h":1,"t":0,"c":5,"e":-1,"r":0},{"x":8,"y":13,"hp":100,"w":1,"h":1,"t":0,"c":5,"e":-1,"r":0},{"x":6,"y":13,"hp":100,"w":1,"h":1,"t":0,"c":5,"e":-1,"r":0},{"x":8,"y":14,"hp":114,"w":1,"h":1,"t":0,"c":5,"e":-1,"r":0},{"x":7,"y":14,"hp":114,"w":1,"h":1,"t":0,"c":5,"e":-1,"r":0},{"x":6,"y":14,"hp":114,"w":1,"h":1,"t":0,"c":5,"e":-1,"r":0},{"x":9,"y":15,"hp":120,"w":1,"h":1,"t":0,"c":5,"e":-1,"r":0},{"x":6,"y":15,"hp":120,"w":1,"h":1,"t":0,"c":5,"e":-1,"r":0},{"x":10,"y":16,"hp":128,"w":1,"h":1,"t":1,"c":5,"e":-1,"r":3},{"x":9,"y":16,"hp":128,"w":1,"h":1,"t":0,"c":5,"e":-1,"r":0},{"x":8,"y":16,"hp":128,"w":1,"h":1,"t":0,"c":5,"e":-1,"r":0},{"x":9,"y":17,"hp":177,"w":1,"h":1,"t":0,"c":5,"e":-1,"r":0},{"x":8,"y":17,"hp":177,"w":1,"h":1,"t":0,"c":5,"e":-1,"r":0},{"x":6,"y":17,"hp":177,"w":1,"h":1,"t":0,"c":5,"e":5,"r":0},{"x":7,"y":18,"hp":300,"w":1,"h":1,"t":3,"c":5,"e":-1,"r":0},{"x":6,"y":18,"hp":300,"w":1,"h":1,"t":0,"c":5,"e":-1,"r":0},{"x":9,"y":19,"hp":105,"w":1,"h":1,"t":0,"c":5,"e":-1,"r":0},{"x":8,"y":19,"hp":105,"w":1,"h":1,"t":0,"c":5,"e":-1,"r":0},{"x":6,"y":19,"hp":105,"w":1,"h":1,"t":0,"c":5,"e":-1,"r":0},{"x":8,"y":23,"hp":118,"w":1,"h":1,"t":0,"c":5,"e":-1,"r":0},{"x":7,"y":23,"hp":118,"w":1,"h":1,"t":0,"c":5,"e":-1,"r":0},{"x":6,"y":23,"hp":118,"w":1,"h":1,"t":3,"c":5,"e":-1,"r":0},{"x":9,"y":24,"hp":171,"w":1,"h":1,"t":5,"c":5,"e":-1,"r":0},{"x":8,"y":24,"hp":171,"w":1,"h":1,"t":0,"c":5,"e":-1,"r":0},{"x":7,"y":24,"hp":171,"w":1,"h":1,"t":0,"c":5,"e":-1,"r":0},{"x":7,"y":25,"hp":88,"w":1,"h":1,"t":0,"c":5,"e":-1,"r":0},{"x":6,"y":25,"hp":88,"w":1,"h":1,"t":0,"c":5,"e":-1,"r":0},{"x":9,"y":26,"hp":118,"w":1,"h":1,"t":3,"c":5,"e":-1,"r":0},{"x":8,"y":26,"hp":118,"w":1,"h":1,"t":0,"c":5,"e":-1,"r":0},{"x":7,"y":26,"hp":118,"w":1,"h":1,"t":0,"c":5,"e":-1,"r":0},{"x":6,"y":26,"hp":118,"w":1,"h":1,"t":4,"c":5,"e":-1,"r":0},{"x":8,"y":27,"hp":201,"w":1,"h":1,"t":3,"c":5,"e":-1,"r":0},{"x":7,"y":27,"hp":201,"w":1,"h":1,"t":5,"c":5,"e":-1,"r":0},{"x":3,"y":21,"hp":80,"w":1,"h":1,"t":0,"c":5,"e":-1,"r":0},{"x":4,"y":21,"hp":80,"w":1,"h":1,"t":0,"c":5,"e":-1,"r":0},{"x":5,"y":21,"hp":80,"w":1,"h":1,"t":0,"c":5,"e":-1,"r":0},{"x":7,"y":20,"hp":154,"w":1,"h":1,"t":0,"c":5,"e":-1,"r":0},{"x":6,"y":20,"hp":154,"w":1,"h":1,"t":0,"c":5,"e":-1,"r":0},{"x":3,"y":13,"hp":100,"w":1,"h":1,"t":0,"c":5,"e":-1,"r":0},{"x":9,"y":14,"hp":114,"w":1,"h":1,"t":0,"c":5,"e":-1,"r":0},{"x":8,"y":15,"hp":120,"w":1,"h":1,"t":0,"c":5,"e":-1,"r":0},{"x":7,"y":15,"hp":120,"w":1,"h":1,"t":0,"c":5,"e":-1,"r":0},{"x":4,"y":16,"hp":128,"w":1,"h":1,"t":0,"c":5,"e":-1,"r":0},{"x":3,"y":16,"hp":128,"w":1,"h":1,"t":0,"c":5,"e":-1,"r":0},{"x":7,"y":17,"hp":177,"w":1,"h":1,"t":0,"c":5,"e":-1,"r":0},{"x":9,"y":18,"hp":300,"w":1,"h":1,"t":0,"c":5,"e":-1,"r":0},{"x":8,"y":18,"hp":300,"w":1,"h":1,"t":0,"c":5,"e":-1,"r":0},{"x":7,"y":19,"hp":105,"w":1,"h":1,"t":0,"c":5,"e":-1,"r":0},{"x":9,"y":20,"hp":154,"w":1,"h":1,"t":0,"c":5,"e":-1,"r":0},{"x":1,"y":20,"hp":154,"w":1,"h":1,"t":0,"c":5,"e":-1,"r":0},{"x":0,"y":20,"hp":154,"w":1,"h":1,"t":0,"c":5,"e":-1,"r":0},{"x":1,"y":22,"hp":132,"w":1,"h":1,"t":0,"c":5,"e":-1,"r":0},{"x":0,"y":22,"hp":132,"w":1,"h":1,"t":0,"c":5,"e":-1,"r":0},{"x":4,"y":22,"hp":132,"w":1,"h":1,"t":0,"c":5,"e":-1,"r":0},{"x":6,"y":24,"hp":171,"w":1,"h":1,"t":0,"c":5,"e":-1,"r":0},{"x":4,"y":24,"hp":171,"w":1,"h":1,"t":0,"c":5,"e":-1,"r":0},{"x":2,"y":25,"hp":80,"w":1,"h":1,"t":0,"c":5,"e":-1,"r":0},{"x":1,"y":27,"hp":201,"w":1,"h":1,"t":0,"c":5,"e":-1,"r":0},{"x":0,"y":27,"hp":201,"w":1,"h":1,"t":0,"c":5,"e":-1,"r":0},{"x":9,"y":27,"hp":201,"w":1,"h":1,"t":0,"c":5,"e":-1,"r":0},{"x":8,"y":20,"hp":80,"w":1,"h":1,"t":0,"c":5,"e":-1,"r":0},{"x":5,"y":20,"hp":80,"w":1,"h":1,"t":0,"c":5,"e":-1,"r":0},{"x":2,"y":21,"hp":80,"w":1,"h":1,"t":0,"c":5,"e":-1,"r":0},{"x":2,"y":20,"hp":80,"w":1,"h":1,"t":0,"c":5,"e":-1,"r":0},{"x":7,"y":16,"hp":128,"w":1,"h":1,"t":0,"c":5,"e":-1,"r":0},{"x":6,"y":16,"hp":128,"w":1,"h":1,"t":0,"c":5,"e":-1,"r":0},{"x":4,"y":17,"hp":177,"w":1,"h":1,"t":0,"c":5,"e":-1,"r":0},{"x":4,"y":15,"hp":80,"w":1,"h":1,"t":0,"c":5,"e":-1,"r":0},{"x":4,"y":14,"hp":114,"w":1,"h":1,"t":0,"c":5,"e":-1,"r":0},{"x":3,"y":19,"hp":80,"w":1,"h":1,"t":0,"c":5,"e":-1,"r":0},{"x":2,"y":19,"hp":80,"w":1,"h":1,"t":0,"c":5,"e":-1,"r":0},{"x":6,"y":22,"hp":132,"w":1,"h":1,"t":0,"c":5,"e":-1,"r":0},{"x":7,"y":22,"hp":132,"w":1,"h":1,"t":0,"c":5,"e":-1,"r":0},{"x":8,"y":22,"hp":132,"w":1,"h":1,"t":0,"c":5,"e":-1,"r":0},{"x":7,"y":13,"hp":100,"w":1,"h":1,"t":0,"c":5,"e":-1,"r":0},{"x":1,"y":14,"hp":114,"w":1,"h":1,"t":0,"c":5,"e":-1,"r":0}],"bu":[{"x":2,"y":7,"buff":1},{"x":0,"y":9,"buff":1},{"x":8,"y":12,"buff":1},{"x":10,"y":14,"buff":1},{"x":10,"y":19,"buff":1},{"x":7,"y":21,"buff":1},{"x":0,"y":24,"buff":1},{"x":4,"y":28,"buff":1},{"x":10,"y":26,"buff":0},{"x":0,"y":17,"buff":0},{"x":10,"y":10,"buff":0},{"x":1,"y":5,"buff":3},{"x":1,"y":6,"buff":3},{"x":0,"y":11,"buff":1},{"x":3,"y":3,"buff":0},{"x":5,"y":3,"buff":0},{"x":7,"y":3,"buff":0}]}