{"l":340,"h":22,"w":11,"br":[{"x":4,"y":5,"hp":88,"w":1,"h":1,"t":0,"c":3,"e":-1,"r":0},{"x":5,"y":5,"hp":88,"w":1,"h":1,"t":0,"c":3,"e":-1,"r":0},{"x":0,"y":6,"hp":75,"w":1,"h":1,"t":0,"c":2,"e":-1,"r":0},{"x":1,"y":6,"hp":75,"w":1,"h":1,"t":0,"c":2,"e":-1,"r":0},{"x":2,"y":6,"hp":75,"w":1,"h":1,"t":0,"c":2,"e":4,"r":0},{"x":5,"y":6,"hp":75,"w":1,"h":1,"t":0,"c":2,"e":-1,"r":0},{"x":2,"y":7,"hp":87,"w":1,"h":1,"t":0,"c":2,"e":4,"r":0},{"x":5,"y":7,"hp":87,"w":1,"h":1,"t":0,"c":2,"e":-1,"r":0},{"x":0,"y":8,"hp":77,"w":1,"h":1,"t":0,"c":2,"e":-1,"r":0},{"x":1,"y":8,"hp":77,"w":1,"h":1,"t":0,"c":2,"e":-1,"r":0},{"x":5,"y":8,"hp":77,"w":1,"h":1,"t":0,"c":2,"e":-1,"r":0},{"x":0,"y":9,"hp":79,"w":1,"h":1,"t":0,"c":3,"e":-1,"r":0},{"x":4,"y":9,"hp":79,"w":1,"h":1,"t":0,"c":3,"e":-1,"r":0},{"x":0,"y":10,"hp":83,"w":1,"h":1,"t":0,"c":3,"e":-1,"r":0},{"x":2,"y":10,"hp":83,"w":1,"h":1,"t":0,"c":3,"e":-1,"r":0},{"x":3,"y":10,"hp":83,"w":1,"h":1,"t":0,"c":3,"e":-1,"r":0},{"x":2,"y":11,"hp":87,"w":1,"h":1,"t":0,"c":2,"e":-1,"r":0},{"x":3,"y":11,"hp":87,"w":1,"h":1,"t":0,"c":2,"e":-1,"r":0},{"x":4,"y":11,"hp":87,"w":1,"h":1,"t":0,"c":2,"e":-1,"r":0},{"x":4,"y":12,"hp":78,"w":1,"h":1,"t":0,"c":3,"e":-1,"r":0},{"x":5,"y":12,"hp":78,"w":1,"h":1,"t":0,"c":3,"e":-1,"r":0},{"x":2,"y":13,"hp":102,"w":1,"h":1,"t":0,"c":3,"e":-1,"r":0},{"x":4,"y":13,"hp":102,"w":1,"h":1,"t":0,"c":3,"e":-1,"r":0},{"x":5,"y":13,"hp":102,"w":1,"h":1,"t":0,"c":3,"e":-1,"r":0},{"x":0,"y":14,"hp":141,"w":1,"h":1,"t":5,"c":2,"e":-1,"r":0},{"x":2,"y":14,"hp":141,"w":1,"h":1,"t":0,"c":2,"e":-1,"r":0},{"x":3,"y":14,"hp":141,"w":1,"h":1,"t":0,"c":2,"e":-1,"r":0},{"x":4,"y":14,"hp":141,"w":1,"h":1,"t":0,"c":2,"e":-1,"r":0},{"x":5,"y":14,"hp":141,"w":1,"h":1,"t":0,"c":2,"e":0,"r":0},{"x":3,"y":15,"hp":182,"w":1,"h":1,"t":0,"c":3,"e":-1,"r":0},{"x":5,"y":15,"hp":182,"w":1,"h":1,"t":0,"c":3,"e":-1,"r":0},{"x":1,"y":16,"hp":132,"w":1,"h":1,"t":0,"c":3,"e":-1,"r":0},{"x":4,"y":16,"hp":132,"w":1,"h":1,"t":0,"c":3,"e":-1,"r":0},{"x":5,"y":16,"hp":132,"w":1,"h":1,"t":3,"c":3,"e":-1,"r":0},{"x":1,"y":18,"hp":250,"w":1,"h":1,"t":0,"c":3,"e":-1,"r":0},{"x":2,"y":18,"hp":250,"w":1,"h":1,"t":0,"c":3,"e":-1,"r":0},{"x":5,"y":18,"hp":250,"w":1,"h":1,"t":0,"c":3,"e":-1,"r":0},{"x":0,"y":19,"hp":138,"w":1,"h":1,"t":0,"c":2,"e":-1,"r":0},{"x":1,"y":19,"hp":138,"w":1,"h":1,"t":1,"c":2,"e":-1,"r":1},{"x":2,"y":19,"hp":138,"w":1,"h":1,"t":0,"c":2,"e":-1,"r":0},{"x":5,"y":19,"hp":138,"w":1,"h":1,"t":0,"c":2,"e":-1,"r":0},{"x":0,"y":20,"hp":261,"w":1,"h":1,"t":0,"c":3,"e":-1,"r":0},{"x":1,"y":20,"hp":261,"w":1,"h":1,"t":0,"c":3,"e":-1,"r":0},{"x":2,"y":20,"hp":261,"w":1,"h":1,"t":0,"c":3,"e":-1,"r":0},{"x":3,"y":20,"hp":261,"w":1,"h":1,"t":0,"c":3,"e":-1,"r":0},{"x":6,"y":5,"hp":88,"w":1,"h":1,"t":0,"c":3,"e":-1,"r":0},{"x":10,"y":6,"hp":75,"w":1,"h":1,"t":0,"c":2,"e":-1,"r":0},{"x":9,"y":6,"hp":75,"w":1,"h":1,"t":0,"c":2,"e":-1,"r":0},{"x":8,"y":6,"hp":75,"w":1,"h":1,"t":0,"c":2,"e":4,"r":0},{"x":8,"y":7,"hp":87,"w":1,"h":1,"t":0,"c":2,"e":4,"r":0},{"x":10,"y":8,"hp":77,"w":1,"h":1,"t":0,"c":2,"e":-1,"r":0},{"x":9,"y":8,"hp":77,"w":1,"h":1,"t":0,"c":2,"e":-1,"r":0},{"x":10,"y":9,"hp":79,"w":1,"h":1,"t":0,"c":3,"e":-1,"r":0},{"x":6,"y":9,"hp":79,"w":1,"h":1,"t":0,"c":3,"e":-1,"r":0},{"x":10,"y":10,"hp":83,"w":1,"h":1,"t":0,"c":3,"e":-1,"r":0},{"x":8,"y":10,"hp":83,"w":1,"h":1,"t":0,"c":3,"e":0,"r":0},{"x":7,"y":10,"hp":83,"w":1,"h":1,"t":0,"c":3,"e":-1,"r":0},{"x":8,"y":11,"hp":87,"w":1,"h":1,"t":0,"c":2,"e":-1,"r":0},{"x":7,"y":11,"hp":87,"w":1,"h":1,"t":0,"c":2,"e":-1,"r":0},{"x":6,"y":11,"hp":87,"w":1,"h":1,"t":0,"c":2,"e":-1,"r":0},{"x":6,"y":12,"hp":78,"w":1,"h":1,"t":0,"c":3,"e":-1,"r":0},{"x":9,"y":13,"hp":102,"w":1,"h":1,"t":0,"c":3,"e":-1,"r":0},{"x":8,"y":13,"hp":102,"w":1,"h":1,"t":0,"c":3,"e":-1,"r":0},{"x":6,"y":13,"hp":102,"w":1,"h":1,"t":0,"c":3,"e":-1,"r":0},{"x":9,"y":14,"hp":141,"w":1,"h":1,"t":0,"c":2,"e":-1,"r":0},{"x":8,"y":14,"hp":141,"w":1,"h":1,"t":0,"c":2,"e":3,"r":0},{"x":7,"y":14,"hp":141,"w":1,"h":1,"t":0,"c":2,"e":-1,"r":0},{"x":7,"y":15,"hp":182,"w":1,"h":1,"t":0,"c":3,"e":-1,"r":0},{"x":8,"y":16,"hp":132,"w":1,"h":1,"t":0,"c":3,"e":-1,"r":0},{"x":7,"y":16,"hp":132,"w":1,"h":1,"t":0,"c":3,"e":-1,"r":0},{"x":6,"y":16,"hp":132,"w":1,"h":1,"t":0,"c":3,"e":-1,"r":0},{"x":9,"y":18,"hp":250,"w":1,"h":1,"t":0,"c":3,"e":-1,"r":0},{"x":8,"y":18,"hp":250,"w":1,"h":1,"t":0,"c":3,"e":-1,"r":0},{"x":9,"y":19,"hp":138,"w":1,"h":1,"t":1,"c":2,"e":-1,"r":0},{"x":8,"y":19,"hp":138,"w":1,"h":1,"t":0,"c":2,"e":-1,"r":0},{"x":9,"y":20,"hp":261,"w":1,"h":1,"t":0,"c":3,"e":-1,"r":0},{"x":8,"y":20,"hp":261,"w":1,"h":1,"t":0,"c":3,"e":-1,"r":0},{"x":7,"y":20,"hp":261,"w":1,"h":1,"t":0,"c":3,"e":-1,"r":0},{"x":6,"y":20,"hp":261,"w":1,"h":1,"t":0,"c":3,"e":-1,"r":0},{"x":5,"y":9,"hp":180,"w":1,"h":2,"t":0,"c":3,"e":-1,"r":0},{"x":10,"y":7,"hp":87,"w":1,"h":1,"t":0,"c":2,"e":4,"r":0},{"x":9,"y":7,"hp":87,"w":1,"h":1,"t":0,"c":2,"e":-1,"r":0},{"x":1,"y":7,"hp":87,"w":1,"h":1,"t":0,"c":2,"e":-1,"r":0},{"x":0,"y":7,"hp":87,"w":1,"h":1,"t":0,"c":2,"e":4,"r":0},{"x":5,"y":11,"hp":87,"w":1,"h":1,"t":3,"c":2,"e":-1,"r":0},{"x":1,"y":12,"hp":78,"w":1,"h":1,"t":2,"c":3,"e":-1,"r":1},{"x":9,"y":12,"hp":78,"w":1,"h":1,"t":2,"c":3,"e":-1,"r":3},{"x":9,"y":17,"hp":135,"w":1,"h":1,"t":0,"c":2,"e":-1,"r":0},{"x":1,"y":17,"hp":135,"w":1,"h":1,"t":0,"c":2,"e":-1,"r":0},{"x":2,"y":17,"hp":135,"w":1,"h":1,"t":0,"c":2,"e":-1,"r":0},{"x":4,"y":17,"hp":135,"w":1,"h":1,"t":0,"c":2,"e":-1,"r":0},{"x":5,"y":17,"hp":135,"w":1,"h":1,"t":0,"c":2,"e":-1,"r":0},{"x":6,"y":17,"hp":135,"w":1,"h":1,"t":0,"c":2,"e":-1,"r":0},{"x":8,"y":17,"hp":135,"w":1,"h":1,"t":0,"c":2,"e":-1,"r":0},{"x":7,"y":19,"hp":138,"w":1,"h":1,"t":0,"c":2,"e":-1,"r":0},{"x":6,"y":19,"hp":138,"w":1,"h":1,"t":0,"c":2,"e":-1,"r":0},{"x":4,"y":19,"hp":138,"w":1,"h":1,"t":0,"c":2,"e":-1,"r":0},{"x":4,"y":18,"hp":250,"w":1,"h":1,"t":0,"c":3,"e":0,"r":0},{"x":6,"y":18,"hp":250,"w":1,"h":1,"t":0,"c":3,"e":-1,"r":0},{"x":4,"y":15,"hp":182,"w":1,"h":1,"t":0,"c":3,"e":-1,"r":0},{"x":8,"y":15,"hp":182,"w":1,"h":1,"t":0,"c":3,"e":-1,"r":0},{"x":7,"y":13,"hp":102,"w":1,"h":1,"t":0,"c":3,"e":-1,"r":0},{"x":10,"y":19,"hp":138,"w":1,"h":1,"t":0,"c":2,"e":-1,"r":0},{"x":6,"y":6,"hp":70,"w":1,"h":1,"t":0,"c":2,"e":-1,"r":0},{"x":4,"y":6,"hp":70,"w":1,"h":1,"t":0,"c":2,"e":-1,"r":0}],"bu":[{"x":1,"y":13,"buff":1},{"x":10,"y":17,"buff":1},{"x":7,"y":18,"buff":1},{"x":1,"y":21,"buff":1},{"x":7,"y":12,"buff":0},{"x":9,"y":16,"buff":0},{"x":4,"y":21,"buff":0},{"x":0,"y":16,"buff":3},{"x":10,"y":11,"buff":1},{"x":0,"y":11,"buff":1},{"x":1,"y":5,"buff":0},{"x":2,"y":5,"buff":0},{"x":8,"y":5,"buff":0},{"x":9,"y":5,"buff":0},{"x":4,"y":8,"buff":0},{"x":4,"y":7,"buff":0},{"x":6,"y":8,"buff":0},{"x":6,"y":7,"buff":0},{"x":3,"y":9,"buff":0},{"x":7,"y":9,"buff":0}]}