{"l":120,"h":22,"w":17,"br":[{"x":11,"y":8,"hp":615,"w":1,"h":1,"t":0,"c":0,"e":-1,"r":0},{"x":12,"y":8,"hp":615,"w":1,"h":1,"t":0,"c":0,"e":-1,"r":0},{"x":8,"y":11,"hp":615,"w":1,"h":1,"t":0,"c":0,"e":-1,"r":0},{"x":11,"y":15,"hp":615,"w":1,"h":1,"t":0,"c":0,"e":-1,"r":0},{"x":12,"y":15,"hp":615,"w":1,"h":1,"t":0,"c":0,"e":-1,"r":0},{"x":13,"y":15,"hp":615,"w":1,"h":1,"t":0,"c":0,"e":-1,"r":0},{"x":14,"y":15,"hp":615,"w":1,"h":1,"t":0,"c":0,"e":-1,"r":0},{"x":14,"y":16,"hp":615,"w":1,"h":1,"t":0,"c":0,"e":-1,"r":0},{"x":14,"y":17,"hp":615,"w":1,"h":1,"t":0,"c":0,"e":-1,"r":0},{"x":14,"y":18,"hp":615,"w":1,"h":1,"t":0,"c":0,"e":-1,"r":0},{"x":7,"y":11,"hp":615,"w":1,"h":1,"t":0,"c":0,"e":-1,"r":0},{"x":7,"y":12,"hp":615,"w":1,"h":1,"t":0,"c":0,"e":-1,"r":0},{"x":7,"y":13,"hp":615,"w":1,"h":1,"t":0,"c":0,"e":-1,"r":0},{"x":8,"y":12,"hp":615,"w":1,"h":1,"t":0,"c":0,"e":-1,"r":0},{"x":8,"y":13,"hp":615,"w":1,"h":1,"t":0,"c":0,"e":-1,"r":0},{"x":13,"y":16,"hp":615,"w":1,"h":1,"t":0,"c":0,"e":-1,"r":0},{"x":13,"y":17,"hp":615,"w":1,"h":1,"t":0,"c":0,"e":-1,"r":0},{"x":13,"y":18,"hp":615,"w":1,"h":1,"t":0,"c":0,"e":-1,"r":0},{"x":13,"y":19,"hp":615,"w":1,"h":1,"t":0,"c":0,"e":-1,"r":0},{"x":13,"y":20,"hp":615,"w":1,"h":1,"t":0,"c":0,"e":-1,"r":0},{"x":14,"y":20,"hp":615,"w":1,"h":1,"t":0,"c":0,"e":-1,"r":0},{"x":14,"y":19,"hp":615,"w":1,"h":1,"t":0,"c":0,"e":-1,"r":0},{"x":12,"y":9,"hp":615,"w":1,"h":1,"t":0,"c":0,"e":-1,"r":0},{"x":12,"y":10,"hp":615,"w":1,"h":1,"t":0,"c":0,"e":-1,"r":0},{"x":12,"y":11,"hp":615,"w":1,"h":1,"t":0,"c":0,"e":-1,"r":0},{"x":12,"y":12,"hp":615,"w":1,"h":1,"t":0,"c":0,"e":-1,"r":0},{"x":13,"y":12,"hp":615,"w":1,"h":1,"t":0,"c":0,"e":-1,"r":0},{"x":13,"y":11,"hp":615,"w":1,"h":1,"t":0,"c":0,"e":-1,"r":0},{"x":13,"y":10,"hp":615,"w":1,"h":1,"t":0,"c":0,"e":-1,"r":0},{"x":13,"y":9,"hp":615,"w":1,"h":1,"t":0,"c":0,"e":-1,"r":0},{"x":13,"y":8,"hp":615,"w":1,"h":1,"t":0,"c":0,"e":-1,"r":0},{"x":9,"y":10,"hp":615,"w":1,"h":1,"t":0,"c":0,"e":-1,"r":0},{"x":8,"y":10,"hp":615,"w":1,"h":1,"t":0,"c":0,"e":-1,"r":0},{"x":7,"y":10,"hp":615,"w":1,"h":1,"t":0,"c":0,"e":-1,"r":0},{"x":2,"y":8,"hp":615,"w":1,"h":1,"t":0,"c":0,"e":-1,"r":0},{"x":1,"y":8,"hp":615,"w":1,"h":1,"t":0,"c":0,"e":-1,"r":0},{"x":1,"y":9,"hp":615,"w":1,"h":1,"t":0,"c":0,"e":-1,"r":0},{"x":1,"y":10,"hp":615,"w":1,"h":1,"t":0,"c":0,"e":-1,"r":0},{"x":4,"y":9,"hp":615,"w":1,"h":1,"t":0,"c":0,"e":-1,"r":0},{"x":5,"y":9,"hp":615,"w":1,"h":1,"t":0,"c":0,"e":-1,"r":0},{"x":5,"y":10,"hp":615,"w":1,"h":1,"t":0,"c":0,"e":-1,"r":0},{"x":5,"y":11,"hp":615,"w":1,"h":1,"t":0,"c":0,"e":-1,"r":0},{"x":5,"y":12,"hp":615,"w":1,"h":1,"t":0,"c":0,"e":-1,"r":0},{"x":5,"y":13,"hp":615,"w":1,"h":1,"t":0,"c":0,"e":-1,"r":0},{"x":10,"y":9,"hp":722,"w":1,"h":1,"t":0,"c":6,"e":-1,"r":0},{"x":10,"y":8,"hp":722,"w":1,"h":1,"t":0,"c":6,"e":-1,"r":0},{"x":10,"y":7,"hp":722,"w":1,"h":1,"t":0,"c":6,"e":-1,"r":0},{"x":10,"y":6,"hp":722,"w":1,"h":1,"t":0,"c":6,"e":-1,"r":0},{"x":3,"y":7,"hp":722,"w":1,"h":1,"t":0,"c":6,"e":-1,"r":0},{"x":3,"y":6,"hp":722,"w":1,"h":1,"t":0,"c":6,"e":-1,"r":0},{"x":3,"y":8,"hp":722,"w":1,"h":1,"t":0,"c":6,"e":-1,"r":0},{"x":3,"y":15,"hp":722,"w":1,"h":1,"t":0,"c":6,"e":-1,"r":0},{"x":3,"y":14,"hp":722,"w":1,"h":1,"t":0,"c":6,"e":-1,"r":0},{"x":3,"y":13,"hp":722,"w":1,"h":1,"t":0,"c":6,"e":-1,"r":0},{"x":3,"y":12,"hp":722,"w":1,"h":1,"t":0,"c":6,"e":-1,"r":0},{"x":3,"y":11,"hp":722,"w":1,"h":1,"t":0,"c":6,"e":-1,"r":0},{"x":3,"y":10,"hp":722,"w":1,"h":1,"t":0,"c":6,"e":-1,"r":0},{"x":3,"y":9,"hp":722,"w":1,"h":1,"t":0,"c":6,"e":-1,"r":0},{"x":10,"y":19,"hp":722,"w":1,"h":1,"t":0,"c":6,"e":-1,"r":0},{"x":10,"y":18,"hp":722,"w":1,"h":1,"t":0,"c":6,"e":-1,"r":0},{"x":10,"y":17,"hp":722,"w":1,"h":1,"t":0,"c":6,"e":-1,"r":0},{"x":10,"y":16,"hp":722,"w":1,"h":1,"t":0,"c":6,"e":-1,"r":0},{"x":10,"y":15,"hp":722,"w":1,"h":1,"t":0,"c":6,"e":-1,"r":0},{"x":10,"y":14,"hp":722,"w":1,"h":1,"t":0,"c":6,"e":-1,"r":0},{"x":10,"y":13,"hp":722,"w":1,"h":1,"t":0,"c":6,"e":-1,"r":0},{"x":10,"y":12,"hp":722,"w":1,"h":1,"t":0,"c":6,"e":-1,"r":0},{"x":10,"y":11,"hp":722,"w":1,"h":1,"t":0,"c":6,"e":-1,"r":0},{"x":10,"y":10,"hp":722,"w":1,"h":1,"t":0,"c":6,"e":-1,"r":0},{"x":2,"y":5,"hp":1300,"w":1,"h":1,"t":0,"c":6,"e":-1,"r":0},{"x":4,"y":5,"hp":1300,"w":1,"h":1,"t":0,"c":6,"e":-1,"r":0},{"x":6,"y":5,"hp":1300,"w":1,"h":1,"t":0,"c":6,"e":-1,"r":0},{"x":8,"y":5,"hp":1300,"w":1,"h":1,"t":0,"c":6,"e":-1,"r":0},{"x":10,"y":5,"hp":1300,"w":1,"h":1,"t":0,"c":6,"e":-1,"r":0},{"x":12,"y":5,"hp":1300,"w":1,"h":1,"t":0,"c":6,"e":-1,"r":0},{"x":14,"y":5,"hp":1300,"w":1,"h":1,"t":0,"c":6,"e":-1,"r":0},{"x":7,"y":14,"hp":500,"w":2,"h":2,"t":8,"c":0,"e":-1,"r":0},{"x":1,"y":5,"hp":1300,"w":1,"h":1,"t":0,"c":5,"e":-1,"r":0},{"x":3,"y":5,"hp":1300,"w":1,"h":1,"t":0,"c":5,"e":-1,"r":0},{"x":5,"y":5,"hp":1300,"w":1,"h":1,"t":0,"c":5,"e":-1,"r":0},{"x":7,"y":5,"hp":1300,"w":1,"h":1,"t":0,"c":5,"e":-1,"r":0},{"x":9,"y":5,"hp":1300,"w":1,"h":1,"t":0,"c":5,"e":-1,"r":0},{"x":11,"y":5,"hp":1300,"w":1,"h":1,"t":0,"c":5,"e":-1,"r":0},{"x":13,"y":5,"hp":1300,"w":1,"h":1,"t":0,"c":5,"e":-1,"r":0},{"x":15,"y":5,"hp":1300,"w":1,"h":1,"t":0,"c":5,"e":-1,"r":0}],"bu":[{"x":1,"y":11,"buff":13},{"x":3,"y":16,"buff":13},{"x":5,"y":14,"buff":13},{"x":10,"y":20,"buff":13},{"x":13,"y":21,"buff":13},{"x":14,"y":21,"buff":13},{"x":12,"y":13,"buff":13},{"x":13,"y":13,"buff":13}]}