{"l":155,"h":25,"w":11,"br":[{"x":2,"y":5,"hp":62,"w":1,"h":1,"t":0,"c":2,"e":-1,"r":0},{"x":1,"y":6,"hp":54,"w":1,"h":1,"t":0,"c":4,"e":-1,"r":0},{"x":2,"y":6,"hp":54,"w":1,"h":1,"t":0,"c":4,"e":-1,"r":0},{"x":3,"y":6,"hp":54,"w":1,"h":1,"t":0,"c":4,"e":-1,"r":0},{"x":5,"y":6,"hp":54,"w":1,"h":1,"t":0,"c":4,"e":-1,"r":0},{"x":1,"y":7,"hp":40,"w":1,"h":1,"t":0,"c":4,"e":-1,"r":0},{"x":2,"y":7,"hp":40,"w":1,"h":1,"t":0,"c":4,"e":-1,"r":0},{"x":3,"y":7,"hp":40,"w":1,"h":1,"t":0,"c":4,"e":-1,"r":0},{"x":5,"y":7,"hp":40,"w":1,"h":1,"t":0,"c":4,"e":-1,"r":0},{"x":1,"y":8,"hp":57,"w":1,"h":1,"t":0,"c":3,"e":-1,"r":0},{"x":2,"y":8,"hp":57,"w":1,"h":1,"t":0,"c":3,"e":-1,"r":0},{"x":4,"y":8,"hp":57,"w":1,"h":1,"t":0,"c":3,"e":-1,"r":0},{"x":5,"y":8,"hp":57,"w":1,"h":1,"t":0,"c":3,"e":-1,"r":0},{"x":1,"y":9,"hp":58,"w":1,"h":1,"t":0,"c":4,"e":5,"r":0},{"x":2,"y":9,"hp":58,"w":1,"h":1,"t":0,"c":4,"e":-1,"r":0},{"x":5,"y":9,"hp":58,"w":1,"h":1,"t":0,"c":4,"e":-1,"r":0},{"x":1,"y":10,"hp":125,"w":1,"h":1,"t":0,"c":3,"e":-1,"r":0},{"x":2,"y":10,"hp":125,"w":1,"h":1,"t":0,"c":3,"e":-1,"r":0},{"x":3,"y":10,"hp":125,"w":1,"h":1,"t":0,"c":3,"e":-1,"r":0},{"x":4,"y":10,"hp":125,"w":1,"h":1,"t":3,"c":3,"e":-1,"r":0},{"x":5,"y":10,"hp":125,"w":1,"h":1,"t":0,"c":3,"e":-1,"r":0},{"x":2,"y":11,"hp":89,"w":1,"h":1,"t":0,"c":4,"e":-1,"r":0},{"x":3,"y":11,"hp":89,"w":1,"h":1,"t":0,"c":4,"e":-1,"r":0},{"x":4,"y":11,"hp":89,"w":1,"h":1,"t":0,"c":4,"e":-1,"r":0},{"x":5,"y":11,"hp":89,"w":1,"h":1,"t":0,"c":4,"e":-1,"r":0},{"x":0,"y":12,"hp":127,"w":1,"h":1,"t":0,"c":4,"e":-1,"r":0},{"x":2,"y":12,"hp":127,"w":1,"h":1,"t":0,"c":4,"e":-1,"r":0},{"x":5,"y":12,"hp":127,"w":1,"h":1,"t":0,"c":4,"e":-1,"r":0},{"x":3,"y":13,"hp":90,"w":1,"h":1,"t":0,"c":4,"e":-1,"r":0},{"x":4,"y":13,"hp":90,"w":1,"h":1,"t":0,"c":4,"e":5,"r":0},{"x":5,"y":13,"hp":90,"w":1,"h":1,"t":0,"c":4,"e":-1,"r":0},{"x":0,"y":14,"hp":115,"w":1,"h":1,"t":0,"c":4,"e":-1,"r":0},{"x":3,"y":14,"hp":115,"w":1,"h":1,"t":4,"c":4,"e":-1,"r":0},{"x":4,"y":14,"hp":115,"w":1,"h":1,"t":0,"c":4,"e":-1,"r":0},{"x":5,"y":14,"hp":115,"w":1,"h":1,"t":0,"c":4,"e":-1,"r":0},{"x":0,"y":15,"hp":117,"w":1,"h":1,"t":0,"c":4,"e":-1,"r":0},{"x":2,"y":15,"hp":117,"w":1,"h":1,"t":0,"c":4,"e":-1,"r":0},{"x":4,"y":15,"hp":117,"w":1,"h":1,"t":0,"c":4,"e":-1,"r":0},{"x":5,"y":15,"hp":117,"w":1,"h":1,"t":0,"c":4,"e":-1,"r":0},{"x":2,"y":16,"hp":130,"w":1,"h":1,"t":0,"c":4,"e":-1,"r":0},{"x":3,"y":16,"hp":130,"w":1,"h":1,"t":0,"c":4,"e":-1,"r":0},{"x":4,"y":16,"hp":130,"w":1,"h":1,"t":0,"c":4,"e":-1,"r":0},{"x":5,"y":16,"hp":130,"w":1,"h":1,"t":5,"c":4,"e":-1,"r":0},{"x":4,"y":17,"hp":105,"w":1,"h":1,"t":0,"c":4,"e":-1,"r":0},{"x":5,"y":17,"hp":105,"w":1,"h":1,"t":0,"c":4,"e":-1,"r":0},{"x":2,"y":18,"hp":81,"w":1,"h":1,"t":0,"c":4,"e":5,"r":0},{"x":3,"y":18,"hp":81,"w":1,"h":1,"t":1,"c":4,"e":-1,"r":2},{"x":5,"y":18,"hp":81,"w":1,"h":1,"t":0,"c":4,"e":-1,"r":0},{"x":0,"y":19,"hp":109,"w":1,"h":1,"t":0,"c":4,"e":-1,"r":0},{"x":2,"y":19,"hp":109,"w":1,"h":1,"t":0,"c":4,"e":-1,"r":0},{"x":3,"y":19,"hp":109,"w":1,"h":1,"t":0,"c":4,"e":-1,"r":0},{"x":4,"y":19,"hp":109,"w":1,"h":1,"t":0,"c":4,"e":-1,"r":0},{"x":5,"y":19,"hp":109,"w":1,"h":1,"t":0,"c":4,"e":-1,"r":0},{"x":0,"y":20,"hp":103,"w":1,"h":1,"t":0,"c":4,"e":-1,"r":0},{"x":1,"y":20,"hp":103,"w":1,"h":1,"t":0,"c":4,"e":-1,"r":0},{"x":3,"y":20,"hp":103,"w":1,"h":1,"t":0,"c":4,"e":-1,"r":0},{"x":4,"y":20,"hp":103,"w":1,"h":1,"t":0,"c":4,"e":-1,"r":0},{"x":5,"y":20,"hp":103,"w":1,"h":1,"t":0,"c":4,"e":-1,"r":0},{"x":3,"y":21,"hp":130,"w":1,"h":1,"t":0,"c":4,"e":-1,"r":0},{"x":4,"y":21,"hp":130,"w":1,"h":1,"t":0,"c":4,"e":-1,"r":0},{"x":5,"y":21,"hp":130,"w":1,"h":1,"t":0,"c":4,"e":-1,"r":0},{"x":2,"y":22,"hp":100,"w":1,"h":1,"t":0,"c":4,"e":-1,"r":0},{"x":3,"y":22,"hp":100,"w":1,"h":1,"t":0,"c":4,"e":5,"r":0},{"x":5,"y":22,"hp":100,"w":1,"h":1,"t":0,"c":4,"e":-1,"r":0},{"x":2,"y":23,"hp":102,"w":1,"h":1,"t":0,"c":4,"e":-1,"r":0},{"x":4,"y":23,"hp":102,"w":1,"h":1,"t":0,"c":4,"e":-1,"r":0},{"x":5,"y":23,"hp":102,"w":1,"h":1,"t":0,"c":4,"e":-1,"r":0},{"x":0,"y":24,"hp":132,"w":1,"h":1,"t":0,"c":4,"e":-1,"r":0},{"x":1,"y":24,"hp":132,"w":1,"h":1,"t":0,"c":4,"e":-1,"r":0},{"x":2,"y":24,"hp":132,"w":1,"h":1,"t":0,"c":4,"e":-1,"r":0},{"x":4,"y":24,"hp":132,"w":1,"h":1,"t":0,"c":4,"e":-1,"r":0},{"x":5,"y":24,"hp":132,"w":1,"h":1,"t":0,"c":4,"e":-1,"r":0},{"x":8,"y":5,"hp":62,"w":1,"h":1,"t":0,"c":2,"e":-1,"r":0},{"x":9,"y":6,"hp":54,"w":1,"h":1,"t":0,"c":4,"e":-1,"r":0},{"x":8,"y":6,"hp":54,"w":1,"h":1,"t":0,"c":4,"e":-1,"r":0},{"x":7,"y":6,"hp":54,"w":1,"h":1,"t":0,"c":4,"e":-1,"r":0},{"x":9,"y":7,"hp":40,"w":1,"h":1,"t":0,"c":4,"e":-1,"r":0},{"x":8,"y":7,"hp":40,"w":1,"h":1,"t":0,"c":4,"e":-1,"r":0},{"x":7,"y":7,"hp":40,"w":1,"h":1,"t":0,"c":4,"e":-1,"r":0},{"x":9,"y":8,"hp":57,"w":1,"h":1,"t":0,"c":3,"e":-1,"r":0},{"x":8,"y":8,"hp":57,"w":1,"h":1,"t":0,"c":3,"e":-1,"r":0},{"x":6,"y":8,"hp":57,"w":1,"h":1,"t":0,"c":3,"e":-1,"r":0},{"x":9,"y":9,"hp":58,"w":1,"h":1,"t":0,"c":4,"e":5,"r":0},{"x":8,"y":9,"hp":58,"w":1,"h":1,"t":0,"c":4,"e":-1,"r":0},{"x":9,"y":10,"hp":125,"w":1,"h":1,"t":0,"c":3,"e":-1,"r":0},{"x":8,"y":10,"hp":125,"w":1,"h":1,"t":0,"c":3,"e":-1,"r":0},{"x":7,"y":10,"hp":125,"w":1,"h":1,"t":0,"c":3,"e":-1,"r":0},{"x":6,"y":10,"hp":125,"w":1,"h":1,"t":3,"c":3,"e":-1,"r":0},{"x":8,"y":11,"hp":89,"w":1,"h":1,"t":0,"c":4,"e":-1,"r":0},{"x":7,"y":11,"hp":89,"w":1,"h":1,"t":0,"c":4,"e":-1,"r":0},{"x":6,"y":11,"hp":89,"w":1,"h":1,"t":0,"c":4,"e":-1,"r":0},{"x":10,"y":12,"hp":127,"w":1,"h":1,"t":0,"c":4,"e":-1,"r":0},{"x":8,"y":12,"hp":127,"w":1,"h":1,"t":0,"c":4,"e":-1,"r":0},{"x":8,"y":13,"hp":90,"w":1,"h":1,"t":0,"c":4,"e":5,"r":0},{"x":7,"y":13,"hp":90,"w":1,"h":1,"t":0,"c":4,"e":-1,"r":0},{"x":8,"y":14,"hp":115,"w":1,"h":1,"t":0,"c":4,"e":-1,"r":0},{"x":7,"y":14,"hp":115,"w":1,"h":1,"t":4,"c":4,"e":-1,"r":0},{"x":6,"y":14,"hp":115,"w":1,"h":1,"t":0,"c":4,"e":-1,"r":0},{"x":8,"y":15,"hp":117,"w":1,"h":1,"t":0,"c":4,"e":-1,"r":0},{"x":6,"y":15,"hp":117,"w":1,"h":1,"t":0,"c":4,"e":-1,"r":0},{"x":8,"y":16,"hp":130,"w":1,"h":1,"t":0,"c":4,"e":-1,"r":0},{"x":7,"y":16,"hp":130,"w":1,"h":1,"t":0,"c":4,"e":-1,"r":0},{"x":6,"y":16,"hp":130,"w":1,"h":1,"t":0,"c":4,"e":-1,"r":0},{"x":10,"y":17,"hp":105,"w":1,"h":1,"t":0,"c":4,"e":-1,"r":0},{"x":6,"y":17,"hp":105,"w":1,"h":1,"t":0,"c":4,"e":-1,"r":0},{"x":10,"y":18,"hp":81,"w":1,"h":1,"t":0,"c":4,"e":-1,"r":0},{"x":8,"y":18,"hp":81,"w":1,"h":1,"t":0,"c":4,"e":5,"r":0},{"x":7,"y":18,"hp":81,"w":1,"h":1,"t":1,"c":4,"e":-1,"r":3},{"x":10,"y":19,"hp":109,"w":1,"h":1,"t":0,"c":4,"e":-1,"r":0},{"x":8,"y":19,"hp":109,"w":1,"h":1,"t":0,"c":4,"e":5,"r":0},{"x":7,"y":19,"hp":109,"w":1,"h":1,"t":0,"c":4,"e":-1,"r":0},{"x":6,"y":19,"hp":109,"w":1,"h":1,"t":0,"c":4,"e":-1,"r":0},{"x":10,"y":20,"hp":103,"w":1,"h":1,"t":0,"c":4,"e":-1,"r":0},{"x":7,"y":20,"hp":103,"w":1,"h":1,"t":0,"c":4,"e":-1,"r":0},{"x":6,"y":20,"hp":103,"w":1,"h":1,"t":0,"c":4,"e":-1,"r":0},{"x":7,"y":21,"hp":130,"w":1,"h":1,"t":0,"c":4,"e":-1,"r":0},{"x":6,"y":21,"hp":130,"w":1,"h":1,"t":0,"c":4,"e":-1,"r":0},{"x":8,"y":22,"hp":100,"w":1,"h":1,"t":0,"c":4,"e":-1,"r":0},{"x":9,"y":23,"hp":102,"w":1,"h":1,"t":0,"c":4,"e":-1,"r":0},{"x":8,"y":23,"hp":102,"w":1,"h":1,"t":0,"c":4,"e":-1,"r":0},{"x":6,"y":23,"hp":102,"w":1,"h":1,"t":0,"c":4,"e":-1,"r":0},{"x":9,"y":24,"hp":132,"w":1,"h":1,"t":0,"c":4,"e":-1,"r":0},{"x":8,"y":24,"hp":132,"w":1,"h":1,"t":0,"c":4,"e":-1,"r":0},{"x":6,"y":24,"hp":132,"w":1,"h":1,"t":0,"c":4,"e":-1,"r":0},{"x":3,"y":8,"hp":57,"w":1,"h":1,"t":3,"c":3,"e":-1,"r":0},{"x":7,"y":8,"hp":57,"w":1,"h":1,"t":3,"c":3,"e":-1,"r":0},{"x":1,"y":5,"hp":60,"w":1,"h":1,"t":1,"c":2,"e":-1,"r":2},{"x":9,"y":5,"hp":60,"w":1,"h":1,"t":1,"c":2,"e":-1,"r":3},{"x":5,"y":5,"hp":60,"w":1,"h":1,"t":2,"c":2,"e":-1,"r":2},{"x":9,"y":17,"hp":60,"w":1,"h":1,"t":0,"c":4,"e":-1,"r":0},{"x":2,"y":21,"hp":60,"w":1,"h":1,"t":0,"c":4,"e":-1,"r":0},{"x":6,"y":18,"hp":60,"w":1,"h":1,"t":0,"c":4,"e":-1,"r":0},{"x":4,"y":18,"hp":60,"w":1,"h":1,"t":0,"c":4,"e":-1,"r":0},{"x":3,"y":17,"hp":60,"w":1,"h":1,"t":0,"c":4,"e":-1,"r":0},{"x":7,"y":17,"hp":60,"w":1,"h":1,"t":0,"c":4,"e":-1,"r":0},{"x":6,"y":13,"hp":60,"w":1,"h":1,"t":0,"c":4,"e":-1,"r":0},{"x":0,"y":8,"hp":60,"w":1,"h":1,"t":0,"c":3,"e":-1,"r":0},{"x":10,"y":9,"hp":60,"w":1,"h":1,"t":0,"c":4,"e":-1,"r":0},{"x":0,"y":7,"hp":40,"w":1,"h":1,"t":0,"c":4,"e":-1,"r":0}],"bu":[{"x":3,"y":15,"buff":0},{"x":7,"y":23,"buff":0},{"x":3,"y":24,"buff":0},{"x":9,"y":14,"buff":3},{"x":1,"y":19,"buff":2},{"x":8,"y":21,"buff":5},{"x":7,"y":12,"buff":1},{"x":10,"y":10,"buff":1},{"x":9,"y":16,"buff":1},{"x":2,"y":20,"buff":1},{"x":4,"y":7,"buff":0},{"x":4,"y":6,"buff":0},{"x":6,"y":7,"buff":0},{"x":6,"y":6,"buff":0}]}