{"l":31,"h":13,"w":11,"br":[{"x":1,"y":7,"hp":36,"w":1,"h":1,"t":0,"c":3,"e":-1,"r":0},{"x":1,"y":8,"hp":45,"w":1,"h":1,"t":0,"c":3,"e":-1,"r":0},{"x":1,"y":9,"hp":38,"w":1,"h":1,"t":0,"c":3,"e":-1,"r":0},{"x":3,"y":7,"hp":36,"w":1,"h":1,"t":0,"c":3,"e":-1,"r":0},{"x":5,"y":7,"hp":36,"w":1,"h":1,"t":0,"c":3,"e":-1,"r":0},{"x":7,"y":7,"hp":36,"w":1,"h":1,"t":0,"c":3,"e":-1,"r":0},{"x":5,"y":9,"hp":38,"w":1,"h":1,"t":0,"c":3,"e":-1,"r":0},{"x":3,"y":9,"hp":38,"w":1,"h":1,"t":0,"c":3,"e":-1,"r":0},{"x":3,"y":8,"hp":45,"w":1,"h":1,"t":0,"c":3,"e":-1,"r":0},{"x":5,"y":8,"hp":45,"w":1,"h":1,"t":0,"c":3,"e":-1,"r":0},{"x":7,"y":8,"hp":45,"w":1,"h":1,"t":0,"c":3,"e":-1,"r":0},{"x":0,"y":10,"hp":40,"w":1,"h":1,"t":0,"c":3,"e":-1,"r":0},{"x":0,"y":6,"hp":40,"w":1,"h":1,"t":0,"c":3,"e":-1,"r":0},{"x":3,"y":10,"hp":40,"w":1,"h":1,"t":0,"c":3,"e":-1,"r":0},{"x":3,"y":6,"hp":40,"w":1,"h":1,"t":0,"c":3,"e":-1,"r":0},{"x":5,"y":5,"hp":42,"w":1,"h":1,"t":0,"c":3,"e":-1,"r":0},{"x":5,"y":6,"hp":40,"w":1,"h":1,"t":0,"c":3,"e":-1,"r":0},{"x":5,"y":10,"hp":40,"w":1,"h":1,"t":0,"c":3,"e":-1,"r":0},{"x":5,"y":11,"hp":42,"w":1,"h":1,"t":0,"c":3,"e":10,"r":0},{"x":2,"y":9,"hp":38,"w":1,"h":1,"t":0,"c":5,"e":-1,"r":0},{"x":2,"y":8,"hp":45,"w":1,"h":1,"t":0,"c":5,"e":-1,"r":0},{"x":2,"y":7,"hp":36,"w":1,"h":1,"t":0,"c":5,"e":10,"r":0},{"x":4,"y":10,"hp":40,"w":1,"h":1,"t":0,"c":5,"e":-1,"r":0},{"x":4,"y":9,"hp":38,"w":1,"h":1,"t":0,"c":5,"e":-1,"r":0},{"x":4,"y":8,"hp":45,"w":1,"h":1,"t":0,"c":5,"e":-1,"r":0},{"x":4,"y":7,"hp":36,"w":1,"h":1,"t":0,"c":5,"e":-1,"r":0},{"x":4,"y":6,"hp":40,"w":1,"h":1,"t":0,"c":5,"e":-1,"r":0},{"x":6,"y":8,"hp":45,"w":1,"h":1,"t":0,"c":5,"e":-1,"r":0},{"x":6,"y":7,"hp":36,"w":1,"h":1,"t":0,"c":5,"e":-1,"r":0},{"x":6,"y":6,"hp":40,"w":1,"h":1,"t":0,"c":5,"e":-1,"r":0},{"x":8,"y":9,"hp":38,"w":1,"h":1,"t":0,"c":5,"e":10,"r":0},{"x":8,"y":8,"hp":45,"w":1,"h":1,"t":0,"c":5,"e":-1,"r":0},{"x":8,"y":7,"hp":36,"w":1,"h":1,"t":0,"c":5,"e":-1,"r":0},{"x":9,"y":9,"hp":38,"w":1,"h":1,"t":1,"c":5,"e":-1,"r":0},{"x":7,"y":9,"hp":38,"w":1,"h":1,"t":0,"c":8,"e":-1,"r":0},{"x":6,"y":9,"hp":38,"w":1,"h":1,"t":0,"c":8,"e":-1,"r":0},{"x":6,"y":10,"hp":40,"w":1,"h":1,"t":0,"c":8,"e":-1,"r":0},{"x":7,"y":10,"hp":40,"w":1,"h":1,"t":1,"c":8,"e":-1,"r":0},{"x":6,"y":11,"hp":42,"w":1,"h":1,"t":1,"c":5,"e":-1,"r":0},{"x":6,"y":5,"hp":42,"w":1,"h":1,"t":1,"c":5,"e":-1,"r":3},{"x":9,"y":7,"hp":36,"w":1,"h":1,"t":1,"c":5,"e":-1,"r":3},{"x":7,"y":6,"hp":40,"w":1,"h":1,"t":1,"c":3,"e":-1,"r":3},{"x":1,"y":6,"hp":40,"w":1,"h":1,"t":1,"c":3,"e":-1,"r":3},{"x":0,"y":5,"hp":40,"w":1,"h":1,"t":1,"c":3,"e":-1,"r":3},{"x":0,"y":11,"hp":42,"w":1,"h":1,"t":1,"c":3,"e":-1,"r":0},{"x":1,"y":10,"hp":40,"w":1,"h":1,"t":1,"c":3,"e":-1,"r":0},{"x":0,"y":9,"hp":38,"w":1,"h":1,"t":1,"c":3,"e":-1,"r":2},{"x":0,"y":7,"hp":36,"w":1,"h":1,"t":1,"c":3,"e":-1,"r":1},{"x":2,"y":11,"hp":42,"w":1,"h":1,"t":1,"c":3,"e":-1,"r":2},{"x":2,"y":5,"hp":42,"w":1,"h":1,"t":1,"c":3,"e":-1,"r":1},{"x":3,"y":11,"hp":42,"w":1,"h":1,"t":0,"c":3,"e":10,"r":0},{"x":3,"y":5,"hp":42,"w":1,"h":1,"t":0,"c":3,"e":-1,"r":0},{"x":4,"y":11,"hp":42,"w":1,"h":1,"t":0,"c":5,"e":-1,"r":0},{"x":4,"y":5,"hp":42,"w":1,"h":1,"t":0,"c":5,"e":-1,"r":0},{"x":9,"y":8,"hp":45,"w":1,"h":1,"t":0,"c":5,"e":-1,"r":0}],"bu":[{"x":3,"y":12,"buff":0},{"x":4,"y":12,"buff":0},{"x":5,"y":12,"buff":0},{"x":2,"y":12,"buff":0},{"x":8,"y":10,"buff":0},{"x":7,"y":11,"buff":0},{"x":6,"y":12,"buff":0},{"x":10,"y":8,"buff":3}]}