{"l":17,"h":12,"w":11,"br":[{"x":0,"y":10,"hp":40,"w":1,"h":1,"t":0,"c":5,"e":-1,"r":0},{"x":1,"y":10,"hp":40,"w":1,"h":1,"t":0,"c":5,"e":-1,"r":0},{"x":3,"y":10,"hp":40,"w":1,"h":1,"t":0,"c":5,"e":-1,"r":0},{"x":4,"y":10,"hp":40,"w":1,"h":1,"t":0,"c":5,"e":-1,"r":0},{"x":9,"y":10,"hp":40,"w":1,"h":1,"t":0,"c":5,"e":-1,"r":0},{"x":10,"y":10,"hp":40,"w":1,"h":1,"t":0,"c":5,"e":-1,"r":0},{"x":5,"y":10,"hp":40,"w":1,"h":1,"t":0,"c":5,"e":-1,"r":0},{"x":8,"y":10,"hp":40,"w":1,"h":1,"t":0,"c":5,"e":-1,"r":0},{"x":0,"y":8,"hp":56,"w":1,"h":1,"t":0,"c":5,"e":-1,"r":0},{"x":1,"y":8,"hp":56,"w":1,"h":1,"t":0,"c":5,"e":-1,"r":0},{"x":3,"y":8,"hp":56,"w":1,"h":1,"t":0,"c":5,"e":-1,"r":0},{"x":4,"y":8,"hp":56,"w":1,"h":1,"t":0,"c":5,"e":5,"r":0},{"x":5,"y":8,"hp":56,"w":1,"h":1,"t":0,"c":5,"e":-1,"r":0},{"x":6,"y":8,"hp":56,"w":1,"h":1,"t":0,"c":5,"e":-1,"r":0},{"x":7,"y":8,"hp":56,"w":1,"h":1,"t":0,"c":5,"e":-1,"r":0},{"x":7,"y":7,"hp":40,"w":1,"h":1,"t":0,"c":5,"e":-1,"r":0},{"x":9,"y":8,"hp":56,"w":1,"h":1,"t":0,"c":5,"e":-1,"r":0},{"x":10,"y":8,"hp":56,"w":1,"h":1,"t":0,"c":5,"e":-1,"r":0},{"x":6,"y":6,"hp":40,"w":1,"h":1,"t":0,"c":5,"e":-1,"r":0},{"x":7,"y":6,"hp":40,"w":1,"h":1,"t":0,"c":5,"e":-1,"r":0},{"x":8,"y":6,"hp":40,"w":1,"h":1,"t":0,"c":5,"e":-1,"r":0},{"x":9,"y":6,"hp":40,"w":1,"h":1,"t":0,"c":5,"e":-1,"r":0},{"x":4,"y":6,"hp":40,"w":1,"h":1,"t":0,"c":5,"e":-1,"r":0},{"x":3,"y":6,"hp":40,"w":1,"h":1,"t":0,"c":5,"e":-1,"r":0},{"x":2,"y":6,"hp":40,"w":1,"h":1,"t":0,"c":5,"e":-1,"r":0},{"x":1,"y":6,"hp":40,"w":1,"h":1,"t":0,"c":5,"e":-1,"r":0},{"x":3,"y":7,"hp":40,"w":1,"h":1,"t":0,"c":5,"e":-1,"r":0},{"x":3,"y":11,"hp":47,"w":1,"h":1,"t":0,"c":5,"e":-1,"r":0},{"x":2,"y":11,"hp":1,"w":1,"h":1,"t":0,"c":1,"e":-1,"r":0},{"x":2,"y":8,"hp":1,"w":1,"h":1,"t":0,"c":1,"e":-1,"r":0},{"x":2,"y":7,"hp":1,"w":1,"h":1,"t":0,"c":1,"e":-1,"r":0},{"x":1,"y":7,"hp":1,"w":1,"h":1,"t":0,"c":1,"e":-1,"r":0},{"x":5,"y":11,"hp":1,"w":1,"h":1,"t":0,"c":1,"e":-1,"r":0},{"x":4,"y":11,"hp":1,"w":1,"h":1,"t":0,"c":1,"e":-1,"r":0},{"x":1,"y":9,"hp":1,"w":1,"h":1,"t":0,"c":1,"e":-1,"r":0},{"x":2,"y":9,"hp":1,"w":1,"h":1,"t":0,"c":1,"e":-1,"r":0},{"x":3,"y":9,"hp":1,"w":1,"h":1,"t":0,"c":1,"e":-1,"r":0},{"x":7,"y":9,"hp":1,"w":1,"h":1,"t":0,"c":1,"e":-1,"r":0},{"x":8,"y":9,"hp":1,"w":1,"h":1,"t":0,"c":1,"e":-1,"r":0},{"x":6,"y":11,"hp":1,"w":1,"h":1,"t":0,"c":1,"e":-1,"r":0},{"x":8,"y":11,"hp":1,"w":1,"h":1,"t":0,"c":1,"e":-1,"r":0},{"x":7,"y":10,"hp":1,"w":1,"h":1,"t":0,"c":1,"e":-1,"r":0},{"x":9,"y":11,"hp":1,"w":1,"h":1,"t":0,"c":1,"e":-1,"r":0},{"x":9,"y":9,"hp":1,"w":1,"h":1,"t":0,"c":1,"e":-1,"r":0},{"x":8,"y":7,"hp":1,"w":1,"h":1,"t":0,"c":1,"e":-1,"r":0},{"x":6,"y":7,"hp":1,"w":1,"h":1,"t":0,"c":1,"e":-1,"r":0},{"x":5,"y":7,"hp":1,"w":1,"h":1,"t":0,"c":1,"e":-1,"r":0},{"x":5,"y":6,"hp":1,"w":1,"h":1,"t":0,"c":1,"e":-1,"r":0},{"x":0,"y":9,"hp":47,"w":1,"h":1,"t":0,"c":5,"e":-1,"r":0},{"x":0,"y":11,"hp":47,"w":1,"h":1,"t":0,"c":5,"e":-1,"r":0},{"x":10,"y":11,"hp":47,"w":1,"h":1,"t":0,"c":5,"e":-1,"r":0},{"x":10,"y":9,"hp":47,"w":1,"h":1,"t":0,"c":5,"e":-1,"r":0},{"x":9,"y":7,"hp":1,"w":1,"h":1,"t":0,"c":1,"e":-1,"r":0},{"x":10,"y":7,"hp":1,"w":1,"h":1,"t":0,"c":1,"e":-1,"r":0},{"x":10,"y":6,"hp":1,"w":1,"h":1,"t":0,"c":1,"e":-1,"r":0},{"x":6,"y":10,"hp":40,"w":1,"h":1,"t":0,"c":5,"e":-1,"r":0},{"x":0,"y":6,"hp":40,"w":1,"h":1,"t":0,"c":1,"e":-1,"r":0},{"x":5,"y":9,"hp":40,"w":1,"h":1,"t":0,"c":5,"e":-1,"r":0}],"bu":[{"x":2,"y":10,"buff":3},{"x":8,"y":8,"buff":3}]}