{"l":231,"h":22,"w":11,"br":[{"x":0,"y":5,"hp":58,"w":1,"h":1,"t":0,"c":5,"e":-1,"r":0},{"x":2,"y":5,"hp":58,"w":1,"h":1,"t":0,"c":5,"e":-1,"r":0},{"x":4,"y":5,"hp":58,"w":1,"h":1,"t":0,"c":5,"e":-1,"r":0},{"x":5,"y":5,"hp":58,"w":1,"h":1,"t":0,"c":5,"e":-1,"r":0},{"x":0,"y":6,"hp":60,"w":1,"h":1,"t":0,"c":5,"e":-1,"r":0},{"x":2,"y":6,"hp":60,"w":1,"h":1,"t":0,"c":5,"e":-1,"r":0},{"x":3,"y":6,"hp":60,"w":1,"h":1,"t":0,"c":5,"e":-1,"r":0},{"x":4,"y":6,"hp":60,"w":1,"h":1,"t":0,"c":5,"e":-1,"r":0},{"x":5,"y":6,"hp":60,"w":1,"h":1,"t":0,"c":5,"e":-1,"r":0},{"x":0,"y":7,"hp":55,"w":1,"h":1,"t":1,"c":5,"e":-1,"r":1},{"x":1,"y":7,"hp":55,"w":1,"h":1,"t":0,"c":5,"e":-1,"r":0},{"x":2,"y":7,"hp":55,"w":1,"h":1,"t":5,"c":5,"e":-1,"r":0},{"x":5,"y":7,"hp":55,"w":1,"h":1,"t":0,"c":5,"e":-1,"r":0},{"x":0,"y":8,"hp":55,"w":1,"h":1,"t":0,"c":5,"e":-1,"r":0},{"x":1,"y":8,"hp":55,"w":1,"h":1,"t":0,"c":5,"e":-1,"r":0},{"x":5,"y":8,"hp":55,"w":1,"h":1,"t":0,"c":5,"e":4,"r":0},{"x":5,"y":9,"hp":60,"w":1,"h":1,"t":0,"c":5,"e":-1,"r":0},{"x":2,"y":10,"hp":105,"w":1,"h":1,"t":0,"c":2,"e":4,"r":0},{"x":4,"y":10,"hp":105,"w":1,"h":1,"t":0,"c":2,"e":-1,"r":0},{"x":5,"y":10,"hp":105,"w":1,"h":1,"t":0,"c":2,"e":-1,"r":0},{"x":0,"y":11,"hp":78,"w":1,"h":1,"t":0,"c":3,"e":-1,"r":0},{"x":2,"y":11,"hp":78,"w":1,"h":1,"t":0,"c":3,"e":-1,"r":0},{"x":4,"y":11,"hp":78,"w":1,"h":1,"t":0,"c":3,"e":-1,"r":0},{"x":5,"y":11,"hp":78,"w":1,"h":1,"t":0,"c":3,"e":-1,"r":0},{"x":0,"y":12,"hp":80,"w":1,"h":1,"t":0,"c":5,"e":-1,"r":0},{"x":3,"y":12,"hp":80,"w":1,"h":1,"t":0,"c":5,"e":-1,"r":0},{"x":5,"y":12,"hp":80,"w":1,"h":1,"t":0,"c":5,"e":-1,"r":0},{"x":0,"y":13,"hp":88,"w":1,"h":1,"t":0,"c":5,"e":-1,"r":0},{"x":3,"y":13,"hp":88,"w":1,"h":1,"t":0,"c":5,"e":-1,"r":0},{"x":4,"y":13,"hp":88,"w":1,"h":1,"t":0,"c":5,"e":-1,"r":0},{"x":5,"y":13,"hp":88,"w":1,"h":1,"t":0,"c":5,"e":-1,"r":0},{"x":0,"y":14,"hp":102,"w":1,"h":1,"t":0,"c":5,"e":-1,"r":0},{"x":3,"y":14,"hp":102,"w":1,"h":1,"t":0,"c":5,"e":-1,"r":0},{"x":4,"y":14,"hp":102,"w":1,"h":1,"t":0,"c":5,"e":-1,"r":0},{"x":5,"y":14,"hp":102,"w":1,"h":1,"t":4,"c":5,"e":-1,"r":0},{"x":0,"y":15,"hp":73,"w":1,"h":1,"t":0,"c":5,"e":-1,"r":0},{"x":4,"y":15,"hp":73,"w":1,"h":1,"t":0,"c":5,"e":-1,"r":0},{"x":5,"y":15,"hp":73,"w":1,"h":1,"t":0,"c":5,"e":-1,"r":0},{"x":3,"y":16,"hp":88,"w":1,"h":1,"t":0,"c":3,"e":4,"r":0},{"x":5,"y":16,"hp":88,"w":1,"h":1,"t":0,"c":3,"e":-1,"r":0},{"x":3,"y":17,"hp":100,"w":1,"h":1,"t":0,"c":5,"e":-1,"r":0},{"x":5,"y":17,"hp":100,"w":1,"h":1,"t":0,"c":5,"e":-1,"r":0},{"x":1,"y":18,"hp":70,"w":1,"h":1,"t":0,"c":5,"e":-1,"r":0},{"x":2,"y":18,"hp":70,"w":1,"h":1,"t":0,"c":5,"e":-1,"r":0},{"x":5,"y":18,"hp":70,"w":1,"h":1,"t":0,"c":5,"e":-1,"r":0},{"x":1,"y":19,"hp":125,"w":1,"h":1,"t":0,"c":5,"e":-1,"r":0},{"x":2,"y":19,"hp":125,"w":1,"h":1,"t":0,"c":5,"e":-1,"r":0},{"x":5,"y":19,"hp":125,"w":1,"h":1,"t":0,"c":5,"e":-1,"r":0},{"x":1,"y":20,"hp":102,"w":1,"h":1,"t":0,"c":3,"e":-1,"r":0},{"x":2,"y":20,"hp":102,"w":1,"h":1,"t":0,"c":3,"e":-1,"r":0},{"x":4,"y":20,"hp":102,"w":1,"h":1,"t":0,"c":3,"e":-1,"r":0},{"x":5,"y":20,"hp":102,"w":1,"h":1,"t":0,"c":3,"e":-1,"r":0},{"x":10,"y":5,"hp":58,"w":1,"h":1,"t":0,"c":5,"e":-1,"r":0},{"x":8,"y":5,"hp":58,"w":1,"h":1,"t":0,"c":5,"e":-1,"r":0},{"x":6,"y":5,"hp":58,"w":1,"h":1,"t":0,"c":5,"e":-1,"r":0},{"x":10,"y":6,"hp":60,"w":1,"h":1,"t":0,"c":5,"e":-1,"r":0},{"x":8,"y":6,"hp":60,"w":1,"h":1,"t":0,"c":5,"e":-1,"r":0},{"x":6,"y":6,"hp":60,"w":1,"h":1,"t":0,"c":5,"e":-1,"r":0},{"x":10,"y":7,"hp":55,"w":1,"h":1,"t":1,"c":5,"e":-1,"r":0},{"x":9,"y":7,"hp":55,"w":1,"h":1,"t":0,"c":5,"e":-1,"r":0},{"x":8,"y":7,"hp":55,"w":1,"h":1,"t":5,"c":5,"e":-1,"r":0},{"x":10,"y":8,"hp":55,"w":1,"h":1,"t":0,"c":5,"e":-1,"r":0},{"x":9,"y":8,"hp":55,"w":1,"h":1,"t":0,"c":5,"e":-1,"r":0},{"x":9,"y":10,"hp":105,"w":1,"h":1,"t":0,"c":2,"e":-1,"r":0},{"x":8,"y":10,"hp":105,"w":1,"h":1,"t":0,"c":2,"e":4,"r":0},{"x":6,"y":10,"hp":105,"w":1,"h":1,"t":0,"c":2,"e":-1,"r":0},{"x":10,"y":11,"hp":78,"w":1,"h":1,"t":0,"c":3,"e":-1,"r":0},{"x":9,"y":11,"hp":78,"w":1,"h":1,"t":0,"c":3,"e":-1,"r":0},{"x":8,"y":11,"hp":78,"w":1,"h":1,"t":0,"c":3,"e":-1,"r":0},{"x":6,"y":11,"hp":78,"w":1,"h":1,"t":0,"c":3,"e":-1,"r":0},{"x":10,"y":12,"hp":80,"w":1,"h":1,"t":0,"c":5,"e":-1,"r":0},{"x":8,"y":12,"hp":80,"w":1,"h":1,"t":0,"c":5,"e":-1,"r":0},{"x":8,"y":13,"hp":88,"w":1,"h":1,"t":0,"c":5,"e":-1,"r":0},{"x":7,"y":13,"hp":88,"w":1,"h":1,"t":0,"c":5,"e":-1,"r":0},{"x":6,"y":13,"hp":88,"w":1,"h":1,"t":0,"c":5,"e":-1,"r":0},{"x":9,"y":15,"hp":73,"w":1,"h":1,"t":0,"c":5,"e":4,"r":0},{"x":8,"y":15,"hp":73,"w":1,"h":1,"t":4,"c":5,"e":-1,"r":0},{"x":6,"y":15,"hp":73,"w":1,"h":1,"t":0,"c":5,"e":-1,"r":0},{"x":9,"y":16,"hp":88,"w":1,"h":1,"t":0,"c":3,"e":-1,"r":0},{"x":7,"y":16,"hp":88,"w":1,"h":1,"t":0,"c":3,"e":-1,"r":0},{"x":7,"y":17,"hp":100,"w":1,"h":1,"t":0,"c":5,"e":-1,"r":0},{"x":9,"y":18,"hp":70,"w":1,"h":1,"t":0,"c":5,"e":-1,"r":0},{"x":8,"y":18,"hp":70,"w":1,"h":1,"t":0,"c":5,"e":-1,"r":0},{"x":9,"y":19,"hp":125,"w":1,"h":1,"t":0,"c":5,"e":-1,"r":0},{"x":8,"y":19,"hp":125,"w":1,"h":1,"t":0,"c":5,"e":-1,"r":0},{"x":10,"y":20,"hp":102,"w":1,"h":1,"t":0,"c":3,"e":-1,"r":0},{"x":9,"y":20,"hp":102,"w":1,"h":1,"t":0,"c":3,"e":-1,"r":0},{"x":8,"y":20,"hp":102,"w":1,"h":1,"t":0,"c":3,"e":-1,"r":0},{"x":6,"y":20,"hp":102,"w":1,"h":1,"t":0,"c":3,"e":-1,"r":0},{"x":1,"y":11,"hp":78,"w":1,"h":1,"t":0,"c":3,"e":-1,"r":0},{"x":1,"y":10,"hp":105,"w":1,"h":1,"t":0,"c":2,"e":-1,"r":0},{"x":9,"y":6,"hp":60,"w":1,"h":1,"t":0,"c":5,"e":-1,"r":0},{"x":1,"y":6,"hp":60,"w":1,"h":1,"t":0,"c":5,"e":-1,"r":0},{"x":6,"y":16,"hp":88,"w":1,"h":1,"t":0,"c":3,"e":-1,"r":0},{"x":6,"y":17,"hp":100,"w":1,"h":1,"t":0,"c":5,"e":-1,"r":0},{"x":8,"y":17,"hp":100,"w":1,"h":1,"t":0,"c":5,"e":-1,"r":0},{"x":8,"y":16,"hp":88,"w":1,"h":1,"t":0,"c":3,"e":-1,"r":0},{"x":6,"y":19,"hp":125,"w":1,"h":1,"t":0,"c":5,"e":-1,"r":0},{"x":6,"y":18,"hp":70,"w":1,"h":1,"t":0,"c":5,"e":-1,"r":0},{"x":7,"y":18,"hp":70,"w":1,"h":1,"t":0,"c":5,"e":-1,"r":0},{"x":7,"y":19,"hp":125,"w":1,"h":1,"t":0,"c":5,"e":-1,"r":0},{"x":7,"y":20,"hp":102,"w":1,"h":1,"t":0,"c":3,"e":-1,"r":0},{"x":4,"y":19,"hp":125,"w":1,"h":1,"t":0,"c":5,"e":-1,"r":0},{"x":9,"y":17,"hp":60,"w":1,"h":1,"t":0,"c":5,"e":-1,"r":0},{"x":1,"y":17,"hp":60,"w":1,"h":1,"t":0,"c":5,"e":-1,"r":0},{"x":1,"y":5,"hp":58,"w":1,"h":1,"t":0,"c":5,"e":-1,"r":0},{"x":3,"y":5,"hp":58,"w":1,"h":1,"t":0,"c":5,"e":-1,"r":0},{"x":9,"y":5,"hp":58,"w":1,"h":1,"t":0,"c":5,"e":-1,"r":0},{"x":4,"y":7,"hp":55,"w":1,"h":1,"t":0,"c":5,"e":-1,"r":0},{"x":6,"y":7,"hp":55,"w":1,"h":1,"t":0,"c":5,"e":-1,"r":0},{"x":0,"y":20,"hp":102,"w":1,"h":1,"t":0,"c":3,"e":-1,"r":0}],"bu":[{"x":4,"y":17,"buff":0},{"x":7,"y":21,"buff":1},{"x":3,"y":19,"buff":1},{"x":1,"y":14,"buff":1},{"x":8,"y":14,"buff":1},{"x":9,"y":12,"buff":1},{"x":7,"y":8,"buff":7},{"x":7,"y":15,"buff":2},{"x":10,"y":10,"buff":2},{"x":4,"y":12,"buff":2},{"x":3,"y":10,"buff":1},{"x":7,"y":10,"buff":1},{"x":2,"y":9,"buff":0},{"x":3,"y":9,"buff":0},{"x":4,"y":9,"buff":0},{"x":4,"y":8,"buff":0},{"x":3,"y":8,"buff":0},{"x":2,"y":8,"buff":0},{"x":3,"y":7,"buff":0}]}