{"l":117,"h":19,"w":11,"br":[{"x":2,"y":6,"hp":50,"w":1,"h":1,"t":0,"c":0,"e":-1,"r":0},{"x":3,"y":7,"hp":35,"w":1,"h":1,"t":0,"c":0,"e":-1,"r":0},{"x":1,"y":8,"hp":51,"w":1,"h":1,"t":0,"c":0,"e":-1,"r":0},{"x":3,"y":8,"hp":51,"w":1,"h":1,"t":0,"c":0,"e":-1,"r":0},{"x":0,"y":9,"hp":63,"w":1,"h":1,"t":0,"c":0,"e":-1,"r":0},{"x":1,"y":9,"hp":63,"w":1,"h":1,"t":0,"c":0,"e":-1,"r":0},{"x":0,"y":10,"hp":108,"w":1,"h":1,"t":0,"c":3,"e":-1,"r":0},{"x":1,"y":10,"hp":108,"w":1,"h":1,"t":0,"c":3,"e":-1,"r":0},{"x":4,"y":10,"hp":108,"w":1,"h":1,"t":0,"c":3,"e":-1,"r":0},{"x":0,"y":11,"hp":70,"w":1,"h":1,"t":0,"c":3,"e":-1,"r":0},{"x":4,"y":11,"hp":70,"w":1,"h":1,"t":0,"c":3,"e":-1,"r":0},{"x":5,"y":11,"hp":70,"w":1,"h":1,"t":0,"c":3,"e":-1,"r":0},{"x":2,"y":12,"hp":108,"w":1,"h":1,"t":0,"c":0,"e":-1,"r":0},{"x":3,"y":12,"hp":108,"w":1,"h":1,"t":0,"c":0,"e":-1,"r":0},{"x":5,"y":12,"hp":108,"w":1,"h":1,"t":0,"c":0,"e":-1,"r":0},{"x":1,"y":13,"hp":121,"w":1,"h":1,"t":1,"c":0,"e":-1,"r":3},{"x":2,"y":13,"hp":121,"w":1,"h":1,"t":0,"c":0,"e":-1,"r":0},{"x":4,"y":13,"hp":121,"w":1,"h":1,"t":0,"c":0,"e":-1,"r":0},{"x":5,"y":13,"hp":121,"w":1,"h":1,"t":0,"c":0,"e":-1,"r":0},{"x":2,"y":14,"hp":88,"w":1,"h":1,"t":0,"c":0,"e":-1,"r":0},{"x":4,"y":14,"hp":88,"w":1,"h":1,"t":0,"c":0,"e":-1,"r":0},{"x":5,"y":14,"hp":88,"w":1,"h":1,"t":0,"c":0,"e":-1,"r":0},{"x":0,"y":15,"hp":102,"w":1,"h":1,"t":0,"c":0,"e":-1,"r":0},{"x":2,"y":15,"hp":102,"w":1,"h":1,"t":0,"c":0,"e":7,"r":0},{"x":4,"y":15,"hp":102,"w":1,"h":1,"t":0,"c":0,"e":-1,"r":0},{"x":5,"y":15,"hp":102,"w":1,"h":1,"t":0,"c":0,"e":-1,"r":0},{"x":2,"y":16,"hp":55,"w":1,"h":1,"t":0,"c":0,"e":-1,"r":0},{"x":5,"y":16,"hp":55,"w":1,"h":1,"t":0,"c":0,"e":-1,"r":0},{"x":0,"y":17,"hp":129,"w":1,"h":1,"t":1,"c":0,"e":-1,"r":0},{"x":2,"y":17,"hp":129,"w":1,"h":1,"t":0,"c":0,"e":-1,"r":0},{"x":3,"y":17,"hp":129,"w":1,"h":1,"t":0,"c":0,"e":-1,"r":0},{"x":5,"y":17,"hp":129,"w":1,"h":1,"t":0,"c":0,"e":-1,"r":0},{"x":0,"y":18,"hp":75,"w":1,"h":1,"t":0,"c":0,"e":-1,"r":0},{"x":1,"y":18,"hp":75,"w":1,"h":1,"t":0,"c":0,"e":-1,"r":0},{"x":3,"y":18,"hp":75,"w":1,"h":1,"t":0,"c":0,"e":-1,"r":0},{"x":4,"y":18,"hp":75,"w":1,"h":1,"t":0,"c":0,"e":-1,"r":0},{"x":5,"y":18,"hp":75,"w":1,"h":1,"t":0,"c":0,"e":-1,"r":0},{"x":8,"y":5,"hp":36,"w":1,"h":1,"t":0,"c":0,"e":-1,"r":0},{"x":8,"y":6,"hp":50,"w":1,"h":1,"t":0,"c":0,"e":-1,"r":0},{"x":7,"y":6,"hp":50,"w":1,"h":1,"t":0,"c":0,"e":-1,"r":0},{"x":7,"y":7,"hp":35,"w":1,"h":1,"t":0,"c":0,"e":-1,"r":0},{"x":9,"y":8,"hp":51,"w":1,"h":1,"t":0,"c":0,"e":-1,"r":0},{"x":10,"y":9,"hp":63,"w":1,"h":1,"t":0,"c":0,"e":-1,"r":0},{"x":9,"y":9,"hp":63,"w":1,"h":1,"t":0,"c":0,"e":-1,"r":0},{"x":10,"y":10,"hp":108,"w":1,"h":1,"t":0,"c":3,"e":-1,"r":0},{"x":9,"y":10,"hp":108,"w":1,"h":1,"t":0,"c":3,"e":7,"r":0},{"x":7,"y":10,"hp":108,"w":1,"h":1,"t":0,"c":3,"e":5,"r":0},{"x":6,"y":10,"hp":108,"w":1,"h":1,"t":0,"c":3,"e":-1,"r":0},{"x":10,"y":11,"hp":70,"w":1,"h":1,"t":0,"c":3,"e":-1,"r":0},{"x":9,"y":11,"hp":70,"w":1,"h":1,"t":0,"c":3,"e":-1,"r":0},{"x":6,"y":11,"hp":70,"w":1,"h":1,"t":0,"c":3,"e":-1,"r":0},{"x":7,"y":12,"hp":108,"w":1,"h":1,"t":0,"c":0,"e":-1,"r":0},{"x":9,"y":13,"hp":121,"w":1,"h":1,"t":1,"c":0,"e":-1,"r":2},{"x":7,"y":13,"hp":121,"w":1,"h":1,"t":0,"c":0,"e":-1,"r":0},{"x":6,"y":13,"hp":121,"w":1,"h":1,"t":0,"c":0,"e":-1,"r":0},{"x":6,"y":14,"hp":88,"w":1,"h":1,"t":0,"c":0,"e":-1,"r":0},{"x":9,"y":15,"hp":102,"w":1,"h":1,"t":0,"c":0,"e":-1,"r":0},{"x":8,"y":15,"hp":102,"w":1,"h":1,"t":0,"c":0,"e":-1,"r":0},{"x":6,"y":15,"hp":102,"w":1,"h":1,"t":0,"c":0,"e":-1,"r":0},{"x":9,"y":17,"hp":129,"w":1,"h":1,"t":0,"c":0,"e":-1,"r":0},{"x":7,"y":17,"hp":129,"w":1,"h":1,"t":0,"c":0,"e":-1,"r":0},{"x":10,"y":18,"hp":75,"w":1,"h":1,"t":0,"c":0,"e":-1,"r":0},{"x":9,"y":18,"hp":75,"w":1,"h":1,"t":0,"c":0,"e":-1,"r":0},{"x":7,"y":18,"hp":75,"w":1,"h":1,"t":0,"c":0,"e":-1,"r":0},{"x":6,"y":18,"hp":75,"w":1,"h":1,"t":0,"c":0,"e":-1,"r":0},{"x":3,"y":13,"hp":121,"w":1,"h":1,"t":0,"c":0,"e":-1,"r":0},{"x":8,"y":8,"hp":51,"w":1,"h":1,"t":0,"c":0,"e":-1,"r":0},{"x":2,"y":8,"hp":51,"w":1,"h":1,"t":0,"c":0,"e":-1,"r":0},{"x":9,"y":16,"hp":60,"w":1,"h":1,"t":0,"c":0,"e":-1,"r":0},{"x":8,"y":13,"hp":121,"w":1,"h":1,"t":0,"c":0,"e":-1,"r":0},{"x":4,"y":16,"hp":60,"w":1,"h":1,"t":0,"c":0,"e":5,"r":0},{"x":3,"y":14,"hp":88,"w":1,"h":1,"t":0,"c":0,"e":-1,"r":0},{"x":4,"y":17,"hp":129,"w":1,"h":1,"t":0,"c":0,"e":-1,"r":0},{"x":5,"y":8,"hp":51,"w":1,"h":1,"t":1,"c":0,"e":-1,"r":3},{"x":4,"y":7,"hp":35,"w":1,"h":1,"t":1,"c":0,"e":-1,"r":3},{"x":3,"y":6,"hp":50,"w":1,"h":1,"t":1,"c":0,"e":-1,"r":3},{"x":7,"y":8,"hp":51,"w":1,"h":1,"t":1,"c":0,"e":-1,"r":1},{"x":6,"y":7,"hp":35,"w":1,"h":1,"t":1,"c":0,"e":-1,"r":1},{"x":5,"y":6,"hp":50,"w":1,"h":1,"t":1,"c":0,"e":-1,"r":1},{"x":6,"y":6,"hp":50,"w":1,"h":1,"t":0,"c":0,"e":-1,"r":0},{"x":4,"y":8,"hp":51,"w":1,"h":1,"t":0,"c":0,"e":9,"r":0},{"x":6,"y":17,"hp":129,"w":1,"h":1,"t":0,"c":0,"e":-1,"r":0},{"x":8,"y":14,"hp":88,"w":1,"h":1,"t":0,"c":0,"e":-1,"r":0},{"x":9,"y":14,"hp":88,"w":1,"h":1,"t":0,"c":0,"e":-1,"r":0},{"x":0,"y":14,"hp":88,"w":1,"h":1,"t":0,"c":0,"e":-1,"r":0},{"x":0,"y":13,"hp":121,"w":1,"h":1,"t":0,"c":0,"e":-1,"r":0},{"x":8,"y":17,"hp":129,"w":1,"h":1,"t":0,"c":0,"e":-1,"r":0},{"x":1,"y":17,"hp":129,"w":1,"h":1,"t":0,"c":0,"e":-1,"r":0},{"x":8,"y":16,"hp":60,"w":1,"h":1,"t":0,"c":0,"e":-1,"r":0},{"x":1,"y":16,"hp":60,"w":1,"h":1,"t":0,"c":0,"e":-1,"r":0},{"x":8,"y":7,"hp":35,"w":1,"h":1,"t":3,"c":3,"e":-1,"r":0},{"x":2,"y":7,"hp":35,"w":1,"h":1,"t":3,"c":3,"e":-1,"r":0},{"x":5,"y":10,"hp":108,"w":1,"h":1,"t":0,"c":3,"e":-1,"r":0}],"bu":[{"x":1,"y":15,"buff":3},{"x":7,"y":5,"buff":1},{"x":6,"y":5,"buff":1},{"x":5,"y":5,"buff":1},{"x":10,"y":14,"buff":0},{"x":10,"y":16,"buff":0},{"x":6,"y":16,"buff":0},{"x":3,"y":11,"buff":0},{"x":3,"y":10,"buff":0},{"x":2,"y":10,"buff":0},{"x":2,"y":11,"buff":0}]}