{"l":309,"h":33,"w":11,"br":[{"x":1,"y":5,"hp":55,"w":1,"h":1,"t":0,"c":1,"e":-1,"r":0},{"x":2,"y":5,"hp":55,"w":1,"h":1,"t":4,"c":1,"e":-1,"r":0},{"x":5,"y":5,"hp":55,"w":1,"h":1,"t":0,"c":1,"e":-1,"r":0},{"x":1,"y":6,"hp":67,"w":1,"h":1,"t":0,"c":1,"e":-1,"r":0},{"x":2,"y":6,"hp":67,"w":1,"h":1,"t":0,"c":1,"e":-1,"r":0},{"x":4,"y":6,"hp":67,"w":1,"h":1,"t":0,"c":1,"e":-1,"r":0},{"x":5,"y":6,"hp":67,"w":1,"h":1,"t":0,"c":1,"e":-1,"r":0},{"x":4,"y":7,"hp":96,"w":1,"h":1,"t":0,"c":1,"e":-1,"r":0},{"x":5,"y":7,"hp":96,"w":1,"h":1,"t":0,"c":1,"e":-1,"r":0},{"x":2,"y":8,"hp":106,"w":1,"h":1,"t":2,"c":0,"e":-1,"r":0},{"x":5,"y":8,"hp":106,"w":1,"h":1,"t":0,"c":0,"e":-1,"r":0},{"x":2,"y":9,"hp":78,"w":1,"h":1,"t":0,"c":1,"e":-1,"r":0},{"x":4,"y":9,"hp":78,"w":1,"h":1,"t":0,"c":1,"e":-1,"r":0},{"x":5,"y":9,"hp":78,"w":1,"h":1,"t":0,"c":1,"e":-1,"r":0},{"x":2,"y":10,"hp":107,"w":1,"h":1,"t":0,"c":0,"e":-1,"r":0},{"x":4,"y":10,"hp":107,"w":1,"h":1,"t":0,"c":0,"e":-1,"r":0},{"x":5,"y":10,"hp":107,"w":1,"h":1,"t":0,"c":0,"e":-1,"r":0},{"x":0,"y":11,"hp":77,"w":1,"h":1,"t":0,"c":1,"e":-1,"r":0},{"x":2,"y":11,"hp":77,"w":1,"h":1,"t":0,"c":1,"e":-1,"r":0},{"x":3,"y":11,"hp":77,"w":1,"h":1,"t":0,"c":1,"e":-1,"r":0},{"x":4,"y":11,"hp":77,"w":1,"h":1,"t":0,"c":1,"e":-1,"r":0},{"x":5,"y":11,"hp":77,"w":1,"h":1,"t":0,"c":1,"e":-1,"r":0},{"x":0,"y":12,"hp":84,"w":1,"h":1,"t":0,"c":1,"e":-1,"r":0},{"x":2,"y":12,"hp":84,"w":1,"h":1,"t":0,"c":1,"e":-1,"r":0},{"x":4,"y":12,"hp":84,"w":1,"h":1,"t":2,"c":1,"e":-1,"r":1},{"x":5,"y":12,"hp":84,"w":1,"h":1,"t":0,"c":1,"e":-1,"r":0},{"x":0,"y":13,"hp":100,"w":1,"h":1,"t":0,"c":1,"e":-1,"r":0},{"x":2,"y":14,"hp":80,"w":1,"h":1,"t":0,"c":1,"e":-1,"r":0},{"x":3,"y":14,"hp":80,"w":1,"h":1,"t":0,"c":1,"e":-1,"r":0},{"x":5,"y":14,"hp":80,"w":1,"h":1,"t":0,"c":1,"e":-1,"r":0},{"x":0,"y":15,"hp":75,"w":1,"h":1,"t":0,"c":1,"e":-1,"r":0},{"x":1,"y":15,"hp":75,"w":1,"h":1,"t":0,"c":1,"e":-1,"r":0},{"x":3,"y":15,"hp":75,"w":1,"h":1,"t":0,"c":1,"e":-1,"r":0},{"x":4,"y":15,"hp":75,"w":1,"h":1,"t":3,"c":1,"e":-1,"r":0},{"x":5,"y":15,"hp":75,"w":1,"h":1,"t":0,"c":1,"e":-1,"r":0},{"x":5,"y":16,"hp":75,"w":1,"h":1,"t":0,"c":1,"e":-1,"r":0},{"x":3,"y":18,"hp":107,"w":1,"h":1,"t":0,"c":1,"e":-1,"r":0},{"x":5,"y":18,"hp":107,"w":1,"h":1,"t":0,"c":1,"e":-1,"r":0},{"x":1,"y":19,"hp":138,"w":1,"h":1,"t":0,"c":1,"e":-1,"r":0},{"x":4,"y":19,"hp":138,"w":1,"h":1,"t":0,"c":1,"e":-1,"r":0},{"x":5,"y":19,"hp":138,"w":1,"h":1,"t":0,"c":1,"e":-1,"r":0},{"x":3,"y":20,"hp":100,"w":1,"h":1,"t":0,"c":1,"e":-1,"r":0},{"x":4,"y":20,"hp":100,"w":1,"h":1,"t":0,"c":1,"e":-1,"r":0},{"x":5,"y":20,"hp":100,"w":1,"h":1,"t":0,"c":1,"e":-1,"r":0},{"x":2,"y":21,"hp":115,"w":1,"h":1,"t":0,"c":1,"e":-1,"r":0},{"x":3,"y":21,"hp":115,"w":1,"h":1,"t":0,"c":1,"e":-1,"r":0},{"x":4,"y":21,"hp":115,"w":1,"h":1,"t":0,"c":1,"e":-1,"r":0},{"x":5,"y":21,"hp":115,"w":1,"h":1,"t":0,"c":1,"e":-1,"r":0},{"x":1,"y":22,"hp":130,"w":1,"h":1,"t":0,"c":1,"e":-1,"r":0},{"x":5,"y":22,"hp":130,"w":1,"h":1,"t":0,"c":1,"e":-1,"r":0},{"x":1,"y":23,"hp":154,"w":1,"h":1,"t":0,"c":1,"e":-1,"r":0},{"x":3,"y":23,"hp":154,"w":1,"h":1,"t":0,"c":1,"e":-1,"r":0},{"x":5,"y":23,"hp":154,"w":1,"h":1,"t":0,"c":1,"e":-1,"r":0},{"x":1,"y":24,"hp":78,"w":1,"h":1,"t":0,"c":1,"e":-1,"r":0},{"x":3,"y":24,"hp":78,"w":1,"h":1,"t":0,"c":1,"e":-1,"r":0},{"x":3,"y":25,"hp":100,"w":1,"h":1,"t":0,"c":1,"e":-1,"r":0},{"x":4,"y":25,"hp":100,"w":1,"h":1,"t":0,"c":1,"e":-1,"r":0},{"x":5,"y":25,"hp":100,"w":1,"h":1,"t":0,"c":1,"e":-1,"r":0},{"x":3,"y":26,"hp":180,"w":1,"h":1,"t":0,"c":1,"e":-1,"r":0},{"x":4,"y":26,"hp":180,"w":1,"h":1,"t":0,"c":1,"e":-1,"r":0},{"x":5,"y":26,"hp":180,"w":1,"h":1,"t":0,"c":1,"e":-1,"r":0},{"x":0,"y":27,"hp":117,"w":1,"h":1,"t":0,"c":1,"e":-1,"r":0},{"x":1,"y":27,"hp":117,"w":1,"h":1,"t":0,"c":1,"e":-1,"r":0},{"x":3,"y":27,"hp":117,"w":1,"h":1,"t":0,"c":1,"e":-1,"r":0},{"x":5,"y":27,"hp":117,"w":1,"h":1,"t":0,"c":1,"e":-1,"r":0},{"x":0,"y":28,"hp":210,"w":1,"h":1,"t":0,"c":1,"e":-1,"r":0},{"x":3,"y":28,"hp":210,"w":1,"h":1,"t":0,"c":1,"e":-1,"r":0},{"x":5,"y":28,"hp":210,"w":1,"h":1,"t":0,"c":1,"e":-1,"r":0},{"x":0,"y":29,"hp":73,"w":1,"h":1,"t":0,"c":1,"e":-1,"r":0},{"x":2,"y":29,"hp":73,"w":1,"h":1,"t":0,"c":1,"e":-1,"r":0},{"x":3,"y":29,"hp":73,"w":1,"h":1,"t":0,"c":1,"e":-1,"r":0},{"x":5,"y":29,"hp":73,"w":1,"h":1,"t":0,"c":1,"e":-1,"r":0},{"x":0,"y":30,"hp":110,"w":1,"h":1,"t":3,"c":1,"e":-1,"r":0},{"x":1,"y":30,"hp":110,"w":1,"h":1,"t":0,"c":1,"e":-1,"r":0},{"x":2,"y":30,"hp":110,"w":1,"h":1,"t":0,"c":1,"e":-1,"r":0},{"x":3,"y":30,"hp":110,"w":1,"h":1,"t":0,"c":1,"e":-1,"r":0},{"x":5,"y":30,"hp":110,"w":1,"h":1,"t":0,"c":1,"e":-1,"r":0},{"x":2,"y":31,"hp":100,"w":1,"h":1,"t":5,"c":1,"e":-1,"r":0},{"x":3,"y":31,"hp":100,"w":1,"h":1,"t":0,"c":1,"e":-1,"r":0},{"x":4,"y":31,"hp":100,"w":1,"h":1,"t":0,"c":1,"e":-1,"r":0},{"x":5,"y":31,"hp":100,"w":1,"h":1,"t":0,"c":1,"e":-1,"r":0},{"x":9,"y":5,"hp":55,"w":1,"h":1,"t":0,"c":1,"e":3,"r":0},{"x":8,"y":5,"hp":55,"w":1,"h":1,"t":4,"c":1,"e":-1,"r":0},{"x":9,"y":6,"hp":67,"w":1,"h":1,"t":0,"c":1,"e":-1,"r":0},{"x":8,"y":6,"hp":67,"w":1,"h":1,"t":0,"c":1,"e":-1,"r":0},{"x":6,"y":6,"hp":67,"w":1,"h":1,"t":0,"c":1,"e":-1,"r":0},{"x":6,"y":7,"hp":96,"w":1,"h":1,"t":0,"c":1,"e":-1,"r":0},{"x":8,"y":8,"hp":106,"w":1,"h":1,"t":2,"c":0,"e":-1,"r":0},{"x":8,"y":9,"hp":78,"w":1,"h":1,"t":0,"c":1,"e":-1,"r":0},{"x":6,"y":9,"hp":78,"w":1,"h":1,"t":0,"c":1,"e":-1,"r":0},{"x":8,"y":10,"hp":107,"w":1,"h":1,"t":0,"c":0,"e":-1,"r":0},{"x":6,"y":10,"hp":107,"w":1,"h":1,"t":0,"c":0,"e":-1,"r":0},{"x":10,"y":11,"hp":77,"w":1,"h":1,"t":0,"c":1,"e":-1,"r":0},{"x":8,"y":11,"hp":77,"w":1,"h":1,"t":0,"c":1,"e":-1,"r":0},{"x":7,"y":11,"hp":77,"w":1,"h":1,"t":0,"c":1,"e":-1,"r":0},{"x":6,"y":11,"hp":77,"w":1,"h":1,"t":0,"c":1,"e":-1,"r":0},{"x":10,"y":12,"hp":84,"w":1,"h":1,"t":0,"c":1,"e":-1,"r":0},{"x":8,"y":12,"hp":84,"w":1,"h":1,"t":0,"c":1,"e":-1,"r":0},{"x":6,"y":12,"hp":84,"w":1,"h":1,"t":2,"c":1,"e":-1,"r":3},{"x":10,"y":13,"hp":100,"w":1,"h":1,"t":0,"c":1,"e":-1,"r":0},{"x":8,"y":14,"hp":80,"w":1,"h":1,"t":0,"c":1,"e":-1,"r":0},{"x":7,"y":14,"hp":80,"w":1,"h":1,"t":0,"c":1,"e":-1,"r":0},{"x":7,"y":15,"hp":75,"w":1,"h":1,"t":0,"c":1,"e":-1,"r":0},{"x":6,"y":15,"hp":75,"w":1,"h":1,"t":3,"c":1,"e":-1,"r":0},{"x":7,"y":16,"hp":75,"w":1,"h":1,"t":0,"c":1,"e":-1,"r":0},{"x":7,"y":18,"hp":107,"w":1,"h":1,"t":0,"c":1,"e":-1,"r":0},{"x":9,"y":19,"hp":138,"w":1,"h":1,"t":0,"c":1,"e":-1,"r":0},{"x":6,"y":19,"hp":138,"w":1,"h":1,"t":0,"c":1,"e":-1,"r":0},{"x":7,"y":20,"hp":100,"w":1,"h":1,"t":0,"c":1,"e":-1,"r":0},{"x":6,"y":20,"hp":100,"w":1,"h":1,"t":0,"c":1,"e":-1,"r":0},{"x":7,"y":21,"hp":115,"w":1,"h":1,"t":0,"c":1,"e":-1,"r":0},{"x":6,"y":21,"hp":115,"w":1,"h":1,"t":0,"c":1,"e":-1,"r":0},{"x":9,"y":22,"hp":130,"w":1,"h":1,"t":0,"c":1,"e":-1,"r":0},{"x":9,"y":23,"hp":154,"w":1,"h":1,"t":0,"c":1,"e":-1,"r":0},{"x":7,"y":23,"hp":154,"w":1,"h":1,"t":0,"c":1,"e":-1,"r":0},{"x":10,"y":24,"hp":78,"w":1,"h":1,"t":0,"c":1,"e":-1,"r":0},{"x":9,"y":24,"hp":78,"w":1,"h":1,"t":0,"c":1,"e":-1,"r":0},{"x":6,"y":25,"hp":100,"w":1,"h":1,"t":0,"c":1,"e":-1,"r":0},{"x":9,"y":26,"hp":180,"w":1,"h":1,"t":0,"c":1,"e":-1,"r":0},{"x":6,"y":26,"hp":180,"w":1,"h":1,"t":0,"c":1,"e":-1,"r":0},{"x":9,"y":27,"hp":117,"w":1,"h":1,"t":0,"c":1,"e":-1,"r":0},{"x":8,"y":28,"hp":210,"w":1,"h":1,"t":0,"c":1,"e":-1,"r":0},{"x":7,"y":28,"hp":210,"w":1,"h":1,"t":0,"c":1,"e":-1,"r":0},{"x":8,"y":29,"hp":73,"w":1,"h":1,"t":0,"c":1,"e":-1,"r":0},{"x":7,"y":29,"hp":73,"w":1,"h":1,"t":0,"c":1,"e":-1,"r":0},{"x":8,"y":30,"hp":110,"w":1,"h":1,"t":0,"c":1,"e":-1,"r":0},{"x":7,"y":30,"hp":110,"w":1,"h":1,"t":0,"c":1,"e":-1,"r":0},{"x":8,"y":31,"hp":100,"w":1,"h":1,"t":5,"c":1,"e":-1,"r":0},{"x":7,"y":31,"hp":100,"w":1,"h":1,"t":0,"c":1,"e":-1,"r":0},{"x":6,"y":31,"hp":100,"w":1,"h":1,"t":0,"c":1,"e":-1,"r":0},{"x":1,"y":17,"hp":650,"w":9,"h":1,"t":0,"c":1,"e":-1,"r":0},{"x":8,"y":13,"hp":100,"w":1,"h":1,"t":0,"c":1,"e":-1,"r":0},{"x":7,"y":13,"hp":100,"w":1,"h":1,"t":0,"c":1,"e":-1,"r":0},{"x":6,"y":13,"hp":100,"w":1,"h":1,"t":0,"c":1,"e":-1,"r":0},{"x":5,"y":13,"hp":100,"w":1,"h":1,"t":0,"c":1,"e":-1,"r":0},{"x":4,"y":13,"hp":100,"w":1,"h":1,"t":0,"c":1,"e":-1,"r":0},{"x":3,"y":13,"hp":100,"w":1,"h":1,"t":0,"c":1,"e":-1,"r":0},{"x":2,"y":13,"hp":100,"w":1,"h":1,"t":0,"c":1,"e":-1,"r":0},{"x":6,"y":14,"hp":80,"w":1,"h":1,"t":0,"c":1,"e":-1,"r":0},{"x":4,"y":14,"hp":80,"w":1,"h":1,"t":0,"c":1,"e":-1,"r":0},{"x":4,"y":16,"hp":80,"w":1,"h":1,"t":0,"c":1,"e":-1,"r":0},{"x":6,"y":16,"hp":80,"w":1,"h":1,"t":0,"c":1,"e":-1,"r":0},{"x":6,"y":18,"hp":107,"w":1,"h":1,"t":0,"c":1,"e":-1,"r":0},{"x":4,"y":18,"hp":107,"w":1,"h":1,"t":0,"c":1,"e":-1,"r":0},{"x":10,"y":19,"hp":138,"w":1,"h":1,"t":0,"c":1,"e":-1,"r":0},{"x":9,"y":20,"hp":100,"w":1,"h":1,"t":0,"c":1,"e":-1,"r":0},{"x":9,"y":21,"hp":115,"w":1,"h":1,"t":0,"c":1,"e":-1,"r":0},{"x":6,"y":23,"hp":154,"w":1,"h":1,"t":0,"c":1,"e":-1,"r":0},{"x":4,"y":23,"hp":154,"w":1,"h":1,"t":0,"c":1,"e":-1,"r":0},{"x":6,"y":22,"hp":130,"w":1,"h":1,"t":0,"c":1,"e":-1,"r":0},{"x":7,"y":22,"hp":130,"w":1,"h":1,"t":0,"c":1,"e":-1,"r":0},{"x":8,"y":26,"hp":180,"w":1,"h":1,"t":0,"c":1,"e":-1,"r":0},{"x":8,"y":27,"hp":117,"w":1,"h":1,"t":0,"c":1,"e":-1,"r":0},{"x":6,"y":28,"hp":210,"w":1,"h":1,"t":0,"c":1,"e":-1,"r":0},{"x":9,"y":28,"hp":210,"w":1,"h":1,"t":0,"c":1,"e":-1,"r":0}],"bu":[{"x":4,"y":5,"buff":1},{"x":9,"y":7,"buff":1},{"x":1,"y":8,"buff":1},{"x":1,"y":12,"buff":1},{"x":9,"y":15,"buff":1},{"x":3,"y":19,"buff":1},{"x":5,"y":24,"buff":1},{"x":6,"y":29,"buff":1},{"x":10,"y":31,"buff":1},{"x":4,"y":32,"buff":1},{"x":2,"y":26,"buff":0},{"x":10,"y":17,"buff":0},{"x":10,"y":10,"buff":0},{"x":6,"y":5,"buff":0},{"x":10,"y":18,"buff":3},{"x":2,"y":24,"buff":3},{"x":1,"y":10,"buff":5},{"x":1,"y":21,"buff":1}]}