{"l":154,"h":17,"w":11,"br":[{"x":0,"y":5,"hp":211,"w":3,"h":1,"t":0,"c":5,"e":-1,"r":0},{"x":4,"y":6,"hp":158,"w":1,"h":1,"t":0,"c":4,"e":-1,"r":0},{"x":5,"y":6,"hp":158,"w":1,"h":1,"t":0,"c":4,"e":-1,"r":0},{"x":1,"y":8,"hp":158,"w":1,"h":1,"t":0,"c":4,"e":-1,"r":0},{"x":1,"y":9,"hp":158,"w":1,"h":1,"t":0,"c":4,"e":-1,"r":0},{"x":1,"y":10,"hp":158,"w":1,"h":1,"t":0,"c":4,"e":-1,"r":0},{"x":5,"y":11,"hp":89,"w":1,"h":1,"t":3,"c":4,"e":-1,"r":0},{"x":1,"y":13,"hp":90,"w":1,"h":1,"t":0,"c":4,"e":-1,"r":0},{"x":3,"y":13,"hp":90,"w":1,"h":1,"t":0,"c":4,"e":-1,"r":0},{"x":5,"y":13,"hp":90,"w":1,"h":1,"t":0,"c":4,"e":-1,"r":0},{"x":0,"y":14,"hp":115,"w":1,"h":1,"t":0,"c":4,"e":-1,"r":0},{"x":2,"y":14,"hp":115,"w":1,"h":1,"t":0,"c":4,"e":-1,"r":0},{"x":3,"y":14,"hp":115,"w":1,"h":1,"t":0,"c":4,"e":-1,"r":0},{"x":5,"y":14,"hp":115,"w":1,"h":1,"t":0,"c":4,"e":-1,"r":0},{"x":0,"y":15,"hp":117,"w":1,"h":1,"t":3,"c":4,"e":-1,"r":0},{"x":1,"y":15,"hp":117,"w":1,"h":1,"t":2,"c":4,"e":-1,"r":2},{"x":2,"y":15,"hp":117,"w":1,"h":1,"t":0,"c":4,"e":-1,"r":0},{"x":3,"y":15,"hp":117,"w":1,"h":1,"t":5,"c":4,"e":-1,"r":0},{"x":1,"y":16,"hp":130,"w":1,"h":1,"t":0,"c":4,"e":-1,"r":0},{"x":2,"y":16,"hp":130,"w":1,"h":1,"t":0,"c":4,"e":-1,"r":0},{"x":3,"y":16,"hp":130,"w":1,"h":1,"t":0,"c":4,"e":-1,"r":0},{"x":5,"y":16,"hp":130,"w":1,"h":1,"t":0,"c":4,"e":-1,"r":0},{"x":8,"y":5,"hp":211,"w":3,"h":1,"t":0,"c":5,"e":-1,"r":0},{"x":6,"y":6,"hp":158,"w":1,"h":1,"t":0,"c":4,"e":-1,"r":0},{"x":9,"y":8,"hp":158,"w":1,"h":1,"t":0,"c":4,"e":-1,"r":0},{"x":9,"y":9,"hp":158,"w":1,"h":1,"t":0,"c":4,"e":-1,"r":0},{"x":9,"y":10,"hp":158,"w":1,"h":1,"t":0,"c":4,"e":-1,"r":0},{"x":9,"y":13,"hp":90,"w":1,"h":1,"t":0,"c":4,"e":-1,"r":0},{"x":7,"y":13,"hp":90,"w":1,"h":1,"t":0,"c":4,"e":-1,"r":0},{"x":8,"y":14,"hp":115,"w":1,"h":1,"t":0,"c":4,"e":-1,"r":0},{"x":7,"y":14,"hp":115,"w":1,"h":1,"t":0,"c":4,"e":-1,"r":0},{"x":9,"y":15,"hp":117,"w":1,"h":1,"t":2,"c":4,"e":-1,"r":2},{"x":8,"y":15,"hp":117,"w":1,"h":1,"t":0,"c":4,"e":-1,"r":0},{"x":7,"y":15,"hp":117,"w":1,"h":1,"t":5,"c":4,"e":-1,"r":0},{"x":9,"y":16,"hp":130,"w":1,"h":1,"t":0,"c":4,"e":-1,"r":0},{"x":8,"y":16,"hp":130,"w":1,"h":1,"t":0,"c":4,"e":-1,"r":0},{"x":7,"y":16,"hp":130,"w":1,"h":1,"t":0,"c":4,"e":-1,"r":0},{"x":5,"y":7,"hp":324,"w":1,"h":4,"t":0,"c":5,"e":-1,"r":0},{"x":5,"y":12,"hp":107,"w":1,"h":1,"t":3,"c":4,"e":-1,"r":0},{"x":8,"y":13,"hp":60,"w":1,"h":1,"t":0,"c":4,"e":-1,"r":0},{"x":4,"y":13,"hp":60,"w":1,"h":1,"t":0,"c":4,"e":-1,"r":0},{"x":4,"y":14,"hp":60,"w":1,"h":1,"t":0,"c":4,"e":-1,"r":0},{"x":10,"y":16,"hp":60,"w":1,"h":1,"t":0,"c":4,"e":-1,"r":0},{"x":1,"y":14,"hp":60,"w":1,"h":1,"t":0,"c":4,"e":-1,"r":0},{"x":1,"y":7,"hp":31,"w":1,"h":1,"t":0,"c":5,"e":8,"r":0},{"x":2,"y":7,"hp":31,"w":1,"h":1,"t":0,"c":5,"e":8,"r":0},{"x":3,"y":7,"hp":31,"w":1,"h":1,"t":0,"c":5,"e":8,"r":0},{"x":4,"y":7,"hp":31,"w":1,"h":1,"t":0,"c":5,"e":-1,"r":0},{"x":6,"y":7,"hp":31,"w":1,"h":1,"t":0,"c":5,"e":-1,"r":0},{"x":7,"y":7,"hp":31,"w":1,"h":1,"t":0,"c":5,"e":8,"r":0},{"x":8,"y":7,"hp":31,"w":1,"h":1,"t":0,"c":5,"e":8,"r":0},{"x":9,"y":7,"hp":31,"w":1,"h":1,"t":0,"c":5,"e":8,"r":0},{"x":1,"y":11,"hp":158,"w":1,"h":1,"t":0,"c":4,"e":-1,"r":0},{"x":9,"y":11,"hp":158,"w":1,"h":1,"t":0,"c":4,"e":-1,"r":0},{"x":1,"y":12,"hp":158,"w":1,"h":1,"t":0,"c":4,"e":-1,"r":0},{"x":2,"y":12,"hp":158,"w":1,"h":1,"t":0,"c":4,"e":-1,"r":0},{"x":3,"y":12,"hp":158,"w":1,"h":1,"t":0,"c":4,"e":-1,"r":0},{"x":7,"y":12,"hp":158,"w":1,"h":1,"t":0,"c":4,"e":-1,"r":0},{"x":8,"y":12,"hp":158,"w":1,"h":1,"t":0,"c":4,"e":-1,"r":0},{"x":9,"y":12,"hp":158,"w":1,"h":1,"t":0,"c":4,"e":-1,"r":0},{"x":2,"y":11,"hp":25,"w":1,"h":1,"t":0,"c":4,"e":-1,"r":0},{"x":2,"y":10,"hp":25,"w":1,"h":1,"t":0,"c":4,"e":-1,"r":0},{"x":2,"y":9,"hp":25,"w":1,"h":1,"t":0,"c":4,"e":-1,"r":0},{"x":2,"y":8,"hp":25,"w":1,"h":1,"t":0,"c":4,"e":-1,"r":0},{"x":3,"y":8,"hp":25,"w":1,"h":1,"t":0,"c":4,"e":-1,"r":0},{"x":4,"y":8,"hp":25,"w":1,"h":1,"t":0,"c":4,"e":-1,"r":0},{"x":6,"y":8,"hp":25,"w":1,"h":1,"t":0,"c":4,"e":-1,"r":0},{"x":7,"y":8,"hp":25,"w":1,"h":1,"t":0,"c":4,"e":-1,"r":0},{"x":8,"y":8,"hp":25,"w":1,"h":1,"t":0,"c":4,"e":-1,"r":0},{"x":8,"y":9,"hp":25,"w":1,"h":1,"t":0,"c":4,"e":-1,"r":0},{"x":8,"y":10,"hp":25,"w":1,"h":1,"t":0,"c":4,"e":-1,"r":0},{"x":8,"y":11,"hp":25,"w":1,"h":1,"t":0,"c":4,"e":-1,"r":0},{"x":3,"y":11,"hp":25,"w":1,"h":1,"t":0,"c":4,"e":-1,"r":0},{"x":7,"y":11,"hp":25,"w":1,"h":1,"t":0,"c":4,"e":-1,"r":0}],"bu":[{"x":7,"y":5,"buff":1},{"x":3,"y":9,"buff":0},{"x":2,"y":13,"buff":0},{"x":6,"y":16,"buff":0},{"x":9,"y":14,"buff":3},{"x":0,"y":10,"buff":0},{"x":0,"y":9,"buff":0},{"x":10,"y":7,"buff":0},{"x":10,"y":8,"buff":0},{"x":10,"y":9,"buff":0},{"x":10,"y":10,"buff":0},{"x":10,"y":11,"buff":0},{"x":10,"y":12,"buff":0},{"x":10,"y":13,"buff":0}]}