{"l":176,"h":13,"w":11,"br":[{"x":0,"y":5,"hp":67,"w":1,"h":1,"t":0,"c":4,"e":-1,"r":0},{"x":1,"y":5,"hp":67,"w":1,"h":1,"t":0,"c":4,"e":-1,"r":0},{"x":3,"y":5,"hp":67,"w":1,"h":1,"t":4,"c":4,"e":-1,"r":0},{"x":4,"y":5,"hp":67,"w":1,"h":1,"t":0,"c":4,"e":-1,"r":0},{"x":0,"y":6,"hp":87,"w":1,"h":1,"t":0,"c":4,"e":-1,"r":0},{"x":1,"y":6,"hp":87,"w":1,"h":1,"t":0,"c":4,"e":-1,"r":0},{"x":4,"y":6,"hp":87,"w":1,"h":1,"t":0,"c":4,"e":-1,"r":0},{"x":5,"y":6,"hp":87,"w":1,"h":1,"t":0,"c":4,"e":-1,"r":0},{"x":5,"y":7,"hp":100,"w":1,"h":1,"t":0,"c":4,"e":-1,"r":0},{"x":3,"y":8,"hp":157,"w":1,"h":1,"t":0,"c":4,"e":-1,"r":0},{"x":5,"y":8,"hp":157,"w":1,"h":1,"t":0,"c":4,"e":-1,"r":0},{"x":2,"y":9,"hp":107,"w":1,"h":1,"t":0,"c":3,"e":-1,"r":0},{"x":3,"y":9,"hp":107,"w":1,"h":1,"t":0,"c":3,"e":-1,"r":0},{"x":5,"y":9,"hp":107,"w":1,"h":1,"t":0,"c":3,"e":-1,"r":0},{"x":1,"y":10,"hp":140,"w":1,"h":1,"t":0,"c":2,"e":-1,"r":0},{"x":2,"y":10,"hp":140,"w":1,"h":1,"t":0,"c":2,"e":-1,"r":0},{"x":3,"y":10,"hp":140,"w":1,"h":1,"t":0,"c":2,"e":-1,"r":0},{"x":5,"y":10,"hp":140,"w":1,"h":1,"t":0,"c":2,"e":-1,"r":0},{"x":1,"y":11,"hp":177,"w":1,"h":1,"t":0,"c":1,"e":-1,"r":0},{"x":2,"y":11,"hp":177,"w":1,"h":1,"t":0,"c":1,"e":-1,"r":0},{"x":3,"y":11,"hp":177,"w":1,"h":1,"t":0,"c":1,"e":-1,"r":0},{"x":5,"y":11,"hp":177,"w":1,"h":1,"t":0,"c":1,"e":-1,"r":0},{"x":1,"y":12,"hp":276,"w":1,"h":1,"t":0,"c":0,"e":-1,"r":0},{"x":2,"y":12,"hp":276,"w":1,"h":1,"t":0,"c":0,"e":-1,"r":0},{"x":3,"y":12,"hp":276,"w":1,"h":1,"t":0,"c":0,"e":-1,"r":0},{"x":5,"y":12,"hp":276,"w":1,"h":1,"t":0,"c":0,"e":-1,"r":0},{"x":10,"y":5,"hp":67,"w":1,"h":1,"t":0,"c":4,"e":-1,"r":0},{"x":9,"y":5,"hp":67,"w":1,"h":1,"t":0,"c":4,"e":-1,"r":0},{"x":7,"y":5,"hp":67,"w":1,"h":1,"t":4,"c":4,"e":-1,"r":0},{"x":6,"y":5,"hp":67,"w":1,"h":1,"t":0,"c":4,"e":-1,"r":0},{"x":10,"y":6,"hp":87,"w":1,"h":1,"t":0,"c":4,"e":-1,"r":0},{"x":9,"y":6,"hp":87,"w":1,"h":1,"t":0,"c":4,"e":-1,"r":0},{"x":6,"y":6,"hp":87,"w":1,"h":1,"t":0,"c":4,"e":-1,"r":0},{"x":7,"y":8,"hp":157,"w":1,"h":1,"t":0,"c":4,"e":-1,"r":0},{"x":9,"y":9,"hp":107,"w":1,"h":1,"t":0,"c":3,"e":-1,"r":0},{"x":8,"y":9,"hp":107,"w":1,"h":1,"t":0,"c":3,"e":-1,"r":0},{"x":7,"y":9,"hp":107,"w":1,"h":1,"t":0,"c":3,"e":-1,"r":0},{"x":9,"y":10,"hp":140,"w":1,"h":1,"t":0,"c":2,"e":-1,"r":0},{"x":8,"y":10,"hp":140,"w":1,"h":1,"t":0,"c":2,"e":-1,"r":0},{"x":7,"y":10,"hp":140,"w":1,"h":1,"t":0,"c":2,"e":-1,"r":0},{"x":9,"y":11,"hp":177,"w":1,"h":1,"t":0,"c":1,"e":-1,"r":0},{"x":8,"y":11,"hp":177,"w":1,"h":1,"t":0,"c":1,"e":-1,"r":0},{"x":7,"y":11,"hp":177,"w":1,"h":1,"t":0,"c":1,"e":-1,"r":0},{"x":9,"y":12,"hp":276,"w":1,"h":1,"t":0,"c":0,"e":-1,"r":0},{"x":8,"y":12,"hp":276,"w":1,"h":1,"t":0,"c":0,"e":-1,"r":0},{"x":7,"y":12,"hp":276,"w":1,"h":1,"t":0,"c":0,"e":-1,"r":0},{"x":1,"y":7,"hp":100,"w":1,"h":1,"t":1,"c":4,"e":-1,"r":0},{"x":9,"y":7,"hp":100,"w":1,"h":1,"t":1,"c":4,"e":-1,"r":1},{"x":5,"y":5,"hp":67,"w":1,"h":1,"t":0,"c":4,"e":-1,"r":0},{"x":10,"y":7,"hp":100,"w":1,"h":1,"t":1,"c":4,"e":-1,"r":0},{"x":3,"y":6,"hp":87,"w":1,"h":1,"t":0,"c":4,"e":-1,"r":0},{"x":7,"y":6,"hp":87,"w":1,"h":1,"t":0,"c":4,"e":-1,"r":0},{"x":0,"y":7,"hp":100,"w":1,"h":1,"t":0,"c":4,"e":-1,"r":0},{"x":0,"y":8,"hp":157,"w":1,"h":1,"t":0,"c":4,"e":-1,"r":0}],"bu":[{"x":2,"y":8,"buff":0},{"x":4,"y":8,"buff":6},{"x":6,"y":8,"buff":6},{"x":4,"y":12,"buff":0},{"x":4,"y":11,"buff":0},{"x":4,"y":10,"buff":0},{"x":6,"y":12,"buff":0},{"x":6,"y":11,"buff":0},{"x":6,"y":10,"buff":0}]}