{"l":110,"h":18,"w":11,"br":[{"x":1,"y":6,"hp":45,"w":1,"h":1,"t":0,"c":0,"e":-1,"r":0},{"x":1,"y":7,"hp":55,"w":1,"h":1,"t":0,"c":0,"e":-1,"r":0},{"x":1,"y":8,"hp":28,"w":1,"h":1,"t":0,"c":0,"e":-1,"r":0},{"x":2,"y":8,"hp":28,"w":1,"h":1,"t":0,"c":0,"e":-1,"r":0},{"x":2,"y":9,"hp":106,"w":1,"h":1,"t":0,"c":0,"e":5,"r":0},{"x":0,"y":10,"hp":88,"w":1,"h":1,"t":0,"c":0,"e":-1,"r":0},{"x":1,"y":10,"hp":88,"w":1,"h":1,"t":0,"c":0,"e":-1,"r":0},{"x":0,"y":11,"hp":78,"w":1,"h":1,"t":0,"c":0,"e":-1,"r":0},{"x":2,"y":11,"hp":78,"w":1,"h":1,"t":0,"c":0,"e":-1,"r":0},{"x":3,"y":11,"hp":78,"w":1,"h":1,"t":0,"c":0,"e":-1,"r":0},{"x":2,"y":12,"hp":67,"w":1,"h":1,"t":0,"c":0,"e":-1,"r":0},{"x":1,"y":13,"hp":90,"w":1,"h":1,"t":0,"c":0,"e":-1,"r":0},{"x":4,"y":13,"hp":90,"w":1,"h":1,"t":0,"c":0,"e":-1,"r":0},{"x":5,"y":13,"hp":90,"w":1,"h":1,"t":0,"c":0,"e":-1,"r":0},{"x":0,"y":14,"hp":78,"w":1,"h":1,"t":0,"c":1,"e":-1,"r":0},{"x":4,"y":14,"hp":78,"w":1,"h":1,"t":0,"c":1,"e":-1,"r":0},{"x":5,"y":14,"hp":78,"w":1,"h":1,"t":0,"c":1,"e":-1,"r":0},{"x":0,"y":15,"hp":78,"w":1,"h":1,"t":0,"c":0,"e":-1,"r":0},{"x":1,"y":15,"hp":78,"w":1,"h":1,"t":0,"c":0,"e":-1,"r":0},{"x":3,"y":15,"hp":78,"w":1,"h":1,"t":0,"c":0,"e":-1,"r":0},{"x":4,"y":15,"hp":78,"w":1,"h":1,"t":0,"c":0,"e":-1,"r":0},{"x":5,"y":15,"hp":78,"w":1,"h":1,"t":0,"c":0,"e":-1,"r":0},{"x":0,"y":16,"hp":103,"w":1,"h":1,"t":0,"c":1,"e":-1,"r":0},{"x":1,"y":16,"hp":103,"w":1,"h":1,"t":0,"c":1,"e":-1,"r":0},{"x":4,"y":16,"hp":103,"w":1,"h":1,"t":0,"c":1,"e":-1,"r":0},{"x":5,"y":16,"hp":103,"w":1,"h":1,"t":0,"c":1,"e":-1,"r":0},{"x":4,"y":17,"hp":88,"w":1,"h":1,"t":0,"c":0,"e":-1,"r":0},{"x":5,"y":17,"hp":88,"w":1,"h":1,"t":0,"c":0,"e":-1,"r":0},{"x":9,"y":6,"hp":45,"w":1,"h":1,"t":0,"c":0,"e":-1,"r":0},{"x":9,"y":7,"hp":55,"w":1,"h":1,"t":0,"c":0,"e":-1,"r":0},{"x":9,"y":8,"hp":28,"w":1,"h":1,"t":0,"c":0,"e":-1,"r":0},{"x":8,"y":8,"hp":28,"w":1,"h":1,"t":0,"c":0,"e":-1,"r":0},{"x":10,"y":9,"hp":106,"w":1,"h":1,"t":0,"c":0,"e":-1,"r":0},{"x":9,"y":9,"hp":106,"w":1,"h":1,"t":0,"c":0,"e":-1,"r":0},{"x":8,"y":9,"hp":106,"w":1,"h":1,"t":0,"c":0,"e":-1,"r":0},{"x":9,"y":10,"hp":88,"w":1,"h":1,"t":0,"c":0,"e":-1,"r":0},{"x":10,"y":11,"hp":78,"w":1,"h":1,"t":0,"c":0,"e":-1,"r":0},{"x":9,"y":11,"hp":78,"w":1,"h":1,"t":0,"c":0,"e":7,"r":0},{"x":8,"y":11,"hp":78,"w":1,"h":1,"t":0,"c":0,"e":-1,"r":0},{"x":7,"y":11,"hp":78,"w":1,"h":1,"t":0,"c":0,"e":-1,"r":0},{"x":10,"y":12,"hp":67,"w":1,"h":1,"t":0,"c":0,"e":-1,"r":0},{"x":9,"y":12,"hp":67,"w":1,"h":1,"t":0,"c":0,"e":-1,"r":0},{"x":9,"y":13,"hp":90,"w":1,"h":1,"t":0,"c":0,"e":-1,"r":0},{"x":6,"y":13,"hp":90,"w":1,"h":1,"t":0,"c":0,"e":-1,"r":0},{"x":8,"y":14,"hp":78,"w":1,"h":1,"t":0,"c":1,"e":-1,"r":0},{"x":6,"y":14,"hp":78,"w":1,"h":1,"t":0,"c":1,"e":-1,"r":0},{"x":9,"y":15,"hp":78,"w":1,"h":1,"t":0,"c":0,"e":-1,"r":0},{"x":7,"y":15,"hp":78,"w":1,"h":1,"t":0,"c":0,"e":-1,"r":0},{"x":6,"y":15,"hp":78,"w":1,"h":1,"t":0,"c":0,"e":7,"r":0},{"x":9,"y":16,"hp":103,"w":1,"h":1,"t":0,"c":1,"e":-1,"r":0},{"x":8,"y":16,"hp":103,"w":1,"h":1,"t":0,"c":1,"e":-1,"r":0},{"x":6,"y":16,"hp":103,"w":1,"h":1,"t":0,"c":1,"e":-1,"r":0},{"x":9,"y":17,"hp":88,"w":1,"h":1,"t":0,"c":0,"e":-1,"r":0},{"x":8,"y":17,"hp":88,"w":1,"h":1,"t":0,"c":0,"e":-1,"r":0},{"x":6,"y":17,"hp":88,"w":1,"h":1,"t":0,"c":0,"e":-1,"r":0},{"x":4,"y":5,"hp":35,"w":1,"h":1,"t":0,"c":1,"e":-1,"r":0},{"x":4,"y":6,"hp":45,"w":1,"h":1,"t":0,"c":1,"e":-1,"r":0},{"x":5,"y":6,"hp":45,"w":1,"h":1,"t":0,"c":1,"e":-1,"r":0},{"x":6,"y":6,"hp":45,"w":1,"h":1,"t":0,"c":1,"e":-1,"r":0},{"x":4,"y":7,"hp":55,"w":1,"h":1,"t":0,"c":1,"e":-1,"r":0},{"x":5,"y":7,"hp":55,"w":1,"h":1,"t":0,"c":1,"e":-1,"r":0},{"x":5,"y":8,"hp":28,"w":1,"h":1,"t":0,"c":1,"e":-1,"r":0},{"x":4,"y":9,"hp":106,"w":1,"h":1,"t":0,"c":1,"e":-1,"r":0},{"x":5,"y":9,"hp":106,"w":1,"h":1,"t":0,"c":1,"e":-1,"r":0},{"x":6,"y":9,"hp":106,"w":1,"h":1,"t":0,"c":1,"e":-1,"r":0},{"x":5,"y":10,"hp":88,"w":1,"h":1,"t":0,"c":1,"e":-1,"r":0},{"x":5,"y":11,"hp":78,"w":1,"h":1,"t":0,"c":1,"e":-1,"r":0},{"x":5,"y":12,"hp":67,"w":1,"h":1,"t":0,"c":1,"e":-1,"r":0},{"x":1,"y":14,"hp":50,"w":1,"h":1,"t":0,"c":1,"e":-1,"r":0},{"x":7,"y":14,"hp":50,"w":1,"h":1,"t":0,"c":1,"e":-1,"r":0},{"x":9,"y":14,"hp":50,"w":1,"h":1,"t":0,"c":1,"e":-1,"r":0},{"x":0,"y":7,"hp":50,"w":1,"h":1,"t":0,"c":0,"e":-1,"r":0},{"x":10,"y":7,"hp":50,"w":1,"h":1,"t":0,"c":0,"e":-1,"r":0},{"x":4,"y":8,"hp":28,"w":1,"h":1,"t":0,"c":1,"e":-1,"r":0},{"x":6,"y":8,"hp":28,"w":1,"h":1,"t":0,"c":1,"e":5,"r":0},{"x":7,"y":5,"hp":35,"w":1,"h":1,"t":0,"c":1,"e":-1,"r":0},{"x":3,"y":6,"hp":45,"w":1,"h":1,"t":0,"c":1,"e":-1,"r":0},{"x":7,"y":6,"hp":45,"w":1,"h":1,"t":0,"c":1,"e":-1,"r":0},{"x":1,"y":17,"hp":50,"w":1,"h":1,"t":0,"c":0,"e":-1,"r":0},{"x":0,"y":17,"hp":50,"w":1,"h":1,"t":0,"c":0,"e":-1,"r":0},{"x":3,"y":8,"hp":28,"w":1,"h":1,"t":0,"c":1,"e":-1,"r":0},{"x":7,"y":8,"hp":28,"w":1,"h":1,"t":0,"c":1,"e":-1,"r":0}],"bu":[{"x":3,"y":16,"buff":0},{"x":8,"y":15,"buff":2},{"x":2,"y":14,"buff":3},{"x":7,"y":9,"buff":3},{"x":4,"y":12,"buff":0},{"x":4,"y":11,"buff":0},{"x":4,"y":10,"buff":0},{"x":3,"y":10,"buff":0},{"x":2,"y":10,"buff":0},{"x":6,"y":11,"buff":0},{"x":6,"y":10,"buff":0},{"x":7,"y":10,"buff":0},{"x":8,"y":10,"buff":0},{"x":6,"y":12,"buff":0},{"x":10,"y":17,"buff":0},{"x":7,"y":17,"buff":0},{"x":10,"y":14,"buff":0}]}