{"l":23,"h":12,"w":11,"br":[{"x":5,"y":9,"hp":25,"w":1,"h":1,"t":0,"c":4,"e":-1,"r":0},{"x":5,"y":11,"hp":25,"w":1,"h":1,"t":0,"c":5,"e":7,"r":0},{"x":3,"y":10,"hp":39,"w":1,"h":1,"t":0,"c":4,"e":-1,"r":0},{"x":7,"y":10,"hp":39,"w":1,"h":1,"t":0,"c":4,"e":-1,"r":0},{"x":5,"y":10,"hp":39,"w":1,"h":1,"t":0,"c":4,"e":-1,"r":0},{"x":4,"y":10,"hp":39,"w":1,"h":1,"t":0,"c":4,"e":-1,"r":0},{"x":6,"y":10,"hp":39,"w":1,"h":1,"t":0,"c":4,"e":-1,"r":0},{"x":4,"y":9,"hp":25,"w":1,"h":1,"t":0,"c":4,"e":-1,"r":0},{"x":6,"y":9,"hp":25,"w":1,"h":1,"t":0,"c":4,"e":-1,"r":0},{"x":7,"y":11,"hp":25,"w":1,"h":1,"t":0,"c":5,"e":-1,"r":0},{"x":3,"y":11,"hp":25,"w":1,"h":1,"t":0,"c":5,"e":-1,"r":0},{"x":2,"y":11,"hp":25,"w":1,"h":1,"t":0,"c":5,"e":-1,"r":0},{"x":8,"y":11,"hp":25,"w":1,"h":1,"t":0,"c":5,"e":-1,"r":0},{"x":2,"y":8,"hp":40,"w":1,"h":1,"t":0,"c":4,"e":-1,"r":0},{"x":1,"y":7,"hp":55,"w":1,"h":1,"t":0,"c":4,"e":-1,"r":0},{"x":9,"y":7,"hp":55,"w":1,"h":1,"t":0,"c":4,"e":-1,"r":0},{"x":8,"y":8,"hp":40,"w":1,"h":1,"t":0,"c":4,"e":-1,"r":0},{"x":0,"y":8,"hp":40,"w":1,"h":1,"t":0,"c":4,"e":-1,"r":0},{"x":0,"y":6,"hp":43,"w":1,"h":1,"t":0,"c":4,"e":-1,"r":0},{"x":10,"y":6,"hp":43,"w":1,"h":1,"t":0,"c":4,"e":-1,"r":0},{"x":10,"y":8,"hp":40,"w":1,"h":1,"t":0,"c":4,"e":-1,"r":0},{"x":5,"y":5,"hp":30,"w":1,"h":1,"t":0,"c":3,"e":-1,"r":0},{"x":4,"y":5,"hp":30,"w":1,"h":1,"t":0,"c":3,"e":-1,"r":0},{"x":5,"y":6,"hp":43,"w":1,"h":1,"t":0,"c":3,"e":-1,"r":0},{"x":6,"y":5,"hp":30,"w":1,"h":1,"t":0,"c":3,"e":-1,"r":0},{"x":2,"y":5,"hp":30,"w":1,"h":1,"t":0,"c":2,"e":-1,"r":0},{"x":3,"y":6,"hp":43,"w":1,"h":1,"t":0,"c":2,"e":9,"r":0},{"x":4,"y":7,"hp":33,"w":1,"h":1,"t":0,"c":2,"e":-1,"r":0},{"x":5,"y":8,"hp":40,"w":1,"h":1,"t":0,"c":2,"e":3,"r":0},{"x":6,"y":7,"hp":33,"w":1,"h":1,"t":0,"c":2,"e":-1,"r":0},{"x":7,"y":6,"hp":43,"w":1,"h":1,"t":0,"c":2,"e":-1,"r":0},{"x":8,"y":5,"hp":30,"w":1,"h":1,"t":0,"c":2,"e":-1,"r":0},{"x":3,"y":5,"hp":30,"w":1,"h":1,"t":0,"c":3,"e":-1,"r":0},{"x":4,"y":6,"hp":43,"w":1,"h":1,"t":0,"c":3,"e":-1,"r":0},{"x":5,"y":7,"hp":33,"w":1,"h":1,"t":0,"c":3,"e":-1,"r":0},{"x":6,"y":6,"hp":43,"w":1,"h":1,"t":0,"c":3,"e":-1,"r":0},{"x":7,"y":5,"hp":30,"w":1,"h":1,"t":0,"c":3,"e":-1,"r":0}],"bu":[{"x":0,"y":11,"buff":4},{"x":1,"y":6,"buff":0},{"x":2,"y":7,"buff":0},{"x":3,"y":8,"buff":0},{"x":9,"y":6,"buff":0},{"x":8,"y":7,"buff":0},{"x":7,"y":8,"buff":0}]}